route_id,direction_id,stop_id,street,stop_name,service_presence_pct,stop_lat,stop_lon,route_short_name,route_long_name
1,0,13547,32nd Avenue,32nd Ave & California St,67.083,37.783429,-122.492553,1,CALIFORNIA
1,0,13547,California Street,32nd Ave & California St,67.083,37.783429,-122.492553,1,CALIFORNIA
1,0,13549,32nd Avenue,32nd Ave & Clement St,67.083,37.781802,-122.492425,1,CALIFORNIA
1,0,13549,Clement Street,32nd Ave & Clement St,67.083,37.781802,-122.492425,1,CALIFORNIA
1,0,13550,32nd Avenue,32nd Ave & Geary Blvd,67.083,37.779939,-122.492296,1,CALIFORNIA
1,0,13550,Geary Boulevard,32nd Ave & Geary Blvd,67.083,37.779939,-122.492296,1,CALIFORNIA
1,0,13828,10th Avenue,California St & 10th Ave,67.083,37.784665,-122.469159,1,CALIFORNIA
1,0,13828,California Street,California St & 10th Ave,67.083,37.784665,-122.469159,1,CALIFORNIA
1,0,13831,12th Avenue,California St & 12th Ave,67.083,37.784586,-122.470848,1,CALIFORNIA
1,0,13831,California Street,California St & 12th Ave,67.083,37.784586,-122.470848,1,CALIFORNIA
1,0,13833,16th Avenue,California St & 16th Ave,67.083,37.784386,-122.475229,1,CALIFORNIA
1,0,13833,California Street,California St & 16th Ave,67.083,37.784386,-122.475229,1,CALIFORNIA
1,0,13835,19th Avenue,California St & 19th Ave,67.083,37.784241,-122.478446,1,CALIFORNIA
1,0,13835,California Street,California St & 19th Ave,67.083,37.784241,-122.478446,1,CALIFORNIA
1,0,13837,22nd Avenue,California St & 22nd Ave,67.083,37.784097,-122.481659,1,CALIFORNIA
1,0,13837,California Street,California St & 22nd Ave,67.083,37.784097,-122.481659,1,CALIFORNIA
1,0,13839,25th Avenue,California St & 25th Ave,67.083,37.78395,-122.48482,1,CALIFORNIA
1,0,13839,California Street,California St & 25th Ave,67.083,37.78395,-122.48482,1,CALIFORNIA
1,0,13841,28th Avenue,California St & 28th Ave,67.083,37.783798,-122.488074,1,CALIFORNIA
1,0,13841,California Street,California St & 28th Ave,67.083,37.783798,-122.488074,1,CALIFORNIA
1,0,13843,30th Avenue,California St & 30th Ave,67.083,37.783671,-122.490513,1,CALIFORNIA
1,0,13843,California Street,California St & 30th Ave,67.083,37.783671,-122.490513,1,CALIFORNIA
1,0,13822,4th Avenue,California St & 4th Ave,67.083,37.785353,-122.462292,1,CALIFORNIA
1,0,13822,California Street,California St & 4th Ave,67.083,37.785353,-122.462292,1,CALIFORNIA
1,0,13824,6th Avenue,California St & 6th Ave,67.083,37.785069,-122.464641,1,CALIFORNIA
1,0,13824,California Street,California St & 6th Ave,67.083,37.785069,-122.464641,1,CALIFORNIA
1,0,17160,8th Avenue,California St & 8th Ave,67.083,37.784792,-122.466819,1,CALIFORNIA
1,0,17160,California Street,California St & 8th Ave,67.083,37.784792,-122.466819,1,CALIFORNIA
1,0,13845,Arguello Boulevard,California St & Arguello Blvd,67.083,37.785703,-122.459288,1,CALIFORNIA
1,0,13845,California Street,California St & Arguello Blvd,67.083,37.785703,-122.459288,1,CALIFORNIA
1,0,13847,Baker Street,California St & Baker St,96.124,37.787738,-122.443634,1,CALIFORNIA
1,0,13847,California Street,California St & Baker St,96.124,37.787738,-122.443634,1,CALIFORNIA
1,0,13852,California Street,California St & Cherry St,67.083,37.786042,-122.456835,1,CALIFORNIA
1,0,13852,Cherry Street,California St & Cherry St,67.083,37.786042,-122.456835,1,CALIFORNIA
1,0,13858,California Street,California St & Divisadero St,96.124,37.788087,-122.44087,1,CALIFORNIA
1,0,13858,Divisadero Street,California St & Divisadero St,96.124,37.788087,-122.44087,1,CALIFORNIA
1,0,13875,California Street,California St & Laurel St,67.083,37.786923,-122.449957,1,CALIFORNIA
1,0,13875,Laurel Street,California St & Laurel St,67.083,37.786923,-122.449957,1,CALIFORNIA
1,0,13886,California Street,California St & Park Presidio Blvd,67.083,37.784514,-122.472952,1,CALIFORNIA
1,0,13886,Park Presidio Boulevard,California St & Park Presidio Blvd,67.083,37.784514,-122.472952,1,CALIFORNIA
1,0,13884,California Street,California St & Pierce St,96.124,37.788518,-122.437484,1,CALIFORNIA
1,0,13884,Pierce Street,California St & Pierce St,96.124,37.788518,-122.437484,1,CALIFORNIA
1,0,13892,California Street,California St & Presidio Ave,100.0,37.787265,-122.446965,1,CALIFORNIA
1,0,13892,Presidio Avenue,California St & Presidio Ave,100.0,37.787265,-122.446965,1,CALIFORNIA
1,0,13896,California Street,California St & Spruce St,67.083,37.786462,-122.453522,1,CALIFORNIA
1,0,13896,Spruce Street,California St & Spruce St,67.083,37.786462,-122.453522,1,CALIFORNIA
1,0,14015,Clay Street,Clay St & Drumm St,96.124,37.79532,-122.397473,1,CALIFORNIA
1,0,14015,Drumm Street,Clay St & Drumm St,96.124,37.79532,-122.397473,1,CALIFORNIA
1,0,14277,33rd Avenue,Geary Blvd & 33rd Ave,67.083,37.779735,-122.493112,1,CALIFORNIA
1,0,14277,Geary Boulevard,Geary Blvd & 33rd Ave,67.083,37.779735,-122.493112,1,CALIFORNIA
1,0,16290,Battery Street,Sacramento St & Battery St,96.124,37.79418,-122.400282,1,CALIFORNIA
1,0,16290,Sacramento Street,Sacramento St & Battery St,96.124,37.79418,-122.400282,1,CALIFORNIA
1,0,16291,Buchanan Street,Sacramento St & Buchanan St,96.124,37.79036,-122.4306,1,CALIFORNIA
1,0,16291,Sacramento Street,Sacramento St & Buchanan St,96.124,37.79036,-122.4306,1,CALIFORNIA
1,0,16294,Davis Street,Sacramento St & Davis St,96.124,37.79455,-122.3976,1,CALIFORNIA
1,0,16294,Sacramento Street,Sacramento St & Davis St,96.124,37.79455,-122.3976,1,CALIFORNIA
1,0,16295,Fillmore Street,Sacramento St & Fillmore St,96.124,37.78988,-122.43429,1,CALIFORNIA
1,0,16295,Sacramento Street,Sacramento St & Fillmore St,96.124,37.78988,-122.43429,1,CALIFORNIA
1,0,16297,Franklin Street,Sacramento St & Franklin St,96.124,37.79118,-122.42407,1,CALIFORNIA
1,0,16297,Sacramento Street,Sacramento St & Franklin St,96.124,37.79118,-122.42407,1,CALIFORNIA
1,0,16298,Gough Street,Sacramento St & Gough St,96.124,37.79092,-122.42613,1,CALIFORNIA
1,0,16298,Sacramento Street,Sacramento St & Gough St,96.124,37.79092,-122.42613,1,CALIFORNIA
1,0,16299,Grant Avenue,Sacramento St & Grant Ave,96.124,37.793411,-122.406306,1,CALIFORNIA
1,0,16299,Sacramento Street,Sacramento St & Grant Ave,96.124,37.793411,-122.406306,1,CALIFORNIA
1,0,16300,Hyde Street,Sacramento St & Hyde St,96.124,37.79199,-122.41749,1,CALIFORNIA
1,0,16300,Sacramento Street,Sacramento St & Hyde St,96.124,37.79199,-122.41749,1,CALIFORNIA
1,0,16301,Jones Street,Sacramento St & Jones St,96.124,37.79242,-122.4142,1,CALIFORNIA
1,0,16301,Sacramento Street,Sacramento St & Jones St,96.124,37.79242,-122.4142,1,CALIFORNIA
1,0,16302,Kearny Street,Sacramento St & Kearny St,96.124,37.79362,-122.40482,1,CALIFORNIA
1,0,16302,Sacramento Street,Sacramento St & Kearny St,96.124,37.79362,-122.40482,1,CALIFORNIA
1,0,16305,Laguna Street,Sacramento St & Laguna St,96.124,37.79057,-122.42888,1,CALIFORNIA
1,0,16305,Sacramento Street,Sacramento St & Laguna St,96.124,37.79057,-122.42888,1,CALIFORNIA
1,0,16303,Larkin Street,Sacramento St & Larkin St,96.124,37.79175,-122.4195,1,CALIFORNIA
1,0,16303,Sacramento Street,Sacramento St & Larkin St,96.124,37.79175,-122.4195,1,CALIFORNIA
1,0,16304,Leavenworth Street,Sacramento St & Leavenworth St,96.124,37.79221,-122.41587,1,CALIFORNIA
1,0,16304,Sacramento Street,Sacramento St & Leavenworth St,96.124,37.79221,-122.41587,1,CALIFORNIA
1,0,16307,Montgomery Street,Sacramento St & Montgomery St,96.124,37.79382,-122.4031,1,CALIFORNIA
1,0,16307,Sacramento Street,Sacramento St & Montgomery St,96.124,37.79382,-122.4031,1,CALIFORNIA
1,0,16309,Octavia Street,Sacramento St & Octavia St,96.124,37.79076,-122.42746,1,CALIFORNIA
1,0,16309,Sacramento Street,Sacramento St & Octavia St,96.124,37.79076,-122.42746,1,CALIFORNIA
1,0,16311,Polk Street,Sacramento St & Polk St,96.124,37.79155,-122.42118,1,CALIFORNIA
1,0,16311,Sacramento Street,Sacramento St & Polk St,96.124,37.79155,-122.42118,1,CALIFORNIA
1,0,16312,Powell Street,Sacramento St & Powell St,96.124,37.79305,-122.40926,1,CALIFORNIA
1,0,16312,Sacramento Street,Sacramento St & Powell St,96.124,37.79305,-122.40926,1,CALIFORNIA
1,0,16313,Presidio Avenue,Sacramento St & Presidio Ave,32.917,37.788175,-122.447057,1,CALIFORNIA
1,0,16313,Sacramento Street,Sacramento St & Presidio Ave,32.917,37.788175,-122.447057,1,CALIFORNIA
1,0,16314,Sacramento Street,Sacramento St & Sansome St,96.124,37.794055,-122.401452,1,CALIFORNIA
1,0,16314,Sansome Street,Sacramento St & Sansome St,96.124,37.794055,-122.401452,1,CALIFORNIA
1,0,16315,Sacramento Street,Sacramento St & Sproule Ln,96.124,37.79271,-122.4119,1,CALIFORNIA
1,0,16315,Sproule Lane,Sacramento St & Sproule Ln,96.124,37.79271,-122.4119,1,CALIFORNIA
1,0,16316,Sacramento Street,Sacramento St & Stockton St,96.124,37.79328,-122.40755,1,CALIFORNIA
1,0,16316,Stockton Street,Sacramento St & Stockton St,96.124,37.79328,-122.40755,1,CALIFORNIA
1,0,16317,Sacramento Street,Sacramento St & Van Ness Ave,96.124,37.79141,-122.42227,1,CALIFORNIA
1,0,16317,Van Ness Avenue,Sacramento St & Van Ness Ave,96.124,37.79141,-122.42227,1,CALIFORNIA
1,0,16319,Sacramento Street,Sacramento St & Webster St,96.124,37.79013,-122.43225,1,CALIFORNIA
1,0,16319,Webster Street,Sacramento St & Webster St,96.124,37.79013,-122.43225,1,CALIFORNIA
1,0,16486,California Street,Steiner St & California St,96.124,37.78884,-122.43561,1,CALIFORNIA
1,0,16486,Steiner Street,Steiner St & California St,96.124,37.78884,-122.43561,1,CALIFORNIA
1,1,13546,32nd Avenue,32nd Ave & California St,66.119,37.783419,-122.492442,1,CALIFORNIA
1,1,13546,California Street,32nd Ave & California St,66.119,37.783419,-122.492442,1,CALIFORNIA
1,1,13548,32nd Avenue,32nd Ave & Clement St,66.119,37.781995,-122.492335,1,CALIFORNIA
1,1,13548,Clement Street,32nd Ave & Clement St,66.119,37.781995,-122.492335,1,CALIFORNIA
1,1,13555,33rd Avenue,33rd Ave & Clement St,66.119,37.781537,-122.493354,1,CALIFORNIA
1,1,13555,Clement Street,33rd Ave & Clement St,66.119,37.781537,-122.493354,1,CALIFORNIA
1,1,13830,10th Avenue,California St & 10th Ave,66.119,37.784551,-122.468963,1,CALIFORNIA
1,1,13830,California Street,California St & 10th Ave,66.119,37.784551,-122.468963,1,CALIFORNIA
1,1,13832,12th Avenue,California St & 12th Ave,66.119,37.784454,-122.471103,1,CALIFORNIA
1,1,13832,California Street,California St & 12th Ave,66.119,37.784454,-122.471103,1,CALIFORNIA
1,1,13834,16th Avenue,California St & 16th Ave,66.119,37.784253,-122.475501,1,CALIFORNIA
1,1,13834,California Street,California St & 16th Ave,66.119,37.784253,-122.475501,1,CALIFORNIA
1,1,13836,19th Avenue,California St & 19th Ave,66.119,37.784109,-122.47871,1,CALIFORNIA
1,1,13836,California Street,California St & 19th Ave,66.119,37.784109,-122.47871,1,CALIFORNIA
1,1,13838,22nd Avenue,California St & 22nd Ave,66.119,37.783941,-122.481893,1,CALIFORNIA
1,1,13838,California Street,California St & 22nd Ave,66.119,37.783941,-122.481893,1,CALIFORNIA
1,1,13840,25th Avenue,California St & 25th Ave,66.119,37.783808,-122.485286,1,CALIFORNIA
1,1,13840,California Street,California St & 25th Ave,66.119,37.783808,-122.485286,1,CALIFORNIA
1,1,13842,28th Avenue,California St & 28th Ave,66.119,37.783658,-122.488456,1,CALIFORNIA
1,1,13842,California Street,California St & 28th Ave,66.119,37.783658,-122.488456,1,CALIFORNIA
1,1,13844,30th Avenue,California St & 30th Ave,66.119,37.783578,-122.490087,1,CALIFORNIA
1,1,13844,California Street,California St & 30th Ave,66.119,37.783578,-122.490087,1,CALIFORNIA
1,1,13823,4th Avenue,California St & 4th Ave,66.119,37.785275,-122.462177,1,CALIFORNIA
1,1,13823,California Street,California St & 4th Ave,66.119,37.785275,-122.462177,1,CALIFORNIA
1,1,13825,6th Avenue,California St & 6th Ave,66.119,37.784902,-122.464709,1,CALIFORNIA
1,1,13825,California Street,California St & 6th Ave,66.119,37.784902,-122.464709,1,CALIFORNIA
1,1,13827,8th Avenue,California St & 8th Ave,66.119,37.78463,-122.466825,1,CALIFORNIA
1,1,13827,California Street,California St & 8th Ave,66.119,37.78463,-122.466825,1,CALIFORNIA
1,1,13846,Arguello Boulevard,California St & Arguello Blvd,66.119,37.785659,-122.459036,1,CALIFORNIA
1,1,13846,California Street,California St & Arguello Blvd,66.119,37.785659,-122.459036,1,CALIFORNIA
1,1,13848,Baker Street,California St & Baker St,94.743,37.78762,-122.443384,1,CALIFORNIA
1,1,13848,California Street,California St & Baker St,94.743,37.78762,-122.443384,1,CALIFORNIA
1,1,13853,California Street,California St & Cherry St,66.119,37.785974,-122.456329,1,CALIFORNIA
1,1,13853,Cherry Street,California St & Cherry St,66.119,37.785974,-122.456329,1,CALIFORNIA
1,1,13859,California Street,California St & Divisadero St,94.743,37.787954,-122.440721,1,CALIFORNIA
1,1,13859,Divisadero Street,California St & Divisadero St,94.743,37.787954,-122.440721,1,CALIFORNIA
1,1,13876,California Street,California St & Laurel St,66.119,37.786801,-122.44998,1,CALIFORNIA
1,1,13876,Laurel Street,California St & Laurel St,66.119,37.786801,-122.44998,1,CALIFORNIA
1,1,13887,California Street,California St & Park Presidio Blvd,66.119,37.784365,-122.472764,1,CALIFORNIA
1,1,13887,Park Presidio Boulevard,California St & Park Presidio Blvd,66.119,37.784365,-122.472764,1,CALIFORNIA
1,1,13885,California Street,California St & Pierce St,94.743,37.788455,-122.436808,1,CALIFORNIA
1,1,13885,Pierce Street,California St & Pierce St,94.743,37.788455,-122.436808,1,CALIFORNIA
1,1,13893,California Street,California St & Presidio Ave,72.719,37.787212,-122.446931,1,CALIFORNIA
1,1,13893,Presidio Avenue,California St & Presidio Ave,72.719,37.787212,-122.446931,1,CALIFORNIA
1,1,13897,California Street,California St & Spruce St,66.119,37.786382,-122.45327,1,CALIFORNIA
1,1,13897,Spruce Street,California St & Spruce St,66.119,37.786382,-122.45327,1,CALIFORNIA
1,1,14015,Clay Street,Clay St & Drumm St,94.743,37.79532,-122.397473,1,CALIFORNIA
1,1,14015,Drumm Street,Clay St & Drumm St,94.743,37.79532,-122.397473,1,CALIFORNIA
1,1,14016,Clay Street,Clay St & Franklin St,94.743,37.791907,-122.424463,1,CALIFORNIA
1,1,14016,Franklin Street,Clay St & Franklin St,94.743,37.791907,-122.424463,1,CALIFORNIA
1,1,14017,Clay Street,Clay St & Front St,94.743,37.795116,-122.399101,1,CALIFORNIA
1,1,14017,Front Street,Clay St & Front St,94.743,37.795116,-122.399101,1,CALIFORNIA
1,1,14018,Clay Street,Clay St & Grant Ave,94.743,37.794263,-122.405971,1,CALIFORNIA
1,1,14018,Grant Avenue,Clay St & Grant Ave,94.743,37.794263,-122.405971,1,CALIFORNIA
1,1,14019,Clay Street,Clay St & Hyde St,94.743,37.792756,-122.417899,1,CALIFORNIA
1,1,14019,Hyde Street,Clay St & Hyde St,94.743,37.792756,-122.417899,1,CALIFORNIA
1,1,14020,Clay Street,Clay St & Jones St,94.743,37.793173,-122.414616,1,CALIFORNIA
1,1,14020,Jones Street,Clay St & Jones St,94.743,37.793173,-122.414616,1,CALIFORNIA
1,1,14021,Clay Street,Clay St & Kearny St,94.743,37.794477,-122.404411,1,CALIFORNIA
1,1,14021,Kearny Street,Clay St & Kearny St,94.743,37.794477,-122.404411,1,CALIFORNIA
1,1,14022,Clay Street,Clay St & Larkin St,94.743,37.792526,-122.419589,1,CALIFORNIA
1,1,14022,Larkin Street,Clay St & Larkin St,94.743,37.792526,-122.419589,1,CALIFORNIA
1,1,14023,Clay Street,Clay St & Leavenworth St,94.743,37.792959,-122.416304,1,CALIFORNIA
1,1,14023,Leavenworth Street,Clay St & Leavenworth St,94.743,37.792959,-122.416304,1,CALIFORNIA
1,1,14024,Clay Street,Clay St & Mason St,94.743,37.793653,-122.410823,1,CALIFORNIA
1,1,14024,Mason Street,Clay St & Mason St,94.743,37.793653,-122.410823,1,CALIFORNIA
1,1,14025,Clay Street,Clay St & Montgomery St,94.743,37.794682,-122.40277,1,CALIFORNIA
1,1,14025,Montgomery Street,Clay St & Montgomery St,94.743,37.794682,-122.40277,1,CALIFORNIA
1,1,14026,Clay Street,Clay St & Polk St,94.743,37.792357,-122.42101,1,CALIFORNIA
1,1,14026,Polk Street,Clay St & Polk St,94.743,37.792357,-122.42101,1,CALIFORNIA
1,1,14027,Clay Street,Clay St & Powell St,94.743,37.793826,-122.409591,1,CALIFORNIA
1,1,14027,Powell Street,Clay St & Powell St,94.743,37.793826,-122.409591,1,CALIFORNIA
1,1,14028,Clay Street,Clay St & Sansome St,94.743,37.794778,-122.401325,1,CALIFORNIA
1,1,14028,Sansome Street,Clay St & Sansome St,94.743,37.794778,-122.401325,1,CALIFORNIA
1,1,14029,Clay Street,Clay St & Stockton St,94.743,37.794082,-122.407561,1,CALIFORNIA
1,1,14029,Stockton Street,Clay St & Stockton St,94.743,37.794082,-122.407561,1,CALIFORNIA
1,1,14030,Clay Street,Clay St & Taylor St,94.743,37.793363,-122.412744,1,CALIFORNIA
1,1,14030,Taylor Street,Clay St & Taylor St,94.743,37.793363,-122.412744,1,CALIFORNIA
1,1,14031,Clay Street,Clay St & Van Ness Ave,94.743,37.792106,-122.422913,1,CALIFORNIA
1,1,14031,Van Ness Avenue,Clay St & Van Ness Ave,94.743,37.792106,-122.422913,1,CALIFORNIA
1,1,14277,33rd Avenue,Geary Blvd & 33rd Ave,66.119,37.779735,-122.493112,1,CALIFORNIA
1,1,14277,Geary Boulevard,Geary Blvd & 33rd Ave,66.119,37.779735,-122.493112,1,CALIFORNIA
1,1,14905,Gough Street,Gough St & Sacramento St,94.743,37.791041,-122.425771,1,CALIFORNIA
1,1,14905,Sacramento Street,Gough St & Sacramento St,94.743,37.791041,-122.425771,1,CALIFORNIA
1,1,16292,Buchanan Street,Sacramento St & Buchanan St,94.743,37.790194,-122.430855,1,CALIFORNIA
1,1,16292,Sacramento Street,Sacramento St & Buchanan St,94.743,37.790194,-122.430855,1,CALIFORNIA
1,1,16296,Fillmore Street,Sacramento St & Fillmore St,94.743,37.78981,-122.43382,1,CALIFORNIA
1,1,16296,Sacramento Street,Sacramento St & Fillmore St,94.743,37.78981,-122.43382,1,CALIFORNIA
1,1,16306,Laguna Street,Sacramento St & Laguna St,94.743,37.7904,-122.4293,1,CALIFORNIA
1,1,16306,Sacramento Street,Sacramento St & Laguna St,94.743,37.7904,-122.4293,1,CALIFORNIA
1,1,16310,Octavia Street,Sacramento St & Octavia St,94.743,37.79061,-122.4276,1,CALIFORNIA
1,1,16310,Sacramento Street,Sacramento St & Octavia St,94.743,37.79061,-122.4276,1,CALIFORNIA
1,1,16313,Presidio Avenue,Sacramento St & Presidio Ave,27.281,37.788175,-122.447057,1,CALIFORNIA
1,1,16313,Sacramento Street,Sacramento St & Presidio Ave,27.281,37.788175,-122.447057,1,CALIFORNIA
1,1,16320,Sacramento Street,Sacramento St & Webster St,94.743,37.789987,-122.4325,1,CALIFORNIA
1,1,16320,Webster Street,Sacramento St & Webster St,94.743,37.789987,-122.4325,1,CALIFORNIA
1,1,16489,Sacramento Street,Steiner St & Sacramento St,94.743,37.789329,-122.435556,1,CALIFORNIA
1,1,16489,Steiner Street,Steiner St & Sacramento St,94.743,37.789329,-122.435556,1,CALIFORNIA
12,0,13238,11th Street,11th St & Harrison St,59.345,37.770691,-122.412526,12,FOLSOM-PACIFIC
12,0,13238,Harrison Street,11th St & Harrison St,59.345,37.770691,-122.412526,12,FOLSOM-PACIFIC
12,0,13082,Broadway,Broadway & Columbus Ave,100.0,37.797831,-122.406345,12,FOLSOM-PACIFIC
12,0,13082,Columbus Avenue,Broadway & Columbus Ave,100.0,37.797831,-122.406345,12,FOLSOM-PACIFIC
12,0,13084,Broadway,Broadway & Montgomery St,100.0,37.798134,-122.40396,12,FOLSOM-PACIFIC
12,0,13084,Montgomery Street,Broadway & Montgomery St,100.0,37.798134,-122.40396,12,FOLSOM-PACIFIC
12,0,17862,Broadway,Broadway & Sansome St,100.0,37.798392,-122.402343,12,FOLSOM-PACIFIC
12,0,17862,Sansome Street,Broadway & Sansome St,100.0,37.798392,-122.402343,12,FOLSOM-PACIFIC
12,0,13087,Broadway,Broadway & Stockton St,100.0,37.797591,-122.408294,12,FOLSOM-PACIFIC
12,0,13087,Stockton Street,Broadway & Stockton St,100.0,37.797591,-122.408294,12,FOLSOM-PACIFIC
12,0,13931,Cesar Chavez Street,Cesar Chavez St & Folsom St,59.345,37.74834,-122.41398,12,FOLSOM-PACIFIC
12,0,13931,Folsom Street,Cesar Chavez St & Folsom St,59.345,37.74834,-122.41398,12,FOLSOM-PACIFIC
12,0,13935,Cesar Chavez Street,Cesar Chavez St & Mission St,59.345,37.748234,-122.418369,12,FOLSOM-PACIFIC
12,0,13935,Mission Street,Cesar Chavez St & Mission St,59.345,37.748234,-122.418369,12,FOLSOM-PACIFIC
12,0,13936,Cesar Chavez Street,Cesar Chavez St & South Van Ness Ave,59.345,37.748305,-122.415756,12,FOLSOM-PACIFIC
12,0,13936,Van Ness Avenue,Cesar Chavez St & South Van Ness Ave,59.345,37.748305,-122.415756,12,FOLSOM-PACIFIC
12,0,18154,Clay Street,Clay St & Davis St,100.0,37.795276,-122.397851,12,FOLSOM-PACIFIC
12,0,18154,Davis Street,Clay St & Davis St,100.0,37.795276,-122.397851,12,FOLSOM-PACIFIC
12,0,14017,Clay Street,Clay St & Front St,100.0,37.795116,-122.399101,12,FOLSOM-PACIFIC
12,0,14017,Front Street,Clay St & Front St,100.0,37.795116,-122.399101,12,FOLSOM-PACIFIC
12,0,14028,Clay Street,Clay St & Sansome St,100.0,37.794778,-122.401325,12,FOLSOM-PACIFIC
12,0,14028,Sansome Street,Clay St & Sansome St,100.0,37.794778,-122.401325,12,FOLSOM-PACIFIC
12,0,17993,Essex Street,Essex St & Folsom St,59.345,37.786228,-122.395564,12,FOLSOM-PACIFIC
12,0,17993,Folsom Street,Essex St & Folsom St,59.345,37.786228,-122.395564,12,FOLSOM-PACIFIC
12,0,14665,11th Street,Folsom St & 11th St,59.345,37.771833,-122.41413,12,FOLSOM-PACIFIC
12,0,14665,Folsom Street,Folsom St & 11th St,59.345,37.771833,-122.41413,12,FOLSOM-PACIFIC
12,0,14666,14th Street,Folsom St & 14th St,59.345,37.768461,-122.415667,12,FOLSOM-PACIFIC
12,0,14666,Folsom Street,Folsom St & 14th St,59.345,37.768461,-122.415667,12,FOLSOM-PACIFIC
12,0,14669,16th Street,Folsom St & 16th St,59.345,37.765231,-122.415417,12,FOLSOM-PACIFIC
12,0,14669,Folsom Street,Folsom St & 16th St,59.345,37.765231,-122.415417,12,FOLSOM-PACIFIC
12,0,14672,18th Street,Folsom St & 18th St,59.345,37.761858,-122.415086,12,FOLSOM-PACIFIC
12,0,14672,Folsom Street,Folsom St & 18th St,59.345,37.761858,-122.415086,12,FOLSOM-PACIFIC
12,0,17732,20st,Folsom St & 20st,59.345,37.758762,-122.414789,12,FOLSOM-PACIFIC
12,0,17732,Folsom Street,Folsom St & 20st,59.345,37.758762,-122.414789,12,FOLSOM-PACIFIC
12,0,14676,22nd Street,Folsom St & 22nd St,59.345,37.75546,-122.414481,12,FOLSOM-PACIFIC
12,0,14676,Folsom Street,Folsom St & 22nd St,59.345,37.75546,-122.414481,12,FOLSOM-PACIFIC
12,0,17312,24th Street,Folsom St & 24th St,59.345,37.752444,-122.414128,12,FOLSOM-PACIFIC
12,0,17312,Folsom Street,Folsom St & 24th St,59.345,37.752444,-122.414128,12,FOLSOM-PACIFIC
12,0,14680,25th Street,Folsom St & 25th St,59.345,37.750999,-122.414048,12,FOLSOM-PACIFIC
12,0,14680,Folsom Street,Folsom St & 25th St,59.345,37.750999,-122.414048,12,FOLSOM-PACIFIC
12,0,18002,Beale Street,Folsom St & Beale St,59.345,37.788404,-122.393259,12,FOLSOM-PACIFIC
12,0,18002,Folsom Street,Folsom St & Beale St,59.345,37.788404,-122.393259,12,FOLSOM-PACIFIC
12,0,14966,2nd Street,Harrison St & 2nd St,59.345,37.784193,-122.395451,12,FOLSOM-PACIFIC
12,0,14966,Harrison Street,Harrison St & 2nd St,59.345,37.784193,-122.395451,12,FOLSOM-PACIFIC
12,0,14967,3rd Street,Harrison St & 3rd St,59.345,37.782436,-122.397676,12,FOLSOM-PACIFIC
12,0,14967,Harrison Street,Harrison St & 3rd St,59.345,37.782436,-122.397676,12,FOLSOM-PACIFIC
12,0,14968,4th Street,Harrison St & 4th St,59.345,37.780671,-122.399913,12,FOLSOM-PACIFIC
12,0,14968,Harrison Street,Harrison St & 4th St,59.345,37.780671,-122.399913,12,FOLSOM-PACIFIC
12,0,14969,5th Street,Harrison St & 5th St,59.345,37.778914,-122.402137,12,FOLSOM-PACIFIC
12,0,14969,Harrison Street,Harrison St & 5th St,59.345,37.778914,-122.402137,12,FOLSOM-PACIFIC
12,0,14970,6th Street,Harrison St & 6th St,59.345,37.777148,-122.404362,12,FOLSOM-PACIFIC
12,0,14970,Harrison Street,Harrison St & 6th St,59.345,37.777148,-122.404362,12,FOLSOM-PACIFIC
12,0,14971,7th Street,Harrison St & 7th St,59.345,37.775498,-122.406438,12,FOLSOM-PACIFIC
12,0,14971,Harrison Street,Harrison St & 7th St,59.345,37.775498,-122.406438,12,FOLSOM-PACIFIC
12,0,14972,8th Street,Harrison St & 8th St,59.345,37.773866,-122.408513,12,FOLSOM-PACIFIC
12,0,14972,Harrison Street,Harrison St & 8th St,59.345,37.773866,-122.408513,12,FOLSOM-PACIFIC
12,0,14973,9th Street,Harrison St & 9th St,59.345,37.772403,-122.410371,12,FOLSOM-PACIFIC
12,0,14973,Harrison Street,Harrison St & 9th St,59.345,37.772403,-122.410371,12,FOLSOM-PACIFIC
12,0,15165,Jackson Street,Jackson St & Van Ness Ave,100.0,37.793999,-122.422867,12,FOLSOM-PACIFIC
12,0,15165,Van Ness Avenue,Jackson St & Van Ness Ave,100.0,37.793999,-122.422867,12,FOLSOM-PACIFIC
12,0,15334,Howard Street,Main St & Howard St,40.655,37.791116,-122.393956,12,FOLSOM-PACIFIC
12,0,15334,Main Street,Main St & Howard St,40.655,37.791116,-122.393956,12,FOLSOM-PACIFIC
12,0,15839,Hyde Street,Pacific Ave & Hyde St,100.0,37.795381,-122.418395,12,FOLSOM-PACIFIC
12,0,15839,Pacific Avenue,Pacific Ave & Hyde St,100.0,37.795381,-122.418395,12,FOLSOM-PACIFIC
12,0,15841,Jones Street,Pacific Ave & Jones St,100.0,37.795791,-122.415105,12,FOLSOM-PACIFIC
12,0,15841,Pacific Avenue,Pacific Ave & Jones St,100.0,37.795791,-122.415105,12,FOLSOM-PACIFIC
12,0,15844,Larkin Street,Pacific Ave & Larkin St,100.0,37.795149,-122.420035,12,FOLSOM-PACIFIC
12,0,15844,Pacific Avenue,Pacific Ave & Larkin St,100.0,37.795149,-122.420035,12,FOLSOM-PACIFIC
12,0,15846,Leavenworth Street,Pacific Ave & Leavenworth St,100.0,37.795586,-122.416744,12,FOLSOM-PACIFIC
12,0,15846,Pacific Avenue,Pacific Ave & Leavenworth St,100.0,37.795586,-122.416744,12,FOLSOM-PACIFIC
12,0,15848,Mason Street,Pacific Ave & Mason St,100.0,37.796209,-122.411814,12,FOLSOM-PACIFIC
12,0,15848,Pacific Avenue,Pacific Ave & Mason St,100.0,37.796209,-122.411814,12,FOLSOM-PACIFIC
12,0,15851,Pacific Avenue,Pacific Ave & Polk St,100.0,37.794998,-122.42125,12,FOLSOM-PACIFIC
12,0,15851,Polk Street,Pacific Ave & Polk St,100.0,37.794998,-122.42125,12,FOLSOM-PACIFIC
12,0,15853,Pacific Avenue,Pacific Ave & Powell St,100.0,37.796405,-122.410175,12,FOLSOM-PACIFIC
12,0,15853,Powell Street,Pacific Ave & Powell St,100.0,37.796405,-122.410175,12,FOLSOM-PACIFIC
12,0,15857,Pacific Avenue,Pacific Ave & Taylor St,100.0,37.795995,-122.413465,12,FOLSOM-PACIFIC
12,0,15857,Taylor Street,Pacific Ave & Taylor St,100.0,37.795995,-122.413465,12,FOLSOM-PACIFIC
12,0,15859,Pacific Avenue,Pacific Ave & Van Ness Ave,100.0,37.794784,-122.422901,12,FOLSOM-PACIFIC
12,0,15859,Van Ness Avenue,Pacific Ave & Van Ness Ave,100.0,37.794784,-122.422901,12,FOLSOM-PACIFIC
12,0,17863,Jackson Street,Sansome St & Jackson St,100.0,37.796527,-122.401909,12,FOLSOM-PACIFIC
12,0,17863,Sansome Street,Sansome St & Jackson St,100.0,37.796527,-122.401909,12,FOLSOM-PACIFIC
12,0,17995,Folsom Street,Spear St & Folsom St,100.0,37.790187,-122.391217,12,FOLSOM-PACIFIC
12,0,17995,Spear Street,Spear St & Folsom St,100.0,37.790187,-122.391217,12,FOLSOM-PACIFIC
12,0,16475,Market Street,Spear St & Market St,100.0,37.7934,-122.39528,12,FOLSOM-PACIFIC
12,0,16475,Spear Street,Spear St & Market St,100.0,37.7934,-122.39528,12,FOLSOM-PACIFIC
12,0,17994,Mission Street,Spear St & Mission St,100.0,37.792437,-122.394047,12,FOLSOM-PACIFIC
12,0,17994,Spear Street,Spear St & Mission St,100.0,37.792437,-122.394047,12,FOLSOM-PACIFIC
12,0,16882,Cesar Chavez Street,Valencia St & Cesar Chavez St,59.345,37.746664,-122.420248,12,FOLSOM-PACIFIC
12,0,16882,Valencia Street,Valencia St & Cesar Chavez St,59.345,37.746664,-122.420248,12,FOLSOM-PACIFIC
12,1,17551,Cesar Chavez Street,Cesar Chavez St & Mission St,59.345,37.7481,-122.418082,12,FOLSOM-PACIFIC
12,1,17551,Mission Street,Cesar Chavez St & Mission St,59.345,37.7481,-122.418082,12,FOLSOM-PACIFIC
12,1,14445,California Street,Drumm St & California St,100.0,37.79398,-122.39635,12,FOLSOM-PACIFIC
12,1,14445,Drumm Street,Drumm St & California St,100.0,37.79398,-122.39635,12,FOLSOM-PACIFIC
12,1,14664,11th Street,Folsom St & 11th St,59.345,37.771905,-122.413958,12,FOLSOM-PACIFIC
12,1,14664,Folsom Street,Folsom St & 11th St,59.345,37.771905,-122.413958,12,FOLSOM-PACIFIC
12,1,14667,14th Street,Folsom St & 14th St,59.345,37.768461,-122.41553,12,FOLSOM-PACIFIC
12,1,14667,Folsom Street,Folsom St & 14th St,59.345,37.768461,-122.41553,12,FOLSOM-PACIFIC
12,1,14668,16th Street,Folsom St & 16th St,59.345,37.76557,-122.415245,12,FOLSOM-PACIFIC
12,1,14668,Folsom Street,Folsom St & 16th St,59.345,37.76557,-122.415245,12,FOLSOM-PACIFIC
12,1,14671,18th Street,Folsom St & 18th St,59.345,37.762215,-122.414914,12,FOLSOM-PACIFIC
12,1,14671,Folsom Street,Folsom St & 18th St,59.345,37.762215,-122.414914,12,FOLSOM-PACIFIC
12,1,14655,1st Street,Folsom St & 1st St,59.345,37.787316,-122.394326,12,FOLSOM-PACIFIC
12,1,14655,Folsom Street,Folsom St & 1st St,59.345,37.787316,-122.394326,12,FOLSOM-PACIFIC
12,1,17733,20th Street,Folsom St & 20th St,59.345,37.758985,-122.414617,12,FOLSOM-PACIFIC
12,1,17733,Folsom Street,Folsom St & 20th St,59.345,37.758985,-122.414617,12,FOLSOM-PACIFIC
12,1,14675,22nd Street,Folsom St & 22nd St,59.345,37.755951,-122.414332,12,FOLSOM-PACIFIC
12,1,14675,Folsom Street,Folsom St & 22nd St,59.345,37.755951,-122.414332,12,FOLSOM-PACIFIC
12,1,14677,24th Street,Folsom St & 24th St,59.345,37.752757,-122.414024,12,FOLSOM-PACIFIC
12,1,14677,Folsom Street,Folsom St & 24th St,59.345,37.752757,-122.414024,12,FOLSOM-PACIFIC
12,1,14681,25th Street,Folsom St & 25th St,59.345,37.750829,-122.413842,12,FOLSOM-PACIFIC
12,1,14681,Folsom Street,Folsom St & 25th St,59.345,37.750829,-122.413842,12,FOLSOM-PACIFIC
12,1,17024,2nd Street,Folsom St & 2nd St,59.345,37.785461,-122.39678,12,FOLSOM-PACIFIC
12,1,17024,Folsom Street,Folsom St & 2nd St,59.345,37.785461,-122.39678,12,FOLSOM-PACIFIC
12,1,14657,3rd Street,Folsom St & 3rd St,59.345,37.783873,-122.398684,12,FOLSOM-PACIFIC
12,1,14657,Folsom Street,Folsom St & 3rd St,59.345,37.783873,-122.398684,12,FOLSOM-PACIFIC
12,1,14658,4th Street,Folsom St & 4th St,59.345,37.782045,-122.401104,12,FOLSOM-PACIFIC
12,1,14658,Folsom Street,Folsom St & 4th St,59.345,37.782045,-122.401104,12,FOLSOM-PACIFIC
12,1,14659,5th Street,Folsom St & 5th St,59.345,37.780386,-122.403099,12,FOLSOM-PACIFIC
12,1,14659,Folsom Street,Folsom St & 5th St,59.345,37.780386,-122.403099,12,FOLSOM-PACIFIC
12,1,14660,6th Street,Folsom St & 6th St,59.345,37.778629,-122.405324,12,FOLSOM-PACIFIC
12,1,14660,Folsom Street,Folsom St & 6th St,59.345,37.778629,-122.405324,12,FOLSOM-PACIFIC
12,1,14661,7th Street,Folsom St & 7th St,59.345,37.776641,-122.407847,12,FOLSOM-PACIFIC
12,1,14661,Folsom Street,Folsom St & 7th St,59.345,37.776641,-122.407847,12,FOLSOM-PACIFIC
12,1,14662,8th Street,Folsom St & 8th St,59.345,37.775115,-122.409773,12,FOLSOM-PACIFIC
12,1,14662,Folsom Street,Folsom St & 8th St,59.345,37.775115,-122.409773,12,FOLSOM-PACIFIC
12,1,14663,9th Street,Folsom St & 9th St,59.345,37.773894,-122.411321,12,FOLSOM-PACIFIC
12,1,14663,Folsom Street,Folsom St & 9th St,59.345,37.773894,-122.411321,12,FOLSOM-PACIFIC
12,1,17552,Cesar Chavez Street,Folsom St & Cesar Chavez St,59.345,37.748483,-122.413637,12,FOLSOM-PACIFIC
12,1,17552,Folsom Street,Folsom St & Cesar Chavez St,59.345,37.748483,-122.413637,12,FOLSOM-PACIFIC
12,1,15165,Jackson Street,Jackson St & Van Ness Ave,100.0,37.793999,-122.422867,12,FOLSOM-PACIFIC
12,1,15165,Van Ness Avenue,Jackson St & Van Ness Ave,100.0,37.793999,-122.422867,12,FOLSOM-PACIFIC
12,1,17992,Folsom Street,Main St & Folsom St,59.345,37.78981,-122.392294,12,FOLSOM-PACIFIC
12,1,17992,Main Street,Main St & Folsom St,59.345,37.78981,-122.392294,12,FOLSOM-PACIFIC
12,1,15334,Howard Street,Main St & Howard St,100.0,37.791116,-122.393956,12,FOLSOM-PACIFIC
12,1,15334,Main Street,Main St & Howard St,100.0,37.791116,-122.393956,12,FOLSOM-PACIFIC
12,1,15336,Main Street,Main St & Market St,100.0,37.79253,-122.39567,12,FOLSOM-PACIFIC
12,1,15336,Market Street,Main St & Market St,100.0,37.79253,-122.39567,12,FOLSOM-PACIFIC
12,1,17841,Mission Street,Mission St & Power St,59.345,37.746245,-122.419401,12,FOLSOM-PACIFIC
12,1,17841,Power Street,Mission St & Power St,59.345,37.746245,-122.419401,12,FOLSOM-PACIFIC
12,1,15837,Grant Avenue,Pacific Ave & Grant Ave,100.0,37.796984,-122.406735,12,FOLSOM-PACIFIC
12,1,15837,Pacific Avenue,Pacific Ave & Grant Ave,100.0,37.796984,-122.406735,12,FOLSOM-PACIFIC
12,1,15838,Hyde Street,Pacific Ave & Hyde St,100.0,37.79555,-122.4182,12,FOLSOM-PACIFIC
12,1,15838,Pacific Avenue,Pacific Ave & Hyde St,100.0,37.79555,-122.4182,12,FOLSOM-PACIFIC
12,1,15840,Jones Street,Pacific Ave & Jones St,100.0,37.79596,-122.41491,12,FOLSOM-PACIFIC
12,1,15840,Pacific Avenue,Pacific Ave & Jones St,100.0,37.79596,-122.41491,12,FOLSOM-PACIFIC
12,1,15842,Kearny Street,Pacific Ave & Kearny St,100.0,37.79717,-122.405222,12,FOLSOM-PACIFIC
12,1,15842,Pacific Avenue,Pacific Ave & Kearny St,100.0,37.79717,-122.405222,12,FOLSOM-PACIFIC
12,1,15843,Larkin Street,Pacific Ave & Larkin St,100.0,37.795328,-122.419863,12,FOLSOM-PACIFIC
12,1,15843,Pacific Avenue,Pacific Ave & Larkin St,100.0,37.795328,-122.419863,12,FOLSOM-PACIFIC
12,1,15845,Leavenworth Street,Pacific Ave & Leavenworth St,100.0,37.795755,-122.416549,12,FOLSOM-PACIFIC
12,1,15845,Pacific Avenue,Pacific Ave & Leavenworth St,100.0,37.795755,-122.416549,12,FOLSOM-PACIFIC
12,1,15847,Mason Street,Pacific Ave & Mason St,100.0,37.796378,-122.411619,12,FOLSOM-PACIFIC
12,1,15847,Pacific Avenue,Pacific Ave & Mason St,100.0,37.796378,-122.411619,12,FOLSOM-PACIFIC
12,1,15849,Montgomery Street,Pacific Ave & Montgomery St,100.0,37.797393,-122.403582,12,FOLSOM-PACIFIC
12,1,15849,Pacific Avenue,Pacific Ave & Montgomery St,100.0,37.797393,-122.403582,12,FOLSOM-PACIFIC
12,1,15850,Pacific Avenue,Pacific Ave & Polk St,100.0,37.795114,-122.42148,12,FOLSOM-PACIFIC
12,1,15850,Polk Street,Pacific Ave & Polk St,100.0,37.795114,-122.42148,12,FOLSOM-PACIFIC
12,1,15852,Pacific Avenue,Pacific Ave & Powell St,100.0,37.796556,-122.409991,12,FOLSOM-PACIFIC
12,1,15852,Powell Street,Pacific Ave & Powell St,100.0,37.796556,-122.409991,12,FOLSOM-PACIFIC
12,1,15854,Pacific Avenue,Pacific Ave & Sansome St,100.0,37.797544,-122.402367,12,FOLSOM-PACIFIC
12,1,15854,Sansome Street,Pacific Ave & Sansome St,100.0,37.797544,-122.402367,12,FOLSOM-PACIFIC
12,1,17737,Pacific Avenue,Pacific Ave & Stockton St,100.0,37.796734,-122.408581,12,FOLSOM-PACIFIC
12,1,17737,Stockton Street,Pacific Ave & Stockton St,100.0,37.796734,-122.408581,12,FOLSOM-PACIFIC
12,1,15856,Pacific Avenue,Pacific Ave & Taylor St,100.0,37.796165,-122.41327,12,FOLSOM-PACIFIC
12,1,15856,Taylor Street,Pacific Ave & Taylor St,100.0,37.796165,-122.41327,12,FOLSOM-PACIFIC
12,1,16290,Battery Street,Sacramento St & Battery St,100.0,37.79418,-122.400282,12,FOLSOM-PACIFIC
12,1,16290,Sacramento Street,Sacramento St & Battery St,100.0,37.79418,-122.400282,12,FOLSOM-PACIFIC
12,1,16294,Davis Street,Sacramento St & Davis St,100.0,37.79455,-122.3976,12,FOLSOM-PACIFIC
12,1,16294,Sacramento Street,Sacramento St & Davis St,100.0,37.79455,-122.3976,12,FOLSOM-PACIFIC
12,1,16333,Sacramento Street,Sansome St & Sacramento St,100.0,37.794055,-122.401314,12,FOLSOM-PACIFIC
12,1,16333,Sansome Street,Sansome St & Sacramento St,100.0,37.794055,-122.401314,12,FOLSOM-PACIFIC
12,1,16337,Sansome Street,Sansome St & Washington St,100.0,37.79597,-122.40165,12,FOLSOM-PACIFIC
12,1,16337,Washington Street,Sansome St & Washington St,100.0,37.79597,-122.40165,12,FOLSOM-PACIFIC
12,1,16882,Cesar Chavez Street,Valencia St & Cesar Chavez St,59.345,37.746664,-122.420248,12,FOLSOM-PACIFIC
12,1,16882,Valencia Street,Valencia St & Cesar Chavez St,59.345,37.746664,-122.420248,12,FOLSOM-PACIFIC
14,0,13541,30th Street,30th St & Mission St,3.439,37.74231,-122.42217,14,MISSION
14,0,13541,Mission Street,30th St & Mission St,3.439,37.74231,-122.42217,14,MISSION
14,0,15573,4080 Mission Street,4080 Mission St,100.0,37.73217,-122.428,14,MISSION
14,0,15545,11th Street,Mission St & 11th St,96.561,37.774306,-122.417292,14,MISSION
14,0,15545,Mission Street,Mission St & 11th St,96.561,37.774306,-122.417292,14,MISSION
14,0,15548,14th Street,Mission St & 14th St,96.561,37.7678,-122.42002,14,MISSION
14,0,15548,Mission Street,Mission St & 14th St,96.561,37.7678,-122.42002,14,MISSION
14,0,15552,16th Street,Mission St & 16th St,96.561,37.764804,-122.419737,14,MISSION
14,0,15552,Mission Street,Mission St & 16th St,96.561,37.764804,-122.419737,14,MISSION
14,0,15554,18th Street,Mission St & 18th St,96.561,37.761761,-122.419463,14,MISSION
14,0,15554,Mission Street,Mission St & 18th St,96.561,37.761761,-122.419463,14,MISSION
14,0,15528,1st Street,Mission St & 1st St,96.561,37.78992,-122.39749,14,MISSION
14,0,15528,Mission Street,Mission St & 1st St,96.561,37.78992,-122.39749,14,MISSION
14,0,15558,20th Street,Mission St & 20th St,96.561,37.75817,-122.41909,14,MISSION
14,0,15558,Mission Street,Mission St & 20th St,96.561,37.75817,-122.41909,14,MISSION
14,0,15562,22nd Street,Mission St & 22nd St,96.561,37.75517,-122.4188,14,MISSION
14,0,15562,Mission Street,Mission St & 22nd St,96.561,37.75517,-122.4188,14,MISSION
14,0,15566,24th Street,Mission St & 24th St,96.561,37.751964,-122.418528,14,MISSION
14,0,15566,Mission Street,Mission St & 24th St,96.561,37.751964,-122.418528,14,MISSION
14,0,15568,26th Street,Mission St & 26th St,96.561,37.74857,-122.41818,14,MISSION
14,0,15568,Mission Street,Mission St & 26th St,96.561,37.74857,-122.41818,14,MISSION
14,0,15529,2nd Street,Mission St & 2nd St,96.561,37.78775,-122.40024,14,MISSION
14,0,15529,Mission Street,Mission St & 2nd St,96.561,37.78775,-122.40024,14,MISSION
14,0,15572,30th Street,Mission St & 30th St,96.561,37.742417,-122.421991,14,MISSION
14,0,15572,Mission Street,Mission St & 30th St,96.561,37.742417,-122.421991,14,MISSION
14,0,15532,3rd Street,Mission St & 3rd St,96.561,37.78597,-122.40249,14,MISSION
14,0,15532,Mission Street,Mission St & 3rd St,96.561,37.78597,-122.40249,14,MISSION
14,0,15534,4th Street,Mission St & 4th St,96.561,37.78436,-122.40452,14,MISSION
14,0,15534,Mission Street,Mission St & 4th St,96.561,37.78436,-122.40452,14,MISSION
14,0,15536,5th Street,Mission St & 5th St,96.561,37.782725,-122.40664,14,MISSION
14,0,15536,Mission Street,Mission St & 5th St,96.561,37.782725,-122.40664,14,MISSION
14,0,15538,6th Street,Mission St & 6th St,96.561,37.78075,-122.4091,14,MISSION
14,0,15538,Mission Street,Mission St & 6th St,96.561,37.78075,-122.4091,14,MISSION
14,0,15539,7th Street,Mission St & 7th St,96.561,37.77897,-122.41135,14,MISSION
14,0,15539,Mission Street,Mission St & 7th St,96.561,37.77897,-122.41135,14,MISSION
14,0,15540,8th Street,Mission St & 8th St,96.561,37.77723,-122.41355,14,MISSION
14,0,15540,Mission Street,Mission St & 8th St,96.561,37.77723,-122.41355,14,MISSION
14,0,15543,9th Street,Mission St & 9th St,96.561,37.77594,-122.41518,14,MISSION
14,0,15543,Mission Street,Mission St & 9th St,96.561,37.77594,-122.41518,14,MISSION
14,0,15578,Appleton Avenue,Mission St & Appleton Ave,100.0,37.73899,-122.42404,14,MISSION
14,0,15578,Mission Street,Mission St & Appleton Ave,100.0,37.73899,-122.42404,14,MISSION
14,0,15579,Beale Street,Mission St & Beale St,96.561,37.791144,-122.395916,14,MISSION
14,0,15579,Mission Street,Mission St & Beale St,96.561,37.791144,-122.395916,14,MISSION
14,0,15580,Bosworth Street,Mission St & Bosworth St,100.0,37.73334,-122.42682,14,MISSION
14,0,15580,Mission Street,Mission St & Bosworth St,100.0,37.73334,-122.42682,14,MISSION
14,0,15584,Cortland Avenue,Mission St & Cortland Ave,100.0,37.741079,-122.422874,14,MISSION
14,0,15584,Mission Street,Mission St & Cortland Ave,100.0,37.741079,-122.422874,14,MISSION
14,0,15588,Flournoy Street,Mission St & Flournoy St,100.0,37.70682,-122.45906,14,MISSION
14,0,15588,Mission Street,Mission St & Flournoy St,100.0,37.70682,-122.45906,14,MISSION
14,0,15589,Foote Avenue,Mission St & Foote Ave,100.0,37.71285,-122.44462,14,MISSION
14,0,15589,Mission Street,Mission St & Foote Ave,100.0,37.71285,-122.44462,14,MISSION
14,0,15590,Francis Street,Mission St & Francis St,100.0,37.72635,-122.43365,14,MISSION
14,0,15590,Mission Street,Mission St & Francis St,100.0,37.72635,-122.43365,14,MISSION
14,0,15592,Geneva Avenue,Mission St & Geneva Ave,100.0,37.716455,-122.441149,14,MISSION
14,0,15592,Mission Street,Mission St & Geneva Ave,100.0,37.716455,-122.441149,14,MISSION
14,0,15594,Goethe Street,Mission St & Goethe St,100.0,37.70736,-122.45708,14,MISSION
14,0,15594,Mission Street,Mission St & Goethe St,100.0,37.70736,-122.45708,14,MISSION
14,0,15597,Highland Avenue,Mission St & Highland Ave,100.0,37.73706,-122.4242,14,MISSION
14,0,15597,Mission Street,Mission St & Highland Ave,100.0,37.73706,-122.4242,14,MISSION
14,0,15598,Italy Avenue,Mission St & Italy Ave,100.0,37.71915,-122.439087,14,MISSION
14,0,15598,Mission Street,Mission St & Italy Ave,100.0,37.71915,-122.439087,14,MISSION
14,0,15600,Lawrence Avenue,Mission St & Lawrence Ave,100.0,37.7095,-122.45087,14,MISSION
14,0,15600,Mission Street,Mission St & Lawrence Ave,100.0,37.7095,-122.45087,14,MISSION
14,0,15602,Lowell Street,Mission St & Lowell St,100.0,37.711432,-122.446486,14,MISSION
14,0,15602,Mission Street,Mission St & Lowell St,100.0,37.711432,-122.446486,14,MISSION
14,0,15604,Mission Street,Mission St & Mt Vernon Ave,100.0,37.7147,-122.44265,14,MISSION
14,0,15604,Mt Vernon Avenue,Mission St & Mt Vernon Ave,100.0,37.7147,-122.44265,14,MISSION
14,0,15609,Mission Street,Mission St & Onondaga Ave,100.0,37.721282,-122.437483,14,MISSION
14,0,15609,Onondaga Avenue,Mission St & Onondaga Ave,100.0,37.721282,-122.437483,14,MISSION
14,0,15616,Mission Street,Mission St & Persia St,100.0,37.723263,-122.435971,14,MISSION
14,0,15616,Persia Street,Mission St & Persia St,100.0,37.723263,-122.435971,14,MISSION
14,0,15614,Mission Street,Mission St & Richland Ave,100.0,37.73562,-122.4247,14,MISSION
14,0,15614,Richland Avenue,Mission St & Richland Ave,100.0,37.73562,-122.4247,14,MISSION
14,0,17099,Mission Street,Mission St & San Jose Ave,100.0,37.706372,-122.459975,14,MISSION
14,0,17099,San Jose Avenue,Mission St & San Jose Ave,100.0,37.706372,-122.459975,14,MISSION
14,0,15619,Mission Street,Mission St & Sickles Ave,100.0,37.70866,-122.45332,14,MISSION
14,0,15619,Sickles Avenue,Mission St & Sickles Ave,100.0,37.70866,-122.45332,14,MISSION
14,0,15621,Mission Street,Mission St & Silver Ave,100.0,37.728723,-122.431354,14,MISSION
14,0,15621,Silver Avenue,Mission St & Silver Ave,100.0,37.728723,-122.431354,14,MISSION
14,0,15623,Mission Street,Mission St & Spear St,96.561,37.79239,-122.39435,14,MISSION
14,0,15623,Spear Street,Mission St & Spear St,96.561,37.79239,-122.39435,14,MISSION
14,0,15625,Mission Street,Mission St & Trumbull St,100.0,37.73045,-122.42971,14,MISSION
14,0,15625,Trumbull Street,Mission St & Trumbull St,100.0,37.73045,-122.42971,14,MISSION
14,0,15626,Mission Street,Mission St & Valencia St,96.561,37.74508,-122.4203,14,MISSION
14,0,15626,Valencia Street,Mission St & Valencia St,96.561,37.74508,-122.4203,14,MISSION
14,0,15627,Mission Street,Mission St & Whittier St,100.0,37.71048,-122.44834,14,MISSION
14,0,15627,Whittier Street,Mission St & Whittier St,100.0,37.71048,-122.44834,14,MISSION
14,0,17870,Mccoppin Street,Otis & Mccoppin St,96.561,37.771603,-122.420365,14,MISSION
14,0,17870,Otis,Otis & Mccoppin St,96.561,37.771603,-122.420365,14,MISSION
14,0,15836,12th Street,Otis St & 12th St,96.561,37.77281,-122.41917,14,MISSION
14,0,15836,Otis Street,Otis St & 12th St,96.561,37.77281,-122.41917,14,MISSION
14,0,16498,Mission Street,Steuart St & Mission St,96.561,37.7933,-122.39344,14,MISSION
14,0,16498,Steuart Street,Steuart St & Mission St,96.561,37.7933,-122.39344,14,MISSION
14,1,13540,30th Street,30th St & Mission St,3.398,37.742408,-122.422037,14,MISSION
14,1,13540,Mission Street,30th St & Mission St,3.398,37.742408,-122.422037,14,MISSION
14,1,15336,Main Street,Main St & Market St,96.602,37.79253,-122.39567,14,MISSION
14,1,15336,Market Street,Main St & Market St,96.602,37.79253,-122.39567,14,MISSION
14,1,15693,Market Street,Market St & Steuart St,96.602,37.79426,-122.39491,14,MISSION
14,1,15693,Steuart Street,Market St & Steuart St,96.602,37.79426,-122.39491,14,MISSION
14,1,15544,11th Street,Mission St & 11th St,96.602,37.774912,-122.416283,14,MISSION
14,1,15544,Mission Street,Mission St & 11th St,96.602,37.774912,-122.416283,14,MISSION
14,1,15546,13th Street,Mission St & 13th St,96.602,37.77047,-122.41978,14,MISSION
14,1,15546,Mission Street,Mission St & 13th St,96.602,37.77047,-122.41978,14,MISSION
14,1,15547,14th Street,Mission St & 14th St,96.602,37.76862,-122.41993,14,MISSION
14,1,15547,Mission Street,Mission St & 14th St,96.602,37.76862,-122.41993,14,MISSION
14,1,15551,16th Street,Mission St & 16th St,96.602,37.765125,-122.419668,14,MISSION
14,1,15551,Mission Street,Mission St & 16th St,96.602,37.765125,-122.419668,14,MISSION
14,1,15553,18th Street,Mission St & 18th St,96.602,37.762635,-122.419348,14,MISSION
14,1,15553,Mission Street,Mission St & 18th St,96.602,37.762635,-122.419348,14,MISSION
14,1,15557,20th Street,Mission St & 20th St,96.602,37.75911,-122.41902,14,MISSION
14,1,15557,Mission Street,Mission St & 20th St,96.602,37.75911,-122.41902,14,MISSION
14,1,15561,22nd Street,Mission St & 22nd St,96.602,37.75582,-122.41871,14,MISSION
14,1,15561,Mission Street,Mission St & 22nd St,96.602,37.75582,-122.41871,14,MISSION
14,1,15565,24th Street,Mission St & 24th St,96.602,37.752356,-122.418401,14,MISSION
14,1,15565,Mission Street,Mission St & 24th St,96.602,37.752356,-122.418401,14,MISSION
14,1,15567,26th Street,Mission St & 26th St,96.602,37.74951,-122.4181,14,MISSION
14,1,15567,Mission Street,Mission St & 26th St,96.602,37.74951,-122.4181,14,MISSION
14,1,15530,2nd Street,Mission St & 2nd St,96.602,37.78787,-122.39985,14,MISSION
14,1,15530,Mission Street,Mission St & 2nd St,96.602,37.78787,-122.39985,14,MISSION
14,1,15571,30th Street,Mission St & 30th St,96.602,37.742408,-122.421945,14,MISSION
14,1,15571,Mission Street,Mission St & 30th St,96.602,37.742408,-122.421945,14,MISSION
14,1,15531,3rd Street,Mission St & 3rd St,96.602,37.78651,-122.40157,14,MISSION
14,1,15531,Mission Street,Mission St & 3rd St,96.602,37.78651,-122.40157,14,MISSION
14,1,15533,4th Street,Mission St & 4th St,96.602,37.78464,-122.40393,14,MISSION
14,1,15533,Mission Street,Mission St & 4th St,96.602,37.78464,-122.40393,14,MISSION
14,1,15535,5th Street,Mission St & 5th St,96.602,37.782716,-122.406525,14,MISSION
14,1,15535,Mission Street,Mission St & 5th St,96.602,37.782716,-122.406525,14,MISSION
14,1,15537,6th Street,Mission St & 6th St,96.602,37.78119,-122.40831,14,MISSION
14,1,15537,Mission Street,Mission St & 6th St,96.602,37.78119,-122.40831,14,MISSION
14,1,17129,7th Street,Mission St & 7th St,96.602,37.779354,-122.410505,14,MISSION
14,1,17129,Mission Street,Mission St & 7th St,96.602,37.779354,-122.410505,14,MISSION
14,1,15541,8th Street,Mission St & 8th St,96.602,37.7777,-122.41273,14,MISSION
14,1,15541,Mission Street,Mission St & 8th St,96.602,37.7777,-122.41273,14,MISSION
14,1,15542,9th Street,Mission St & 9th St,96.602,37.77645,-122.41431,14,MISSION
14,1,15542,Mission Street,Mission St & 9th St,96.602,37.77645,-122.41431,14,MISSION
14,1,15574,Acton Street,Mission St & Acton St,100.0,37.708808,-122.452578,14,MISSION
14,1,15574,Mission Street,Mission St & Acton St,100.0,37.708808,-122.452578,14,MISSION
14,1,15575,Allison Street,Mission St & Allison St,100.0,37.71448,-122.44264,14,MISSION
14,1,15575,Mission Street,Mission St & Allison St,100.0,37.71448,-122.44264,14,MISSION
14,1,15577,Appleton Avenue,Mission St & Appleton Ave,100.0,37.738867,-122.423871,14,MISSION
14,1,15577,Mission Street,Mission St & Appleton Ave,100.0,37.738867,-122.423871,14,MISSION
14,1,15583,Cortland Avenue,Mission St & Cortland Ave,100.0,37.741052,-122.422759,14,MISSION
14,1,15583,Mission Street,Mission St & Cortland Ave,100.0,37.741052,-122.422759,14,MISSION
14,1,15585,Evergreen Street,Mission St & Evergreen St,100.0,37.70741,-122.45653,14,MISSION
14,1,15585,Mission Street,Mission St & Evergreen St,100.0,37.70741,-122.45653,14,MISSION
14,1,15586,Excelsior Avenue,Mission St & Excelsior Ave,100.0,37.726355,-122.43351,14,MISSION
14,1,15586,Mission Street,Mission St & Excelsior Ave,100.0,37.726355,-122.43351,14,MISSION
14,1,17945,Fremont Street,Mission St & Fremont St,96.602,37.790261,-122.396788,14,MISSION
14,1,17945,Mission Street,Mission St & Fremont St,96.602,37.790261,-122.396788,14,MISSION
14,1,15593,Geneva Avenue,Mission St & Geneva Ave,100.0,37.716642,-122.440782,14,MISSION
14,1,15593,Mission Street,Mission St & Geneva Ave,100.0,37.716642,-122.440782,14,MISSION
14,1,15595,Guttenberg Street,Mission St & Guttenberg St,100.0,37.71251,-122.44475,14,MISSION
14,1,15595,Mission Street,Mission St & Guttenberg St,100.0,37.71251,-122.44475,14,MISSION
14,1,15596,Highland Avenue,Mission St & Highland Ave,100.0,37.737448,-122.423963,14,MISSION
14,1,15596,Mission Street,Mission St & Highland Ave,100.0,37.737448,-122.423963,14,MISSION
14,1,15599,Italy Avenue,Mission St & Italy Ave,100.0,37.71865,-122.439259,14,MISSION
14,1,15599,Mission Street,Mission St & Italy Ave,100.0,37.71865,-122.439259,14,MISSION
14,1,15601,Lowell Street,Mission St & Lowell St,100.0,37.711468,-122.446291,14,MISSION
14,1,15601,Mission Street,Mission St & Lowell St,100.0,37.711468,-122.446291,14,MISSION
14,1,15605,Mission Street,Mission St & Murray St,100.0,37.73404,-122.42592,14,MISSION
14,1,15605,Murray Street,Mission St & Murray St,100.0,37.73404,-122.42592,14,MISSION
14,1,15608,Mission Street,Mission St & Oliver St,100.0,37.70962,-122.45006,14,MISSION
14,1,15608,Oliver Street,Mission St & Oliver St,100.0,37.70962,-122.45006,14,MISSION
14,1,15610,Mission Street,Mission St & Persia Ave,100.0,37.72338,-122.43568,14,MISSION
14,1,15610,Persia Avenue,Mission St & Persia Ave,100.0,37.72338,-122.43568,14,MISSION
14,1,17841,Mission Street,Mission St & Power St,96.602,37.746245,-122.419401,14,MISSION
14,1,17841,Power Street,Mission St & Power St,96.602,37.746245,-122.419401,14,MISSION
14,1,15613,Mission Street,Mission St & Richland Ave,100.0,37.73591,-122.42442,14,MISSION
14,1,15613,Richland Avenue,Mission St & Richland Ave,100.0,37.73591,-122.42442,14,MISSION
14,1,15615,Mission Street,Mission St & Russia Ave,100.0,37.721469,-122.437117,14,MISSION
14,1,15615,Russia Avenue,Mission St & Russia Ave,100.0,37.721469,-122.437117,14,MISSION
14,1,17099,Mission Street,Mission St & San Jose Ave,100.0,37.706372,-122.459975,14,MISSION
14,1,17099,San Jose Avenue,Mission St & San Jose Ave,100.0,37.706372,-122.459975,14,MISSION
14,1,15620,Mission Street,Mission St & Silver Ave,100.0,37.728723,-122.43132,14,MISSION
14,1,15620,Silver Avenue,Mission St & Silver Ave,100.0,37.728723,-122.43132,14,MISSION
14,1,17299,Mission Street,Mission St & South Van Ness Ave,96.602,37.772994,-122.418485,14,MISSION
14,1,17299,Van Ness Avenue,Mission St & South Van Ness Ave,96.602,37.772994,-122.418485,14,MISSION
14,1,15624,Mission Street,Mission St & Trumbull St,100.0,37.73066,-122.42927,14,MISSION
14,1,15624,Trumbull Street,Mission St & Trumbull St,100.0,37.73066,-122.42927,14,MISSION
14,1,15628,Mission Street,Mission St & Whittier St,100.0,37.71022,-122.44845,14,MISSION
14,1,15628,Whittier Street,Mission St & Whittier St,100.0,37.71022,-122.44845,14,MISSION
14,1,17743,Mission Street,Persia St & Mission St,3.398,37.72337,-122.436246,14,MISSION
14,1,17743,Persia Street,Persia St & Mission St,3.398,37.72337,-122.436246,14,MISSION
14,1,16498,Mission Street,Steuart St & Mission St,96.602,37.7933,-122.39344,14,MISSION
14,1,16498,Steuart Street,Steuart St & Mission St,96.602,37.7933,-122.39344,14,MISSION
14R,0,17842,[UNKNOWN],Daly City BART Station,80.947,37.706273,-122.468632,14R,MISSION RAPID
14R,0,15545,11th Street,Mission St & 11th St,100.0,37.774306,-122.417292,14R,MISSION RAPID
14R,0,15545,Mission Street,Mission St & 11th St,100.0,37.774306,-122.417292,14R,MISSION RAPID
14R,0,15552,16th Street,Mission St & 16th St,100.0,37.764804,-122.419737,14R,MISSION RAPID
14R,0,15552,Mission Street,Mission St & 16th St,100.0,37.764804,-122.419737,14R,MISSION RAPID
14R,0,15528,1st Street,Mission St & 1st St,100.0,37.78992,-122.39749,14R,MISSION RAPID
14R,0,15528,Mission Street,Mission St & 1st St,100.0,37.78992,-122.39749,14R,MISSION RAPID
14R,0,15558,20th Street,Mission St & 20th St,100.0,37.75817,-122.41909,14R,MISSION RAPID
14R,0,15558,Mission Street,Mission St & 20th St,100.0,37.75817,-122.41909,14R,MISSION RAPID
14R,0,15566,24th Street,Mission St & 24th St,100.0,37.751964,-122.418528,14R,MISSION RAPID
14R,0,15566,Mission Street,Mission St & 24th St,100.0,37.751964,-122.418528,14R,MISSION RAPID
14R,0,15529,2nd Street,Mission St & 2nd St,100.0,37.78775,-122.40024,14R,MISSION RAPID
14R,0,15529,Mission Street,Mission St & 2nd St,100.0,37.78775,-122.40024,14R,MISSION RAPID
14R,0,15572,30th Street,Mission St & 30th St,100.0,37.742417,-122.421991,14R,MISSION RAPID
14R,0,15572,Mission Street,Mission St & 30th St,100.0,37.742417,-122.421991,14R,MISSION RAPID
14R,0,15532,3rd Street,Mission St & 3rd St,100.0,37.78597,-122.40249,14R,MISSION RAPID
14R,0,15532,Mission Street,Mission St & 3rd St,100.0,37.78597,-122.40249,14R,MISSION RAPID
14R,0,15534,4th Street,Mission St & 4th St,100.0,37.78436,-122.40452,14R,MISSION RAPID
14R,0,15534,Mission Street,Mission St & 4th St,100.0,37.78436,-122.40452,14R,MISSION RAPID
14R,0,15536,5th Street,Mission St & 5th St,100.0,37.782725,-122.40664,14R,MISSION RAPID
14R,0,15536,Mission Street,Mission St & 5th St,100.0,37.782725,-122.40664,14R,MISSION RAPID
14R,0,15540,8th Street,Mission St & 8th St,100.0,37.77723,-122.41355,14R,MISSION RAPID
14R,0,15540,Mission Street,Mission St & 8th St,100.0,37.77723,-122.41355,14R,MISSION RAPID
14R,0,15579,Beale Street,Mission St & Beale St,100.0,37.791144,-122.395916,14R,MISSION RAPID
14R,0,15579,Mission Street,Mission St & Beale St,100.0,37.791144,-122.395916,14R,MISSION RAPID
14R,0,15588,Flournoy Street,Mission St & Flournoy St,100.0,37.70682,-122.45906,14R,MISSION RAPID
14R,0,15588,Mission Street,Mission St & Flournoy St,100.0,37.70682,-122.45906,14R,MISSION RAPID
14R,0,15592,Geneva Avenue,Mission St & Geneva Ave,100.0,37.716455,-122.441149,14R,MISSION RAPID
14R,0,15592,Mission Street,Mission St & Geneva Ave,100.0,37.716455,-122.441149,14R,MISSION RAPID
14R,0,15594,Goethe Street,Mission St & Goethe St,100.0,37.70736,-122.45708,14R,MISSION RAPID
14R,0,15594,Mission Street,Mission St & Goethe St,100.0,37.70736,-122.45708,14R,MISSION RAPID
14R,0,15602,Lowell Street,Mission St & Lowell St,100.0,37.711432,-122.446486,14R,MISSION RAPID
14R,0,15602,Mission Street,Mission St & Lowell St,100.0,37.711432,-122.446486,14R,MISSION RAPID
14R,0,15603,Main Street,Mission St & Main St,100.0,37.791965,-122.39493,14R,MISSION RAPID
14R,0,15603,Mission Street,Mission St & Main St,100.0,37.791965,-122.39493,14R,MISSION RAPID
14R,0,15616,Mission Street,Mission St & Persia St,100.0,37.723263,-122.435971,14R,MISSION RAPID
14R,0,15616,Persia Street,Mission St & Persia St,100.0,37.723263,-122.435971,14R,MISSION RAPID
14R,0,15614,Mission Street,Mission St & Richland Ave,100.0,37.73562,-122.4247,14R,MISSION RAPID
14R,0,15614,Richland Avenue,Mission St & Richland Ave,100.0,37.73562,-122.4247,14R,MISSION RAPID
14R,0,15619,Mission Street,Mission St & Sickles Ave,100.0,37.70866,-122.45332,14R,MISSION RAPID
14R,0,15619,Sickles Avenue,Mission St & Sickles Ave,100.0,37.70866,-122.45332,14R,MISSION RAPID
14R,0,15621,Mission Street,Mission St & Silver Ave,100.0,37.728723,-122.431354,14R,MISSION RAPID
14R,0,15621,Silver Avenue,Mission St & Silver Ave,100.0,37.728723,-122.431354,14R,MISSION RAPID
14R,1,17842,[UNKNOWN],Daly City BART Station,85.007,37.706273,-122.468632,14R,MISSION RAPID
14R,1,15336,Main Street,Main St & Market St,100.0,37.79253,-122.39567,14R,MISSION RAPID
14R,1,15336,Market Street,Main St & Market St,100.0,37.79253,-122.39567,14R,MISSION RAPID
14R,1,15693,Market Street,Market St & Steuart St,100.0,37.79426,-122.39491,14R,MISSION RAPID
14R,1,15693,Steuart Street,Market St & Steuart St,100.0,37.79426,-122.39491,14R,MISSION RAPID
14R,1,15544,11th Street,Mission St & 11th St,100.0,37.774912,-122.416283,14R,MISSION RAPID
14R,1,15544,Mission Street,Mission St & 11th St,100.0,37.774912,-122.416283,14R,MISSION RAPID
14R,1,15551,16th Street,Mission St & 16th St,100.0,37.765125,-122.419668,14R,MISSION RAPID
14R,1,15551,Mission Street,Mission St & 16th St,100.0,37.765125,-122.419668,14R,MISSION RAPID
14R,1,15557,20th Street,Mission St & 20th St,100.0,37.75911,-122.41902,14R,MISSION RAPID
14R,1,15557,Mission Street,Mission St & 20th St,100.0,37.75911,-122.41902,14R,MISSION RAPID
14R,1,15565,24th Street,Mission St & 24th St,100.0,37.752356,-122.418401,14R,MISSION RAPID
14R,1,15565,Mission Street,Mission St & 24th St,100.0,37.752356,-122.418401,14R,MISSION RAPID
14R,1,15530,2nd Street,Mission St & 2nd St,100.0,37.78787,-122.39985,14R,MISSION RAPID
14R,1,15530,Mission Street,Mission St & 2nd St,100.0,37.78787,-122.39985,14R,MISSION RAPID
14R,1,15571,30th Street,Mission St & 30th St,100.0,37.742408,-122.421945,14R,MISSION RAPID
14R,1,15571,Mission Street,Mission St & 30th St,100.0,37.742408,-122.421945,14R,MISSION RAPID
14R,1,15531,3rd Street,Mission St & 3rd St,100.0,37.78651,-122.40157,14R,MISSION RAPID
14R,1,15531,Mission Street,Mission St & 3rd St,100.0,37.78651,-122.40157,14R,MISSION RAPID
14R,1,15533,4th Street,Mission St & 4th St,100.0,37.78464,-122.40393,14R,MISSION RAPID
14R,1,15533,Mission Street,Mission St & 4th St,100.0,37.78464,-122.40393,14R,MISSION RAPID
14R,1,15535,5th Street,Mission St & 5th St,100.0,37.782716,-122.406525,14R,MISSION RAPID
14R,1,15535,Mission Street,Mission St & 5th St,100.0,37.782716,-122.406525,14R,MISSION RAPID
14R,1,15541,8th Street,Mission St & 8th St,100.0,37.7777,-122.41273,14R,MISSION RAPID
14R,1,15541,Mission Street,Mission St & 8th St,100.0,37.7777,-122.41273,14R,MISSION RAPID
14R,1,15574,Acton Street,Mission St & Acton St,85.007,37.708808,-122.452578,14R,MISSION RAPID
14R,1,15574,Mission Street,Mission St & Acton St,85.007,37.708808,-122.452578,14R,MISSION RAPID
14R,1,15585,Evergreen Street,Mission St & Evergreen St,85.007,37.70741,-122.45653,14R,MISSION RAPID
14R,1,15585,Mission Street,Mission St & Evergreen St,85.007,37.70741,-122.45653,14R,MISSION RAPID
14R,1,17554,Flournoy,Mission St & Flournoy,85.007,37.706622,-122.459265,14R,MISSION RAPID
14R,1,17554,Mission Street,Mission St & Flournoy,85.007,37.706622,-122.459265,14R,MISSION RAPID
14R,1,17945,Fremont Street,Mission St & Fremont St,100.0,37.790261,-122.396788,14R,MISSION RAPID
14R,1,17945,Mission Street,Mission St & Fremont St,100.0,37.790261,-122.396788,14R,MISSION RAPID
14R,1,15593,Geneva Avenue,Mission St & Geneva Ave,100.0,37.716642,-122.440782,14R,MISSION RAPID
14R,1,15593,Mission Street,Mission St & Geneva Ave,100.0,37.716642,-122.440782,14R,MISSION RAPID
14R,1,15601,Lowell Street,Mission St & Lowell St,100.0,37.711468,-122.446291,14R,MISSION RAPID
14R,1,15601,Mission Street,Mission St & Lowell St,100.0,37.711468,-122.446291,14R,MISSION RAPID
14R,1,15603,Main Street,Mission St & Main St,87.506,37.791965,-122.39493,14R,MISSION RAPID
14R,1,15603,Mission Street,Mission St & Main St,87.506,37.791965,-122.39493,14R,MISSION RAPID
14R,1,15610,Mission Street,Mission St & Persia Ave,100.0,37.72338,-122.43568,14R,MISSION RAPID
14R,1,15610,Persia Avenue,Mission St & Persia Ave,100.0,37.72338,-122.43568,14R,MISSION RAPID
14R,1,15613,Mission Street,Mission St & Richland Ave,100.0,37.73591,-122.42442,14R,MISSION RAPID
14R,1,15613,Richland Avenue,Mission St & Richland Ave,100.0,37.73591,-122.42442,14R,MISSION RAPID
14R,1,15620,Mission Street,Mission St & Silver Ave,100.0,37.728723,-122.43132,14R,MISSION RAPID
14R,1,15620,Silver Avenue,Mission St & Silver Ave,100.0,37.728723,-122.43132,14R,MISSION RAPID
14R,1,17742,Lowell Street,Morse St & Lowell St,14.993,37.711021,-122.446211,14R,MISSION RAPID
14R,1,17742,Morse Street,Morse St & Lowell St,14.993,37.711021,-122.446211,14R,MISSION RAPID
14R,1,16498,Mission Street,Steuart St & Mission St,100.0,37.7933,-122.39344,14R,MISSION RAPID
14R,1,16498,Steuart Street,Steuart St & Mission St,100.0,37.7933,-122.39344,14R,MISSION RAPID
15,0,13104,20th Street,3rd St & 20th St,100.0,37.760613,-122.388734,15,BAYVIEW HUNTERS POINT EXPRESS
15,0,13104,3rd Street,3rd St & 20th St,100.0,37.760613,-122.388734,15,BAYVIEW HUNTERS POINT EXPRESS
15,0,13123,3rd Street,3rd St & Evans Ave,100.0,37.74244,-122.38815,15,BAYVIEW HUNTERS POINT EXPRESS
15,0,13123,Evans Avenue,3rd St & Evans Ave,100.0,37.74244,-122.38815,15,BAYVIEW HUNTERS POINT EXPRESS
15,0,17324,3rd Street,3rd St & Gene Friend Way,100.0,37.76871,-122.389377,15,BAYVIEW HUNTERS POINT EXPRESS
15,0,17324,Gene Friend Way,3rd St & Gene Friend Way,100.0,37.76871,-122.389377,15,BAYVIEW HUNTERS POINT EXPRESS
15,0,13161,4th Street,4th St & Market St,100.0,37.785411,-122.405531,15,BAYVIEW HUNTERS POINT EXPRESS
15,0,13161,Market Street,4th St & Market St,100.0,37.785411,-122.405531,15,BAYVIEW HUNTERS POINT EXPRESS
15,0,13160,4th Street,4th St & Mission St,100.0,37.784259,-122.404117,15,BAYVIEW HUNTERS POINT EXPRESS
15,0,13160,Mission Street,4th St & Mission St,100.0,37.784259,-122.404117,15,BAYVIEW HUNTERS POINT EXPRESS
15,0,13163,4th Street,4th St & Townsend St,100.0,37.777109,-122.395135,15,BAYVIEW HUNTERS POINT EXPRESS
15,0,13163,Townsend Street,4th St & Townsend St,100.0,37.777109,-122.395135,15,BAYVIEW HUNTERS POINT EXPRESS
15,0,15043,Cashmere Street,Hudson Ave & Cashmere St,100.0,37.735958,-122.383545,15,BAYVIEW HUNTERS POINT EXPRESS
15,0,15043,Hudson Avenue,Hudson Ave & Cashmere St,100.0,37.735958,-122.383545,15,BAYVIEW HUNTERS POINT EXPRESS
15,0,15045,Hudson Avenue,Hudson Ave & Ingalls St,100.0,37.73239,-122.379692,15,BAYVIEW HUNTERS POINT EXPRESS
15,0,15045,Ingalls Street,Hudson Ave & Ingalls St,100.0,37.73239,-122.379692,15,BAYVIEW HUNTERS POINT EXPRESS
15,0,15047,Hudson Avenue,Hudson Ave & Keith St,100.0,37.73759,-122.38416,15,BAYVIEW HUNTERS POINT EXPRESS
15,0,15047,Keith Street,Hudson Ave & Keith St,100.0,37.73759,-122.38416,15,BAYVIEW HUNTERS POINT EXPRESS
15,0,15049,Hudson Avenue,Hudson Ave & Mendell St,100.0,37.739,-122.38654,15,BAYVIEW HUNTERS POINT EXPRESS
15,0,15049,Mendell Street,Hudson Ave & Mendell St,100.0,37.739,-122.38654,15,BAYVIEW HUNTERS POINT EXPRESS
15,0,17938,Hudson Avenue,Hudson Ave & Newhall St,100.0,37.739905,-122.388125,15,BAYVIEW HUNTERS POINT EXPRESS
15,0,17938,Newhall Street,Hudson Ave & Newhall St,100.0,37.739905,-122.388125,15,BAYVIEW HUNTERS POINT EXPRESS
15,0,15051,Hudson Avenue,Hudson Ave & Whitney Young Cir,100.0,37.733355,-122.38212,15,BAYVIEW HUNTERS POINT EXPRESS
15,0,15051,Whitney Young Circle,Hudson Ave & Whitney Young Cir,100.0,37.733355,-122.38212,15,BAYVIEW HUNTERS POINT EXPRESS
15,0,18053,Ingalls Street,Ingalls St & Lasalle Ave,100.0,37.730633,-122.381389,15,BAYVIEW HUNTERS POINT EXPRESS
15,0,18053,Lasalle Avenue,Ingalls St & Lasalle Ave,100.0,37.730633,-122.381389,15,BAYVIEW HUNTERS POINT EXPRESS
15,0,18054,Ingalls Street,Ingalls St & Oakdale Ave,100.0,37.730428,-122.382913,15,BAYVIEW HUNTERS POINT EXPRESS
15,0,18054,Oakdale Avenue,Ingalls St & Oakdale Ave,100.0,37.730428,-122.382913,15,BAYVIEW HUNTERS POINT EXPRESS
15,0,18066,Ingalls Street,Ingalls St & Palou Ave,100.0,37.729884,-122.383451,15,BAYVIEW HUNTERS POINT EXPRESS
15,0,18066,Palou Avenue,Ingalls St & Palou Ave,100.0,37.729884,-122.383451,15,BAYVIEW HUNTERS POINT EXPRESS
15,0,18051,Donahue Street,Jerrold Ave & Donahue St,100.0,37.728191,-122.370807,15,BAYVIEW HUNTERS POINT EXPRESS
15,0,18051,Jerrold Avenue,Jerrold Ave & Donahue St,100.0,37.728191,-122.370807,15,BAYVIEW HUNTERS POINT EXPRESS
15,0,18052,Earl Street,Kirkwood Ave & Earl St,100.0,37.728665,-122.373086,15,BAYVIEW HUNTERS POINT EXPRESS
15,0,18052,Kirkwood Avenue,Kirkwood Ave & Earl St,100.0,37.728665,-122.373086,15,BAYVIEW HUNTERS POINT EXPRESS
15,0,14827,Dormitory Road,Kiska Rd & Dormitory Rd,100.0,37.72988,-122.37527,15,BAYVIEW HUNTERS POINT EXPRESS
15,0,14827,Kiska Road,Kiska Rd & Dormitory Rd,100.0,37.72988,-122.37527,15,BAYVIEW HUNTERS POINT EXPRESS
15,0,15242,Ingalls Street,Kiska Rd & Ingalls St,100.0,37.731131,-122.379487,15,BAYVIEW HUNTERS POINT EXPRESS
15,0,15242,Kiska Road,Kiska Rd & Ingalls St,100.0,37.731131,-122.379487,15,BAYVIEW HUNTERS POINT EXPRESS
15,0,14817,Kiska Road,Kiska Rd & Reardon Rd,100.0,37.73004,-122.37711,15,BAYVIEW HUNTERS POINT EXPRESS
15,0,14817,Reardon Road,Kiska Rd & Reardon Rd,100.0,37.73004,-122.37711,15,BAYVIEW HUNTERS POINT EXPRESS
15,0,15766,Dormitory Road,Northridge Rd & Dormitory Rd,100.0,37.73025,-122.37448,15,BAYVIEW HUNTERS POINT EXPRESS
15,0,15766,Northridge Road,Northridge Rd & Dormitory Rd,100.0,37.73025,-122.37448,15,BAYVIEW HUNTERS POINT EXPRESS
15,0,15767,Harbor Road,Northridge Rd & Harbor Rd,100.0,37.730978,-122.377013,15,BAYVIEW HUNTERS POINT EXPRESS
15,0,15767,Northridge Road,Northridge Rd & Harbor Rd,100.0,37.730978,-122.377013,15,BAYVIEW HUNTERS POINT EXPRESS
15,0,15768,Ingalls Street,Northridge Rd & Ingalls St,100.0,37.73163,-122.37896,15,BAYVIEW HUNTERS POINT EXPRESS
15,0,15768,Northridge Road,Northridge Rd & Ingalls St,100.0,37.73163,-122.37896,15,BAYVIEW HUNTERS POINT EXPRESS
15,0,15863,3rd Street,Palou Ave & 3rd St,100.0,37.734019,-122.390825,15,BAYVIEW HUNTERS POINT EXPRESS
15,0,15863,Palou Avenue,Palou Ave & 3rd St,100.0,37.734019,-122.390825,15,BAYVIEW HUNTERS POINT EXPRESS
15,0,15872,Keith Street,Palou Ave & Keith St,100.0,37.731858,-122.387046,15,BAYVIEW HUNTERS POINT EXPRESS
15,0,15872,Palou Avenue,Palou Ave & Keith St,100.0,37.731858,-122.387046,15,BAYVIEW HUNTERS POINT EXPRESS
15,0,16516,Geary Boulevard,Stockton St & Geary St,100.0,37.787704,-122.406729,15,BAYVIEW HUNTERS POINT EXPRESS
15,0,16516,Stockton Street,Stockton St & Geary St,100.0,37.787704,-122.406729,15,BAYVIEW HUNTERS POINT EXPRESS
15,0,16606,Sansome Street,Sutter St & Sansome St,100.0,37.790214,-122.401338,15,BAYVIEW HUNTERS POINT EXPRESS
15,0,16606,Sutter Street,Sutter St & Sansome St,100.0,37.790214,-122.401338,15,BAYVIEW HUNTERS POINT EXPRESS
15,0,17378,Marin Street,Third St & Marin St,100.0,37.749097,-122.387571,15,BAYVIEW HUNTERS POINT EXPRESS
15,0,17378,Third Street,Third St & Marin St,100.0,37.749097,-122.387571,15,BAYVIEW HUNTERS POINT EXPRESS
15,1,13103,20th Street,3rd St & 20th St,100.0,37.76079,-122.38846,15,BAYVIEW HUNTERS POINT EXPRESS
15,1,13103,3rd Street,3rd St & 20th St,100.0,37.76079,-122.38846,15,BAYVIEW HUNTERS POINT EXPRESS
15,1,13114,3rd Street,3rd St & Brannan St,100.0,37.779285,-122.393185,15,BAYVIEW HUNTERS POINT EXPRESS
15,1,13114,Brannan Street,3rd St & Brannan St,100.0,37.779285,-122.393185,15,BAYVIEW HUNTERS POINT EXPRESS
15,1,13136,3rd Street,3rd St & Mission St,100.0,37.786373,-122.40211,15,BAYVIEW HUNTERS POINT EXPRESS
15,1,13136,Mission Street,3rd St & Mission St,100.0,37.786373,-122.40211,15,BAYVIEW HUNTERS POINT EXPRESS
15,1,17321,3rd Street,3rd St & Warriors Way,100.0,37.769049,-122.389228,15,BAYVIEW HUNTERS POINT EXPRESS
15,1,17321,Warriors Way,3rd St & Warriors Way,100.0,37.769049,-122.389228,15,BAYVIEW HUNTERS POINT EXPRESS
15,1,17961,3rd Street,3rd Street & Evans Ave,100.0,37.742521,-122.387897,15,BAYVIEW HUNTERS POINT EXPRESS
15,1,17961,Evans Avenue,3rd Street & Evans Ave,100.0,37.742521,-122.387897,15,BAYVIEW HUNTERS POINT EXPRESS
15,1,18147,Cashmere Street,Hudson Ave & Cashmere St,100.0,37.73565,-122.383348,15,BAYVIEW HUNTERS POINT EXPRESS
15,1,18147,Hudson Avenue,Hudson Ave & Cashmere St,100.0,37.73565,-122.383348,15,BAYVIEW HUNTERS POINT EXPRESS
15,1,15044,Hudson Avenue,Hudson Ave & Ingalls St,100.0,37.732497,-122.37991,15,BAYVIEW HUNTERS POINT EXPRESS
15,1,15044,Ingalls Street,Hudson Ave & Ingalls St,100.0,37.732497,-122.37991,15,BAYVIEW HUNTERS POINT EXPRESS
15,1,15046,Hudson Avenue,Hudson Ave & Keith St,100.0,37.7377,-122.38412,15,BAYVIEW HUNTERS POINT EXPRESS
15,1,15046,Keith Street,Hudson Ave & Keith St,100.0,37.7377,-122.38412,15,BAYVIEW HUNTERS POINT EXPRESS
15,1,15048,Hudson Avenue,Hudson Ave & Mendell St,100.0,37.73896,-122.38628,15,BAYVIEW HUNTERS POINT EXPRESS
15,1,15048,Mendell Street,Hudson Ave & Mendell St,100.0,37.73896,-122.38628,15,BAYVIEW HUNTERS POINT EXPRESS
15,1,18106,Hudson Avenue,Hudson Ave & Newhall St,100.0,37.740053,-122.388132,15,BAYVIEW HUNTERS POINT EXPRESS
15,1,18106,Newhall Street,Hudson Ave & Newhall St,100.0,37.740053,-122.388132,15,BAYVIEW HUNTERS POINT EXPRESS
15,1,15050,Hudson Avenue,Hudson Ave & Whitney Young Cir,100.0,37.733319,-122.381845,15,BAYVIEW HUNTERS POINT EXPRESS
15,1,15050,Whitney Young Circle,Hudson Ave & Whitney Young Cir,100.0,37.733319,-122.381845,15,BAYVIEW HUNTERS POINT EXPRESS
15,1,18058,Ingalls Street,Ingalls St & Kiska Rd,100.0,37.731042,-122.379556,15,BAYVIEW HUNTERS POINT EXPRESS
15,1,18058,Kiska Road,Ingalls St & Kiska Rd,100.0,37.731042,-122.379556,15,BAYVIEW HUNTERS POINT EXPRESS
15,1,18057,Ingalls Street,Ingalls St & Lasalle Ave,100.0,37.730535,-122.381526,15,BAYVIEW HUNTERS POINT EXPRESS
15,1,18057,Lasalle Avenue,Ingalls St & Lasalle Ave,100.0,37.730535,-122.381526,15,BAYVIEW HUNTERS POINT EXPRESS
15,1,18056,Ingalls Street,Ingalls St & Oakdale Ave,100.0,37.730286,-122.38289,15,BAYVIEW HUNTERS POINT EXPRESS
15,1,18056,Oakdale Avenue,Ingalls St & Oakdale Ave,100.0,37.730286,-122.38289,15,BAYVIEW HUNTERS POINT EXPRESS
15,1,18051,Donahue Street,Jerrold Ave & Donahue St,100.0,37.728191,-122.370807,15,BAYVIEW HUNTERS POINT EXPRESS
15,1,18051,Jerrold Avenue,Jerrold Ave & Donahue St,100.0,37.728191,-122.370807,15,BAYVIEW HUNTERS POINT EXPRESS
15,1,18052,Earl Street,Kirkwood Ave & Earl St,100.0,37.728665,-122.373086,15,BAYVIEW HUNTERS POINT EXPRESS
15,1,18052,Kirkwood Avenue,Kirkwood Ave & Earl St,100.0,37.728665,-122.373086,15,BAYVIEW HUNTERS POINT EXPRESS
15,1,14827,Dormitory Road,Kiska Rd & Dormitory Rd,100.0,37.72988,-122.37527,15,BAYVIEW HUNTERS POINT EXPRESS
15,1,14827,Kiska Road,Kiska Rd & Dormitory Rd,100.0,37.72988,-122.37527,15,BAYVIEW HUNTERS POINT EXPRESS
15,1,15242,Ingalls Street,Kiska Rd & Ingalls St,100.0,37.731131,-122.379487,15,BAYVIEW HUNTERS POINT EXPRESS
15,1,15242,Kiska Road,Kiska Rd & Ingalls St,100.0,37.731131,-122.379487,15,BAYVIEW HUNTERS POINT EXPRESS
15,1,14817,Kiska Road,Kiska Rd & Reardon Rd,100.0,37.73004,-122.37711,15,BAYVIEW HUNTERS POINT EXPRESS
15,1,14817,Reardon Road,Kiska Rd & Reardon Rd,100.0,37.73004,-122.37711,15,BAYVIEW HUNTERS POINT EXPRESS
15,1,15766,Dormitory Road,Northridge Rd & Dormitory Rd,100.0,37.73025,-122.37448,15,BAYVIEW HUNTERS POINT EXPRESS
15,1,15766,Northridge Road,Northridge Rd & Dormitory Rd,100.0,37.73025,-122.37448,15,BAYVIEW HUNTERS POINT EXPRESS
15,1,15767,Harbor Road,Northridge Rd & Harbor Rd,100.0,37.730978,-122.377013,15,BAYVIEW HUNTERS POINT EXPRESS
15,1,15767,Northridge Road,Northridge Rd & Harbor Rd,100.0,37.730978,-122.377013,15,BAYVIEW HUNTERS POINT EXPRESS
15,1,15768,Ingalls Street,Northridge Rd & Ingalls St,100.0,37.73163,-122.37896,15,BAYVIEW HUNTERS POINT EXPRESS
15,1,15768,Northridge Road,Northridge Rd & Ingalls St,100.0,37.73163,-122.37896,15,BAYVIEW HUNTERS POINT EXPRESS
15,1,15864,3rd Street,Palou Ave & 3rd St,100.0,37.73385,-122.390859,15,BAYVIEW HUNTERS POINT EXPRESS
15,1,15864,Palou Avenue,Palou Ave & 3rd St,100.0,37.73385,-122.390859,15,BAYVIEW HUNTERS POINT EXPRESS
15,1,15869,Ingalls Street,Palou Ave & Ingalls St,100.0,37.729733,-122.383578,15,BAYVIEW HUNTERS POINT EXPRESS
15,1,15869,Palou Avenue,Palou Ave & Ingalls St,100.0,37.729733,-122.383578,15,BAYVIEW HUNTERS POINT EXPRESS
15,1,15874,Keith Street,Palou Ave & Keith St,100.0,37.731849,-122.38731,15,BAYVIEW HUNTERS POINT EXPRESS
15,1,15874,Palou Avenue,Palou Ave & Keith St,100.0,37.731849,-122.38731,15,BAYVIEW HUNTERS POINT EXPRESS
15,1,16606,Sansome Street,Sutter St & Sansome St,100.0,37.790214,-122.401338,15,BAYVIEW HUNTERS POINT EXPRESS
15,1,16606,Sutter Street,Sutter St & Sansome St,100.0,37.790214,-122.401338,15,BAYVIEW HUNTERS POINT EXPRESS
15,1,17377,Marin Street,Third St & Marin St,100.0,37.748954,-122.38741,15,BAYVIEW HUNTERS POINT EXPRESS
15,1,17377,Third Street,Third St & Marin St,100.0,37.748954,-122.38741,15,BAYVIEW HUNTERS POINT EXPRESS
18,0,13352,19th Avenue,19th Ave & Buckingham Way,100.0,37.725901,-122.475235,18,46TH AVENUE
18,0,13352,Buckingham Way,19th Ave & Buckingham Way,100.0,37.725901,-122.475235,18,46TH AVENUE
18,0,13551,33rd Avenue,33rd Ave & Anza St,100.0,37.777861,-122.493249,18,46TH AVENUE
18,0,13551,Anza Street,33rd Ave & Anza St,100.0,37.777861,-122.493249,18,46TH AVENUE
18,0,13554,33rd Avenue,33rd Ave & Balboa St,100.0,37.775997,-122.493133,18,46TH AVENUE
18,0,13554,Balboa Street,33rd Ave & Balboa St,100.0,37.775997,-122.493133,18,46TH AVENUE
18,0,13555,33rd Avenue,33rd Ave & Clement St,16.667,37.781537,-122.493354,18,46TH AVENUE
18,0,13556,33rd Avenue,33rd Ave & Clement St,100.0,37.781502,-122.493515,18,46TH AVENUE
18,0,13555,Clement Street,33rd Ave & Clement St,16.667,37.781537,-122.493354,18,46TH AVENUE
18,0,13556,Clement Street,33rd Ave & Clement St,100.0,37.781502,-122.493515,18,46TH AVENUE
18,0,13558,33rd Avenue,33rd Ave & Geary Blvd,100.0,37.779815,-122.493388,18,46TH AVENUE
18,0,13559,33rd Avenue,33rd Ave & Geary Blvd,16.667,37.779548,-122.493215,18,46TH AVENUE
18,0,13558,Geary Boulevard,33rd Ave & Geary Blvd,100.0,37.779815,-122.493388,18,46TH AVENUE
18,0,13559,Geary Boulevard,33rd Ave & Geary Blvd,16.667,37.779548,-122.493215,18,46TH AVENUE
18,0,13571,45th Avenue,45th Ave & Balboa St,100.0,37.775206,-122.505958,18,46TH AVENUE
18,0,13571,Balboa Street,45th Ave & Balboa St,100.0,37.775206,-122.505958,18,46TH AVENUE
18,0,13573,45th Avenue,45th Ave & Cabrillo St,100.0,37.773538,-122.505831,18,46TH AVENUE
18,0,13573,Cabrillo Street,45th Ave & Cabrillo St,100.0,37.773538,-122.505831,18,46TH AVENUE
18,0,13574,46th Avenue,46th Ave & Irving St,100.0,37.762375,-122.506143,18,46TH AVENUE
18,0,13574,Irving Street,46th Ave & Irving St,100.0,37.762375,-122.506143,18,46TH AVENUE
18,0,13576,46th Avenue,46th Ave & Judah St,100.0,37.760519,-122.506015,18,46TH AVENUE
18,0,13576,Judah Street,46th Ave & Judah St,100.0,37.760519,-122.506015,18,46TH AVENUE
18,0,13578,46th Avenue,46th Ave & Kirkham St,100.0,37.758655,-122.505888,18,46TH AVENUE
18,0,13578,Kirkham Street,46th Ave & Kirkham St,100.0,37.758655,-122.505888,18,46TH AVENUE
18,0,13580,46th Avenue,46th Ave & Lawton St,100.0,37.756781,-122.505749,18,46TH AVENUE
18,0,13580,Lawton Street,46th Ave & Lawton St,100.0,37.756781,-122.505749,18,46TH AVENUE
18,0,13583,46th Avenue,46th Ave & Lincoln Way,100.0,37.764053,-122.50627,18,46TH AVENUE
18,0,13583,Lincoln Way,46th Ave & Lincoln Way,100.0,37.764053,-122.50627,18,46TH AVENUE
18,0,13584,46th Avenue,46th Ave & Moraga St,100.0,37.754925,-122.505621,18,46TH AVENUE
18,0,13584,Moraga Street,46th Ave & Moraga St,100.0,37.754925,-122.505621,18,46TH AVENUE
18,0,13587,46th Avenue,46th Ave & Noriega St,100.0,37.752837,-122.505482,18,46TH AVENUE
18,0,13587,Noriega Street,46th Ave & Noriega St,100.0,37.752837,-122.505482,18,46TH AVENUE
18,0,13588,46th Avenue,46th Ave & Ortega St,100.0,37.751187,-122.505366,18,46TH AVENUE
18,0,13588,Ortega Street,46th Ave & Ortega St,100.0,37.751187,-122.505366,18,46TH AVENUE
18,0,13590,46th Avenue,46th Ave & Pacheco St,100.0,37.749331,-122.505239,18,46TH AVENUE
18,0,13590,Pacheco Street,46th Ave & Pacheco St,100.0,37.749331,-122.505239,18,46TH AVENUE
18,0,13592,46th Avenue,46th Ave & Quintara St,100.0,37.747457,-122.5051,18,46TH AVENUE
18,0,13592,Quintara Street,46th Ave & Quintara St,100.0,37.747457,-122.5051,18,46TH AVENUE
18,0,13594,46th Avenue,46th Ave & Rivera St,100.0,37.745592,-122.504973,18,46TH AVENUE
18,0,13594,Rivera Street,46th Ave & Rivera St,100.0,37.745592,-122.504973,18,46TH AVENUE
18,0,13596,46th Avenue,46th Ave & Santiago St,100.0,37.743737,-122.504834,18,46TH AVENUE
18,0,13596,Santiago Street,46th Ave & Santiago St,100.0,37.743737,-122.504834,18,46TH AVENUE
18,0,13598,46th Avenue,46th Ave & Taraval St,100.0,37.741854,-122.504706,18,46TH AVENUE
18,0,13598,Taraval Street,46th Ave & Taraval St,100.0,37.741854,-122.504706,18,46TH AVENUE
18,0,13600,46th Avenue,46th Ave & Ulloa St,100.0,37.739998,-122.504579,18,46TH AVENUE
18,0,13600,Ulloa Street,46th Ave & Ulloa St,100.0,37.739998,-122.504579,18,46TH AVENUE
18,0,13602,46th Avenue,46th Ave & Vicente St,100.0,37.738142,-122.50444,18,46TH AVENUE
18,0,13602,Vicente Street,46th Ave & Vicente St,100.0,37.738142,-122.50444,18,46TH AVENUE
18,0,13606,47th Avenue,47th Ave & Wawona St,100.0,37.736018,-122.505366,18,46TH AVENUE
18,0,13606,Wawona Street,47th Ave & Wawona St,100.0,37.736018,-122.505366,18,46TH AVENUE
18,0,13060,35th Avenue,Balboa St & 35th Ave,100.0,37.775898,-122.494577,18,46TH AVENUE
18,0,13060,Balboa Street,Balboa St & 35th Ave,100.0,37.775898,-122.494577,18,46TH AVENUE
18,0,13061,37th Avenue,Balboa St & 37th Ave,100.0,37.775781,-122.497202,18,46TH AVENUE
18,0,13061,Balboa Street,Balboa St & 37th Ave,100.0,37.775781,-122.497202,18,46TH AVENUE
18,0,13063,40th Avenue,Balboa St & 40th Ave,100.0,37.775637,-122.500399,18,46TH AVENUE
18,0,13063,Balboa Street,Balboa St & 40th Ave,100.0,37.775637,-122.500399,18,46TH AVENUE
18,0,13065,43rd Avenue,Balboa St & 43rd Ave,100.0,37.775484,-122.50362,18,46TH AVENUE
18,0,13065,Balboa Street,Balboa St & 43rd Ave,100.0,37.775484,-122.50362,18,46TH AVENUE
18,0,13924,47th Avenue,Cabrillo St & 47th Ave,100.0,37.773421,-122.507767,18,46TH AVENUE
18,0,13924,Cabrillo Street,Cabrillo St & 47th Ave,100.0,37.773421,-122.507767,18,46TH AVENUE
18,0,14069,Clement Street,Clement St & Legion Of Honor Dr,16.667,37.781644,-122.494397,18,46TH AVENUE
18,0,14069,Legion Of Honor Drive,Clement St & Legion Of Honor Dr,16.667,37.781644,-122.494397,18,46TH AVENUE
18,0,14227,Fulton Street,Fulton St & Great Hwy,100.0,37.771421,-122.510792,18,46TH AVENUE
18,0,14227,Great Highway,Fulton St & Great Hwy,100.0,37.771421,-122.510792,18,46TH AVENUE
18,0,14780,Great Hwy Near Beach Chalet,Great Hwy Near Beach Chalet,100.0,37.76737,-122.510456,18,46TH AVENUE
18,0,14843,Cabrillo Street,La Playa St & Cabrillo St,100.0,37.773214,-122.51006,18,46TH AVENUE
18,0,14843,La Playa Street,La Playa St & Cabrillo St,100.0,37.773214,-122.51006,18,46TH AVENUE
18,0,17851,Lake Merced,Lake Merced & Lakeshore,100.0,37.72942,-122.494056,18,46TH AVENUE
18,0,17851,Lakeshore,Lake Merced & Lakeshore,100.0,37.72942,-122.494056,18,46TH AVENUE
18,0,14839,Lake Merced,Lake Merced & Middlefield Dr,100.0,37.729441,-122.48629,18,46TH AVENUE
18,0,14839,Middlefield Drive,Lake Merced & Middlefield Dr,100.0,37.729441,-122.48629,18,46TH AVENUE
18,0,14873,[UNKNOWN],Legion Of Honor,100.0,37.785015,-122.499592,18,46TH AVENUE
18,0,14874,[UNKNOWN],Legion Of Honor,100.0,37.78498,-122.49969,18,46TH AVENUE
18,0,15261,Clement Street,Legion Of Honor Dr & Clement St,100.0,37.781653,-122.494615,18,46TH AVENUE
18,0,15261,Legion Of Honor Drive,Legion Of Honor Dr & Clement St,100.0,37.781653,-122.494615,18,46TH AVENUE
18,0,15329,La Playa Street,Lincoln Way & La Playa St,100.0,37.763926,-122.50957,18,46TH AVENUE
18,0,15329,Lincoln Way,Lincoln Way & La Playa St,100.0,37.763926,-122.50957,18,46TH AVENUE
18,0,16434,Skyline Boulevard,Skyline Blvd & Sloat Blvd,100.0,37.733128,-122.497522,18,46TH AVENUE
18,0,16434,Sloat Boulevard,Skyline Blvd & Sloat Blvd,100.0,37.733128,-122.497522,18,46TH AVENUE
18,0,16447,41st Avenue,Sloat Blvd & 41st Ave,100.0,37.73413,-122.498961,18,46TH AVENUE
18,0,16447,Sloat Boulevard,Sloat Blvd & 41st Ave,100.0,37.73413,-122.498961,18,46TH AVENUE
18,0,16451,45th Avenue,Sloat Blvd & 45th Ave,100.0,37.735368,-122.502777,18,46TH AVENUE
18,0,16451,Sloat Boulevard,Sloat Blvd & 45th Ave,100.0,37.735368,-122.502777,18,46TH AVENUE
18,0,17208,47th Avenue,Sloat Blvd & 47th Ave,100.0,37.735394,-122.50493,18,46TH AVENUE
18,0,17208,Sloat Boulevard,Sloat Blvd & 47th Ave,100.0,37.735394,-122.50493,18,46TH AVENUE
18,0,16951,20th Avenue,Winston Dr & 20th Ave,100.0,37.726883,-122.475739,18,46TH AVENUE
18,0,16951,Winston Drive,Winston Dr & 20th Ave,100.0,37.726883,-122.475739,18,46TH AVENUE
18,0,16953,Buckingham Way,Winston Dr & Buckingham Way,100.0,37.728294,-122.478929,18,46TH AVENUE
18,0,16953,Winston Drive,Winston Dr & Buckingham Way,100.0,37.728294,-122.478929,18,46TH AVENUE
18,0,16955,Lake Merced Boulevard,Winston Dr & Lake Merced Blvd,100.0,37.726979,-122.48331,18,46TH AVENUE
18,0,16955,Winston Drive,Winston Dr & Lake Merced Blvd,100.0,37.726979,-122.48331,18,46TH AVENUE
18,1,13352,19th Avenue,19th Ave & Buckingham Way,100.0,37.725901,-122.475235,18,46TH AVENUE
18,1,13352,Buckingham Way,19th Ave & Buckingham Way,100.0,37.725901,-122.475235,18,46TH AVENUE
18,1,13408,20th Avenue,20th Ave & Winston Dr,100.0,37.726874,-122.475945,18,46TH AVENUE
18,1,13408,Winston Drive,20th Ave & Winston Dr,100.0,37.726874,-122.475945,18,46TH AVENUE
18,1,13552,33rd Avenue,33rd Ave & Anza St,100.0,37.777692,-122.493077,18,46TH AVENUE
18,1,13552,Anza Street,33rd Ave & Anza St,100.0,37.777692,-122.493077,18,46TH AVENUE
18,1,13553,33rd Avenue,33rd Ave & Balboa St,100.0,37.776032,-122.492973,18,46TH AVENUE
18,1,13553,Balboa Street,33rd Ave & Balboa St,100.0,37.776032,-122.492973,18,46TH AVENUE
18,1,13555,33rd Avenue,33rd Ave & Clement St,77.083,37.781537,-122.493354,18,46TH AVENUE
18,1,13555,Clement Street,33rd Ave & Clement St,77.083,37.781537,-122.493354,18,46TH AVENUE
18,1,13559,33rd Avenue,33rd Ave & Geary Blvd,100.0,37.779548,-122.493215,18,46TH AVENUE
18,1,13559,Geary Boulevard,33rd Ave & Geary Blvd,100.0,37.779548,-122.493215,18,46TH AVENUE
18,1,13570,45th Avenue,45th Ave & Balboa St,100.0,37.775242,-122.505798,18,46TH AVENUE
18,1,13570,Balboa Street,45th Ave & Balboa St,100.0,37.775242,-122.505798,18,46TH AVENUE
18,1,13572,45th Avenue,45th Ave & Cabrillo St,100.0,37.773573,-122.50567,18,46TH AVENUE
18,1,13572,Cabrillo Street,45th Ave & Cabrillo St,100.0,37.773573,-122.50567,18,46TH AVENUE
18,1,13575,46th Avenue,46th Ave & Irving St,100.0,37.762206,-122.505971,18,46TH AVENUE
18,1,13575,Irving Street,46th Ave & Irving St,100.0,37.762206,-122.505971,18,46TH AVENUE
18,1,13577,46th Avenue,46th Ave & Judah St,100.0,37.760395,-122.505901,18,46TH AVENUE
18,1,13577,Judah Street,46th Ave & Judah St,100.0,37.760395,-122.505901,18,46TH AVENUE
18,1,13579,46th Avenue,46th Ave & Kirkham St,100.0,37.758485,-122.505716,18,46TH AVENUE
18,1,13579,Kirkham Street,46th Ave & Kirkham St,100.0,37.758485,-122.505716,18,46TH AVENUE
18,1,13581,46th Avenue,46th Ave & Lawton St,100.0,37.756612,-122.505577,18,46TH AVENUE
18,1,13581,Lawton Street,46th Ave & Lawton St,100.0,37.756612,-122.505577,18,46TH AVENUE
18,1,13582,46th Avenue,46th Ave & Lincoln Way,100.0,37.764035,-122.50611,18,46TH AVENUE
18,1,13582,Lincoln Way,46th Ave & Lincoln Way,100.0,37.764035,-122.50611,18,46TH AVENUE
18,1,13585,46th Avenue,46th Ave & Moraga St,100.0,37.754756,-122.505449,18,46TH AVENUE
18,1,13585,Moraga Street,46th Ave & Moraga St,100.0,37.754756,-122.505449,18,46TH AVENUE
18,1,13586,46th Avenue,46th Ave & Noriega St,100.0,37.752829,-122.505322,18,46TH AVENUE
18,1,13586,Noriega Street,46th Ave & Noriega St,100.0,37.752829,-122.505322,18,46TH AVENUE
18,1,13589,46th Avenue,46th Ave & Ortega St,100.0,37.751017,-122.505194,18,46TH AVENUE
18,1,13589,Ortega Street,46th Ave & Ortega St,100.0,37.751017,-122.505194,18,46TH AVENUE
18,1,13591,46th Avenue,46th Ave & Pacheco St,100.0,37.749161,-122.505067,18,46TH AVENUE
18,1,13591,Pacheco Street,46th Ave & Pacheco St,100.0,37.749161,-122.505067,18,46TH AVENUE
18,1,13593,46th Avenue,46th Ave & Quintara St,100.0,37.747288,-122.504928,18,46TH AVENUE
18,1,13593,Quintara Street,46th Ave & Quintara St,100.0,37.747288,-122.504928,18,46TH AVENUE
18,1,13595,46th Avenue,46th Ave & Rivera St,100.0,37.745423,-122.504801,18,46TH AVENUE
18,1,13595,Rivera Street,46th Ave & Rivera St,100.0,37.745423,-122.504801,18,46TH AVENUE
18,1,13597,46th Avenue,46th Ave & Santiago St,100.0,37.743567,-122.504662,18,46TH AVENUE
18,1,13597,Santiago Street,46th Ave & Santiago St,100.0,37.743567,-122.504662,18,46TH AVENUE
18,1,13599,46th Avenue,46th Ave & Taraval St,100.0,37.741685,-122.504534,18,46TH AVENUE
18,1,13599,Taraval Street,46th Ave & Taraval St,100.0,37.741685,-122.504534,18,46TH AVENUE
18,1,13601,46th Avenue,46th Ave & Ulloa St,100.0,37.739829,-122.504407,18,46TH AVENUE
18,1,13601,Ulloa Street,46th Ave & Ulloa St,100.0,37.739829,-122.504407,18,46TH AVENUE
18,1,13603,46th Avenue,46th Ave & Vicente St,100.0,37.737973,-122.504268,18,46TH AVENUE
18,1,13603,Vicente Street,46th Ave & Vicente St,100.0,37.737973,-122.504268,18,46TH AVENUE
18,1,13604,46th Avenue,46th Ave & Wawona St,100.0,37.736108,-122.504141,18,46TH AVENUE
18,1,13604,Wawona Street,46th Ave & Wawona St,100.0,37.736108,-122.504141,18,46TH AVENUE
18,1,13059,34th Avenue,Balboa St & 34th Ave,100.0,37.775791,-122.494199,18,46TH AVENUE
18,1,13059,Balboa Street,Balboa St & 34th Ave,100.0,37.775791,-122.494199,18,46TH AVENUE
18,1,13062,37th Avenue,Balboa St & 37th Ave,100.0,37.775647,-122.497419,18,46TH AVENUE
18,1,13062,Balboa Street,Balboa St & 37th Ave,100.0,37.775647,-122.497419,18,46TH AVENUE
18,1,13064,40th Avenue,Balboa St & 40th Ave,100.0,37.775503,-122.500617,18,46TH AVENUE
18,1,13064,Balboa Street,Balboa St & 40th Ave,100.0,37.775503,-122.500617,18,46TH AVENUE
18,1,13066,43rd Avenue,Balboa St & 43rd Ave,100.0,37.77535,-122.503838,18,46TH AVENUE
18,1,13066,Balboa Street,Balboa St & 43rd Ave,100.0,37.77535,-122.503838,18,46TH AVENUE
18,1,13925,47th Avenue,Cabrillo St & 47th Ave,100.0,37.773287,-122.507985,18,46TH AVENUE
18,1,13925,Cabrillo Street,Cabrillo St & 47th Ave,100.0,37.773287,-122.507985,18,46TH AVENUE
18,1,17204,Cabrillo Street,Cabrillo St & La Playa St,100.0,37.773206,-122.509876,18,46TH AVENUE
18,1,17204,La Playa Street,Cabrillo St & La Playa St,100.0,37.773206,-122.509876,18,46TH AVENUE
18,1,14069,Clement Street,Clement St & Legion Of Honor Dr,77.083,37.781644,-122.494397,18,46TH AVENUE
18,1,14069,Legion Of Honor Drive,Clement St & Legion Of Honor Dr,77.083,37.781644,-122.494397,18,46TH AVENUE
18,1,14779,Great Hwy Near Beach Chalet,Great Hwy Near Beach Chalet,100.0,37.767879,-122.510284,18,46TH AVENUE
18,1,14844,Fulton Street,La Playa St & Fulton St,100.0,37.77169,-122.50984,18,46TH AVENUE
18,1,14844,La Playa Street,La Playa St & Fulton St,100.0,37.77169,-122.50984,18,46TH AVENUE
18,1,17852,Lake Merced,Lake Merced & Lakeshore,100.0,37.729492,-122.49409,18,46TH AVENUE
18,1,17852,Lakeshore,Lake Merced & Lakeshore,100.0,37.729492,-122.49409,18,46TH AVENUE
18,1,14838,Lake Merced,Lake Merced & Middlefield Dr,100.0,37.729628,-122.486404,18,46TH AVENUE
18,1,14838,Middlefield Drive,Lake Merced & Middlefield Dr,100.0,37.729628,-122.486404,18,46TH AVENUE
18,1,14873,[UNKNOWN],Legion Of Honor,77.083,37.785015,-122.499592,18,46TH AVENUE
18,1,15324,47th Avenue,Lincoln Way & 47th Ave,100.0,37.764186,-122.507405,18,46TH AVENUE
18,1,15324,Lincoln Way,Lincoln Way & 47th Ave,100.0,37.764186,-122.507405,18,46TH AVENUE
18,1,15328,Lincoln Way,Lincoln Way & Martin Luther King Jr Dr,100.0,37.764148,-122.509296,18,46TH AVENUE
18,1,15328,Martin Luther King Jr Drive,Lincoln Way & Martin Luther King Jr Dr,100.0,37.764148,-122.509296,18,46TH AVENUE
18,1,16433,Skyline Boulevard,Skyline Blvd & Sloat Blvd,100.0,37.733693,-122.49667,18,46TH AVENUE
18,1,16433,Sloat Boulevard,Skyline Blvd & Sloat Blvd,100.0,37.733693,-122.49667,18,46TH AVENUE
18,1,16446,41st Avenue,Sloat Blvd & 41st Ave,100.0,37.734567,-122.499294,18,46TH AVENUE
18,1,16446,Sloat Boulevard,Sloat Blvd & 41st Ave,100.0,37.734567,-122.499294,18,46TH AVENUE
18,1,16450,45th Avenue,Sloat Blvd & 45th Ave,100.0,37.7356,-122.503407,18,46TH AVENUE
18,1,16450,Sloat Boulevard,Sloat Blvd & 45th Ave,100.0,37.7356,-122.503407,18,46TH AVENUE
18,1,16952,Buckingham Way,Winston Dr & Buckingham Way,100.0,37.72806,-122.478488,18,46TH AVENUE
18,1,16952,Winston Drive,Winston Dr & Buckingham Way,100.0,37.72806,-122.478488,18,46TH AVENUE
18,1,16954,Lake Merced Boulevard,Winston Dr & Lake Merced Blvd,100.0,37.727122,-122.483299,18,46TH AVENUE
18,1,16954,Winston Drive,Winston Dr & Lake Merced Blvd,100.0,37.727122,-122.483299,18,46TH AVENUE
19,0,16186,1076 Rhode Island Street,1076 Rhode Island St,100.0,37.75617,-122.401842,19,POLK
19,0,13505,25th Street,25th St & Connecticut St,100.0,37.752242,-122.39662,19,POLK
19,0,13505,Connecticut Street,25th St & Connecticut St,100.0,37.752242,-122.39662,19,POLK
19,0,13517,26th Street,26th St & De Haro St,100.0,37.750753,-122.400024,19,POLK
19,0,13517,De Haro Street,26th St & De Haro St,100.0,37.750753,-122.400024,19,POLK
19,0,13203,8th Street,8th St & Brannan St,100.0,37.771179,-122.405386,19,POLK
19,0,13203,Brannan Street,8th St & Brannan St,100.0,37.771179,-122.405386,19,POLK
19,0,13204,8th Street,8th St & Bryant St,100.0,37.772447,-122.406932,19,POLK
19,0,13204,Bryant Street,8th St & Bryant St,100.0,37.772447,-122.406932,19,POLK
19,0,13205,8th Street,8th St & Folsom St,100.0,37.774767,-122.409922,19,POLK
19,0,13205,Folsom Street,8th St & Folsom St,100.0,37.774767,-122.409922,19,POLK
19,0,13206,8th Street,8th St & Harrison St,100.0,37.773536,-122.408376,19,POLK
19,0,13206,Harrison Street,8th St & Harrison St,100.0,37.773536,-122.408376,19,POLK
19,0,17677,8th Street,8th St & Howard,100.0,37.776133,-122.411606,19,POLK
19,0,17677,Howard,8th St & Howard,100.0,37.776133,-122.411606,19,POLK
19,0,13209,8th Street,8th St & Market St,100.0,37.778498,-122.414597,19,POLK
19,0,13209,Market Street,8th St & Market St,100.0,37.778498,-122.414597,19,POLK
19,0,13208,8th Street,8th St & Mission St,100.0,37.77724,-122.413027,19,POLK
19,0,13208,Mission Street,8th St & Mission St,100.0,37.77724,-122.413027,19,POLK
19,0,13093,Beach Street,Beach St & Polk St,100.0,37.806375,-122.423195,19,POLK
19,0,13093,Polk Street,Beach St & Polk St,100.0,37.806375,-122.423195,19,POLK
19,0,14130,26th Street,Connecticut St & 26th St,100.0,37.751028,-122.396488,19,POLK
19,0,14130,Connecticut Street,Connecticut St & 26th St,100.0,37.751028,-122.396488,19,POLK
19,0,14132,Cesar Chavez Street,Connecticut St & Cesar Chavez St,100.0,37.749868,-122.396381,19,POLK
19,0,14132,Connecticut Street,Connecticut St & Cesar Chavez St,100.0,37.749868,-122.396381,19,POLK
19,0,14437,Division Street,Division St & Rhode Island St,100.0,37.76976,-122.403152,19,POLK
19,0,14437,Rhode Island Street,Division St & Rhode Island St,100.0,37.76976,-122.403152,19,POLK
19,0,14440,Donahue Street,Donahue St & Innes Ave,100.0,37.729002,-122.369913,19,POLK
19,0,14440,Innes Avenue,Donahue St & Innes Ave,100.0,37.729002,-122.369913,19,POLK
19,0,14482,Eddy Street,Eddy St & Larkin St,100.0,37.783273,-122.417357,19,POLK
19,0,14482,Larkin Street,Eddy St & Larkin St,100.0,37.783273,-122.417357,19,POLK
19,0,14490,Eddy Street,Eddy St & Polk St,100.0,37.783059,-122.419019,19,POLK
19,0,14490,Polk Street,Eddy St & Polk St,100.0,37.783059,-122.419019,19,POLK
19,0,14547,3rd Street,Evans Ave & 3rd St,100.0,37.742628,-122.387862,19,POLK
19,0,14547,Evans Avenue,Evans Ave & 3rd St,100.0,37.742628,-122.387862,19,POLK
19,0,14549,Cesar Chavez Street,Evans Ave & Cesar Chavez St,100.0,37.748289,-122.396714,19,POLK
19,0,14549,Evans Avenue,Evans Ave & Cesar Chavez St,100.0,37.748289,-122.396714,19,POLK
19,0,14551,Evans Avenue,Evans Ave & Keith St,100.0,37.738761,-122.381084,19,POLK
19,0,14551,Keith Street,Evans Ave & Keith St,100.0,37.738761,-122.381084,19,POLK
19,0,14553,Evans Avenue,Evans Ave & Mendell St,100.0,37.740699,-122.384507,19,POLK
19,0,14553,Mendell Street,Evans Ave & Mendell St,100.0,37.740699,-122.384507,19,POLK
19,0,14552,Evans Avenue,Evans Ave & Middle Point Rd,100.0,37.737672,-122.379252,19,POLK
19,0,14552,Middle Point Road,Evans Ave & Middle Point Rd,100.0,37.737672,-122.379252,19,POLK
19,0,14560,Evans Avenue,Evans Ave & Phelps St,100.0,37.742977,-122.388595,19,POLK
19,0,14560,Phelps Street,Evans Ave & Phelps St,100.0,37.742977,-122.388595,19,POLK
19,0,17285,Evans Avenue,Evans Ave & Quint St,100.0,37.744039,-122.390473,19,POLK
19,0,17285,Quint Street,Evans Ave & Quint St,100.0,37.744039,-122.390473,19,POLK
19,0,14562,Evans Avenue,Evans Ave & Selby St,100.0,37.746031,-122.393955,19,POLK
19,0,14562,Selby Street,Evans Ave & Selby St,100.0,37.746031,-122.393955,19,POLK
19,0,14564,Evans Ave Opposite Us Post Office,Evans Ave Opposite Us Post Office,100.0,37.739717,-122.382813,19,POLK
19,0,15633,Galvez Avenue,Galvez Ave & Hill Ave,100.0,37.728795,-122.367027,19,POLK
19,0,15633,Hill Avenue,Galvez Ave & Hill Ave,100.0,37.728795,-122.367027,19,POLK
19,0,15071,Grove Street,Hyde St & Grove St,100.0,37.779346,-122.415158,19,POLK
19,0,15071,Hyde Street,Hyde St & Grove St,100.0,37.779346,-122.415158,19,POLK
19,0,15079,Hyde Street,Hyde St & Mcallister St,100.0,37.780783,-122.415421,19,POLK
19,0,15079,Mcallister Street,Hyde St & Mcallister St,100.0,37.780783,-122.415421,19,POLK
19,0,15087,Hyde Street,Hyde St & Turk St,100.0,37.782648,-122.415799,19,POLK
19,0,15087,Turk Street,Hyde St & Turk St,100.0,37.782648,-122.415799,19,POLK
19,0,15098,Earl Street,Innes Ave & Earl St,100.0,37.729869,-122.372134,19,POLK
19,0,15098,Innes Avenue,Innes Ave & Earl St,100.0,37.729869,-122.372134,19,POLK
19,0,15100,Fitch Street,Innes Ave & Fitch St,100.0,37.730932,-122.374035,19,POLK
19,0,15100,Innes Avenue,Innes Ave & Fitch St,100.0,37.730932,-122.374035,19,POLK
19,0,15102,Griffith Street,Innes Ave & Griffith St,100.0,37.73199,-122.37588,19,POLK
19,0,15102,Innes Avenue,Innes Ave & Griffith St,100.0,37.73199,-122.37588,19,POLK
19,0,15104,Hunters Point Boulevard,Innes Ave & Hunters Point Blvd,100.0,37.732709,-122.377172,19,POLK
19,0,15104,Innes Avenue,Innes Ave & Hunters Point Blvd,100.0,37.732709,-122.377172,19,POLK
19,0,17719,Acacia,Middle Point & Acacia,100.0,37.737074,-122.379516,19,POLK
19,0,17719,Middle Point,Middle Point & Acacia,100.0,37.737074,-122.379516,19,POLK
19,0,15504,Fair Fax Avenue,Middle Point Rd & Fair Fax Ave,100.0,37.73502,-122.37947,19,POLK
19,0,15504,Middle Point Road,Middle Point Rd & Fair Fax Ave,100.0,37.73502,-122.37947,19,POLK
19,0,15500,Innes Avenue,Middle Point Rd & Innes Ave,100.0,37.734174,-122.379541,19,POLK
19,0,15500,Middle Point Road,Middle Point Rd & Innes Ave,100.0,37.734174,-122.379541,19,POLK
19,0,15984,Broadway,Polk St & Broadway,100.0,37.795676,-122.421812,19,POLK
19,0,15984,Polk Street,Polk St & Broadway,100.0,37.795676,-122.421812,19,POLK
19,0,15988,Francisco Street,Polk St & Francisco St,100.0,37.80353,-122.42341,19,POLK
19,0,15988,Polk Street,Polk St & Francisco St,100.0,37.80353,-122.42341,19,POLK
19,0,15990,Lombard Street,Polk St & Lombard St,100.0,37.80167,-122.42303,19,POLK
19,0,15990,Polk Street,Polk St & Lombard St,100.0,37.80167,-122.42303,19,POLK
19,0,15992,North Point Street,Polk St & North Point St,100.0,37.805018,-122.4237,19,POLK
19,0,15992,Polk Street,Polk St & North Point St,100.0,37.805018,-122.4237,19,POLK
19,0,15993,O'Farrell Street,Polk St & O'Farrell St,100.0,37.78507,-122.41969,19,POLK
19,0,15993,Polk Street,Polk St & O'Farrell St,100.0,37.78507,-122.41969,19,POLK
19,0,15996,Pine Street,Polk St & Pine St,100.0,37.789359,-122.42053,19,POLK
19,0,15996,Polk Street,Polk St & Pine St,100.0,37.789359,-122.42053,19,POLK
19,0,16000,Polk Street,Polk St & Sacramento St,100.0,37.791929,-122.421057,19,POLK
19,0,16000,Sacramento Street,Polk St & Sacramento St,100.0,37.791929,-122.421057,19,POLK
19,0,16002,Polk Street,Polk St & Sutter St,100.0,37.787663,-122.42021,19,POLK
19,0,16002,Sutter Street,Polk St & Sutter St,100.0,37.787663,-122.42021,19,POLK
19,0,16004,Polk Street,Polk St & Union St,100.0,37.79893,-122.42247,19,POLK
19,0,16004,Union Street,Polk St & Union St,100.0,37.79893,-122.42247,19,POLK
19,0,16007,Polk Street,Polk St & Washington St,100.0,37.793695,-122.421411,19,POLK
19,0,16007,Washington Street,Polk St & Washington St,100.0,37.793695,-122.421411,19,POLK
19,0,16187,15th Street,Rhode Island St & 15th St,100.0,37.76749,-122.40299,19,POLK
19,0,16187,Rhode Island Street,Rhode Island St & 15th St,100.0,37.76749,-122.40299,19,POLK
19,0,16190,16th Street,Rhode Island St & 16th St,100.0,37.76621,-122.40288,19,POLK
19,0,16190,Rhode Island Street,Rhode Island St & 16th St,100.0,37.76621,-122.40288,19,POLK
19,0,16191,17th Street,Rhode Island St & 17th St,100.0,37.76489,-122.40271,19,POLK
19,0,16191,Rhode Island Street,Rhode Island St & 17th St,100.0,37.76489,-122.40271,19,POLK
19,0,16192,18th Street,Rhode Island St & 18th St,100.0,37.761988,-122.4024,19,POLK
19,0,16192,Rhode Island Street,Rhode Island St & 18th St,100.0,37.761988,-122.4024,19,POLK
19,0,16193,19th Street,Rhode Island St & 19th St,100.0,37.76088,-122.40233,19,POLK
19,0,16193,Rhode Island Street,Rhode Island St & 19th St,100.0,37.76088,-122.40233,19,POLK
19,0,16195,20th Street,Rhode Island St & 20th St,100.0,37.75943,-122.40218,19,POLK
19,0,16195,Rhode Island Street,Rhode Island St & 20th St,100.0,37.75943,-122.40218,19,POLK
19,0,16196,22nd Street,Rhode Island St & 22nd St,100.0,37.756884,-122.401911,19,POLK
19,0,16196,Rhode Island Street,Rhode Island St & 22nd St,100.0,37.756884,-122.401911,19,POLK
19,0,16197,23rd Street,Rhode Island St & 23rd St,100.0,37.754332,-122.401672,19,POLK
19,0,16197,Rhode Island Street,Rhode Island St & 23rd St,100.0,37.754332,-122.401672,19,POLK
19,0,16198,24th Street,Rhode Island St & 24th St,100.0,37.75352,-122.40161,19,POLK
19,0,16198,Rhode Island Street,Rhode Island St & 24th St,100.0,37.75352,-122.40161,19,POLK
19,0,16199,25th Street,Rhode Island St & 25th St,100.0,37.75211,-122.401467,19,POLK
19,0,16199,Rhode Island Street,Rhode Island St & 25th St,100.0,37.75211,-122.401467,19,POLK
19,0,16200,26th Street,Rhode Island St & 26th St,100.0,37.750727,-122.401342,19,POLK
19,0,16200,Rhode Island Street,Rhode Island St & 26th St,100.0,37.750727,-122.401342,19,POLK
19,0,16201,Alameda Street,Rhode Island St & Alameda St,100.0,37.76878,-122.40307,19,POLK
19,0,16201,Rhode Island Street,Rhode Island St & Alameda St,100.0,37.76878,-122.40307,19,POLK
19,0,16203,Mariposa Street,Rhode Island St & Mariposa St,100.0,37.76327,-122.40256,19,POLK
19,0,16203,Rhode Island Street,Rhode Island St & Mariposa St,100.0,37.76327,-122.40256,19,POLK
19,0,16204,Rhode Island Street,Rhode Island St & Southern Heights Ave,100.0,37.758499,-122.40207,19,POLK
19,0,16204,Southern Heights Avenue,Rhode Island St & Southern Heights Ave,100.0,37.758499,-122.40207,19,POLK
19,0,13513,25th Street,Wisconsin St &  25th St,100.0,37.752038,-122.398388,19,POLK
19,0,13513,Wisconsin Street,Wisconsin St &  25th St,100.0,37.752038,-122.398388,19,POLK
19,1,13452,23rd Street,23rd St & Rhode Island St,100.0,37.75451,-122.401694,19,POLK
19,1,13452,Rhode Island Street,23rd St & Rhode Island St,100.0,37.75451,-122.401694,19,POLK
19,1,13516,26th Street,26th St & De Haro St,100.0,37.75086,-122.40015,19,POLK
19,1,13516,De Haro Street,26th St & De Haro St,100.0,37.75086,-122.40015,19,POLK
19,1,13522,26th Street,26th St & Rhode Island St,100.0,37.750718,-122.401124,19,POLK
19,1,13522,Rhode Island Street,26th St & Rhode Island St,100.0,37.750718,-122.401124,19,POLK
19,1,13524,26th Street,26th St & Wisconsin St,100.0,37.75111,-122.39866,19,POLK
19,1,13524,Wisconsin Street,26th St & Wisconsin St,100.0,37.75111,-122.39866,19,POLK
19,1,13191,7th Street,7th St & Brannan St,100.0,37.773266,-122.403367,19,POLK
19,1,13191,Brannan Street,7th St & Brannan St,100.0,37.773266,-122.403367,19,POLK
19,1,16999,7th Street,7th St & Bryant St,100.0,37.774587,-122.405005,19,POLK
19,1,16999,Bryant Street,7th St & Bryant St,100.0,37.774587,-122.405005,19,POLK
19,1,13192,7th Street,7th St & Folsom St,100.0,37.776864,-122.407904,19,POLK
19,1,13192,Folsom Street,7th St & Folsom St,100.0,37.776864,-122.407904,19,POLK
19,1,13193,7th Street,7th St & Harrison St,100.0,37.77573,-122.40646,19,POLK
19,1,13193,Harrison Street,7th St & Harrison St,100.0,37.77573,-122.40646,19,POLK
19,1,13194,7th Street,7th St & Howard St,100.0,37.777935,-122.409222,19,POLK
19,1,13194,Howard Street,7th St & Howard St,100.0,37.777935,-122.409222,19,POLK
19,1,13196,7th Street,7th St & Market St,100.0,37.780309,-122.412395,19,POLK
19,1,13196,Market Street,7th St & Market St,100.0,37.780309,-122.412395,19,POLK
19,1,13195,7th Street,7th St & Mission St,100.0,37.779327,-122.411032,19,POLK
19,1,13195,Mission Street,7th St & Mission St,100.0,37.779327,-122.411032,19,POLK
19,1,13093,Beach Street,Beach St & Polk St,100.0,37.806375,-122.423195,19,POLK
19,1,13093,Polk Street,Beach St & Polk St,100.0,37.806375,-122.423195,19,POLK
19,1,14128,25th Street,Connecticut St & 25th St,100.0,37.752287,-122.396482,19,POLK
19,1,14128,Connecticut Street,Connecticut St & 25th St,100.0,37.752287,-122.396482,19,POLK
19,1,14129,26th Street,Connecticut St & 26th St,100.0,37.751332,-122.39638,19,POLK
19,1,14129,Connecticut Street,Connecticut St & 26th St,100.0,37.751332,-122.39638,19,POLK
19,1,14131,Cesar Chavez Street,Connecticut St & Cesar Chavez St,100.0,37.750002,-122.39622,19,POLK
19,1,14131,Connecticut Street,Connecticut St & Cesar Chavez St,100.0,37.750002,-122.39622,19,POLK
19,1,14350,16th Street,De Haro St & 16th St,100.0,37.766056,-122.40163,19,POLK
19,1,14350,De Haro Street,De Haro St & 16th St,100.0,37.766056,-122.40163,19,POLK
19,1,14351,17th Street,De Haro St & 17th St,100.0,37.764762,-122.401516,19,POLK
19,1,14351,De Haro Street,De Haro St & 17th St,100.0,37.764762,-122.401516,19,POLK
19,1,14352,18th Street,De Haro St & 18th St,100.0,37.76221,-122.401243,19,POLK
19,1,14352,De Haro Street,De Haro St & 18th St,100.0,37.76221,-122.401243,19,POLK
19,1,14353,19th Street,De Haro St & 19th St,100.0,37.760934,-122.401117,19,POLK
19,1,14353,De Haro Street,De Haro St & 19th St,100.0,37.760934,-122.401117,19,POLK
19,1,14354,20th Street,De Haro St & 20th St,100.0,37.759667,-122.401026,19,POLK
19,1,14354,De Haro Street,De Haro St & 20th St,100.0,37.759667,-122.401026,19,POLK
19,1,14355,22nd Street,De Haro St & 22nd St,100.0,37.757437,-122.400822,19,POLK
19,1,14355,De Haro Street,De Haro St & 22nd St,100.0,37.757437,-122.400822,19,POLK
19,1,14356,23rd Street,De Haro St & 23rd St,100.0,37.754885,-122.400571,19,POLK
19,1,14356,De Haro Street,De Haro St & 23rd St,100.0,37.754885,-122.400571,19,POLK
19,1,14357,De Haro Street,De Haro St & Mariposa St,100.0,37.763504,-122.401368,19,POLK
19,1,14357,Mariposa Street,De Haro St & Mariposa St,100.0,37.763504,-122.401368,19,POLK
19,1,14358,De Haro Street,De Haro St & Southern Heights Ave,100.0,37.758017,-122.400867,19,POLK
19,1,14358,Southern Heights Avenue,De Haro St & Southern Heights Ave,100.0,37.758017,-122.400867,19,POLK
19,1,14438,Division Street,Division St & Townsend St,100.0,37.769894,-122.403301,19,POLK
19,1,14438,Townsend Street,Division St & Townsend St,100.0,37.769894,-122.403301,19,POLK
19,1,17860,Donahue Street,Donahue St & Innes Ave,100.0,37.728895,-122.370154,19,POLK
19,1,17860,Innes Avenue,Donahue St & Innes Ave,100.0,37.728895,-122.370154,19,POLK
19,1,14550,Evans Avenue,Evans Ave & Keith St,100.0,37.73877,-122.380797,19,POLK
19,1,14550,Keith Street,Evans Ave & Keith St,100.0,37.73877,-122.380797,19,POLK
19,1,14548,Evans Avenue,Evans Ave & Marin St,100.0,37.748261,-122.396541,19,POLK
19,1,14548,Marin Street,Evans Ave & Marin St,100.0,37.748261,-122.396541,19,POLK
19,1,17077,Evans Avenue,Evans Ave & Mendell St,100.0,37.740905,-122.384564,19,POLK
19,1,17077,Mendell Street,Evans Ave & Mendell St,100.0,37.740905,-122.384564,19,POLK
19,1,14555,Evans Avenue,Evans Ave & Newhall St,100.0,37.741949,-122.386408,19,POLK
19,1,14555,Newhall Street,Evans Ave & Newhall St,100.0,37.741949,-122.386408,19,POLK
19,1,14559,Evans Avenue,Evans Ave & Phelps St,100.0,37.742994,-122.388309,19,POLK
19,1,14559,Phelps Street,Evans Ave & Phelps St,100.0,37.742994,-122.388309,19,POLK
19,1,14561,Evans Avenue,Evans Ave & Quint St,100.0,37.744245,-122.390531,19,POLK
19,1,14561,Quint Street,Evans Ave & Quint St,100.0,37.744245,-122.390531,19,POLK
19,1,17286,Evans Avenue,Evans Ave & Selby St,100.0,37.746164,-122.39392,19,POLK
19,1,17286,Selby Street,Evans Ave & Selby St,100.0,37.746164,-122.39392,19,POLK
19,1,14558,Evans Avenue,Evans Ave & Uspo,100.0,37.740003,-122.382973,19,POLK
19,1,14558,Uspo,Evans Ave & Uspo,100.0,37.740003,-122.382973,19,POLK
19,1,15633,Galvez Avenue,Galvez Ave & Hill Ave,100.0,37.728795,-122.367027,19,POLK
19,1,15633,Hill Avenue,Galvez Ave & Hill Ave,100.0,37.728795,-122.367027,19,POLK
19,1,14302,Geary Boulevard,Geary St & Larkin St,100.0,37.786137,-122.41825,19,POLK
19,1,14302,Larkin Street,Geary St & Larkin St,100.0,37.786137,-122.41825,19,POLK
19,1,14122,[UNKNOWN],General Managers Office,100.0,37.753902,-122.397341,19,POLK
19,1,15099,Arelious Walker Drive,Innes Ave & Arelious Walker Dr,100.0,37.730941,-122.37376,19,POLK
19,1,15099,Innes Avenue,Innes Ave & Arelious Walker Dr,100.0,37.730941,-122.37376,19,POLK
19,1,15097,Earl Street,Innes Ave & Earl St,100.0,37.729878,-122.371871,19,POLK
19,1,15097,Innes Avenue,Innes Ave & Earl St,100.0,37.729878,-122.371871,19,POLK
19,1,15101,Griffith Street,Innes Ave & Griffith St,100.0,37.732004,-122.375614,19,POLK
19,1,15101,Innes Avenue,Innes Ave & Griffith St,100.0,37.732004,-122.375614,19,POLK
19,1,15103,Hunters Point Boulevard,Innes Ave & Hunters Point Blvd,100.0,37.732915,-122.377229,19,POLK
19,1,15103,Innes Avenue,Innes Ave & Hunters Point Blvd,100.0,37.732915,-122.377229,19,POLK
19,1,15227,23rd Street,Kansas St & 23rd St,100.0,37.75443,-122.402485,19,POLK
19,1,15227,Kansas Street,Kansas St & 23rd St,100.0,37.75443,-122.402485,19,POLK
19,1,15228,25th Street,Kansas St & 25th St,100.0,37.751887,-122.402223,19,POLK
19,1,15228,Kansas Street,Kansas St & 25th St,100.0,37.751887,-122.402223,19,POLK
19,1,15229,26th Street,Kansas St & 26th St,100.0,37.750834,-122.402121,19,POLK
19,1,15229,Kansas Street,Kansas St & 26th St,100.0,37.750834,-122.402121,19,POLK
19,1,14845,Beach Street,Larkin St & Beach St,100.0,37.806348,-122.422083,19,POLK
19,1,14845,Larkin Street,Larkin St & Beach St,100.0,37.806348,-122.422083,19,POLK
19,1,14846,Eddy Street,Larkin St & Eddy St,100.0,37.783228,-122.417415,19,POLK
19,1,14846,Larkin Street,Larkin St & Eddy St,100.0,37.783228,-122.417415,19,POLK
19,1,14847,Golden Gate Avenue,Larkin St & Golden Gate Ave,100.0,37.781693,-122.417106,19,POLK
19,1,14847,Larkin Street,Larkin St & Golden Gate Ave,100.0,37.781693,-122.417106,19,POLK
19,1,14848,Grove Street,Larkin St & Grove St,100.0,37.778901,-122.416545,19,POLK
19,1,14848,Larkin Street,Larkin St & Grove St,100.0,37.778901,-122.416545,19,POLK
19,1,17287,Larkin Street,Larkin St & Mcallister St,100.0,37.780382,-122.416843,19,POLK
19,1,17287,Mcallister Street,Larkin St & Mcallister St,100.0,37.780382,-122.416843,19,POLK
19,1,14851,Larkin Street,Larkin St & O'Farrell St,100.0,37.785084,-122.417792,19,POLK
19,1,14851,O'Farrell Street,Larkin St & O'Farrell St,100.0,37.785084,-122.417792,19,POLK
19,1,17423,Hyde Street,Market St & Hyde St,100.0,37.778784,-122.414723,19,POLK
19,1,17423,Market Street,Market St & Hyde St,100.0,37.778784,-122.414723,19,POLK
19,1,15501,Acacia Avenue,Middle Point Rd & Acacia Ave,100.0,37.737011,-122.379321,19,POLK
19,1,15501,Middle Point Road,Middle Point Rd & Acacia Ave,100.0,37.737011,-122.379321,19,POLK
19,1,15503,Fairfax Avenue,Middle Point Rd & Fairfax Ave,100.0,37.735164,-122.379323,19,POLK
19,1,15503,Middle Point Road,Middle Point Rd & Fairfax Ave,100.0,37.735164,-122.379323,19,POLK
19,1,17187,Memory Lane,Middle Point Rd & Memory Lane,100.0,37.734388,-122.379358,19,POLK
19,1,17187,Middle Point Road,Middle Point Rd & Memory Lane,100.0,37.734388,-122.379358,19,POLK
19,1,15469,North Point Street,North Point St & Polk St,100.0,37.805241,-122.423494,19,POLK
19,1,15469,Polk Street,North Point St & Polk St,100.0,37.805241,-122.423494,19,POLK
19,1,15983,Broadway,Polk St & Broadway,100.0,37.796185,-122.421731,19,POLK
19,1,15983,Polk Street,Polk St & Broadway,100.0,37.796185,-122.421731,19,POLK
19,1,15987,Francisco Street,Polk St & Francisco St,100.0,37.803653,-122.423231,19,POLK
19,1,15987,Polk Street,Polk St & Francisco St,100.0,37.803653,-122.423231,19,POLK
19,1,15991,Lombard Street,Polk St & Lombard St,100.0,37.801476,-122.422796,19,POLK
19,1,15991,Polk Street,Polk St & Lombard St,100.0,37.801476,-122.422796,19,POLK
19,1,15995,Pine Street,Polk St & Pine St,100.0,37.789769,-122.420427,19,POLK
19,1,15995,Polk Street,Polk St & Pine St,100.0,37.789769,-122.420427,19,POLK
19,1,15997,Polk Street,Polk St & Post St,100.0,37.78703,-122.4199,19,POLK
19,1,15997,Post Street,Polk St & Post St,100.0,37.78703,-122.4199,19,POLK
19,1,15999,Polk Street,Polk St & Sacramento St,100.0,37.791741,-122.420827,19,POLK
19,1,15999,Sacramento Street,Polk St & Sacramento St,100.0,37.791741,-122.420827,19,POLK
19,1,16003,Polk Street,Polk St & Union St,100.0,37.79901,-122.42233,19,POLK
19,1,16003,Union Street,Polk St & Union St,100.0,37.79901,-122.42233,19,POLK
19,1,16006,Polk Street,Polk St & Washington St,100.0,37.793499,-122.421193,19,POLK
19,1,16006,Washington Street,Polk St & Washington St,100.0,37.793499,-122.421193,19,POLK
19,1,16188,15th Street,Rhode Island St & 15th St,100.0,37.76725,-122.40273,19,POLK
19,1,16188,Rhode Island Street,Rhode Island St & 15th St,100.0,37.76725,-122.40273,19,POLK
19,1,16189,16th Street,Rhode Island St & 16th St,100.0,37.76644,-122.40266,19,POLK
19,1,16189,Rhode Island Street,Rhode Island St & 16th St,100.0,37.76644,-122.40266,19,POLK
19,1,16202,Alameda Street,Rhode Island St & Alameda St,100.0,37.768573,-122.402843,19,POLK
19,1,16202,Rhode Island Street,Rhode Island St & Alameda St,100.0,37.768573,-122.402843,19,POLK
19,1,17960,7th Street,Townsend St & 7th St,100.0,37.771142,-122.402383,19,POLK
19,1,17960,Townsend Street,Townsend St & 7th St,100.0,37.771142,-122.402383,19,POLK
19,1,16961,25th Street,Wisconsin St & 25th St,100.0,37.752287,-122.398556,19,POLK
19,1,16961,Wisconsin Street,Wisconsin St & 25th St,100.0,37.752287,-122.398556,19,POLK
19,1,16964,Connecticut Street,Wisconsin St & Connecticut St,100.0,37.753447,-122.39867,19,POLK
19,1,16964,Wisconsin Street,Wisconsin St & Connecticut St,100.0,37.753447,-122.39867,19,POLK
1X,0,13547,32nd Avenue,32nd Ave & California St,100.0,37.783429,-122.492553,1X,CALIFORNIA EXPRESS
1X,0,13547,California Street,32nd Ave & California St,100.0,37.783429,-122.492553,1X,CALIFORNIA EXPRESS
1X,0,13549,32nd Avenue,32nd Ave & Clement St,100.0,37.781802,-122.492425,1X,CALIFORNIA EXPRESS
1X,0,13549,Clement Street,32nd Ave & Clement St,100.0,37.781802,-122.492425,1X,CALIFORNIA EXPRESS
1X,0,13556,33rd Avenue,33rd Ave & Clement St,100.0,37.781502,-122.493515,1X,CALIFORNIA EXPRESS
1X,0,13556,Clement Street,33rd Ave & Clement St,100.0,37.781502,-122.493515,1X,CALIFORNIA EXPRESS
1X,0,13558,33rd Avenue,33rd Ave & Geary Blvd,100.0,37.779815,-122.493388,1X,CALIFORNIA EXPRESS
1X,0,13558,Geary Boulevard,33rd Ave & Geary Blvd,100.0,37.779815,-122.493388,1X,CALIFORNIA EXPRESS
1X,0,13828,10th Avenue,California St & 10th Ave,100.0,37.784665,-122.469159,1X,CALIFORNIA EXPRESS
1X,0,13828,California Street,California St & 10th Ave,100.0,37.784665,-122.469159,1X,CALIFORNIA EXPRESS
1X,0,13831,12th Avenue,California St & 12th Ave,100.0,37.784586,-122.470848,1X,CALIFORNIA EXPRESS
1X,0,13831,California Street,California St & 12th Ave,100.0,37.784586,-122.470848,1X,CALIFORNIA EXPRESS
1X,0,13833,16th Avenue,California St & 16th Ave,100.0,37.784386,-122.475229,1X,CALIFORNIA EXPRESS
1X,0,13833,California Street,California St & 16th Ave,100.0,37.784386,-122.475229,1X,CALIFORNIA EXPRESS
1X,0,13835,19th Avenue,California St & 19th Ave,100.0,37.784241,-122.478446,1X,CALIFORNIA EXPRESS
1X,0,13835,California Street,California St & 19th Ave,100.0,37.784241,-122.478446,1X,CALIFORNIA EXPRESS
1X,0,13837,22nd Avenue,California St & 22nd Ave,100.0,37.784097,-122.481659,1X,CALIFORNIA EXPRESS
1X,0,13837,California Street,California St & 22nd Ave,100.0,37.784097,-122.481659,1X,CALIFORNIA EXPRESS
1X,0,13839,25th Avenue,California St & 25th Ave,100.0,37.78395,-122.48482,1X,CALIFORNIA EXPRESS
1X,0,13839,California Street,California St & 25th Ave,100.0,37.78395,-122.48482,1X,CALIFORNIA EXPRESS
1X,0,13841,28th Avenue,California St & 28th Ave,100.0,37.783798,-122.488074,1X,CALIFORNIA EXPRESS
1X,0,13841,California Street,California St & 28th Ave,100.0,37.783798,-122.488074,1X,CALIFORNIA EXPRESS
1X,0,13843,30th Avenue,California St & 30th Ave,100.0,37.783671,-122.490513,1X,CALIFORNIA EXPRESS
1X,0,13843,California Street,California St & 30th Ave,100.0,37.783671,-122.490513,1X,CALIFORNIA EXPRESS
1X,0,13822,4th Avenue,California St & 4th Ave,100.0,37.785353,-122.462292,1X,CALIFORNIA EXPRESS
1X,0,13822,California Street,California St & 4th Ave,100.0,37.785353,-122.462292,1X,CALIFORNIA EXPRESS
1X,0,13824,6th Avenue,California St & 6th Ave,100.0,37.785069,-122.464641,1X,CALIFORNIA EXPRESS
1X,0,13824,California Street,California St & 6th Ave,100.0,37.785069,-122.464641,1X,CALIFORNIA EXPRESS
1X,0,17160,8th Avenue,California St & 8th Ave,100.0,37.784792,-122.466819,1X,CALIFORNIA EXPRESS
1X,0,17160,California Street,California St & 8th Ave,100.0,37.784792,-122.466819,1X,CALIFORNIA EXPRESS
1X,0,13845,Arguello Boulevard,California St & Arguello Blvd,100.0,37.785703,-122.459288,1X,CALIFORNIA EXPRESS
1X,0,13845,California Street,California St & Arguello Blvd,100.0,37.785703,-122.459288,1X,CALIFORNIA EXPRESS
1X,0,13852,California Street,California St & Cherry St,100.0,37.786042,-122.456835,1X,CALIFORNIA EXPRESS
1X,0,13852,Cherry Street,California St & Cherry St,100.0,37.786042,-122.456835,1X,CALIFORNIA EXPRESS
1X,0,13875,California Street,California St & Laurel St,100.0,37.786923,-122.449957,1X,CALIFORNIA EXPRESS
1X,0,13875,Laurel Street,California St & Laurel St,100.0,37.786923,-122.449957,1X,CALIFORNIA EXPRESS
1X,0,13886,California Street,California St & Park Presidio Blvd,100.0,37.784514,-122.472952,1X,CALIFORNIA EXPRESS
1X,0,13886,Park Presidio Boulevard,California St & Park Presidio Blvd,100.0,37.784514,-122.472952,1X,CALIFORNIA EXPRESS
1X,0,13892,California Street,California St & Presidio Ave,100.0,37.787265,-122.446965,1X,CALIFORNIA EXPRESS
1X,0,13892,Presidio Avenue,California St & Presidio Ave,100.0,37.787265,-122.446965,1X,CALIFORNIA EXPRESS
1X,0,13896,California Street,California St & Spruce St,100.0,37.786462,-122.453522,1X,CALIFORNIA EXPRESS
1X,0,13896,Spruce Street,California St & Spruce St,100.0,37.786462,-122.453522,1X,CALIFORNIA EXPRESS
1X,0,15944,Montgomery Street,Pine St & Montgomery St,100.0,37.791941,-122.402542,1X,CALIFORNIA EXPRESS
1X,0,15944,Pine Street,Pine St & Montgomery St,100.0,37.791941,-122.402542,1X,CALIFORNIA EXPRESS
1X,0,16290,Battery Street,Sacramento St & Battery St,100.0,37.79418,-122.400282,1X,CALIFORNIA EXPRESS
1X,0,16290,Sacramento Street,Sacramento St & Battery St,100.0,37.79418,-122.400282,1X,CALIFORNIA EXPRESS
1X,0,16294,Davis Street,Sacramento St & Davis St,100.0,37.79455,-122.3976,1X,CALIFORNIA EXPRESS
1X,0,16294,Sacramento Street,Sacramento St & Davis St,100.0,37.79455,-122.3976,1X,CALIFORNIA EXPRESS
1X,1,13546,32nd Avenue,32nd Ave & California St,100.0,37.783419,-122.492442,1X,CALIFORNIA EXPRESS
1X,1,13546,California Street,32nd Ave & California St,100.0,37.783419,-122.492442,1X,CALIFORNIA EXPRESS
1X,1,13548,32nd Avenue,32nd Ave & Clement St,100.0,37.781995,-122.492335,1X,CALIFORNIA EXPRESS
1X,1,13548,Clement Street,32nd Ave & Clement St,100.0,37.781995,-122.492335,1X,CALIFORNIA EXPRESS
1X,1,13555,33rd Avenue,33rd Ave & Clement St,100.0,37.781537,-122.493354,1X,CALIFORNIA EXPRESS
1X,1,13555,Clement Street,33rd Ave & Clement St,100.0,37.781537,-122.493354,1X,CALIFORNIA EXPRESS
1X,1,13557,33rd Avenue,33rd Ave & Geary Blvd,100.0,37.779815,-122.493227,1X,CALIFORNIA EXPRESS
1X,1,13557,Geary Boulevard,33rd Ave & Geary Blvd,100.0,37.779815,-122.493227,1X,CALIFORNIA EXPRESS
1X,1,13815,Bush Street,Bush St & Montgomery St,100.0,37.790924,-122.402118,1X,CALIFORNIA EXPRESS
1X,1,13815,Montgomery Street,Bush St & Montgomery St,100.0,37.790924,-122.402118,1X,CALIFORNIA EXPRESS
1X,1,13830,10th Avenue,California St & 10th Ave,100.0,37.784551,-122.468963,1X,CALIFORNIA EXPRESS
1X,1,13830,California Street,California St & 10th Ave,100.0,37.784551,-122.468963,1X,CALIFORNIA EXPRESS
1X,1,13832,12th Avenue,California St & 12th Ave,100.0,37.784454,-122.471103,1X,CALIFORNIA EXPRESS
1X,1,13832,California Street,California St & 12th Ave,100.0,37.784454,-122.471103,1X,CALIFORNIA EXPRESS
1X,1,13834,16th Avenue,California St & 16th Ave,100.0,37.784253,-122.475501,1X,CALIFORNIA EXPRESS
1X,1,13834,California Street,California St & 16th Ave,100.0,37.784253,-122.475501,1X,CALIFORNIA EXPRESS
1X,1,13836,19th Avenue,California St & 19th Ave,100.0,37.784109,-122.47871,1X,CALIFORNIA EXPRESS
1X,1,13836,California Street,California St & 19th Ave,100.0,37.784109,-122.47871,1X,CALIFORNIA EXPRESS
1X,1,13838,22nd Avenue,California St & 22nd Ave,100.0,37.783941,-122.481893,1X,CALIFORNIA EXPRESS
1X,1,13838,California Street,California St & 22nd Ave,100.0,37.783941,-122.481893,1X,CALIFORNIA EXPRESS
1X,1,13840,25th Avenue,California St & 25th Ave,100.0,37.783808,-122.485286,1X,CALIFORNIA EXPRESS
1X,1,13840,California Street,California St & 25th Ave,100.0,37.783808,-122.485286,1X,CALIFORNIA EXPRESS
1X,1,13842,28th Avenue,California St & 28th Ave,100.0,37.783658,-122.488456,1X,CALIFORNIA EXPRESS
1X,1,13842,California Street,California St & 28th Ave,100.0,37.783658,-122.488456,1X,CALIFORNIA EXPRESS
1X,1,13844,30th Avenue,California St & 30th Ave,100.0,37.783578,-122.490087,1X,CALIFORNIA EXPRESS
1X,1,13844,California Street,California St & 30th Ave,100.0,37.783578,-122.490087,1X,CALIFORNIA EXPRESS
1X,1,13823,4th Avenue,California St & 4th Ave,100.0,37.785275,-122.462177,1X,CALIFORNIA EXPRESS
1X,1,13823,California Street,California St & 4th Ave,100.0,37.785275,-122.462177,1X,CALIFORNIA EXPRESS
1X,1,13825,6th Avenue,California St & 6th Ave,100.0,37.784902,-122.464709,1X,CALIFORNIA EXPRESS
1X,1,13825,California Street,California St & 6th Ave,100.0,37.784902,-122.464709,1X,CALIFORNIA EXPRESS
1X,1,13827,8th Avenue,California St & 8th Ave,100.0,37.78463,-122.466825,1X,CALIFORNIA EXPRESS
1X,1,13827,California Street,California St & 8th Ave,100.0,37.78463,-122.466825,1X,CALIFORNIA EXPRESS
1X,1,13846,Arguello Boulevard,California St & Arguello Blvd,100.0,37.785659,-122.459036,1X,CALIFORNIA EXPRESS
1X,1,13846,California Street,California St & Arguello Blvd,100.0,37.785659,-122.459036,1X,CALIFORNIA EXPRESS
1X,1,13851,Battery Street,California St & Battery St,100.0,37.793144,-122.39987,1X,CALIFORNIA EXPRESS
1X,1,13851,California Street,California St & Battery St,100.0,37.793144,-122.39987,1X,CALIFORNIA EXPRESS
1X,1,13853,California Street,California St & Cherry St,100.0,37.785974,-122.456329,1X,CALIFORNIA EXPRESS
1X,1,13853,Cherry Street,California St & Cherry St,100.0,37.785974,-122.456329,1X,CALIFORNIA EXPRESS
1X,1,13876,California Street,California St & Laurel St,100.0,37.786801,-122.44998,1X,CALIFORNIA EXPRESS
1X,1,13876,Laurel Street,California St & Laurel St,100.0,37.786801,-122.44998,1X,CALIFORNIA EXPRESS
1X,1,13887,California Street,California St & Park Presidio Blvd,100.0,37.784365,-122.472764,1X,CALIFORNIA EXPRESS
1X,1,13887,Park Presidio Boulevard,California St & Park Presidio Blvd,100.0,37.784365,-122.472764,1X,CALIFORNIA EXPRESS
1X,1,13893,California Street,California St & Presidio Ave,100.0,37.787212,-122.446931,1X,CALIFORNIA EXPRESS
1X,1,13893,Presidio Avenue,California St & Presidio Ave,100.0,37.787212,-122.446931,1X,CALIFORNIA EXPRESS
1X,1,13897,California Street,California St & Spruce St,100.0,37.786382,-122.45327,1X,CALIFORNIA EXPRESS
1X,1,13897,Spruce Street,California St & Spruce St,100.0,37.786382,-122.45327,1X,CALIFORNIA EXPRESS
1X,1,14347,Davis Street,Davis St & Pine St,100.0,37.792608,-122.397532,1X,CALIFORNIA EXPRESS
1X,1,14347,Pine Street,Davis St & Pine St,100.0,37.792608,-122.397532,1X,CALIFORNIA EXPRESS
1X,1,16332,Pine Street,Sansome St & Pine St,100.0,37.79202,-122.40086,1X,CALIFORNIA EXPRESS
1X,1,16332,Sansome Street,Sansome St & Pine St,100.0,37.79202,-122.40086,1X,CALIFORNIA EXPRESS
2,0,13892,California Street,California St & Presidio Ave,100.0,37.787265,-122.446965,2,SUTTER
2,0,13892,Presidio Avenue,California St & Presidio Ave,100.0,37.787265,-122.446965,2,SUTTER
2,0,15669,Drumm Street,Market St & Drumm St,100.0,37.793473,-122.396178,2,SUTTER
2,0,15669,Market Street,Market St & Drumm St,100.0,37.793473,-122.396178,2,SUTTER
2,0,15671,Front Street,Market St & Front St,100.0,37.79192,-122.39815,2,SUTTER
2,0,15671,Market Street,Market St & Front St,100.0,37.79192,-122.39815,2,SUTTER
2,0,16089,California Street,Presidio Ave & California St,100.0,37.787676,-122.446965,2,SUTTER
2,0,16089,Presidio Avenue,Presidio Ave & California St,100.0,37.787676,-122.446965,2,SUTTER
2,0,16098,Presidio Avenue,Presidio Ave & Sutter St,100.0,37.784535,-122.446197,2,SUTTER
2,0,16098,Sutter Street,Presidio Ave & Sutter St,100.0,37.784535,-122.446197,2,SUTTER
2,0,16501,Market Street,Steuart St & Market St,100.0,37.794409,-122.394538,2,SUTTER
2,0,16501,Steuart Street,Steuart St & Market St,100.0,37.794409,-122.394538,2,SUTTER
2,0,16497,Mission Street,Steuart St & Mission St,100.0,37.794275,-122.394424,2,SUTTER
2,0,16497,Steuart Street,Steuart St & Mission St,100.0,37.794275,-122.394424,2,SUTTER
2,0,16585,Baker Street,Sutter St & Baker St,100.0,37.784889,-122.443067,2,SUTTER
2,0,16585,Sutter Street,Sutter St & Baker St,100.0,37.784889,-122.443067,2,SUTTER
2,0,16587,Buchanan Street,Sutter St & Buchanan St,100.0,37.786577,-122.429863,2,SUTTER
2,0,16587,Sutter Street,Sutter St & Buchanan St,100.0,37.786577,-122.429863,2,SUTTER
2,0,16589,Divisadero Street,Sutter St & Divisadero St,100.0,37.78531,-122.439732,2,SUTTER
2,0,16589,Sutter Street,Sutter St & Divisadero St,100.0,37.78531,-122.439732,2,SUTTER
2,0,16591,Fillmore Street,Sutter St & Fillmore St,100.0,37.786158,-122.433151,2,SUTTER
2,0,16591,Sutter Street,Sutter St & Fillmore St,100.0,37.786158,-122.433151,2,SUTTER
2,0,16593,Gough Street,Sutter St & Gough St,100.0,37.787207,-122.424924,2,SUTTER
2,0,16593,Sutter Street,Sutter St & Gough St,100.0,37.787207,-122.424924,2,SUTTER
2,0,16594,Hyde Street,Sutter St & Hyde St,100.0,37.788216,-122.416908,2,SUTTER
2,0,16594,Sutter Street,Sutter St & Hyde St,100.0,37.788216,-122.416908,2,SUTTER
2,0,16595,Jones Street,Sutter St & Jones St,100.0,37.788643,-122.413618,2,SUTTER
2,0,16595,Sutter Street,Sutter St & Jones St,100.0,37.788643,-122.413618,2,SUTTER
2,0,16596,Kearny Street,Sutter St & Kearny St,100.0,37.789818,-122.404378,2,SUTTER
2,0,16596,Sutter Street,Sutter St & Kearny St,100.0,37.789818,-122.404378,2,SUTTER
2,0,16599,Laguna Street,Sutter St & Laguna St,100.0,37.786724,-122.428706,2,SUTTER
2,0,16599,Sutter Street,Sutter St & Laguna St,100.0,37.786724,-122.428706,2,SUTTER
2,0,16597,Larkin Street,Sutter St & Larkin St,100.0,37.788011,-122.418536,2,SUTTER
2,0,16597,Sutter Street,Sutter St & Larkin St,100.0,37.788011,-122.418536,2,SUTTER
2,0,16598,Leavenworth Street,Sutter St & Leavenworth St,100.0,37.788429,-122.415269,2,SUTTER
2,0,16598,Sutter Street,Sutter St & Leavenworth St,100.0,37.788429,-122.415269,2,SUTTER
2,0,16601,Mason Street,Sutter St & Mason St,100.0,37.789062,-122.410316,2,SUTTER
2,0,16601,Sutter Street,Sutter St & Mason St,100.0,37.789062,-122.410316,2,SUTTER
2,0,16602,Octavia Street,Sutter St & Octavia St,100.0,37.786933,-122.427062,2,SUTTER
2,0,16602,Sutter Street,Sutter St & Octavia St,100.0,37.786933,-122.427062,2,SUTTER
2,0,16603,Polk Street,Sutter St & Polk St,100.0,37.787797,-122.420198,2,SUTTER
2,0,16603,Sutter Street,Sutter St & Polk St,100.0,37.787797,-122.420198,2,SUTTER
2,0,16604,Powell Street,Sutter St & Powell St,100.0,37.789266,-122.408677,2,SUTTER
2,0,16604,Sutter Street,Sutter St & Powell St,100.0,37.789266,-122.408677,2,SUTTER
2,0,16606,Sansome Street,Sutter St & Sansome St,100.0,37.790214,-122.401338,2,SUTTER
2,0,16606,Sutter Street,Sutter St & Sansome St,100.0,37.790214,-122.401338,2,SUTTER
2,0,16607,Scott Street,Sutter St & Scott St,100.0,37.78552,-122.438078,2,SUTTER
2,0,16607,Sutter Street,Sutter St & Scott St,100.0,37.78552,-122.438078,2,SUTTER
2,0,16609,Steiner Street,Sutter St & Steiner St,100.0,37.785942,-122.434793,2,SUTTER
2,0,16609,Sutter Street,Sutter St & Steiner St,100.0,37.785942,-122.434793,2,SUTTER
2,0,16611,Stockton Street,Sutter St & Stockton St,100.0,37.78948,-122.407026,2,SUTTER
2,0,16611,Sutter Street,Sutter St & Stockton St,100.0,37.78948,-122.407026,2,SUTTER
2,0,16612,Sutter Street,Sutter St & Taylor St,100.0,37.788857,-122.411956,2,SUTTER
2,0,16612,Taylor Street,Sutter St & Taylor St,100.0,37.788857,-122.411956,2,SUTTER
2,0,16613,Sutter Street,Sutter St & Van Ness Ave,100.0,37.78763,-122.42154,2,SUTTER
2,0,16613,Van Ness Avenue,Sutter St & Van Ness Ave,100.0,37.78763,-122.42154,2,SUTTER
2,1,17264,1st Street,Market St & 1st St,100.0,37.79094,-122.399195,2,SUTTER
2,1,17264,Market Street,Market St & 1st St,100.0,37.79094,-122.399195,2,SUTTER
2,1,15658,Beale Street,Market St & Beale St,100.0,37.792572,-122.397016,2,SUTTER
2,1,15658,Market Street,Market St & Beale St,100.0,37.792572,-122.397016,2,SUTTER
2,1,16124,Gough Street,Post St & Gough St,100.0,37.786174,-122.424761,2,SUTTER
2,1,16124,Post Street,Post St & Gough St,100.0,37.786174,-122.424761,2,SUTTER
2,1,16125,Grant Avenue,Post St & Grant Ave,100.0,37.78855,-122.40599,2,SUTTER
2,1,16125,Post Street,Post St & Grant Ave,100.0,37.78855,-122.40599,2,SUTTER
2,1,16126,Hyde Street,Post St & Hyde St,100.0,37.78724,-122.41626,2,SUTTER
2,1,16126,Post Street,Post St & Hyde St,100.0,37.78724,-122.41626,2,SUTTER
2,1,16127,Jones Street,Post St & Jones St,100.0,37.78765,-122.41295,2,SUTTER
2,1,16127,Post Street,Post St & Jones St,100.0,37.78765,-122.41295,2,SUTTER
2,1,16019,Kearny Street,Post St & Kearny St,100.0,37.78896,-122.402739,2,SUTTER
2,1,16019,Post Street,Post St & Kearny St,100.0,37.78896,-122.402739,2,SUTTER
2,1,16018,Laguna Street,Post St & Laguna St,100.0,37.785774,-122.427675,2,SUTTER
2,1,16018,Post Street,Post St & Laguna St,100.0,37.785774,-122.427675,2,SUTTER
2,1,16016,Larkin Street,Post St & Larkin St,100.0,37.78705,-122.41772,2,SUTTER
2,1,16016,Post Street,Post St & Larkin St,100.0,37.78705,-122.41772,2,SUTTER
2,1,16017,Leavenworth Street,Post St & Leavenworth St,100.0,37.78745,-122.41459,2,SUTTER
2,1,16017,Post Street,Post St & Leavenworth St,100.0,37.78745,-122.41459,2,SUTTER
2,1,16020,Octavia Street,Post St & Octavia St,100.0,37.785906,-122.426654,2,SUTTER
2,1,16020,Post Street,Post St & Octavia St,100.0,37.785906,-122.426654,2,SUTTER
2,1,16021,Polk Street,Post St & Polk St,100.0,37.7868,-122.41956,2,SUTTER
2,1,16021,Post Street,Post St & Polk St,100.0,37.7868,-122.41956,2,SUTTER
2,1,16022,Post Street,Post St & Powell St,100.0,37.7883,-122.40793,2,SUTTER
2,1,16022,Powell Street,Post St & Powell St,100.0,37.7883,-122.40793,2,SUTTER
2,1,16023,Post Street,Post St & Taylor St,100.0,37.78788,-122.41132,2,SUTTER
2,1,16023,Taylor Street,Post St & Taylor St,100.0,37.78788,-122.41132,2,SUTTER
2,1,16024,Post Street,Post St & Van Ness Ave,100.0,37.786575,-122.421448,2,SUTTER
2,1,16024,Van Ness Avenue,Post St & Van Ness Ave,100.0,37.786575,-122.421448,2,SUTTER
2,1,16089,California Street,Presidio Ave & California St,89.474,37.787676,-122.446965,2,SUTTER
2,1,16089,Presidio Avenue,Presidio Ave & California St,89.474,37.787676,-122.446965,2,SUTTER
2,1,16475,Market Street,Spear St & Market St,100.0,37.7934,-122.39528,2,SUTTER
2,1,16475,Spear Street,Spear St & Market St,100.0,37.7934,-122.39528,2,SUTTER
2,1,16497,Mission Street,Steuart St & Mission St,100.0,37.794275,-122.394424,2,SUTTER
2,1,16497,Steuart Street,Steuart St & Mission St,100.0,37.794275,-122.394424,2,SUTTER
2,1,16586,Baker Street,Sutter St & Baker St,100.0,37.784766,-122.443306,2,SUTTER
2,1,16586,Sutter Street,Sutter St & Baker St,100.0,37.784766,-122.443306,2,SUTTER
2,1,16588,Buchanan Street,Sutter St & Buchanan St,100.0,37.786502,-122.429608,2,SUTTER
2,1,16588,Sutter Street,Sutter St & Buchanan St,100.0,37.786502,-122.429608,2,SUTTER
2,1,16590,Divisadero Street,Sutter St & Divisadero St,100.0,37.785259,-122.43943,2,SUTTER
2,1,16590,Sutter Street,Sutter St & Divisadero St,100.0,37.785259,-122.43943,2,SUTTER
2,1,16592,Fillmore Street,Sutter St & Fillmore St,100.0,37.786086,-122.432828,2,SUTTER
2,1,16592,Sutter Street,Sutter St & Fillmore St,100.0,37.786086,-122.432828,2,SUTTER
2,1,16600,Laguna Street,Sutter St & Laguna St,100.0,37.786647,-122.428457,2,SUTTER
2,1,16600,Sutter Street,Sutter St & Laguna St,100.0,37.786647,-122.428457,2,SUTTER
2,1,16605,Presidio Avenue,Sutter St & Presidio Ave,100.0,37.784383,-122.446175,2,SUTTER
2,1,16605,Sutter Street,Sutter St & Presidio Ave,100.0,37.784383,-122.446175,2,SUTTER
2,1,16608,Scott Street,Sutter St & Scott St,100.0,37.785402,-122.438322,2,SUTTER
2,1,16608,Sutter Street,Sutter St & Scott St,100.0,37.785402,-122.438322,2,SUTTER
2,1,16610,Steiner Street,Sutter St & Steiner St,100.0,37.785794,-122.435028,2,SUTTER
2,1,16610,Sutter Street,Sutter St & Steiner St,100.0,37.785794,-122.435028,2,SUTTER
22,0,17764,16th Street,16th St & 4th St,94.333,37.766765,-122.390719,22,FILLMORE
22,0,17764,4th Street,16th St & 4th St,94.333,37.766765,-122.390719,22,FILLMORE
22,0,13282,16th Street,16th St & Bryant St,94.333,37.765595,-122.410408,22,FILLMORE
22,0,13282,Bryant Street,16th St & Bryant St,94.333,37.765595,-122.410408,22,FILLMORE
22,0,13285,16th Street,16th St & Dolores St,94.333,37.764609,-122.426292,22,FILLMORE
22,0,13285,Dolores Street,16th St & Dolores St,94.333,37.764609,-122.426292,22,FILLMORE
22,0,13293,16th Street,16th St & Mission St,94.333,37.764983,-122.419835,22,FILLMORE
22,0,13293,Mission Street,16th St & Mission St,94.333,37.764983,-122.419835,22,FILLMORE
22,0,17763,16th Street,16th St & Missouri St,94.333,37.766384,-122.397023,22,FILLMORE
22,0,17763,Missouri Street,16th St & Missouri St,94.333,37.766384,-122.397023,22,FILLMORE
22,0,17866,16th Street,16th St & Owen St,94.333,37.76665,-122.39253,22,FILLMORE
22,0,17866,Owen Street,16th St & Owen St,94.333,37.76665,-122.39253,22,FILLMORE
22,0,13296,16th Street,16th St & Potrero Ave,94.333,37.765764,-122.407612,22,FILLMORE
22,0,13296,Potrero Avenue,16th St & Potrero Ave,94.333,37.765764,-122.407612,22,FILLMORE
22,0,13299,16th Street,16th St & Shotwell St,94.333,37.765218,-122.416048,22,FILLMORE
22,0,13299,Shotwell Street,16th St & Shotwell St,94.333,37.765218,-122.416048,22,FILLMORE
22,0,13301,16th Street,16th St & Valencia St,94.333,37.764849,-122.422056,22,FILLMORE
22,0,13301,Valencia Street,16th St & Valencia St,94.333,37.764849,-122.422056,22,FILLMORE
22,0,17762,16th Street,16th St & Wisconsin St,94.333,37.766198,-122.399911,22,FILLMORE
22,0,17762,Wisconsin Street,16th St & Wisconsin St,94.333,37.766198,-122.399911,22,FILLMORE
22,0,17761,16th St& Rhode Island Street,16th St& Rhode Island St,94.333,37.765994,-122.402856,22,FILLMORE
22,0,17321,3rd Street,3rd St & Warriors Way,94.333,37.769049,-122.389228,22,FILLMORE
22,0,17321,Warriors Way,3rd St & Warriors Way,94.333,37.769049,-122.389228,22,FILLMORE
22,0,13086,Broadway,Broadway & Steiner St,92.319,37.794056,-122.436278,22,FILLMORE
22,0,13086,Steiner Street,Broadway & Steiner St,92.319,37.794056,-122.436278,22,FILLMORE
22,0,13984,16th Street,Church St & 16th St,94.333,37.764621,-122.428722,22,FILLMORE
22,0,13984,Church Street,Church St & 16th St,94.333,37.764621,-122.428722,22,FILLMORE
22,0,14005,Church Street,Church St & Duboce Ave,94.333,37.769499,-122.429167,22,FILLMORE
22,0,14005,Duboce Avenue,Church St & Duboce Ave,94.333,37.769499,-122.429167,22,FILLMORE
22,0,18059,Church Street,Church St & Market St,94.333,37.767286,-122.429053,22,FILLMORE
22,0,18059,Market Street,Church St & Market St,94.333,37.767286,-122.429053,22,FILLMORE
22,0,14603,Bay Street,Fillmore St & Bay St,92.319,37.802585,-122.43668,22,FILLMORE
22,0,14603,Fillmore Street,Fillmore St & Bay St,92.319,37.802585,-122.43668,22,FILLMORE
22,0,14606,Beach Street,Fillmore St & Beach St,92.319,37.804423,-122.437127,22,FILLMORE
22,0,14606,Fillmore Street,Fillmore St & Beach St,92.319,37.804423,-122.437127,22,FILLMORE
22,0,14605,Broadway,Fillmore St & Broadway,92.319,37.793805,-122.434878,22,FILLMORE
22,0,14605,Fillmore Street,Fillmore St & Broadway,92.319,37.793805,-122.434878,22,FILLMORE
22,0,14610,Cervantes Boulevard,Fillmore St & Cervantes Blvd,92.319,37.802817,-122.436806,22,FILLMORE
22,0,14610,Fillmore Street,Fillmore St & Cervantes Blvd,92.319,37.802817,-122.436806,22,FILLMORE
22,0,14609,Chestnut Street,Fillmore St & Chestnut St,92.319,37.800891,-122.436469,22,FILLMORE
22,0,14609,Fillmore Street,Fillmore St & Chestnut St,92.319,37.800891,-122.436469,22,FILLMORE
22,0,14612,Eddy Street,Fillmore St & Eddy St,94.333,37.781523,-122.432401,22,FILLMORE
22,0,14612,Fillmore Street,Fillmore St & Eddy St,94.333,37.781523,-122.432401,22,FILLMORE
22,0,14615,Fillmore Street,Fillmore St & Geary Blvd,94.333,37.784359,-122.433065,22,FILLMORE
22,0,14615,Geary Boulevard,Fillmore St & Geary Blvd,94.333,37.784359,-122.433065,22,FILLMORE
22,0,14617,Fillmore Street,Fillmore St & Grove St,94.333,37.776859,-122.431472,22,FILLMORE
22,0,14617,Grove Street,Fillmore St & Grove St,94.333,37.776859,-122.431472,22,FILLMORE
22,0,14618,Fillmore Street,Fillmore St & Haight St,94.333,37.772199,-122.430537,22,FILLMORE
22,0,14618,Haight Street,Fillmore St & Haight St,94.333,37.772199,-122.430537,22,FILLMORE
22,0,14622,Fillmore Street,Fillmore St & Hayes St,94.333,37.775598,-122.431207,22,FILLMORE
22,0,14622,Hayes Street,Fillmore St & Hayes St,94.333,37.775598,-122.431207,22,FILLMORE
22,0,14624,Fillmore Street,Fillmore St & Jackson St,92.319,37.792386,-122.434607,22,FILLMORE
22,0,14624,Jackson Street,Fillmore St & Jackson St,92.319,37.792386,-122.434607,22,FILLMORE
22,0,14625,Fillmore Street,Fillmore St & Jefferson St,92.319,37.805609,-122.437207,22,FILLMORE
22,0,14625,Jefferson Street,Fillmore St & Jefferson St,92.319,37.805609,-122.437207,22,FILLMORE
22,0,14627,Fillmore Street,Fillmore St & Lombard St,92.319,37.799595,-122.436051,22,FILLMORE
22,0,14627,Lombard Street,Fillmore St & Lombard St,92.319,37.799595,-122.436051,22,FILLMORE
22,0,14629,Fillmore Street,Fillmore St & Mcallister St,94.333,37.778343,-122.431762,22,FILLMORE
22,0,14629,Mcallister Street,Fillmore St & Mcallister St,94.333,37.778343,-122.431762,22,FILLMORE
22,0,14630,Fillmore Street,Fillmore St & North Point St,92.319,37.803547,-122.436791,22,FILLMORE
22,0,14630,North Point Street,Fillmore St & North Point St,92.319,37.803547,-122.436791,22,FILLMORE
22,0,14634,Fillmore Street,Fillmore St & O'Farrell St,94.333,37.783019,-122.432699,22,FILLMORE
22,0,14634,O'Farrell Street,Fillmore St & O'Farrell St,94.333,37.783019,-122.432699,22,FILLMORE
22,0,14632,Fillmore Street,Fillmore St & Oak St,94.333,37.773759,-122.430866,22,FILLMORE
22,0,14632,Oak Street,Fillmore St & Oak St,94.333,37.773759,-122.430866,22,FILLMORE
22,0,14636,Fillmore Street,Fillmore St & Pine St,92.319,37.787717,-122.433655,22,FILLMORE
22,0,14636,Pine Street,Fillmore St & Pine St,92.319,37.787717,-122.433655,22,FILLMORE
22,0,14637,Fillmore Street,Fillmore St & Sacramento St,92.319,37.789925,-122.4341,22,FILLMORE
22,0,14637,Sacramento Street,Fillmore St & Sacramento St,92.319,37.789925,-122.4341,22,FILLMORE
22,0,14641,Fillmore Street,Fillmore St & Sutter St,100.0,37.785814,-122.433268,22,FILLMORE
22,0,14641,Sutter Street,Fillmore St & Sutter St,100.0,37.785814,-122.433268,22,FILLMORE
22,0,14642,Fillmore Street,Fillmore St & Turk St,94.333,37.780204,-122.432138,22,FILLMORE
22,0,14642,Turk Street,Fillmore St & Turk St,94.333,37.780204,-122.432138,22,FILLMORE
22,0,15018,Fillmore Street,Hermann St & Fillmore St,94.333,37.770248,-122.429701,22,FILLMORE
22,0,15018,Hermann Street,Hermann St & Fillmore St,94.333,37.770248,-122.429701,22,FILLMORE
22,0,17765,4th Street,Mission Bay North & 4th St,94.333,37.771062,-122.390872,22,FILLMORE
22,0,17765,Mission Bay North,Mission Bay North & 4th St,94.333,37.771062,-122.390872,22,FILLMORE
22,0,16488,Green Street,Steiner St & Green St,92.319,37.79606,-122.43707,22,FILLMORE
22,0,16488,Steiner Street,Steiner St & Green St,92.319,37.79606,-122.43707,22,FILLMORE
22,0,16491,Steiner Street,Steiner St & Union St,92.319,37.79668,-122.43721,22,FILLMORE
22,0,16491,Union Street,Steiner St & Union St,92.319,37.79668,-122.43721,22,FILLMORE
22,0,16493,Steiner Street,Steiner St & Vallejo St,92.319,37.7949,-122.43685,22,FILLMORE
22,0,16493,Vallejo Street,Steiner St & Vallejo St,92.319,37.7949,-122.43685,22,FILLMORE
22,0,16754,Fillmore Street,Union St & Fillmore St,92.319,37.797124,-122.435661,22,FILLMORE
22,0,16754,Union Street,Union St & Fillmore St,92.319,37.797124,-122.435661,22,FILLMORE
22,1,13281,16th Street,16th St & Bryant St,94.037,37.765658,-122.410294,22,FILLMORE
22,1,13281,Bryant Street,16th St & Bryant St,94.037,37.765658,-122.410294,22,FILLMORE
22,1,13283,16th Street,16th St & Church St,94.194,37.764579,-122.428523,22,FILLMORE
22,1,13283,Church Street,16th St & Church St,94.194,37.764579,-122.428523,22,FILLMORE
22,1,13284,16th Street,16th St & Dolores St,94.037,37.764707,-122.426521,22,FILLMORE
22,1,13284,Dolores Street,16th St & Dolores St,94.037,37.764707,-122.426521,22,FILLMORE
22,1,17289,16th Street,16th St & Folsom St,94.037,37.7654,-122.415428,22,FILLMORE
22,1,17289,Folsom Street,16th St & Folsom St,94.037,37.7654,-122.415428,22,FILLMORE
22,1,13291,16th Street,16th St & Mission St,94.037,37.765152,-122.419611,22,FILLMORE
22,1,13291,Mission Street,16th St & Mission St,94.037,37.765152,-122.419611,22,FILLMORE
22,1,13295,16th Street,16th St & Potrero Ave,94.037,37.7658,-122.407624,22,FILLMORE
22,1,13295,Potrero Avenue,16th St & Potrero Ave,94.037,37.7658,-122.407624,22,FILLMORE
22,1,13300,16th Street,16th St & Valencia St,94.037,37.764987,-122.421746,22,FILLMORE
22,1,13300,Valencia Street,16th St & Valencia St,94.037,37.764987,-122.421746,22,FILLMORE
22,1,17767,16th Street,16th Street & 4th Street,94.037,37.766864,-122.390891,22,FILLMORE
22,1,17767,4th Street,16th Street & 4th Street,94.037,37.766864,-122.390891,22,FILLMORE
22,1,17768,16th Street,16th Street & Missouri St,94.037,37.766492,-122.397011,22,FILLMORE
22,1,17768,Missouri Street,16th Street & Missouri St,94.037,37.766492,-122.397011,22,FILLMORE
22,1,17865,16th Street,16th Street & Owen St,94.037,37.766722,-122.392805,22,FILLMORE
22,1,17865,Owen Street,16th Street & Owen St,94.037,37.766722,-122.392805,22,FILLMORE
22,1,17770,16th Street,16th Street & Rhode Island St,94.037,37.76611,-122.402822,22,FILLMORE
22,1,17770,Rhode Island Street,16th Street & Rhode Island St,94.037,37.76611,-122.402822,22,FILLMORE
22,1,17769,16th Street,16th Street & Wisconsin St,94.037,37.766287,-122.399842,22,FILLMORE
22,1,17769,Wisconsin Street,16th Street & Wisconsin St,94.037,37.766287,-122.399842,22,FILLMORE
22,1,17324,3rd Street,3rd St & Gene Friend Way,94.037,37.76871,-122.389377,22,FILLMORE
22,1,17324,Gene Friend Way,3rd St & Gene Friend Way,94.037,37.76871,-122.389377,22,FILLMORE
22,1,13085,Broadway,Broadway & Steiner St,92.186,37.794131,-122.436442,22,FILLMORE
22,1,13085,Steiner Street,Broadway & Steiner St,92.186,37.794131,-122.436442,22,FILLMORE
22,1,17074,Church Street,Church St & Duboce Ave,94.194,37.76932,-122.42903,22,FILLMORE
22,1,17074,Duboce Avenue,Church St & Duboce Ave,94.194,37.76932,-122.42903,22,FILLMORE
22,1,17073,Church Street,Church St & Market St,94.194,37.767509,-122.428927,22,FILLMORE
22,1,17073,Market Street,Church St & Market St,94.194,37.767509,-122.428927,22,FILLMORE
22,1,14603,Bay Street,Fillmore St & Bay St,92.186,37.802585,-122.43668,22,FILLMORE
22,1,14603,Fillmore Street,Fillmore St & Bay St,92.186,37.802585,-122.43668,22,FILLMORE
22,1,14604,Broadway,Fillmore St & Broadway,92.186,37.794158,-122.434842,22,FILLMORE
22,1,14604,Fillmore Street,Fillmore St & Broadway,92.186,37.794158,-122.434842,22,FILLMORE
22,1,14608,Chestnut Street,Fillmore St & Chestnut St,92.186,37.801091,-122.436229,22,FILLMORE
22,1,14608,Fillmore Street,Fillmore St & Chestnut St,92.186,37.801091,-122.436229,22,FILLMORE
22,1,14611,Eddy Street,Fillmore St & Eddy St,94.194,37.781733,-122.432329,22,FILLMORE
22,1,14611,Fillmore Street,Fillmore St & Eddy St,94.194,37.781733,-122.432329,22,FILLMORE
22,1,14614,Fillmore Street,Fillmore St & Geary Blvd,94.194,37.784403,-122.432808,22,FILLMORE
22,1,14614,Geary Boulevard,Fillmore St & Geary Blvd,94.194,37.784403,-122.432808,22,FILLMORE
22,1,14613,Fillmore Street,Fillmore St & Golden Gate Ave,94.194,37.779859,-122.431955,22,FILLMORE
22,1,14613,Golden Gate Avenue,Fillmore St & Golden Gate Ave,94.194,37.779859,-122.431955,22,FILLMORE
22,1,14616,Fillmore Street,Fillmore St & Grove St,94.194,37.776998,-122.431369,22,FILLMORE
22,1,14616,Grove Street,Fillmore St & Grove St,94.194,37.776998,-122.431369,22,FILLMORE
22,1,14620,Fillmore Street,Fillmore St & Haight St,94.194,37.772033,-122.430347,22,FILLMORE
22,1,14620,Haight Street,Fillmore St & Haight St,94.194,37.772033,-122.430347,22,FILLMORE
22,1,14621,Fillmore Street,Fillmore St & Hayes St,94.194,37.776106,-122.431197,22,FILLMORE
22,1,14621,Hayes Street,Fillmore St & Hayes St,94.194,37.776106,-122.431197,22,FILLMORE
22,1,14623,Fillmore Street,Fillmore St & Jackson St,92.186,37.792761,-122.434556,22,FILLMORE
22,1,14623,Jackson Street,Fillmore St & Jackson St,92.186,37.792761,-122.434556,22,FILLMORE
22,1,14626,Fillmore Street,Fillmore St & Lombard St,92.186,37.799707,-122.435952,22,FILLMORE
22,1,14626,Lombard Street,Fillmore St & Lombard St,92.186,37.799707,-122.435952,22,FILLMORE
22,1,14628,Fillmore Street,Fillmore St & Mcallister St,94.194,37.77854,-122.431687,22,FILLMORE
22,1,14628,Mcallister Street,Fillmore St & Mcallister St,94.194,37.77854,-122.431687,22,FILLMORE
22,1,14633,Fillmore Street,Fillmore St & O'Farrell St,94.194,37.783193,-122.432627,22,FILLMORE
22,1,14633,O'Farrell Street,Fillmore St & O'Farrell St,94.194,37.783193,-122.432627,22,FILLMORE
22,1,14631,Fillmore Street,Fillmore St & Oak St,94.194,37.774268,-122.430825,22,FILLMORE
22,1,14631,Oak Street,Fillmore St & Oak St,94.194,37.774268,-122.430825,22,FILLMORE
22,1,14635,Fillmore Street,Fillmore St & Pine St,86.38,37.788049,-122.433565,22,FILLMORE
22,1,14635,Pine Street,Fillmore St & Pine St,86.38,37.788049,-122.433565,22,FILLMORE
22,1,14638,Fillmore Street,Fillmore St & Sacramento St,86.38,37.789744,-122.433947,22,FILLMORE
22,1,14638,Sacramento Street,Fillmore St & Sacramento St,86.38,37.789744,-122.433947,22,FILLMORE
22,1,14640,Fillmore Street,Fillmore St & Sutter St,94.194,37.786051,-122.433244,22,FILLMORE
22,1,14640,Sutter Street,Fillmore St & Sutter St,94.194,37.786051,-122.433244,22,FILLMORE
22,1,14643,Fillmore Street,Fillmore St & Union St,92.186,37.797391,-122.435489,22,FILLMORE
22,1,14643,Union Street,Fillmore St & Union St,92.186,37.797391,-122.435489,22,FILLMORE
22,1,15017,Fillmore Street,Hermann St & Fillmore St,94.194,37.770307,-122.429929,22,FILLMORE
22,1,15017,Hermann Street,Hermann St & Fillmore St,94.194,37.770307,-122.429929,22,FILLMORE
22,1,17765,4th Street,Mission Bay North & 4th St,94.037,37.771062,-122.390872,22,FILLMORE
22,1,17765,Mission Bay North,Mission Bay North & 4th St,94.037,37.771062,-122.390872,22,FILLMORE
22,1,17766,4th St Se-Fs/ Bz,Mission Bay South & 4th St Se-Fs/ Bz,94.037,37.770513,-122.391037,22,FILLMORE
22,1,17766,Mission Bay South,Mission Bay South & 4th St Se-Fs/ Bz,94.037,37.770513,-122.391037,22,FILLMORE
22,1,16487,Green Street,Steiner St & Green St,92.186,37.795859,-122.436863,22,FILLMORE
22,1,16487,Steiner Street,Steiner St & Green St,92.186,37.795859,-122.436863,22,FILLMORE
22,1,16490,Steiner Street,Steiner St & Union St,92.186,37.796785,-122.437054,22,FILLMORE
22,1,16490,Union Street,Steiner St & Union St,92.186,37.796785,-122.437054,22,FILLMORE
22,1,16492,Steiner Street,Steiner St & Vallejo St,92.186,37.794911,-122.436669,22,FILLMORE
22,1,16492,Vallejo Street,Steiner St & Vallejo St,92.186,37.794911,-122.436669,22,FILLMORE
23,0,17313,Alemany Boulevard,Bayshore Blvd & Alemany Blvd,100.0,37.738371,-122.407306,23,MONTEREY
23,0,17313,Bayshore Boulevard,Bayshore Blvd & Alemany Blvd,100.0,37.738371,-122.407306,23,MONTEREY
23,0,13779,Bayshore Boulevard,Bayshore Blvd & Cortland Ave,100.0,37.73946,-122.407122,23,MONTEREY
23,0,13779,Cortland Avenue,Bayshore Blvd & Cortland Ave,100.0,37.73946,-122.407122,23,MONTEREY
23,0,13701,Bosworth Street,Bosworth St & Milton St,100.0,37.733487,-122.429326,23,MONTEREY
23,0,13701,Milton Street,Bosworth St & Milton St,100.0,37.733487,-122.429326,23,MONTEREY
23,0,13703,Bosworth Street,Bosworth St & Mission St,100.0,37.733719,-122.426702,23,MONTEREY
23,0,13703,Mission Street,Bosworth St & Mission St,100.0,37.733719,-122.426702,23,MONTEREY
23,0,13704,Bosworth Street,Bosworth St & Rotteck St,100.0,37.733211,-122.431296,23,MONTEREY
23,0,13704,Rotteck Street,Bosworth St & Rotteck St,100.0,37.733211,-122.431296,23,MONTEREY
23,0,17689,Anderson Street,Crescent Ave & Anderson St,100.0,37.734894,-122.415682,23,MONTEREY
23,0,17689,Crescent Avenue,Crescent Ave & Anderson St,100.0,37.734894,-122.415682,23,MONTEREY
23,0,14189,Andover Street,Crescent Ave & Andover St,100.0,37.734966,-122.416725,23,MONTEREY
23,0,14189,Crescent Avenue,Crescent Ave & Andover St,100.0,37.734966,-122.416725,23,MONTEREY
23,0,14195,Crescent Avenue,Crescent Ave & Folsom St,100.0,37.734804,-122.413586,23,MONTEREY
23,0,14195,Folsom Street,Crescent Ave & Folsom St,100.0,37.734804,-122.413586,23,MONTEREY
23,0,14197,Crescent Avenue,Crescent Ave & Leese St,100.0,37.735244,-122.422567,23,MONTEREY
23,0,14197,Leese Street,Crescent Ave & Leese St,100.0,37.735244,-122.422567,23,MONTEREY
23,0,14198,Crescent Avenue,Crescent Ave & Mission St,100.0,37.735423,-122.424457,23,MONTEREY
23,0,14198,Mission Street,Crescent Ave & Mission St,100.0,37.735423,-122.424457,23,MONTEREY
23,0,14199,Crescent Avenue,Crescent Ave & Murray St,100.0,37.735136,-122.420127,23,MONTEREY
23,0,14199,Murray Street,Crescent Ave & Murray St,100.0,37.735136,-122.420127,23,MONTEREY
23,0,14201,Crescent Avenue,Crescent Ave & Putnam St,100.0,37.735009,-122.411169,23,MONTEREY
23,0,14201,Putnam Street,Crescent Ave & Putnam St,100.0,37.735009,-122.411169,23,MONTEREY
23,0,14203,Crescent Avenue,Crescent Ave & Roscoe St,100.0,37.735055,-122.418626,23,MONTEREY
23,0,14203,Roscoe Street,Crescent Ave & Roscoe St,100.0,37.735055,-122.418626,23,MONTEREY
23,0,14387,Bosworth Street,Diamond St & Bosworth St,100.0,37.733452,-122.434217,23,MONTEREY
23,0,14387,Diamond Street,Diamond St & Bosworth St,100.0,37.733452,-122.434217,23,MONTEREY
23,0,15420,Acadia Street,Monterey Blvd & Acadia St,100.0,37.731668,-122.437768,23,MONTEREY
23,0,15420,Monterey Boulevard,Monterey Blvd & Acadia St,100.0,37.731668,-122.437768,23,MONTEREY
23,0,15422,Baden Street,Monterey Blvd & Baden St,100.0,37.731668,-122.439635,23,MONTEREY
23,0,15422,Monterey Boulevard,Monterey Blvd & Baden St,100.0,37.731668,-122.439635,23,MONTEREY
23,0,15424,Congo Street,Monterey Blvd & Congo St,100.0,37.731659,-122.441915,23,MONTEREY
23,0,15424,Monterey Boulevard,Monterey Blvd & Congo St,100.0,37.731659,-122.441915,23,MONTEREY
23,0,15426,Detroit Street,Monterey Blvd & Detroit St,100.0,37.731642,-122.444607,23,MONTEREY
23,0,15426,Monterey Boulevard,Monterey Blvd & Detroit St,100.0,37.731642,-122.444607,23,MONTEREY
23,0,15428,Edna Street,Monterey Blvd & Edna St,100.0,37.731633,-122.446474,23,MONTEREY
23,0,15428,Monterey Boulevard,Monterey Blvd & Edna St,100.0,37.731633,-122.446474,23,MONTEREY
23,0,15430,El Verano Way,Monterey Blvd & El Verano Way,100.0,37.73008,-122.461502,23,MONTEREY
23,0,15430,Monterey Boulevard,Monterey Blvd & El Verano Way,100.0,37.73008,-122.461502,23,MONTEREY
23,0,15432,Foerster Street,Monterey Blvd & Foerster St,100.0,37.731615,-122.449166,23,MONTEREY
23,0,15432,Monterey Boulevard,Monterey Blvd & Foerster St,100.0,37.731615,-122.449166,23,MONTEREY
23,0,15435,Gennessee Street,Monterey Blvd & Gennessee St,100.0,37.731615,-122.451445,23,MONTEREY
23,0,15435,Monterey Boulevard,Monterey Blvd & Gennessee St,100.0,37.731615,-122.451445,23,MONTEREY
23,0,15437,Monterey Boulevard,Monterey Blvd & Plymouth Ave,100.0,37.731115,-122.457322,23,MONTEREY
23,0,15437,Plymouth Avenue,Monterey Blvd & Plymouth Ave,100.0,37.731115,-122.457322,23,MONTEREY
23,0,15439,Monterey Boulevard,Monterey Blvd & Ridgewood Ave,100.0,37.731615,-122.453289,23,MONTEREY
23,0,15439,Ridgewood Avenue,Monterey Blvd & Ridgewood Ave,100.0,37.731615,-122.453289,23,MONTEREY
23,0,15441,Monterey Boulevard,Monterey Blvd & Saint Elmo Waye,100.0,37.730553,-122.460426,23,MONTEREY
23,0,15441,Saint Elmo Waye,Monterey Blvd & Saint Elmo Waye,100.0,37.730553,-122.460426,23,MONTEREY
23,0,17425,Monterey Boulevard,Monterey Blvd & San Anselmo Ave,100.0,37.733148,-122.465501,23,MONTEREY
23,0,17425,San Anselmo Avenue,Monterey Blvd & San Anselmo Ave,100.0,37.733148,-122.465501,23,MONTEREY
23,0,15443,Monterey Boulevard,Monterey Blvd & San Jacinto Way,100.0,37.732033,-122.463965,23,MONTEREY
23,0,15443,San Jacinto Way,Monterey Blvd & San Jacinto Way,100.0,37.732033,-122.463965,23,MONTEREY
23,0,15444,Monterey Boulevard,Monterey Blvd & Valdez Ave,100.0,37.731445,-122.455649,23,MONTEREY
23,0,15444,Valdez Avenue,Monterey Blvd & Valdez Ave,100.0,37.731445,-122.455649,23,MONTEREY
23,0,17032,Loomis Street,Oakdale Ave & Loomis St,100.0,37.742528,-122.404165,23,MONTEREY
23,0,17032,Oakdale Avenue,Oakdale Ave & Loomis St,100.0,37.742528,-122.404165,23,MONTEREY
23,0,18003,Oakdale Avenue,Oakdale Ave & Toland St,100.0,37.740966,-122.401416,23,MONTEREY
23,0,18003,Toland Street,Oakdale Ave & Toland St,100.0,37.740966,-122.401416,23,MONTEREY
23,0,15863,3rd Street,Palou Ave & 3rd St,100.0,37.734019,-122.390825,23,MONTEREY
23,0,15863,Palou Avenue,Palou Ave & 3rd St,100.0,37.734019,-122.390825,23,MONTEREY
23,0,15867,Industrial Street,Palou Ave & Industrial St,100.0,37.739529,-122.400547,23,MONTEREY
23,0,15867,Palou Avenue,Palou Ave & Industrial St,100.0,37.739529,-122.400547,23,MONTEREY
23,0,15878,Newhall Street,Palou Ave & Newhall St,100.0,37.735028,-122.392657,23,MONTEREY
23,0,15878,Palou Avenue,Palou Ave & Newhall St,100.0,37.735028,-122.392657,23,MONTEREY
23,0,15879,Palou Avenue,Palou Ave & Phelps St,100.0,37.7361,-122.394535,23,MONTEREY
23,0,15879,Phelps Street,Palou Ave & Phelps St,100.0,37.7361,-122.394535,23,MONTEREY
23,0,15881,Palou Avenue,Palou Ave & Quint St,100.0,37.737163,-122.396367,23,MONTEREY
23,0,15881,Quint Street,Palou Ave & Quint St,100.0,37.737163,-122.396367,23,MONTEREY
23,0,15883,Palou Avenue,Palou Ave & Rankin St,100.0,37.73821,-122.39824,23,MONTEREY
23,0,15883,Rankin Street,Palou Ave & Rankin St,100.0,37.73821,-122.39824,23,MONTEREY
23,0,16507,Saint Francis Boulevard,Saint Francis Blvd & San Fernando Way,100.0,37.734861,-122.469579,23,MONTEREY
23,0,16507,San Fernando Way,Saint Francis Blvd & San Fernando Way,100.0,37.734861,-122.469579,23,MONTEREY
23,0,16505,Saint Francis Boulevard,Saint Francis Blvd & Santa Ana Ave,100.0,37.734941,-122.467849,23,MONTEREY
23,0,16505,Santa Ana Avenue,Saint Francis Blvd & Santa Ana Ave,100.0,37.734941,-122.467849,23,MONTEREY
23,0,16375,Saint Francis Boulevard,Santa Clara Ave & Saint Francis Blvd,100.0,37.734861,-122.466154,23,MONTEREY
23,0,16375,Santa Clara Avenue,Santa Clara Ave & Saint Francis Blvd,100.0,37.734861,-122.466154,23,MONTEREY
23,0,16435,19th Avenue,Sloat Blvd & 19th Ave,100.0,37.73478,-122.474493,23,MONTEREY
23,0,16435,Sloat Boulevard,Sloat Blvd & 19th Ave,100.0,37.73478,-122.474493,23,MONTEREY
23,0,16437,21st Avenue,Sloat Blvd & 21st Ave,100.0,37.734752,-122.47738,23,MONTEREY
23,0,16437,Sloat Boulevard,Sloat Blvd & 21st Ave,100.0,37.734752,-122.47738,23,MONTEREY
23,0,16441,34th Avenue,Sloat Blvd & 34th Ave,100.0,37.734141,-122.491607,23,MONTEREY
23,0,16441,Sloat Boulevard,Sloat Blvd & 34th Ave,100.0,37.734141,-122.491607,23,MONTEREY
23,0,16442,36th Avenue,Sloat Blvd & 36th Ave,100.0,37.734051,-122.493417,23,MONTEREY
23,0,16442,Sloat Boulevard,Sloat Blvd & 36th Ave,100.0,37.734051,-122.493417,23,MONTEREY
23,0,16445,39th Avenue,Sloat Blvd & 39th Ave,100.0,37.733907,-122.496773,23,MONTEREY
23,0,16445,Sloat Boulevard,Sloat Blvd & 39th Ave,100.0,37.733907,-122.496773,23,MONTEREY
23,0,16446,41st Avenue,Sloat Blvd & 41st Ave,100.0,37.734567,-122.499294,23,MONTEREY
23,0,16446,Sloat Boulevard,Sloat Blvd & 41st Ave,100.0,37.734567,-122.499294,23,MONTEREY
23,0,16450,45th Avenue,Sloat Blvd & 45th Ave,100.0,37.7356,-122.503407,23,MONTEREY
23,0,16450,Sloat Boulevard,Sloat Blvd & 45th Ave,100.0,37.7356,-122.503407,23,MONTEREY
23,0,16453,47th Avenue,Sloat Blvd & 47th Ave,100.0,37.735641,-122.505734,23,MONTEREY
23,0,16453,Sloat Boulevard,Sloat Blvd & 47th Ave,100.0,37.735641,-122.505734,23,MONTEREY
23,0,16455,Constanso Way,Sloat Blvd & Constanso Way,100.0,37.73424,-122.489259,23,MONTEREY
23,0,16455,Sloat Boulevard,Sloat Blvd & Constanso Way,100.0,37.73424,-122.489259,23,MONTEREY
23,0,16456,Crestlake Drive,Sloat Blvd & Crestlake Dr,100.0,37.734653,-122.480061,23,MONTEREY
23,0,16456,Sloat Boulevard,Sloat Blvd & Crestlake Dr,100.0,37.734653,-122.480061,23,MONTEREY
23,0,16457,El Mirasol Place,Sloat Blvd & El Mirasol Pl,100.0,37.734375,-122.486235,23,MONTEREY
23,0,16457,Sloat Boulevard,Sloat Blvd & El Mirasol Pl,100.0,37.734375,-122.486235,23,MONTEREY
23,0,16460,Paraiso Place,Sloat Blvd & Paraiso Pl,100.0,37.734555,-122.482237,23,MONTEREY
23,0,16460,Sloat Boulevard,Sloat Blvd & Paraiso Pl,100.0,37.734555,-122.482237,23,MONTEREY
23,0,16463,Sloat Boulevard,Sloat Blvd & Vale Ave,100.0,37.734483,-122.483955,23,MONTEREY
23,0,16463,Vale Avenue,Sloat Blvd & Vale Ave,100.0,37.734483,-122.483955,23,MONTEREY
23,0,16464,Sloat Boulevard,Sloat Blvd & West Portal Ave,100.0,37.73478,-122.47187,23,MONTEREY
23,0,16464,West Portal Avenue,Sloat Blvd & West Portal Ave,100.0,37.73478,-122.47187,23,MONTEREY
23,1,13778,Bayshore Boulevard,Bayshore Blvd & Cortland Ave,97.715,37.73986,-122.40677,23,MONTEREY
23,1,13778,Cortland Avenue,Bayshore Blvd & Cortland Ave,97.715,37.73986,-122.40677,23,MONTEREY
23,1,17886,Bayshore Boulevard,Bayshore Blvd & Flower St,97.715,37.742377,-122.405609,23,MONTEREY
23,1,17886,Flower Street,Bayshore Blvd & Flower St,97.715,37.742377,-122.405609,23,MONTEREY
23,1,13700,Bosworth Street,Bosworth St & Marsily St,97.715,37.733469,-122.42794,23,MONTEREY
23,1,13700,Marsily Street,Bosworth St & Marsily St,97.715,37.733469,-122.42794,23,MONTEREY
23,1,13702,Bosworth Street,Bosworth St & Milton St,97.715,37.733318,-122.42952,23,MONTEREY
23,1,13702,Milton Street,Bosworth St & Milton St,97.715,37.733318,-122.42952,23,MONTEREY
23,1,14188,Agnon Avenue,Crescent Ave & Agnon Ave,97.715,37.735074,-122.421822,23,MONTEREY
23,1,14188,Crescent Avenue,Crescent Ave & Agnon Ave,97.715,37.735074,-122.421822,23,MONTEREY
23,1,14190,Andover Street,Crescent Ave & Andover St,97.715,37.734832,-122.416942,23,MONTEREY
23,1,14190,Crescent Avenue,Crescent Ave & Andover St,97.715,37.734832,-122.416942,23,MONTEREY
23,1,14191,Arnold Avenue,Crescent Ave & Arnold Ave,97.715,37.734966,-122.419726,23,MONTEREY
23,1,14191,Crescent Avenue,Crescent Ave & Arnold Ave,97.715,37.734966,-122.419726,23,MONTEREY
23,1,14192,College Avenue,Crescent Ave & College Ave,97.715,37.735253,-122.424056,23,MONTEREY
23,1,14192,Crescent Avenue,Crescent Ave & College Ave,97.715,37.735253,-122.424056,23,MONTEREY
23,1,17209,Crescent Avenue,Crescent Ave & Ellsworth St,97.715,37.734733,-122.415052,23,MONTEREY
23,1,17209,Ellsworth Street,Crescent Ave & Ellsworth St,97.715,37.734733,-122.415052,23,MONTEREY
23,1,14196,Crescent Avenue,Crescent Ave & Folsom St,97.715,37.73467,-122.413804,23,MONTEREY
23,1,14196,Folsom Street,Crescent Ave & Folsom St,97.715,37.73467,-122.413804,23,MONTEREY
23,1,14200,Crescent Avenue,Crescent Ave & Porter St,97.715,37.734895,-122.418214,23,MONTEREY
23,1,14200,Porter Street,Crescent Ave & Porter St,97.715,37.734895,-122.418214,23,MONTEREY
23,1,14202,Crescent Avenue,Crescent Ave & Putnam St,97.715,37.734911,-122.411283,23,MONTEREY
23,1,14202,Putnam Street,Crescent Ave & Putnam St,97.715,37.734911,-122.411283,23,MONTEREY
23,1,14386,Bosworth Street,Diamond St & Bosworth St,97.715,37.733506,-122.434148,23,MONTEREY
23,1,14386,Diamond Street,Diamond St & Bosworth St,97.715,37.733506,-122.434148,23,MONTEREY
23,1,15605,Mission Street,Mission St & Murray St,97.715,37.73404,-122.42592,23,MONTEREY
23,1,15605,Murray Street,Mission St & Murray St,97.715,37.73404,-122.42592,23,MONTEREY
23,1,15423,Baden Street,Monterey Blvd & Baden St,97.715,37.731516,-122.439853,23,MONTEREY
23,1,15423,Monterey Boulevard,Monterey Blvd & Baden St,97.715,37.731516,-122.439853,23,MONTEREY
23,1,15425,Congo Street,Monterey Blvd & Congo St,97.715,37.731508,-122.442133,23,MONTEREY
23,1,15425,Monterey Boulevard,Monterey Blvd & Congo St,97.715,37.731508,-122.442133,23,MONTEREY
23,1,15427,Detroit Street,Monterey Blvd & Detroit St,97.715,37.731508,-122.443977,23,MONTEREY
23,1,15427,Monterey Boulevard,Monterey Blvd & Detroit St,97.715,37.731508,-122.443977,23,MONTEREY
23,1,15429,Edna Street,Monterey Blvd & Edna St,97.715,37.731481,-122.446692,23,MONTEREY
23,1,15429,Monterey Boulevard,Monterey Blvd & Edna St,97.715,37.731481,-122.446692,23,MONTEREY
23,1,15431,Faxon Avenue,Monterey Blvd & Faxon Ave,97.715,37.730695,-122.459085,23,MONTEREY
23,1,15431,Monterey Boulevard,Monterey Blvd & Faxon Ave,97.715,37.730695,-122.459085,23,MONTEREY
23,1,15433,Foerster Street,Monterey Blvd & Foerster St,97.715,37.731481,-122.448536,23,MONTEREY
23,1,15433,Monterey Boulevard,Monterey Blvd & Foerster St,97.715,37.731481,-122.448536,23,MONTEREY
23,1,15434,Gennessee Street,Monterey Blvd & Gennessee St,97.715,37.731472,-122.451239,23,MONTEREY
23,1,15434,Monterey Boulevard,Monterey Blvd & Gennessee St,97.715,37.731472,-122.451239,23,MONTEREY
23,1,15436,Monterey Boulevard,Monterey Blvd & Northgate Dr,97.715,37.729972,-122.461857,23,MONTEREY
23,1,15436,Northgate Drive,Monterey Blvd & Northgate Dr,97.715,37.729972,-122.461857,23,MONTEREY
23,1,15438,Monterey Boulevard,Monterey Blvd & Plymouth Ave,97.715,37.730874,-122.457654,23,MONTEREY
23,1,15438,Plymouth Avenue,Monterey Blvd & Plymouth Ave,97.715,37.730874,-122.457654,23,MONTEREY
23,1,15440,Monterey Boulevard,Monterey Blvd & Ridgewood Ave,97.715,37.731472,-122.453083,23,MONTEREY
23,1,15440,Ridgewood Avenue,Monterey Blvd & Ridgewood Ave,97.715,37.731472,-122.453083,23,MONTEREY
23,1,15442,Monterey Boulevard,Monterey Blvd & San Aleso Ave,97.715,37.732283,-122.46455,23,MONTEREY
23,1,15442,San Aleso Avenue,Monterey Blvd & San Aleso Ave,97.715,37.732283,-122.46455,23,MONTEREY
23,1,15445,Monterey Boulevard,Monterey Blvd & Valdez Ave,97.715,37.731267,-122.455832,23,MONTEREY
23,1,15445,Valdez Avenue,Monterey Blvd & Valdez Ave,97.715,37.731267,-122.455832,23,MONTEREY
23,1,15775,Baldwin Court,Oakdale Ave & Baldwin Ct,100.0,37.729384,-122.381367,23,MONTEREY
23,1,15775,Oakdale Avenue,Oakdale Ave & Baldwin Ct,100.0,37.729384,-122.381367,23,MONTEREY
23,1,15774,Barneveld Avenue,Oakdale Ave & Barneveld Ave,97.715,37.741885,-122.403341,23,MONTEREY
23,1,15774,Oakdale Avenue,Oakdale Ave & Barneveld Ave,97.715,37.741885,-122.403341,23,MONTEREY
23,1,15776,Griffith Street,Oakdale Ave & Griffith St,100.0,37.728223,-122.379318,23,MONTEREY
23,1,15776,Oakdale Avenue,Oakdale Ave & Griffith St,100.0,37.728223,-122.379318,23,MONTEREY
23,1,15777,Ingalls Street,Oakdale Ave & Ingalls St,100.0,37.730152,-122.382684,23,MONTEREY
23,1,15777,Oakdale Avenue,Oakdale Ave & Ingalls St,100.0,37.730152,-122.382684,23,MONTEREY
23,1,18013,Oakdale Avenue,Oakdale Ave & Toland St,97.715,37.740966,-122.401623,23,MONTEREY
23,1,18013,Toland Street,Oakdale Ave & Toland St,97.715,37.740966,-122.401623,23,MONTEREY
23,1,15863,3rd Street,Palou Ave & 3rd St,100.0,37.734019,-122.390825,23,MONTEREY
23,1,15864,3rd Street,Palou Ave & 3rd St,100.0,37.73385,-122.390859,23,MONTEREY
23,1,15863,Palou Avenue,Palou Ave & 3rd St,100.0,37.734019,-122.390825,23,MONTEREY
23,1,15864,Palou Avenue,Palou Ave & 3rd St,100.0,37.73385,-122.390859,23,MONTEREY
23,1,15865,Crisp Road,Palou Ave & Crisp Rd,100.0,37.727982,-122.380189,23,MONTEREY
23,1,15865,Palou Avenue,Palou Ave & Crisp Rd,100.0,37.727982,-122.380189,23,MONTEREY
23,1,15866,Hawes Street,Palou Ave & Hawes St,100.0,37.728679,-122.381425,23,MONTEREY
23,1,15866,Palou Avenue,Palou Ave & Hawes St,100.0,37.728679,-122.381425,23,MONTEREY
23,1,15868,Ingalls Street,Palou Ave & Ingalls St,100.0,37.72942,-122.38273,23,MONTEREY
23,1,15869,Ingalls Street,Palou Ave & Ingalls St,100.0,37.729733,-122.383578,23,MONTEREY
23,1,15868,Palou Avenue,Palou Ave & Ingalls St,100.0,37.72942,-122.38273,23,MONTEREY
23,1,15869,Palou Avenue,Palou Ave & Ingalls St,100.0,37.729733,-122.383578,23,MONTEREY
23,1,15870,Jennings Street,Palou Ave & Jennings St,100.0,37.730795,-122.385146,23,MONTEREY
23,1,15871,Jennings Street,Palou Ave & Jennings St,100.0,37.73082,-122.38542,23,MONTEREY
23,1,15870,Palou Avenue,Palou Ave & Jennings St,100.0,37.730795,-122.385146,23,MONTEREY
23,1,15871,Palou Avenue,Palou Ave & Jennings St,100.0,37.73082,-122.38542,23,MONTEREY
23,1,15872,Keith Street,Palou Ave & Keith St,100.0,37.731858,-122.387046,23,MONTEREY
23,1,15874,Keith Street,Palou Ave & Keith St,100.0,37.731849,-122.38731,23,MONTEREY
23,1,15872,Palou Avenue,Palou Ave & Keith St,100.0,37.731858,-122.387046,23,MONTEREY
23,1,15874,Palou Avenue,Palou Ave & Keith St,100.0,37.731849,-122.38731,23,MONTEREY
23,1,15875,Lane Street,Palou Ave & Lane St,100.0,37.732921,-122.38889,23,MONTEREY
23,1,15876,Lane Street,Palou Ave & Lane St,100.0,37.732912,-122.389176,23,MONTEREY
23,1,15875,Palou Avenue,Palou Ave & Lane St,100.0,37.732921,-122.38889,23,MONTEREY
23,1,15876,Palou Avenue,Palou Ave & Lane St,100.0,37.732912,-122.389176,23,MONTEREY
23,1,15877,Newhall Street,Palou Ave & Newhall St,97.715,37.735029,-122.39292,23,MONTEREY
23,1,15877,Palou Avenue,Palou Ave & Newhall St,97.715,37.735029,-122.39292,23,MONTEREY
23,1,15880,Palou Avenue,Palou Ave & Phelps St,97.715,37.7361,-122.39481,23,MONTEREY
23,1,15880,Phelps Street,Palou Ave & Phelps St,97.715,37.7361,-122.39481,23,MONTEREY
23,1,15882,Palou Avenue,Palou Ave & Quint St,97.715,37.737216,-122.396722,23,MONTEREY
23,1,15882,Quint Street,Palou Ave & Quint St,97.715,37.737216,-122.396722,23,MONTEREY
23,1,15884,Palou Avenue,Palou Ave & Rankin St,97.715,37.73825,-122.39853,23,MONTEREY
23,1,15884,Rankin Street,Palou Ave & Rankin St,97.715,37.73825,-122.39853,23,MONTEREY
23,1,16508,Saint Francis Boulevard,Saint Francis Blvd & San Fernando Way,97.097,37.734709,-122.469797,23,MONTEREY
23,1,16508,San Fernando Way,Saint Francis Blvd & San Fernando Way,97.097,37.734709,-122.469797,23,MONTEREY
23,1,16506,Saint Francis Boulevard,Saint Francis Blvd & Santa Ana Ave,97.097,37.73479,-122.468067,23,MONTEREY
23,1,16506,Santa Ana Avenue,Saint Francis Blvd & Santa Ana Ave,97.097,37.73479,-122.468067,23,MONTEREY
23,1,16504,Saint Francis Boulevard,Saint Francis Blvd & Santa Clara Ave,97.097,37.734861,-122.46636,23,MONTEREY
23,1,16504,Santa Clara Avenue,Saint Francis Blvd & Santa Clara Ave,97.097,37.734861,-122.46636,23,MONTEREY
23,1,16374,Monterey Boulevard,Santa Clara Ave & Monterey Blvd,97.097,37.733202,-122.465798,23,MONTEREY
23,1,16374,Santa Clara Avenue,Santa Clara Ave & Monterey Blvd,97.097,37.733202,-122.465798,23,MONTEREY
23,1,16436,19th Avenue,Sloat Blvd & 19th Ave,97.097,37.734494,-122.475272,23,MONTEREY
23,1,16436,Sloat Boulevard,Sloat Blvd & 19th Ave,97.097,37.734494,-122.475272,23,MONTEREY
23,1,16438,21st Avenue,Sloat Blvd & 21st Ave,97.097,37.734485,-122.477242,23,MONTEREY
23,1,16438,Sloat Boulevard,Sloat Blvd & 21st Ave,97.097,37.734485,-122.477242,23,MONTEREY
23,1,16439,23rd Avenue,Sloat Blvd & 23rd Ave,97.097,37.734404,-122.479625,23,MONTEREY
23,1,16439,Sloat Boulevard,Sloat Blvd & 23rd Ave,97.097,37.734404,-122.479625,23,MONTEREY
23,1,16440,26th Avenue,Sloat Blvd & 26th Ave,97.097,37.734287,-122.48218,23,MONTEREY
23,1,16440,Sloat Boulevard,Sloat Blvd & 26th Ave,97.097,37.734287,-122.48218,23,MONTEREY
23,1,16443,36th Avenue,Sloat Blvd & 36th Ave,97.097,37.733793,-122.493451,23,MONTEREY
23,1,16443,Sloat Boulevard,Sloat Blvd & 36th Ave,97.097,37.733793,-122.493451,23,MONTEREY
23,1,16447,41st Avenue,Sloat Blvd & 41st Ave,97.097,37.73413,-122.498961,23,MONTEREY
23,1,16447,Sloat Boulevard,Sloat Blvd & 41st Ave,97.097,37.73413,-122.498961,23,MONTEREY
23,1,16451,45th Avenue,Sloat Blvd & 45th Ave,97.097,37.735368,-122.502777,23,MONTEREY
23,1,16451,Sloat Boulevard,Sloat Blvd & 45th Ave,97.097,37.735368,-122.502777,23,MONTEREY
23,1,16453,47th Avenue,Sloat Blvd & 47th Ave,97.097,37.735641,-122.505734,23,MONTEREY
23,1,17208,47th Avenue,Sloat Blvd & 47th Ave,97.097,37.735394,-122.50493,23,MONTEREY
23,1,16453,Sloat Boulevard,Sloat Blvd & 47th Ave,97.097,37.735641,-122.505734,23,MONTEREY
23,1,17208,Sloat Boulevard,Sloat Blvd & 47th Ave,97.097,37.735394,-122.50493,23,MONTEREY
23,1,16454,Clearfield Drive,Sloat Blvd & Clearfield Dr,97.097,37.733847,-122.491595,23,MONTEREY
23,1,16454,Sloat Boulevard,Sloat Blvd & Clearfield Dr,97.097,37.733847,-122.491595,23,MONTEREY
23,1,16458,Everglade Drive,Sloat Blvd & Everglade Dr,97.097,37.733955,-122.489683,23,MONTEREY
23,1,16458,Sloat Boulevard,Sloat Blvd & Everglade Dr,97.097,37.733955,-122.489683,23,MONTEREY
23,1,16459,Forest View Drive,Sloat Blvd & Forest View Dr,97.097,37.734215,-122.483944,23,MONTEREY
23,1,16459,Sloat Boulevard,Sloat Blvd & Forest View Dr,97.097,37.734215,-122.483944,23,MONTEREY
23,1,16461,Skyline Boulevard,Sloat Blvd & Skyline Blvd,97.097,37.733681,-122.496492,23,MONTEREY
23,1,16461,Sloat Boulevard,Sloat Blvd & Skyline Blvd,97.097,37.733681,-122.496492,23,MONTEREY
23,1,16462,Sloat Boulevard,Sloat Blvd & Sylvan Dr,97.097,37.734125,-122.485834,23,MONTEREY
23,1,16462,Sylvan Drive,Sloat Blvd & Sylvan Dr,97.097,37.734125,-122.485834,23,MONTEREY
23,1,16465,Sloat Boulevard,Sloat Blvd & West Portal Ave,97.097,37.734575,-122.471881,23,MONTEREY
23,1,16465,West Portal Avenue,Sloat Blvd & West Portal Ave,97.097,37.734575,-122.471881,23,MONTEREY
24,0,13521,26th Street,26th St & Noe St,100.0,37.748174,-122.431636,24,DIVISADERO
24,0,13521,Noe Street,26th St & Noe St,100.0,37.748174,-122.431636,24,DIVISADERO
24,0,13536,30th Street,30th St & Church St,100.0,37.74204,-122.42676,24,DIVISADERO
24,0,13536,Church Street,30th St & Church St,100.0,37.74204,-122.42676,24,DIVISADERO
24,0,13538,30th Street,30th St & Dolores St,100.0,37.74217,-122.424457,24,DIVISADERO
24,0,13538,Dolores Street,30th St & Dolores St,100.0,37.74217,-122.424457,24,DIVISADERO
24,0,13541,30th Street,30th St & Mission St,100.0,37.74231,-122.42217,24,DIVISADERO
24,0,13541,Mission Street,30th St & Mission St,100.0,37.74231,-122.42217,24,DIVISADERO
24,0,13544,30th Street,30th St & Sanchez St,100.0,37.74191,-122.42902,24,DIVISADERO
24,0,13544,Sanchez Street,30th St & Sanchez St,100.0,37.74191,-122.42902,24,DIVISADERO
24,0,13141,3rd Street,3rd St & Palou Ave,90.828,37.734091,-122.390928,24,DIVISADERO
24,0,13141,Palou Avenue,3rd St & Palou Ave,90.828,37.734091,-122.390928,24,DIVISADERO
24,0,14308,14th Street,Castro St & 14th St,100.0,37.76742,-122.43571,24,DIVISADERO
24,0,14308,Castro Street,Castro St & 14th St,100.0,37.76742,-122.43571,24,DIVISADERO
24,0,14309,15th Street,Castro St & 15th St,100.0,37.76583,-122.43557,24,DIVISADERO
24,0,14309,Castro Street,Castro St & 15th St,100.0,37.76583,-122.43557,24,DIVISADERO
24,0,14312,16th Street,Castro St & 16th St,100.0,37.76427,-122.43544,24,DIVISADERO
24,0,14312,Castro Street,Castro St & 16th St,100.0,37.76427,-122.43544,24,DIVISADERO
24,0,14315,18th Street,Castro St & 18th St,100.0,37.760863,-122.435048,24,DIVISADERO
24,0,14315,Castro Street,Castro St & 18th St,100.0,37.760863,-122.435048,24,DIVISADERO
24,0,14316,19th Street,Castro St & 19th St,100.0,37.75939,-122.43491,24,DIVISADERO
24,0,14316,Castro Street,Castro St & 19th St,100.0,37.75939,-122.43491,24,DIVISADERO
24,0,14318,20th Street,Castro St & 20th St,100.0,37.75778,-122.43477,24,DIVISADERO
24,0,14318,Castro Street,Castro St & 20th St,100.0,37.75778,-122.43477,24,DIVISADERO
24,0,14321,21st Street,Castro St & 21st St,100.0,37.756098,-122.434625,24,DIVISADERO
24,0,14321,Castro Street,Castro St & 21st St,100.0,37.756098,-122.434625,24,DIVISADERO
24,0,14322,22nd Street,Castro St & 22nd St,100.0,37.75464,-122.43448,24,DIVISADERO
24,0,14322,Castro Street,Castro St & 22nd St,100.0,37.75464,-122.43448,24,DIVISADERO
24,0,14325,23rd Street,Castro St & 23rd St,100.0,37.752895,-122.434316,24,DIVISADERO
24,0,14325,Castro Street,Castro St & 23rd St,100.0,37.752895,-122.434316,24,DIVISADERO
24,0,14327,24th Street,Castro St & 24th St,100.0,37.751315,-122.43411,24,DIVISADERO
24,0,14327,Castro Street,Castro St & 24th St,100.0,37.751315,-122.43411,24,DIVISADERO
24,0,14328,25th Street,Castro St & 25th St,100.0,37.74981,-122.43404,24,DIVISADERO
24,0,14328,Castro Street,Castro St & 25th St,100.0,37.74981,-122.43404,24,DIVISADERO
24,0,17290,26th Street,Castro St & 26th St,100.0,37.748201,-122.433893,24,DIVISADERO
24,0,17290,Castro Street,Castro St & 26th St,100.0,37.748201,-122.433893,24,DIVISADERO
24,0,14330,Castro Street,Castro St & Duboce Ave,100.0,37.76918,-122.43596,24,DIVISADERO
24,0,14330,Duboce Avenue,Castro St & Duboce Ave,100.0,37.76918,-122.43596,24,DIVISADERO
24,0,14333,Castro Street,Castro St & Elizabeth St,100.0,37.752083,-122.434248,24,DIVISADERO
24,0,14333,Elizabeth Street,Castro St & Elizabeth St,100.0,37.752083,-122.434248,24,DIVISADERO
24,0,14334,Castro Street,Castro St & Market St,100.0,37.762397,-122.435266,24,DIVISADERO
24,0,14334,Market Street,Castro St & Market St,100.0,37.762397,-122.435266,24,DIVISADERO
24,0,14143,Andover Street,Cortland Ave & Andover St,100.0,37.73904,-122.41658,24,DIVISADERO
24,0,14143,Cortland Avenue,Cortland Ave & Andover St,100.0,37.73904,-122.41658,24,DIVISADERO
24,0,14148,Bayshore Boulevard,Cortland Ave & Bayshore Blvd,100.0,37.739567,-122.407031,24,DIVISADERO
24,0,14148,Cortland Avenue,Cortland Ave & Bayshore Blvd,100.0,37.739567,-122.407031,24,DIVISADERO
24,0,14146,Bocana Street,Cortland Ave & Bocana St,100.0,37.73931,-122.41872,24,DIVISADERO
24,0,14146,Cortland Avenue,Cortland Ave & Bocana St,100.0,37.73931,-122.41872,24,DIVISADERO
24,0,17213,Bronte Street,Cortland Ave & Bronte St,100.0,37.739711,-122.41017,24,DIVISADERO
24,0,17213,Cortland Avenue,Cortland Ave & Bronte St,100.0,37.739711,-122.41017,24,DIVISADERO
24,0,14152,Cortland Avenue,Cortland Ave & Ellsworth St,100.0,37.738829,-122.414615,24,DIVISADERO
24,0,14152,Ellsworth Street,Cortland Ave & Ellsworth St,100.0,37.738829,-122.414615,24,DIVISADERO
24,0,14150,Cortland Avenue,Cortland Ave & Elsie St,100.0,37.7397,-122.41969,24,DIVISADERO
24,0,14150,Elsie Street,Cortland Ave & Elsie St,100.0,37.7397,-122.41969,24,DIVISADERO
24,0,14154,Cortland Avenue,Cortland Ave & Folsom St,100.0,37.73892,-122.41343,24,DIVISADERO
24,0,14154,Folsom Street,Cortland Ave & Folsom St,100.0,37.73892,-122.41343,24,DIVISADERO
24,0,14157,Cortland Avenue,Cortland Ave & Mission St,100.0,37.74085,-122.42251,24,DIVISADERO
24,0,14157,Mission Street,Cortland Ave & Mission St,100.0,37.74085,-122.42251,24,DIVISADERO
24,0,14159,Cortland Avenue,Cortland Ave & Prentiss St,100.0,37.73957,-122.41211,24,DIVISADERO
24,0,14159,Prentiss Street,Cortland Ave & Prentiss St,100.0,37.73957,-122.41211,24,DIVISADERO
24,0,14161,Cortland Avenue,Cortland Ave & Prospect Ave,100.0,37.7402,-122.42093,24,DIVISADERO
24,0,14161,Prospect Avenue,Cortland Ave & Prospect Ave,100.0,37.7402,-122.42093,24,DIVISADERO
24,0,14410,California Street,Divisadero St & California St,90.654,37.787988,-122.4405,24,DIVISADERO
24,0,14410,Divisadero Street,Divisadero St & California St,90.654,37.787988,-122.4405,24,DIVISADERO
24,0,14413,Clay Street,Divisadero St & Clay St,90.654,37.78997,-122.44089,24,DIVISADERO
24,0,14413,Divisadero Street,Divisadero St & Clay St,90.654,37.78997,-122.44089,24,DIVISADERO
24,0,14415,Divisadero Street,Divisadero St & Eddy St,100.0,37.780591,-122.438942,24,DIVISADERO
24,0,14415,Eddy Street,Divisadero St & Eddy St,100.0,37.780591,-122.438942,24,DIVISADERO
24,0,14422,Divisadero Street,Divisadero St & Geary Blvd,100.0,37.78316,-122.439526,24,DIVISADERO
24,0,14422,Geary Boulevard,Divisadero St & Geary Blvd,100.0,37.78316,-122.439526,24,DIVISADERO
24,0,14424,Divisadero Street,Divisadero St & Haight St,100.0,37.77105,-122.4371,24,DIVISADERO
24,0,14424,Haight Street,Divisadero St & Haight St,100.0,37.77105,-122.4371,24,DIVISADERO
24,0,14426,Divisadero Street,Divisadero St & Hayes St,100.0,37.774889,-122.437865,24,DIVISADERO
24,0,14426,Hayes Street,Divisadero St & Hayes St,100.0,37.774889,-122.437865,24,DIVISADERO
24,0,14429,Divisadero Street,Divisadero St & Mcallister St,100.0,37.777682,-122.438415,24,DIVISADERO
24,0,14429,Mcallister Street,Divisadero St & Mcallister St,100.0,37.777682,-122.438415,24,DIVISADERO
24,0,14432,Divisadero Street,Divisadero St & Oak St,100.0,37.773051,-122.437487,24,DIVISADERO
24,0,14432,Oak Street,Divisadero St & Oak St,100.0,37.773051,-122.437487,24,DIVISADERO
24,0,14433,Divisadero Street,Divisadero St & Pine St,90.654,37.786997,-122.440317,24,DIVISADERO
24,0,14433,Pine Street,Divisadero St & Pine St,90.654,37.786997,-122.440317,24,DIVISADERO
24,0,14435,Divisadero Street,Divisadero St & Sutter St,100.0,37.78515,-122.439939,24,DIVISADERO
24,0,14435,Sutter Street,Divisadero St & Sutter St,100.0,37.78515,-122.439939,24,DIVISADERO
24,0,15093,Bay Shore Boulevard,Industrial St & Bay Shore Blvd,90.828,37.737943,-122.40678,24,DIVISADERO
24,0,15093,Industrial Street,Industrial St & Bay Shore Blvd,90.828,37.737943,-122.40678,24,DIVISADERO
24,0,15094,Elmira Street,Industrial St & Elmira St,90.828,37.73879,-122.40373,24,DIVISADERO
24,0,15094,Industrial Street,Industrial St & Elmira St,90.828,37.73879,-122.40373,24,DIVISADERO
24,0,15095,Industrial Street,Industrial St & Palou Ave,90.828,37.73955,-122.40101,24,DIVISADERO
24,0,15095,Palou Avenue,Industrial St & Palou Ave,90.828,37.73955,-122.40101,24,DIVISADERO
24,0,15145,Divisadero Street,Jackson St & Divisadero St,90.654,37.791724,-122.440888,24,DIVISADERO
24,0,15145,Jackson Street,Jackson St & Divisadero St,90.654,37.791724,-122.440888,24,DIVISADERO
24,0,15147,Fillmore Street,Jackson St & Fillmore St,90.654,37.792529,-122.434676,24,DIVISADERO
24,0,15147,Jackson Street,Jackson St & Fillmore St,90.654,37.792529,-122.434676,24,DIVISADERO
24,0,15160,Jackson Street,Jackson St & Scott St,90.654,37.791932,-122.43924,24,DIVISADERO
24,0,15160,Scott Street,Jackson St & Scott St,90.654,37.791932,-122.43924,24,DIVISADERO
24,0,15162,Jackson Street,Jackson St & Steiner St,90.654,37.79235,-122.436109,24,DIVISADERO
24,0,15162,Steiner Street,Jackson St & Steiner St,90.654,37.79235,-122.436109,24,DIVISADERO
24,0,15167,Jackson Street,Jackson St & Webster St,90.654,37.792716,-122.433025,24,DIVISADERO
24,0,15167,Webster Street,Jackson St & Webster St,90.654,37.792716,-122.433025,24,DIVISADERO
24,0,15732,27th Street,Noe St & 27th St,100.0,37.74668,-122.43148,24,DIVISADERO
24,0,15732,Noe Street,Noe St & 27th St,100.0,37.74668,-122.43148,24,DIVISADERO
24,0,15734,28th Street,Noe St & 28th St,100.0,37.74519,-122.43134,24,DIVISADERO
24,0,15734,Noe Street,Noe St & 28th St,100.0,37.74519,-122.43134,24,DIVISADERO
24,0,15736,29th Street,Noe St & 29th St,100.0,37.743311,-122.431179,24,DIVISADERO
24,0,15736,Noe Street,Noe St & 29th St,100.0,37.743311,-122.431179,24,DIVISADERO
24,0,15738,30th Street,Noe St & 30th St,100.0,37.74201,-122.43101,24,DIVISADERO
24,0,15738,Noe Street,Noe St & 30th St,100.0,37.74201,-122.43101,24,DIVISADERO
24,0,15877,Newhall Street,Palou Ave & Newhall St,90.828,37.735029,-122.39292,24,DIVISADERO
24,0,15877,Palou Avenue,Palou Ave & Newhall St,90.828,37.735029,-122.39292,24,DIVISADERO
24,0,15880,Palou Avenue,Palou Ave & Phelps St,90.828,37.7361,-122.39481,24,DIVISADERO
24,0,15880,Phelps Street,Palou Ave & Phelps St,90.828,37.7361,-122.39481,24,DIVISADERO
24,0,15882,Palou Avenue,Palou Ave & Quint St,90.828,37.737216,-122.396722,24,DIVISADERO
24,0,15882,Quint Street,Palou Ave & Quint St,90.828,37.737216,-122.396722,24,DIVISADERO
24,0,15884,Palou Avenue,Palou Ave & Rankin St,90.828,37.73825,-122.39853,24,DIVISADERO
24,0,15884,Rankin Street,Palou Ave & Rankin St,90.828,37.73825,-122.39853,24,DIVISADERO
24,1,13514,26th Street,26th St & Castro St,100.0,37.74815,-122.43363,24,DIVISADERO
24,1,13514,Castro Street,26th St & Castro St,100.0,37.74815,-122.43363,24,DIVISADERO
24,1,13520,26th Street,26th St & Noe St,100.0,37.74827,-122.43177,24,DIVISADERO
24,1,13520,Noe Street,26th St & Noe St,100.0,37.74827,-122.43177,24,DIVISADERO
24,1,13535,30th Street,30th St & Church St,100.0,37.742159,-122.426369,24,DIVISADERO
24,1,13535,Church Street,30th St & Church St,100.0,37.742159,-122.426369,24,DIVISADERO
24,1,13537,30th Street,30th St & Dolores St,100.0,37.742304,-122.424026,24,DIVISADERO
24,1,13537,Dolores Street,30th St & Dolores St,100.0,37.742304,-122.424026,24,DIVISADERO
24,1,13540,30th Street,30th St & Mission St,100.0,37.742408,-122.422037,24,DIVISADERO
24,1,13540,Mission Street,30th St & Mission St,100.0,37.742408,-122.422037,24,DIVISADERO
24,1,13542,30th Street,30th St & Noe St,100.0,37.74188,-122.43079,24,DIVISADERO
24,1,13542,Noe Street,30th St & Noe St,100.0,37.74188,-122.43079,24,DIVISADERO
24,1,13543,30th Street,30th St & Sanchez St,100.0,37.74202,-122.4286,24,DIVISADERO
24,1,13543,Sanchez Street,30th St & Sanchez St,100.0,37.74202,-122.4286,24,DIVISADERO
24,1,13141,3rd Street,3rd St & Palou Ave,90.828,37.734091,-122.390928,24,DIVISADERO
24,1,13141,Palou Avenue,3rd St & Palou Ave,90.828,37.734091,-122.390928,24,DIVISADERO
24,1,14307,14th Street,Castro St & 14th St,100.0,37.76761,-122.43558,24,DIVISADERO
24,1,14307,Castro Street,Castro St & 14th St,100.0,37.76761,-122.43558,24,DIVISADERO
24,1,14310,15th Street,Castro St & 15th St,100.0,37.76561,-122.43538,24,DIVISADERO
24,1,14310,Castro Street,Castro St & 15th St,100.0,37.76561,-122.43538,24,DIVISADERO
24,1,14311,16th Street,Castro St & 16th St,100.0,37.764164,-122.435254,24,DIVISADERO
24,1,14311,Castro Street,Castro St & 16th St,100.0,37.764164,-122.435254,24,DIVISADERO
24,1,14313,17th Street,Castro St & 17th St,100.0,37.76237,-122.43508,24,DIVISADERO
24,1,14313,Castro Street,Castro St & 17th St,100.0,37.76237,-122.43508,24,DIVISADERO
24,1,14314,18th Street,Castro St & 18th St,100.0,37.760836,-122.434934,24,DIVISADERO
24,1,14314,Castro Street,Castro St & 18th St,100.0,37.760836,-122.434934,24,DIVISADERO
24,1,14317,19th Street,Castro St & 19th St,100.0,37.75916,-122.43479,24,DIVISADERO
24,1,14317,Castro Street,Castro St & 19th St,100.0,37.75916,-122.43479,24,DIVISADERO
24,1,14319,20th Street,Castro St & 20th St,100.0,37.757632,-122.434636,24,DIVISADERO
24,1,14319,Castro Street,Castro St & 20th St,100.0,37.757632,-122.434636,24,DIVISADERO
24,1,14320,21st Street,Castro St & 21st St,100.0,37.755955,-122.434465,24,DIVISADERO
24,1,14320,Castro Street,Castro St & 21st St,100.0,37.755955,-122.434465,24,DIVISADERO
24,1,14323,22nd Street,Castro St & 22nd St,100.0,37.75441,-122.43431,24,DIVISADERO
24,1,14323,Castro Street,Castro St & 22nd St,100.0,37.75441,-122.43431,24,DIVISADERO
24,1,14324,23rd Street,Castro St & 23rd St,100.0,37.752779,-122.434156,24,DIVISADERO
24,1,14324,Castro Street,Castro St & 23rd St,100.0,37.752779,-122.434156,24,DIVISADERO
24,1,14326,24th Street,Castro St & 24th St,100.0,37.7512,-122.43401,24,DIVISADERO
24,1,14326,Castro Street,Castro St & 24th St,100.0,37.7512,-122.43401,24,DIVISADERO
24,1,14329,25th Street,Castro St & 25th St,100.0,37.7496,-122.43383,24,DIVISADERO
24,1,14329,Castro Street,Castro St & 25th St,100.0,37.7496,-122.43383,24,DIVISADERO
24,1,14331,Castro Street,Castro St & Duboce Ave,100.0,37.76895,-122.43571,24,DIVISADERO
24,1,14331,Duboce Avenue,Castro St & Duboce Ave,100.0,37.76895,-122.43571,24,DIVISADERO
24,1,14332,Castro Street,Castro St & Elizabeth St,100.0,37.751886,-122.434053,24,DIVISADERO
24,1,14332,Elizabeth Street,Castro St & Elizabeth St,100.0,37.751886,-122.434053,24,DIVISADERO
24,1,14142,Andover Street,Cortland Ave & Andover St,100.0,37.73909,-122.41639,24,DIVISADERO
24,1,14142,Cortland Avenue,Cortland Ave & Andover St,100.0,37.73909,-122.41639,24,DIVISADERO
24,1,14148,Bayshore Boulevard,Cortland Ave & Bayshore Blvd,9.172,37.739567,-122.407031,24,DIVISADERO
24,1,18081,Bayshore Boulevard,Cortland Ave & Bayshore Blvd,90.828,37.739684,-122.407769,24,DIVISADERO
24,1,14148,Cortland Avenue,Cortland Ave & Bayshore Blvd,9.172,37.739567,-122.407031,24,DIVISADERO
24,1,18081,Cortland Avenue,Cortland Ave & Bayshore Blvd,90.828,37.739684,-122.407769,24,DIVISADERO
24,1,14145,Bocana Street,Cortland Ave & Bocana St,100.0,37.7393,-122.41846,24,DIVISADERO
24,1,14145,Cortland Avenue,Cortland Ave & Bocana St,100.0,37.7393,-122.41846,24,DIVISADERO
24,1,14147,Bradford Street,Cortland Ave & Bradford St,100.0,37.739791,-122.409746,24,DIVISADERO
24,1,14147,Cortland Avenue,Cortland Ave & Bradford St,100.0,37.739791,-122.409746,24,DIVISADERO
24,1,14151,Cortland Avenue,Cortland Ave & Ellsworth St,100.0,37.73892,-122.41455,24,DIVISADERO
24,1,14151,Ellsworth Street,Cortland Ave & Ellsworth St,100.0,37.73892,-122.41455,24,DIVISADERO
24,1,14149,Cortland Avenue,Cortland Ave & Elsie St,100.0,37.73992,-122.41997,24,DIVISADERO
24,1,14149,Elsie Street,Cortland Ave & Elsie St,100.0,37.73992,-122.41997,24,DIVISADERO
24,1,14153,Cortland Avenue,Cortland Ave & Folsom St,100.0,37.739,-122.41366,24,DIVISADERO
24,1,14153,Folsom Street,Cortland Ave & Folsom St,100.0,37.739,-122.41366,24,DIVISADERO
24,1,14155,Cortland Avenue,Cortland Ave & Hilton St,9.172,37.739692,-122.40781,24,DIVISADERO
24,1,14155,Hilton Street,Cortland Ave & Hilton St,9.172,37.739692,-122.40781,24,DIVISADERO
24,1,14156,Cortland Avenue,Cortland Ave & Mission St,100.0,37.74101,-122.42267,24,DIVISADERO
24,1,14156,Mission Street,Cortland Ave & Mission St,100.0,37.74101,-122.42267,24,DIVISADERO
24,1,14158,Cortland Avenue,Cortland Ave & Prentiss St,100.0,37.73978,-122.41199,24,DIVISADERO
24,1,14158,Prentiss Street,Cortland Ave & Prentiss St,100.0,37.73978,-122.41199,24,DIVISADERO
24,1,14160,Cortland Avenue,Cortland Ave & Prospect Ave,100.0,37.740294,-122.420904,24,DIVISADERO
24,1,14160,Prospect Avenue,Cortland Ave & Prospect Ave,100.0,37.740294,-122.420904,24,DIVISADERO
24,1,14408,Bush Street,Divisadero St & Bush St,87.159,37.786283,-122.439996,24,DIVISADERO
24,1,14408,Divisadero Street,Divisadero St & Bush St,87.159,37.786283,-122.439996,24,DIVISADERO
24,1,14409,California Street,Divisadero St & California St,87.159,37.788184,-122.440385,24,DIVISADERO
24,1,14409,Divisadero Street,Divisadero St & California St,87.159,37.788184,-122.440385,24,DIVISADERO
24,1,14412,Clay Street,Divisadero St & Clay St,87.159,37.789977,-122.440741,24,DIVISADERO
24,1,14412,Divisadero Street,Divisadero St & Clay St,87.159,37.789977,-122.440741,24,DIVISADERO
24,1,14414,Divisadero Street,Divisadero St & Eddy St,100.0,37.780591,-122.438942,24,DIVISADERO
24,1,14414,Eddy Street,Divisadero St & Eddy St,100.0,37.780591,-122.438942,24,DIVISADERO
24,1,14421,Divisadero Street,Divisadero St & Geary Blvd,100.0,37.783375,-122.439412,24,DIVISADERO
24,1,14421,Geary Boulevard,Divisadero St & Geary Blvd,100.0,37.783375,-122.439412,24,DIVISADERO
24,1,14423,Divisadero Street,Divisadero St & Haight St,100.0,37.771329,-122.436983,24,DIVISADERO
24,1,14423,Haight Street,Divisadero St & Haight St,100.0,37.771329,-122.436983,24,DIVISADERO
24,1,14425,Divisadero Street,Divisadero St & Hayes St,100.0,37.775059,-122.437739,24,DIVISADERO
24,1,14425,Hayes Street,Divisadero St & Hayes St,100.0,37.775059,-122.437739,24,DIVISADERO
24,1,14427,Divisadero Street,Divisadero St & Jackson St,87.159,37.79154,-122.44108,24,DIVISADERO
24,1,14427,Jackson Street,Divisadero St & Jackson St,87.159,37.79154,-122.44108,24,DIVISADERO
24,1,14428,Divisadero Street,Divisadero St & Mcallister St,100.0,37.77786,-122.4383,24,DIVISADERO
24,1,14428,Mcallister Street,Divisadero St & Mcallister St,100.0,37.77786,-122.4383,24,DIVISADERO
24,1,14431,Divisadero Street,Divisadero St & Oak St,100.0,37.773185,-122.43735,24,DIVISADERO
24,1,14431,Oak Street,Divisadero St & Oak St,100.0,37.773185,-122.43735,24,DIVISADERO
24,1,14434,Divisadero Street,Divisadero St & Sutter St,100.0,37.785338,-122.439813,24,DIVISADERO
24,1,14434,Sutter Street,Divisadero St & Sutter St,100.0,37.785338,-122.439813,24,DIVISADERO
24,1,14624,Fillmore Street,Fillmore St & Jackson St,10.015,37.792386,-122.434607,24,DIVISADERO
24,1,14624,Jackson Street,Fillmore St & Jackson St,10.015,37.792386,-122.434607,24,DIVISADERO
24,1,15092,Bay Shore Boulevard,Industrial St & Bay Shore Blvd,90.828,37.738148,-122.406539,24,DIVISADERO
24,1,15092,Industrial Street,Industrial St & Bay Shore Blvd,90.828,37.738148,-122.406539,24,DIVISADERO
24,1,15096,Industrial Street,Industrial St & Revere Ave,90.828,37.73913,-122.40305,24,DIVISADERO
24,1,15096,Revere Avenue,Industrial St & Revere Ave,90.828,37.73913,-122.40305,24,DIVISADERO
24,1,15161,Jackson Street,Jackson St & Scott St,87.159,37.791772,-122.439612,24,DIVISADERO
24,1,15161,Scott Street,Jackson St & Scott St,87.159,37.791772,-122.439612,24,DIVISADERO
24,1,15163,Jackson Street,Jackson St & Steiner St,87.159,37.792201,-122.43632,24,DIVISADERO
24,1,15163,Steiner Street,Jackson St & Steiner St,87.159,37.792201,-122.43632,24,DIVISADERO
24,1,15167,Jackson Street,Jackson St & Webster St,77.144,37.792716,-122.433025,24,DIVISADERO
24,1,15167,Webster Street,Jackson St & Webster St,77.144,37.792716,-122.433025,24,DIVISADERO
24,1,15490,Newcomb Avenue,Newcomb Ave & Newhall St,90.828,37.736304,-122.391522,24,DIVISADERO
24,1,15490,Newhall Street,Newcomb Ave & Newhall St,90.828,37.736304,-122.391522,24,DIVISADERO
24,1,15491,Newhall Street,Newhall St & Oakdale Ave,90.828,37.735796,-122.392175,24,DIVISADERO
24,1,15491,Oakdale Avenue,Newhall St & Oakdale Ave,90.828,37.735796,-122.392175,24,DIVISADERO
24,1,15733,27th Street,Noe St & 27th St,100.0,37.74654,-122.43132,24,DIVISADERO
24,1,15733,Noe Street,Noe St & 27th St,100.0,37.74654,-122.43132,24,DIVISADERO
24,1,15735,28th Street,Noe St & 28th St,100.0,37.74493,-122.43117,24,DIVISADERO
24,1,15735,Noe Street,Noe St & 28th St,100.0,37.74493,-122.43117,24,DIVISADERO
24,1,15737,29th Street,Noe St & 29th St,100.0,37.7433,-122.43104,24,DIVISADERO
24,1,15737,Noe Street,Noe St & 29th St,100.0,37.7433,-122.43104,24,DIVISADERO
24,1,15867,Industrial Street,Palou Ave & Industrial St,90.828,37.739529,-122.400547,24,DIVISADERO
24,1,15867,Palou Avenue,Palou Ave & Industrial St,90.828,37.739529,-122.400547,24,DIVISADERO
24,1,17756,Newhall Street,Palou Ave & Newhall St,90.828,37.735162,-122.392886,24,DIVISADERO
24,1,17756,Palou Avenue,Palou Ave & Newhall St,90.828,37.735162,-122.392886,24,DIVISADERO
24,1,15879,Palou Avenue,Palou Ave & Phelps St,90.828,37.7361,-122.394535,24,DIVISADERO
24,1,15879,Phelps Street,Palou Ave & Phelps St,90.828,37.7361,-122.394535,24,DIVISADERO
24,1,15881,Palou Avenue,Palou Ave & Quint St,90.828,37.737163,-122.396367,24,DIVISADERO
24,1,15881,Quint Street,Palou Ave & Quint St,90.828,37.737163,-122.396367,24,DIVISADERO
24,1,15883,Palou Avenue,Palou Ave & Rankin St,90.828,37.73821,-122.39824,24,DIVISADERO
24,1,15883,Rankin Street,Palou Ave & Rankin St,90.828,37.73821,-122.39824,24,DIVISADERO
24,1,16931,Washington Street,Washington St & Webster St,77.144,37.791716,-122.432842,24,DIVISADERO
24,1,16931,Webster Street,Washington St & Webster St,77.144,37.791716,-122.432842,24,DIVISADERO
25,0,18000,Clipper Cove Way,Clipper Cove Way & Treasure Island Rd,100.0,37.81606,-122.370979,25,TREASURE ISLAND
25,0,18000,Treasure Island Road,Clipper Cove Way & Treasure Island Rd,100.0,37.81606,-122.370979,25,TREASURE ISLAND
25,0,17948,[UNKNOWN],Transit Center Bay 29,80.961,37.78999,-122.39605,25,TREASURE ISLAND
25,0,17917,[UNKNOWN],Transit Center Bay E,19.039,37.790073,-122.395493,25,TREASURE ISLAND
25,1,17560,9th Street,9th St & Avenue D,100.0,37.824048,-122.372805,25,TREASURE ISLAND
25,1,17560,Avenue D,9th St & Avenue D,100.0,37.824048,-122.372805,25,TREASURE ISLAND
25,1,13229,9th Street,9th St & Avenue H,100.0,37.825196,-122.370063,25,TREASURE ISLAND
25,1,13229,Avenue H,9th St & Avenue H,100.0,37.825196,-122.370063,25,TREASURE ISLAND
25,1,17004,9th Avenue,Avenue B & 9th Ave,100.0,37.823245,-122.374986,25,TREASURE ISLAND
25,1,17004,Avenue B,Avenue B & 9th Ave,100.0,37.823245,-122.374986,25,TREASURE ISLAND
25,1,13670,Avenue B,Avenue B & Gateview Ave,100.0,37.82695,-122.377402,25,TREASURE ISLAND
25,1,13670,Gateview Avenue,Avenue B & Gateview Ave,100.0,37.82695,-122.377402,25,TREASURE ISLAND
25,1,17558,13th Street,Avenue H & 13th St,100.0,37.828276,-122.371758,25,TREASURE ISLAND
25,1,17558,Avenue H,Avenue H & 13th St,100.0,37.828276,-122.371758,25,TREASURE ISLAND
25,1,18000,Clipper Cove Way,Clipper Cove Way & Treasure Island Rd,100.0,37.81606,-122.370979,25,TREASURE ISLAND
25,1,18000,Treasure Island Road,Clipper Cove Way & Treasure Island Rd,100.0,37.81606,-122.370979,25,TREASURE ISLAND
25,1,14723,Fremont Street,Fremont St & Mission St,22.213,37.79038,-122.396451,25,TREASURE ISLAND
25,1,14723,Mission Street,Fremont St & Mission St,22.213,37.79038,-122.396451,25,TREASURE ISLAND
25,1,14934,Bayside Drive,Gateview Ave & Bayside Dr,100.0,37.829848,-122.375254,25,TREASURE ISLAND
25,1,14934,Gateview Avenue,Gateview Ave & Bayside Dr,100.0,37.829848,-122.375254,25,TREASURE ISLAND
25,1,14935,Gateview Avenue,Gateview Ave & Mason Ct,100.0,37.828181,-122.377217,25,TREASURE ISLAND
25,1,14935,Mason Court,Gateview Ave & Mason Ct,100.0,37.828181,-122.377217,25,TREASURE ISLAND
25,1,14936,Gateview Avenue,Gateview Ave & Northpoint Dr,100.0,37.82982,-122.373477,25,TREASURE ISLAND
25,1,14936,Northpoint Drive,Gateview Ave & Northpoint Dr,100.0,37.82982,-122.373477,25,TREASURE ISLAND
25,1,18121,Bruton Street,Seven Seas Ave & Bruton St,100.0,37.81977,-122.371338,25,TREASURE ISLAND
25,1,18122,Bruton Street,Seven Seas Ave & Bruton St,100.0,37.819101,-122.37109,25,TREASURE ISLAND
25,1,18121,Seven Seas Avenue,Seven Seas Ave & Bruton St,100.0,37.81977,-122.371338,25,TREASURE ISLAND
25,1,18122,Seven Seas Avenue,Seven Seas Ave & Bruton St,100.0,37.819101,-122.37109,25,TREASURE ISLAND
25,1,18149,Johnson Street,Seven Seas Ave & Johnson St,100.0,37.821962,-122.372982,25,TREASURE ISLAND
25,1,18149,Seven Seas Avenue,Seven Seas Ave & Johnson St,100.0,37.821962,-122.372982,25,TREASURE ISLAND
25,1,18018,Shoreline Access Road,Shoreline Access Road,100.0,37.816701,-122.371973,25,TREASURE ISLAND
25,1,17918,[UNKNOWN],Transit Center Bay 27,77.787,37.78992,-122.39615,25,TREASURE ISLAND
25,1,17948,[UNKNOWN],Transit Center Bay 29,77.787,37.78999,-122.39605,25,TREASURE ISLAND
25,1,17917,[UNKNOWN],Transit Center Bay E,22.213,37.790073,-122.395493,25,TREASURE ISLAND
27,0,13238,11th Street,11th St & Harrison St,100.0,37.770691,-122.412526,27,BRYANT
27,0,13238,Harrison Street,11th St & Harrison St,100.0,37.770691,-122.412526,27,BRYANT
27,0,13476,24th Street,24th St & Mission St,100.0,37.752321,-122.418333,27,BRYANT
27,0,13476,Mission Street,24th St & Mission St,100.0,37.752321,-122.418333,27,BRYANT
27,0,13205,8th Street,8th St & Folsom St,100.0,37.774767,-122.409922,27,BRYANT
27,0,13205,Folsom Street,8th St & Folsom St,100.0,37.774767,-122.409922,27,BRYANT
27,0,17677,8th Street,8th St & Howard,100.0,37.776133,-122.411606,27,BRYANT
27,0,17677,Howard,8th St & Howard,100.0,37.776133,-122.411606,27,BRYANT
27,0,13209,8th Street,8th St & Market St,100.0,37.778498,-122.414597,27,BRYANT
27,0,13209,Market Street,8th St & Market St,100.0,37.778498,-122.414597,27,BRYANT
27,0,13208,8th Street,8th St & Mission St,100.0,37.77724,-122.413027,27,BRYANT
27,0,13208,Mission Street,8th St & Mission St,100.0,37.77724,-122.413027,27,BRYANT
27,0,13731,16th Street,Bryant St & 16th St,100.0,37.7653,-122.41054,27,BRYANT
27,0,13731,Bryant Street,Bryant St & 16th St,100.0,37.7653,-122.41054,27,BRYANT
27,0,13733,17th Street,Bryant St & 17th St,100.0,37.76402,-122.41041,27,BRYANT
27,0,13733,Bryant Street,Bryant St & 17th St,100.0,37.76402,-122.41041,27,BRYANT
27,0,13734,18th Street,Bryant St & 18th St,100.0,37.76187,-122.4102,27,BRYANT
27,0,13734,Bryant Street,Bryant St & 18th St,100.0,37.76187,-122.4102,27,BRYANT
27,0,13736,19th Street,Bryant St & 19th St,100.0,37.76058,-122.41008,27,BRYANT
27,0,13736,Bryant Street,Bryant St & 19th St,100.0,37.76058,-122.41008,27,BRYANT
27,0,13738,20th Street,Bryant St & 20th St,100.0,37.75933,-122.40993,27,BRYANT
27,0,13738,Bryant Street,Bryant St & 20th St,100.0,37.75933,-122.40993,27,BRYANT
27,0,13741,21st Street,Bryant St & 21st St,100.0,37.7574,-122.40961,27,BRYANT
27,0,13741,Bryant Street,Bryant St & 21st St,100.0,37.7574,-122.40961,27,BRYANT
27,0,13743,22nd Street,Bryant St & 22nd St,100.0,37.75572,-122.40949,27,BRYANT
27,0,13743,Bryant Street,Bryant St & 22nd St,100.0,37.75572,-122.40949,27,BRYANT
27,0,13745,23rd Street,Bryant St & 23rd St,100.0,37.75415,-122.40932,27,BRYANT
27,0,13745,Bryant Street,Bryant St & 23rd St,100.0,37.75415,-122.40932,27,BRYANT
27,0,13747,24th Street,Bryant St & 24th St,100.0,37.752728,-122.409178,27,BRYANT
27,0,13747,Bryant Street,Bryant St & 24th St,100.0,37.752728,-122.409178,27,BRYANT
27,0,13748,25th Street,Bryant St & 25th St,100.0,37.7513,-122.40907,27,BRYANT
27,0,13748,Bryant Street,Bryant St & 25th St,100.0,37.7513,-122.40907,27,BRYANT
27,0,13750,26th Street,Bryant St & 26th St,100.0,37.74969,-122.40891,27,BRYANT
27,0,13750,Bryant Street,Bryant St & 26th St,100.0,37.74969,-122.40891,27,BRYANT
27,0,13756,Bryant Street,Bryant St & Mariposa St,100.0,37.76314,-122.41032,27,BRYANT
27,0,13756,Mariposa Street,Bryant St & Mariposa St,100.0,37.76314,-122.41032,27,BRYANT
27,0,13812,Bush Street,Bush St & Hyde St,100.0,37.78915,-122.41658,27,BRYANT
27,0,13812,Hyde Street,Bush St & Hyde St,100.0,37.78915,-122.41658,27,BRYANT
27,0,13814,Bush Street,Bush St & Leavenworth St,100.0,37.789308,-122.415035,27,BRYANT
27,0,13814,Leavenworth Street,Bush St & Leavenworth St,100.0,37.789308,-122.415035,27,BRYANT
27,0,17750,C. Chavez St&Florida Street,C. Chavez St&Florida St,100.0,37.748374,-122.409558,27,BRYANT
27,0,17751,C. Chavez St&Harrison Street,C. Chavez St&Harrison St,100.0,37.748339,-122.41138,27,BRYANT
27,0,13931,Cesar Chavez Street,Cesar Chavez St & Folsom St,100.0,37.74834,-122.41398,27,BRYANT
27,0,13931,Folsom Street,Cesar Chavez St & Folsom St,100.0,37.74834,-122.41398,27,BRYANT
27,0,13936,Cesar Chavez Street,Cesar Chavez St & South Van Ness Ave,100.0,37.748305,-122.415756,27,BRYANT
27,0,13936,Van Ness Avenue,Cesar Chavez St & South Van Ness Ave,100.0,37.748305,-122.415756,27,BRYANT
27,0,14665,11th Street,Folsom St & 11th St,100.0,37.771833,-122.41413,27,BRYANT
27,0,14665,Folsom Street,Folsom St & 11th St,100.0,37.771833,-122.41413,27,BRYANT
27,0,14666,14th Street,Folsom St & 14th St,100.0,37.768461,-122.415667,27,BRYANT
27,0,14666,Folsom Street,Folsom St & 14th St,100.0,37.768461,-122.415667,27,BRYANT
27,0,14973,9th Street,Harrison St & 9th St,100.0,37.772403,-122.410371,27,BRYANT
27,0,14973,Harrison Street,Harrison St & 9th St,100.0,37.772403,-122.410371,27,BRYANT
27,0,15065,California Street,Hyde St & California St,100.0,37.79111,-122.41747,27,BRYANT
27,0,15065,Hyde Street,Hyde St & California St,100.0,37.79111,-122.41747,27,BRYANT
27,0,15068,Clay Street,Hyde St & Clay St,100.0,37.79287,-122.41784,27,BRYANT
27,0,15068,Hyde Street,Hyde St & Clay St,100.0,37.79287,-122.41784,27,BRYANT
27,0,15071,Grove Street,Hyde St & Grove St,100.0,37.779346,-122.415158,27,BRYANT
27,0,15071,Hyde Street,Hyde St & Grove St,100.0,37.779346,-122.415158,27,BRYANT
27,0,15084,Hyde Street,Hyde St & Pine St,100.0,37.79017,-122.4173,27,BRYANT
27,0,15084,Pine Street,Hyde St & Pine St,100.0,37.79017,-122.4173,27,BRYANT
27,0,18049,Ellis Street,Jones St & Ellis St,100.0,37.784806,-122.412829,27,BRYANT
27,0,18049,Jones Street,Jones St & Ellis St,100.0,37.784806,-122.412829,27,BRYANT
27,0,15185,Geary Boulevard,Jones St & Geary St,100.0,37.78686,-122.41325,27,BRYANT
27,0,15185,Jones Street,Jones St & Geary St,100.0,37.78686,-122.41325,27,BRYANT
27,0,17977,Jones Street,Jones St & O'Farrell St,100.0,37.785743,-122.413023,27,BRYANT
27,0,17977,O'Farrell Street,Jones St & O'Farrell St,100.0,37.785743,-122.413023,27,BRYANT
27,0,15186,Jones Street,Jones St & Post St,100.0,37.78781,-122.41344,27,BRYANT
27,0,15186,Post Street,Jones St & Post St,100.0,37.78781,-122.41344,27,BRYANT
27,0,15187,Jones Street,Jones St & Sutter St,100.0,37.78869,-122.41361,27,BRYANT
27,0,15187,Sutter Street,Jones St & Sutter St,100.0,37.78869,-122.41361,27,BRYANT
27,0,18050,Jones Street,Jones St & Turk St,100.0,37.782959,-122.412463,27,BRYANT
27,0,18050,Turk Street,Jones St & Turk St,100.0,37.782959,-122.412463,27,BRYANT
27,0,17563,Jones Street,Mcallister St & Jones St,100.0,37.781166,-122.412189,27,BRYANT
27,0,17563,Mcallister Street,Mcallister St & Jones St,100.0,37.781166,-122.412189,27,BRYANT
27,0,15859,Pacific Avenue,Pacific Ave & Van Ness Ave,100.0,37.794784,-122.422901,27,BRYANT
27,0,17919,Pacific Avenue,Pacific Ave & Van Ness Ave,100.0,37.79474,-122.423474,27,BRYANT
27,0,15859,Van Ness Avenue,Pacific Ave & Van Ness Ave,100.0,37.794784,-122.422901,27,BRYANT
27,0,17919,Van Ness Avenue,Pacific Ave & Van Ness Ave,100.0,37.79474,-122.423474,27,BRYANT
27,0,16007,Polk Street,Polk St & Washington St,100.0,37.793695,-122.421411,27,BRYANT
27,0,16007,Washington Street,Polk St & Washington St,100.0,37.793695,-122.421411,27,BRYANT
27,0,16921,Larkin Street,Washington St & Larkin St,100.0,37.79341,-122.4198,27,BRYANT
27,0,16921,Washington Street,Washington St & Larkin St,100.0,37.79341,-122.4198,27,BRYANT
27,1,13476,24th Street,24th St & Mission St,100.0,37.752321,-122.418333,27,BRYANT
27,1,13476,Mission Street,24th St & Mission St,100.0,37.752321,-122.418333,27,BRYANT
27,1,13192,7th Street,7th St & Folsom St,100.0,37.776864,-122.407904,27,BRYANT
27,1,13192,Folsom Street,7th St & Folsom St,100.0,37.776864,-122.407904,27,BRYANT
27,1,13194,7th Street,7th St & Howard St,100.0,37.777935,-122.409222,27,BRYANT
27,1,13194,Howard Street,7th St & Howard St,100.0,37.777935,-122.409222,27,BRYANT
27,1,18047,7th Street,7th St & Market St,100.0,37.78072,-122.412739,27,BRYANT
27,1,18047,Market Street,7th St & Market St,100.0,37.78072,-122.412739,27,BRYANT
27,1,13195,7th Street,7th St & Mission St,100.0,37.779327,-122.411032,27,BRYANT
27,1,13195,Mission Street,7th St & Mission St,100.0,37.779327,-122.411032,27,BRYANT
27,1,13730,16th Street,Bryant St & 16th St,100.0,37.76549,-122.4104,27,BRYANT
27,1,13730,Bryant Street,Bryant St & 16th St,100.0,37.76549,-122.4104,27,BRYANT
27,1,13732,17th Street,Bryant St & 17th St,100.0,37.76422,-122.41028,27,BRYANT
27,1,13732,Bryant Street,Bryant St & 17th St,100.0,37.76422,-122.41028,27,BRYANT
27,1,13735,18th Street,Bryant St & 18th St,100.0,37.76167,-122.41004,27,BRYANT
27,1,13735,Bryant Street,Bryant St & 18th St,100.0,37.76167,-122.41004,27,BRYANT
27,1,13737,19th Street,Bryant St & 19th St,100.0,37.76038,-122.40991,27,BRYANT
27,1,13737,Bryant Street,Bryant St & 19th St,100.0,37.76038,-122.40991,27,BRYANT
27,1,13739,20th Street,Bryant St & 20th St,100.0,37.75911,-122.40966,27,BRYANT
27,1,13739,Bryant Street,Bryant St & 20th St,100.0,37.75911,-122.40966,27,BRYANT
27,1,13740,21st Street,Bryant St & 21st St,100.0,37.75751,-122.4095,27,BRYANT
27,1,13740,Bryant Street,Bryant St & 21st St,100.0,37.75751,-122.4095,27,BRYANT
27,1,13742,22nd Street,Bryant St & 22nd St,100.0,37.75621,-122.40942,27,BRYANT
27,1,13742,Bryant Street,Bryant St & 22nd St,100.0,37.75621,-122.40942,27,BRYANT
27,1,13744,23rd Street,Bryant St & 23rd St,100.0,37.75431,-122.40919,27,BRYANT
27,1,13744,Bryant Street,Bryant St & 23rd St,100.0,37.75431,-122.40919,27,BRYANT
27,1,13746,24th Street,Bryant St & 24th St,100.0,37.752907,-122.409086,27,BRYANT
27,1,13746,Bryant Street,Bryant St & 24th St,100.0,37.752907,-122.409086,27,BRYANT
27,1,13749,25th Street,Bryant St & 25th St,100.0,37.75111,-122.40889,27,BRYANT
27,1,13749,Bryant Street,Bryant St & 25th St,100.0,37.75111,-122.40889,27,BRYANT
27,1,13751,26th Street,Bryant St & 26th St,100.0,37.74951,-122.40873,27,BRYANT
27,1,13751,Bryant Street,Bryant St & 26th St,100.0,37.74951,-122.40873,27,BRYANT
27,1,13757,Bryant Street,Bryant St & Mariposa St,100.0,37.76294,-122.41016,27,BRYANT
27,1,13757,Mariposa Street,Bryant St & Mariposa St,100.0,37.76294,-122.41016,27,BRYANT
27,1,13930,Cesar Chavez Street,Cesar Chavez St & Florida St,100.0,37.74823,-122.40976,27,BRYANT
27,1,13930,Florida Street,Cesar Chavez St & Florida St,100.0,37.74823,-122.40976,27,BRYANT
27,1,13932,Cesar Chavez Street,Cesar Chavez St & Folsom St,100.0,37.74815,-122.41382,27,BRYANT
27,1,13932,Folsom Street,Cesar Chavez St & Folsom St,100.0,37.74815,-122.41382,27,BRYANT
27,1,13934,Cesar Chavez Street,Cesar Chavez St & Harrison St,100.0,37.7482,-122.41163,27,BRYANT
27,1,13934,Harrison Street,Cesar Chavez St & Harrison St,100.0,37.7482,-122.41163,27,BRYANT
27,1,17551,Cesar Chavez Street,Cesar Chavez St & Mission St,100.0,37.7481,-122.418082,27,BRYANT
27,1,17551,Mission Street,Cesar Chavez St & Mission St,100.0,37.7481,-122.418082,27,BRYANT
27,1,17592,Cesar Chavez Street,Cesar Chavez St & Valencia St,100.0,37.748056,-122.420064,27,BRYANT
27,1,17592,Valencia Street,Cesar Chavez St & Valencia St,100.0,37.748056,-122.420064,27,BRYANT
27,1,14664,11th Street,Folsom St & 11th St,100.0,37.771905,-122.413958,27,BRYANT
27,1,14664,Folsom Street,Folsom St & 11th St,100.0,37.771905,-122.413958,27,BRYANT
27,1,14667,14th Street,Folsom St & 14th St,100.0,37.768461,-122.41553,27,BRYANT
27,1,14667,Folsom Street,Folsom St & 14th St,100.0,37.768461,-122.41553,27,BRYANT
27,1,14668,16th Street,Folsom St & 16th St,100.0,37.76557,-122.415245,27,BRYANT
27,1,14668,Folsom Street,Folsom St & 16th St,100.0,37.76557,-122.415245,27,BRYANT
27,1,14662,8th Street,Folsom St & 8th St,100.0,37.775115,-122.409773,27,BRYANT
27,1,14662,Folsom Street,Folsom St & 8th St,100.0,37.775115,-122.409773,27,BRYANT
27,1,14663,9th Street,Folsom St & 9th St,100.0,37.773894,-122.411321,27,BRYANT
27,1,14663,Folsom Street,Folsom St & 9th St,100.0,37.773894,-122.411321,27,BRYANT
27,1,15151,Hyde Street,Jackson St & Hyde St,100.0,37.794605,-122.418293,27,BRYANT
27,1,15151,Jackson Street,Jackson St & Hyde St,100.0,37.794605,-122.418293,27,BRYANT
27,1,15158,Jackson Street,Jackson St & Polk St,100.0,37.79419,-122.42129,27,BRYANT
27,1,15158,Polk Street,Jackson St & Polk St,100.0,37.79419,-122.42129,27,BRYANT
27,1,15166,Jackson Street,Jackson St & Van Ness Ave,100.0,37.793954,-122.423154,27,BRYANT
27,1,15166,Van Ness Avenue,Jackson St & Van Ness Ave,100.0,37.793954,-122.423154,27,BRYANT
27,1,14862,Bush Street,Leavenworth St & Bush St,100.0,37.789151,-122.415272,27,BRYANT
27,1,14862,Leavenworth Street,Leavenworth St & Bush St,100.0,37.789151,-122.415272,27,BRYANT
27,1,14863,California Street,Leavenworth St & California St,100.0,37.79109,-122.41567,27,BRYANT
27,1,14863,Leavenworth Street,Leavenworth St & California St,100.0,37.79109,-122.41567,27,BRYANT
27,1,14864,Clay Street,Leavenworth St & Clay St,100.0,37.79295,-122.41604,27,BRYANT
27,1,14864,Leavenworth Street,Leavenworth St & Clay St,100.0,37.79295,-122.41604,27,BRYANT
27,1,14865,Geary Boulevard,Leavenworth St & Geary St,100.0,37.78643,-122.4147,27,BRYANT
27,1,14865,Leavenworth Street,Leavenworth St & Geary St,100.0,37.78643,-122.4147,27,BRYANT
27,1,14866,Jackson Street,Leavenworth St & Jackson St,100.0,37.79465,-122.41638,27,BRYANT
27,1,14866,Leavenworth Street,Leavenworth St & Jackson St,100.0,37.79465,-122.41638,27,BRYANT
27,1,14867,Leavenworth Street,Leavenworth St & O'Farrell St,100.0,37.7855,-122.41453,27,BRYANT
27,1,14867,O'Farrell Street,Leavenworth St & O'Farrell St,100.0,37.7855,-122.41453,27,BRYANT
27,1,14868,Leavenworth Street,Leavenworth St & Pine St,100.0,37.790159,-122.415479,27,BRYANT
27,1,14868,Pine Street,Leavenworth St & Pine St,100.0,37.790159,-122.415479,27,BRYANT
27,1,14869,Leavenworth Street,Leavenworth St & Post St,100.0,37.787313,-122.414875,27,BRYANT
27,1,14869,Post Street,Leavenworth St & Post St,100.0,37.787313,-122.414875,27,BRYANT
27,1,14870,Leavenworth Street,Leavenworth St & Sacramento St,100.0,37.79206,-122.41586,27,BRYANT
27,1,14870,Sacramento Street,Leavenworth St & Sacramento St,100.0,37.79206,-122.41586,27,BRYANT
27,1,14871,Leavenworth Street,Leavenworth St & Sutter St,100.0,37.788252,-122.41509,27,BRYANT
27,1,14871,Sutter Street,Leavenworth St & Sutter St,100.0,37.788252,-122.41509,27,BRYANT
27,1,18048,Leavenworth Street,Leavenworth St & Turk St,100.0,37.782691,-122.413972,27,BRYANT
27,1,18048,Turk Street,Leavenworth St & Turk St,100.0,37.782691,-122.413972,27,BRYANT
27,1,16877,24th Street,Valencia St & 24th St,100.0,37.75186,-122.42074,27,BRYANT
27,1,16877,Valencia Street,Valencia St & 24th St,100.0,37.75186,-122.42074,27,BRYANT
27,1,16879,25th Street,Valencia St & 25th St,100.0,37.75028,-122.42059,27,BRYANT
27,1,16879,Valencia Street,Valencia St & 25th St,100.0,37.75028,-122.42059,27,BRYANT
28,0,13354,19th Avenue,19th Ave & Eucalyptus Dr,100.0,37.730813,-122.475012,28,19TH AVENUE
28,0,13354,Eucalyptus Drive,19th Ave & Eucalyptus Dr,100.0,37.730813,-122.475012,28,19TH AVENUE
28,0,13356,19th Avenue,19th Ave & Holloway Ave,100.0,37.72111,-122.475302,28,19TH AVENUE
28,0,13356,Holloway Avenue,19th Ave & Holloway Ave,100.0,37.72111,-122.475302,28,19TH AVENUE
28,0,13359,19th Avenue,19th Ave & Irving St,100.0,37.76368,-122.47731,28,19TH AVENUE
28,0,13359,Irving Street,19th Ave & Irving St,100.0,37.76368,-122.47731,28,19TH AVENUE
28,0,13365,19th Avenue,19th Ave & Judah St,100.0,37.7614,-122.47711,28,19TH AVENUE
28,0,13365,Judah Street,19th Ave & Judah St,100.0,37.7614,-122.47711,28,19TH AVENUE
28,0,13363,19th Avenue,19th Ave & Junipero Serra Blvd,100.0,37.717323,-122.47297,28,19TH AVENUE
28,0,13363,Junipero Serra Boulevard,19th Ave & Junipero Serra Blvd,100.0,37.717323,-122.47297,28,19TH AVENUE
28,0,13369,19th Avenue,19th Ave & Lawton St,100.0,37.757889,-122.476782,28,19TH AVENUE
28,0,13369,Lawton Street,19th Ave & Lawton St,100.0,37.757889,-122.476782,28,19TH AVENUE
28,0,13371,19th Avenue,19th Ave & Lincoln Way,100.0,37.765375,-122.477404,28,19TH AVENUE
28,0,13371,Lincoln Way,19th Ave & Lincoln Way,100.0,37.765375,-122.477404,28,19TH AVENUE
28,0,13375,19th Avenue,19th Ave & Noriega St,100.0,37.75392,-122.47653,28,19TH AVENUE
28,0,13375,Noriega Street,19th Ave & Noriega St,100.0,37.75392,-122.47653,28,19TH AVENUE
28,0,13380,19th Avenue,19th Ave & Ortega St,100.0,37.75206,-122.4764,28,19TH AVENUE
28,0,13380,Ortega Street,19th Ave & Ortega St,100.0,37.75206,-122.4764,28,19TH AVENUE
28,0,13384,19th Avenue,19th Ave & Quintara St,100.0,37.7483,-122.47614,28,19TH AVENUE
28,0,13384,Quintara Street,19th Ave & Quintara St,100.0,37.7483,-122.47614,28,19TH AVENUE
28,0,13389,19th Avenue,19th Ave & Rivera St,100.0,37.74647,-122.47601,28,19TH AVENUE
28,0,13389,Rivera Street,19th Ave & Rivera St,100.0,37.74647,-122.47601,28,19TH AVENUE
28,0,13390,19th Avenue,19th Ave & Sloat Blvd,100.0,37.734556,-122.475203,28,19TH AVENUE
28,0,13390,Sloat Boulevard,19th Ave & Sloat Blvd,100.0,37.734556,-122.475203,28,19TH AVENUE
28,0,13395,19th Avenue,19th Ave & Taraval St,100.0,37.742586,-122.475737,28,19TH AVENUE
28,0,13395,Taraval Street,19th Ave & Taraval St,100.0,37.742586,-122.475737,28,19TH AVENUE
28,0,13399,19th Avenue,19th Ave & Vicente St,100.0,37.73901,-122.47553,28,19TH AVENUE
28,0,13399,Vicente Street,19th Ave & Vicente St,100.0,37.73901,-122.47553,28,19TH AVENUE
28,0,17448,19th Avenue,19th Ave & Winston Dr,100.0,37.727258,-122.475098,28,19TH AVENUE
28,0,17448,Winston Drive,19th Ave & Winston Dr,100.0,37.727258,-122.475098,28,19TH AVENUE
28,0,17925,[UNKNOWN],Daly City BART Parking Lot E,100.0,37.705879,-122.468763,28,19TH AVENUE
28,0,17529,Francisco Street,Francisco Street & Polk Street,0.307,37.803484,-122.423368,28,19TH AVENUE
28,0,17529,Polk Street,Francisco Street & Polk Street,0.307,37.803484,-122.423368,28,19TH AVENUE
28,0,14776,Golden Gate Br Tunnel/Merchant Road,Golden Gate Br Tunnel/Merchant Rd,100.0,37.806668,-122.475872,28,19TH AVENUE
28,0,14773,[UNKNOWN],Golden Gate Bridge/Parking Lot,100.0,37.807561,-122.475024,28,19TH AVENUE
28,0,15136,Font Boulevard,Junipero Serra Blvd & Font Blvd,100.0,37.71463,-122.47191,28,19TH AVENUE
28,0,15136,Junipero Serra Boulevard,Junipero Serra Blvd & Font Blvd,100.0,37.71463,-122.47191,28,19TH AVENUE
28,0,15135,Junipero Serra Boulevard / S.F. Golf Club,Junipero Serra Blvd / S.F. Golf Club,100.0,37.710707,-122.471324,28,19TH AVENUE
28,0,15273,Divisadero Street,Lombard St & Divisadero St,100.0,37.799078,-122.442861,28,19TH AVENUE
28,0,15273,Lombard Street,Lombard St & Divisadero St,100.0,37.799078,-122.442861,28,19TH AVENUE
28,0,15275,Fillmore Street,Lombard St & Fillmore St,100.0,37.799845,-122.436268,28,19TH AVENUE
28,0,15275,Lombard Street,Lombard St & Fillmore St,100.0,37.799845,-122.436268,28,19TH AVENUE
28,0,17800,Gough Street,Lombard St & Gough St,99.693,37.800942,-122.42807,28,19TH AVENUE
28,0,17800,Lombard Street,Lombard St & Gough St,99.693,37.800942,-122.42807,28,19TH AVENUE
28,0,15280,Laguna Street,Lombard St & Laguna St,99.693,37.800505,-122.431326,28,19TH AVENUE
28,0,15280,Lombard Street,Lombard St & Laguna St,99.693,37.800505,-122.431326,28,19TH AVENUE
28,0,15285,Lombard Street,Lombard St & Pierce St,100.0,37.79948,-122.439559,28,19TH AVENUE
28,0,15285,Pierce Street,Lombard St & Pierce St,100.0,37.79948,-122.439559,28,19TH AVENUE
28,0,15458,Hyde Street,North Point St & Hyde St,99.693,37.805803,-122.420226,28,19TH AVENUE
28,0,15458,North Point Street,North Point St & Hyde St,99.693,37.805803,-122.420226,28,19TH AVENUE
28,0,15460,Jones Street,North Point St & Jones St,99.693,37.806168,-122.417405,28,19TH AVENUE
28,0,15460,North Point Street,North Point St & Jones St,99.693,37.806168,-122.417405,28,19TH AVENUE
28,0,15466,Mason Street,North Point St & Mason St,99.693,37.80656,-122.41424,28,19TH AVENUE
28,0,15466,North Point Street,North Point St & Mason St,99.693,37.80656,-122.41424,28,19TH AVENUE
28,0,15468,North Point Street,North Point St & Polk St,99.693,37.805313,-122.423987,28,19TH AVENUE
28,0,15468,Polk Street,North Point St & Polk St,99.693,37.805313,-122.423987,28,19TH AVENUE
28,0,15948,California Street,Park Presidio & California Street,100.0,37.7841,-122.47274,28,19TH AVENUE
28,0,15948,Park Presidio,Park Presidio & California Street,100.0,37.7841,-122.47274,28,19TH AVENUE
28,0,15947,Balboa Street,Park Presidio Blvd & Balboa St,100.0,37.77648,-122.47214,28,19TH AVENUE
28,0,15947,Park Presidio Boulevard,Park Presidio Blvd & Balboa St,100.0,37.77648,-122.47214,28,19TH AVENUE
28,0,15951,Fulton Street,Park Presidio Blvd & Fulton St,100.0,37.77327,-122.47191,28,19TH AVENUE
28,0,15951,Park Presidio Boulevard,Park Presidio Blvd & Fulton St,100.0,37.77327,-122.47191,28,19TH AVENUE
28,0,15952,Geary Boulevard,Park Presidio Blvd & Geary Blvd,100.0,37.78027,-122.47248,28,19TH AVENUE
28,0,15952,Park Presidio Boulevard,Park Presidio Blvd & Geary Blvd,100.0,37.78027,-122.47248,28,19TH AVENUE
28,0,17038,Beach Street,Powell St & Beach St,99.693,37.807639,-122.412141,28,19TH AVENUE
28,0,17038,Powell Street,Powell St & Beach St,99.693,37.807639,-122.412141,28,19TH AVENUE
28,0,16182,Francisco Street,Richardson Ave & Francisco St,100.0,37.800328,-122.446954,28,19TH AVENUE
28,0,16182,Richardson Avenue,Richardson Ave & Francisco St,100.0,37.800328,-122.446954,28,19TH AVENUE
28,0,16801,Chestnut Street,Van Ness Ave & Chestnut St,99.693,37.802431,-122.424905,28,19TH AVENUE
28,0,16801,Van Ness Avenue,Van Ness Ave & Chestnut St,99.693,37.802431,-122.424905,28,19TH AVENUE
28,0,16819,North Point Street,Van Ness Ave & North Point St,99.693,37.80485,-122.42546,28,19TH AVENUE
28,0,16819,Van Ness Avenue,Van Ness Ave & North Point St,99.693,37.80485,-122.42546,28,19TH AVENUE
28,1,13355,19th Avenue,19th Ave & Eucalyptus Dr,98.055,37.7313,-122.474759,28,19TH AVENUE
28,1,13355,Eucalyptus Drive,19th Ave & Eucalyptus Dr,98.055,37.7313,-122.474759,28,19TH AVENUE
28,1,13360,19th Avenue,19th Ave & Irving St,98.055,37.76343,-122.47704,28,19TH AVENUE
28,1,13360,Irving Street,19th Ave & Irving St,98.055,37.76343,-122.47704,28,19TH AVENUE
28,1,13364,19th Avenue,19th Ave & Judah St,98.055,37.76177,-122.476955,28,19TH AVENUE
28,1,13364,Judah Street,19th Ave & Judah St,98.055,37.76177,-122.476955,28,19TH AVENUE
28,1,13362,19th Avenue,19th Ave & Junipero Serra Blvd,100.0,37.71805,-122.47318,28,19TH AVENUE
28,1,13362,Junipero Serra Boulevard,19th Ave & Junipero Serra Blvd,100.0,37.71805,-122.47318,28,19TH AVENUE
28,1,13368,19th Avenue,19th Ave & Lawton St,98.055,37.758076,-122.476633,28,19TH AVENUE
28,1,13368,Lawton Street,19th Ave & Lawton St,98.055,37.758076,-122.476633,28,19TH AVENUE
28,1,13374,19th Avenue,19th Ave & Noriega St,98.055,37.75432,-122.476368,28,19TH AVENUE
28,1,13374,Noriega Street,19th Ave & Noriega St,98.055,37.75432,-122.476368,28,19TH AVENUE
28,1,13379,19th Avenue,19th Ave & Ortega St,98.055,37.75272,-122.47619,28,19TH AVENUE
28,1,13379,Ortega Street,19th Ave & Ortega St,98.055,37.75272,-122.47619,28,19TH AVENUE
28,1,13383,19th Avenue,19th Ave & Quintara St,98.055,37.74853,-122.4759,28,19TH AVENUE
28,1,13383,Quintara Street,19th Ave & Quintara St,98.055,37.74853,-122.4759,28,19TH AVENUE
28,1,13388,19th Avenue,19th Ave & Rivera St,98.055,37.747152,-122.475834,28,19TH AVENUE
28,1,13388,Rivera Street,19th Ave & Rivera St,98.055,37.747152,-122.475834,28,19TH AVENUE
28,1,13391,19th Avenue,19th Ave & Sloat Blvd,98.055,37.734717,-122.474974,28,19TH AVENUE
28,1,13391,Sloat Boulevard,19th Ave & Sloat Blvd,98.055,37.734717,-122.474974,28,19TH AVENUE
28,1,13394,19th Avenue,19th Ave & Taraval St,98.055,37.74331,-122.47554,28,19TH AVENUE
28,1,13394,Taraval Street,19th Ave & Taraval St,98.055,37.74331,-122.47554,28,19TH AVENUE
28,1,13398,19th Avenue,19th Ave & Vicente St,98.055,37.739546,-122.47531,28,19TH AVENUE
28,1,13398,Vicente Street,19th Ave & Vicente St,98.055,37.739546,-122.47531,28,19TH AVENUE
28,1,13402,19th Avenue,19th Ave & Winston Dr,98.055,37.72719,-122.47468,28,19TH AVENUE
28,1,13402,Winston Drive,19th Ave & Winston Dr,98.055,37.72719,-122.47468,28,19TH AVENUE
28,1,10390,19th Avenue,19th Avenue & Holloway St,100.0,37.72119,-122.475153,28,19TH AVENUE
28,1,10390,Holloway Street,19th Avenue & Holloway St,100.0,37.72119,-122.475153,28,19TH AVENUE
28,1,17758,Crossover Drive,Crossover Dr & Lincoln St,98.055,37.765544,-122.477243,28,19TH AVENUE
28,1,17758,Lincoln Street,Crossover Dr & Lincoln St,98.055,37.765544,-122.477243,28,19TH AVENUE
28,1,17925,[UNKNOWN],Daly City BART Parking Lot E,100.0,37.705879,-122.468763,28,19TH AVENUE
28,1,14341,[UNKNOWN],Daly City BART Station,100.0,37.705964,-122.469023,28,19TH AVENUE
28,1,14776,Golden Gate Br Tunnel/Merchant Road,Golden Gate Br Tunnel/Merchant Rd,98.055,37.806668,-122.475872,28,19TH AVENUE
28,1,14773,[UNKNOWN],Golden Gate Bridge/Parking Lot,98.055,37.807561,-122.475024,28,19TH AVENUE
28,1,15134,Brotherhood Way,Junipero Serra Blvd & Brotherhood Way,100.0,37.71355,-122.47126,28,19TH AVENUE
28,1,15134,Junipero Serra Boulevard,Junipero Serra Blvd & Brotherhood Way,100.0,37.71355,-122.47126,28,19TH AVENUE
28,1,15140,Junipero Serra Boulevard,Junipero Serra Blvd & Palmetto Av,100.0,37.71091,-122.47099,28,19TH AVENUE
28,1,15140,Palmetto Av,Junipero Serra Blvd & Palmetto Av,100.0,37.71091,-122.47099,28,19TH AVENUE
28,1,15272,Divisadero Street,Lombard St & Divisadero St,98.055,37.798971,-122.442482,28,19TH AVENUE
28,1,15272,Lombard Street,Lombard St & Divisadero St,98.055,37.798971,-122.442482,28,19TH AVENUE
28,1,15274,Fillmore Street,Lombard St & Fillmore St,98.055,37.799818,-122.435878,28,19TH AVENUE
28,1,15274,Lombard Street,Lombard St & Fillmore St,98.055,37.799818,-122.435878,28,19TH AVENUE
28,1,17787,Gough Street,Lombard St & Gough St,98.055,37.800861,-122.42768,28,19TH AVENUE
28,1,17787,Lombard Street,Lombard St & Gough St,98.055,37.800861,-122.42768,28,19TH AVENUE
28,1,15281,Laguna Street,Lombard St & Laguna St,98.055,37.800442,-122.430937,28,19TH AVENUE
28,1,15281,Lombard Street,Lombard St & Laguna St,98.055,37.800442,-122.430937,28,19TH AVENUE
28,1,15284,Lombard Street,Lombard St & Pierce St,98.055,37.799399,-122.439157,28,19TH AVENUE
28,1,15284,Pierce Street,Lombard St & Pierce St,98.055,37.799399,-122.439157,28,19TH AVENUE
28,1,15459,Hyde Street,North Point St & Hyde St,98.055,37.805633,-122.420467,28,19TH AVENUE
28,1,15459,North Point Street,North Point St & Hyde St,98.055,37.805633,-122.420467,28,19TH AVENUE
28,1,15461,Jones Street,North Point St & Jones St,98.055,37.806052,-122.417176,28,19TH AVENUE
28,1,15461,North Point Street,North Point St & Jones St,98.055,37.806052,-122.417176,28,19TH AVENUE
28,1,15467,Mason Street,North Point St & Mason St,98.055,37.806524,-122.41346,28,19TH AVENUE
28,1,15467,North Point Street,North Point St & Mason St,98.055,37.806524,-122.41346,28,19TH AVENUE
28,1,15469,North Point Street,North Point St & Polk St,98.055,37.805241,-122.423494,28,19TH AVENUE
28,1,15469,Polk Street,North Point St & Polk St,98.055,37.805241,-122.423494,28,19TH AVENUE
28,1,15946,Balboa Street,Park Presidio Blvd & Balboa St,98.055,37.77724,-122.47192,28,19TH AVENUE
28,1,15946,Park Presidio Boulevard,Park Presidio Blvd & Balboa St,98.055,37.77724,-122.47192,28,19TH AVENUE
28,1,15949,California Street,Park Presidio Blvd & California St,98.055,37.784497,-122.472528,28,19TH AVENUE
28,1,15949,Park Presidio Boulevard,Park Presidio Blvd & California St,98.055,37.784497,-122.472528,28,19TH AVENUE
28,1,15950,Fulton Street,Park Presidio Blvd & Fulton St,98.055,37.773219,-122.471653,28,19TH AVENUE
28,1,15950,Park Presidio Boulevard,Park Presidio Blvd & Fulton St,98.055,37.773219,-122.471653,28,19TH AVENUE
28,1,15953,Geary Boulevard,Park Presidio Blvd & Geary Blvd,98.055,37.780776,-122.472217,28,19TH AVENUE
28,1,15953,Park Presidio Boulevard,Park Presidio Blvd & Geary Blvd,98.055,37.780776,-122.472217,28,19TH AVENUE
28,1,17038,Beach Street,Powell St & Beach St,98.055,37.807639,-122.412141,28,19TH AVENUE
28,1,17038,Powell Street,Powell St & Beach St,98.055,37.807639,-122.412141,28,19TH AVENUE
28,1,16181,Francisco Street,Richardson Ave & Francisco St,98.055,37.800408,-122.447447,28,19TH AVENUE
28,1,16181,Richardson Avenue,Richardson Ave & Francisco St,98.055,37.800408,-122.447447,28,19TH AVENUE
28,1,16806,Bay Street,Van Ness Ave & Bay St,98.055,37.804287,-122.424996,28,19TH AVENUE
28,1,16806,Van Ness Avenue,Van Ness Ave & Bay St,98.055,37.804287,-122.424996,28,19TH AVENUE
28,1,16800,Chestnut Street,Van Ness Ave & Chestnut St,98.055,37.80258,-122.42464,28,19TH AVENUE
28,1,16800,Van Ness Avenue,Van Ness Ave & Chestnut St,98.055,37.80258,-122.42464,28,19TH AVENUE
28R,0,13356,19th Avenue,19th Ave & Holloway Ave,100.0,37.72111,-122.475302,28R,19TH AVENUE RAPID
28R,0,13356,Holloway Avenue,19th Ave & Holloway Ave,100.0,37.72111,-122.475302,28R,19TH AVENUE RAPID
28R,0,13365,19th Avenue,19th Ave & Judah St,100.0,37.7614,-122.47711,28R,19TH AVENUE RAPID
28R,0,13365,Judah Street,19th Ave & Judah St,100.0,37.7614,-122.47711,28R,19TH AVENUE RAPID
28R,0,13371,19th Avenue,19th Ave & Lincoln Way,100.0,37.765375,-122.477404,28R,19TH AVENUE RAPID
28R,0,13371,Lincoln Way,19th Ave & Lincoln Way,100.0,37.765375,-122.477404,28R,19TH AVENUE RAPID
28R,0,13375,19th Avenue,19th Ave & Noriega St,100.0,37.75392,-122.47653,28R,19TH AVENUE RAPID
28R,0,13375,Noriega Street,19th Ave & Noriega St,100.0,37.75392,-122.47653,28R,19TH AVENUE RAPID
28R,0,13384,19th Avenue,19th Ave & Quintara St,100.0,37.7483,-122.47614,28R,19TH AVENUE RAPID
28R,0,13384,Quintara Street,19th Ave & Quintara St,100.0,37.7483,-122.47614,28R,19TH AVENUE RAPID
28R,0,13395,19th Avenue,19th Ave & Taraval St,100.0,37.742586,-122.475737,28R,19TH AVENUE RAPID
28R,0,13395,Taraval Street,19th Ave & Taraval St,100.0,37.742586,-122.475737,28R,19TH AVENUE RAPID
28R,0,17448,19th Avenue,19th Ave & Winston Dr,100.0,37.727258,-122.475098,28R,19TH AVENUE RAPID
28R,0,17448,Winston Drive,19th Ave & Winston Dr,100.0,37.727258,-122.475098,28R,19TH AVENUE RAPID
28R,0,13824,6th Avenue,California St & 6th Ave,100.0,37.785069,-122.464641,28R,19TH AVENUE RAPID
28R,0,13824,California Street,California St & 6th Ave,100.0,37.785069,-122.464641,28R,19TH AVENUE RAPID
28R,0,13826,7th Avenue,California St & 7th Ave,100.0,37.784819,-122.465432,28R,19TH AVENUE RAPID
28R,0,13826,California Street,California St & 7th Ave,100.0,37.784819,-122.465432,28R,19TH AVENUE RAPID
28R,0,17925,[UNKNOWN],Daly City BART Parking Lot E,100.0,37.705879,-122.468763,28R,19TH AVENUE RAPID
28R,0,15948,California Street,Park Presidio & California Street,100.0,37.7841,-122.47274,28R,19TH AVENUE RAPID
28R,0,15948,Park Presidio,Park Presidio & California Street,100.0,37.7841,-122.47274,28R,19TH AVENUE RAPID
28R,0,15951,Fulton Street,Park Presidio Blvd & Fulton St,100.0,37.77327,-122.47191,28R,19TH AVENUE RAPID
28R,0,15951,Park Presidio Boulevard,Park Presidio Blvd & Fulton St,100.0,37.77327,-122.47191,28R,19TH AVENUE RAPID
28R,0,15952,Geary Boulevard,Park Presidio Blvd & Geary Blvd,100.0,37.78027,-122.47248,28R,19TH AVENUE RAPID
28R,0,15952,Park Presidio Boulevard,Park Presidio Blvd & Geary Blvd,100.0,37.78027,-122.47248,28R,19TH AVENUE RAPID
28R,1,13364,19th Avenue,19th Ave & Judah St,100.0,37.76177,-122.476955,28R,19TH AVENUE RAPID
28R,1,13364,Judah Street,19th Ave & Judah St,100.0,37.76177,-122.476955,28R,19TH AVENUE RAPID
28R,1,13374,19th Avenue,19th Ave & Noriega St,100.0,37.75432,-122.476368,28R,19TH AVENUE RAPID
28R,1,13374,Noriega Street,19th Ave & Noriega St,100.0,37.75432,-122.476368,28R,19TH AVENUE RAPID
28R,1,13383,19th Avenue,19th Ave & Quintara St,100.0,37.74853,-122.4759,28R,19TH AVENUE RAPID
28R,1,13383,Quintara Street,19th Ave & Quintara St,100.0,37.74853,-122.4759,28R,19TH AVENUE RAPID
28R,1,13394,19th Avenue,19th Ave & Taraval St,100.0,37.74331,-122.47554,28R,19TH AVENUE RAPID
28R,1,13394,Taraval Street,19th Ave & Taraval St,100.0,37.74331,-122.47554,28R,19TH AVENUE RAPID
28R,1,13402,19th Avenue,19th Ave & Winston Dr,100.0,37.72719,-122.47468,28R,19TH AVENUE RAPID
28R,1,13402,Winston Drive,19th Ave & Winston Dr,100.0,37.72719,-122.47468,28R,19TH AVENUE RAPID
28R,1,10390,19th Avenue,19th Avenue & Holloway St,100.0,37.72119,-122.475153,28R,19TH AVENUE RAPID
28R,1,10390,Holloway Street,19th Avenue & Holloway St,100.0,37.72119,-122.475153,28R,19TH AVENUE RAPID
28R,1,13832,12th Avenue,California St & 12th Ave,100.0,37.784454,-122.471103,28R,19TH AVENUE RAPID
28R,1,13832,California Street,California St & 12th Ave,100.0,37.784454,-122.471103,28R,19TH AVENUE RAPID
28R,1,13826,7th Avenue,California St & 7th Ave,100.0,37.784819,-122.465432,28R,19TH AVENUE RAPID
28R,1,13826,California Street,California St & 7th Ave,100.0,37.784819,-122.465432,28R,19TH AVENUE RAPID
28R,1,17758,Crossover Drive,Crossover Dr & Lincoln St,100.0,37.765544,-122.477243,28R,19TH AVENUE RAPID
28R,1,17758,Lincoln Street,Crossover Dr & Lincoln St,100.0,37.765544,-122.477243,28R,19TH AVENUE RAPID
28R,1,17925,[UNKNOWN],Daly City BART Parking Lot E,100.0,37.705879,-122.468763,28R,19TH AVENUE RAPID
28R,1,14341,[UNKNOWN],Daly City BART Station,100.0,37.705964,-122.469023,28R,19TH AVENUE RAPID
28R,1,15950,Fulton Street,Park Presidio Blvd & Fulton St,100.0,37.773219,-122.471653,28R,19TH AVENUE RAPID
28R,1,15950,Park Presidio Boulevard,Park Presidio Blvd & Fulton St,100.0,37.773219,-122.471653,28R,19TH AVENUE RAPID
28R,1,15953,Geary Boulevard,Park Presidio Blvd & Geary Blvd,100.0,37.780776,-122.472217,28R,19TH AVENUE RAPID
28R,1,15953,Park Presidio Boulevard,Park Presidio Blvd & Geary Blvd,100.0,37.780776,-122.472217,28R,19TH AVENUE RAPID
29,0,13356,19th Avenue,19th Ave & Holloway Ave,99.746,37.72111,-122.475302,29,SUNSET
29,0,13356,Holloway Avenue,19th Ave & Holloway Ave,99.746,37.72111,-122.475302,29,SUNSET
29,0,13489,25th Avenue,25th Ave & Balboa St,99.492,37.776419,-122.48456,29,SUNSET
29,0,13489,Balboa Street,25th Ave & Balboa St,99.492,37.776419,-122.48456,29,SUNSET
29,0,18135,25th Avenue,25th Ave & California St,99.492,37.78361,-122.485079,29,SUNSET
29,0,18135,California Street,25th Ave & California St,99.492,37.78361,-122.485079,29,SUNSET
29,0,13495,25th Avenue,25th Ave & Clement St,99.492,37.782147,-122.484975,29,SUNSET
29,0,13495,Clement Street,25th Ave & Clement St,99.492,37.782147,-122.484975,29,SUNSET
29,0,13498,25th Avenue,25th Ave & El Camino Del Mar,92.915,37.787367,-122.485356,29,SUNSET
29,0,13498,El Camino Del Mar,25th Ave & El Camino Del Mar,92.915,37.787367,-122.485356,29,SUNSET
29,0,13499,25th Avenue,25th Ave & Fulton St,99.492,37.772689,-122.484295,29,SUNSET
29,0,13499,Fulton Street,25th Ave & Fulton St,99.492,37.772689,-122.484295,29,SUNSET
29,0,13500,25th Avenue,25th Ave & Geary Blvd,99.492,37.780255,-122.484837,29,SUNSET
29,0,13500,Geary Boulevard,25th Ave & Geary Blvd,99.492,37.780255,-122.484837,29,SUNSET
29,0,13562,37th Avenue,37th Ave & Lincoln Way,99.492,37.76436,-122.496621,29,SUNSET
29,0,13562,Lincoln Way,37th Ave & Lincoln Way,99.492,37.76436,-122.496621,29,SUNSET
29,0,17835,37th Avenue,37th Ave & Ortega St,0.254,37.751298,-122.495559,29,SUNSET
29,0,17835,Ortega Street,37th Ave & Ortega St,0.254,37.751298,-122.495559,29,SUNSET
29,0,13023,[UNKNOWN],Baker Beach Parking Lot Sw,92.915,37.790249,-122.482263,29,SUNSET
29,0,13689,Beverly Street,Beverly St & Garfield St,99.746,37.719728,-122.471739,29,SUNSET
29,0,13689,Garfield Street,Beverly St & Garfield St,99.746,37.719728,-122.471739,29,SUNSET
29,0,13706,Bowley Street,Bowley St & Lincoln Blvd,92.915,37.792079,-122.481575,29,SUNSET
29,0,13706,Lincoln Boulevard,Bowley St & Lincoln Blvd,92.915,37.792079,-122.481575,29,SUNSET
29,0,17067,Cayuga Avenue,Cayuga Ave & Onondaga Ave,0.254,37.722076,-122.439957,29,SUNSET
29,0,17067,Onondaga Avenue,Cayuga Ave & Onondaga Ave,0.254,37.722076,-122.439957,29,SUNSET
29,0,14207,Crespi Drive,Crespi Dr & Varela Ave,99.746,37.7201,-122.47594,29,SUNSET
29,0,14207,Varela Avenue,Crespi Dr & Varela Ave,99.746,37.7201,-122.47594,29,SUNSET
29,0,14648,Fitzgerald Avenue,Fitzgerald Ave & Keith St,100.0,37.722895,-122.394842,29,SUNSET
29,0,14648,Keith Street,Fitzgerald Ave & Keith St,100.0,37.722895,-122.394842,29,SUNSET
29,0,14247,Bright Street,Garfield St & Bright St,99.746,37.719791,-122.463642,29,SUNSET
29,0,14247,Garfield Street,Garfield St & Bright St,99.746,37.719791,-122.463642,29,SUNSET
29,0,17325,Byxbee Street,Garfield St & Byxbee St,99.746,37.719585,-122.469953,29,SUNSET
29,0,17325,Garfield Street,Garfield St & Byxbee St,99.746,37.719585,-122.469953,29,SUNSET
29,0,17326,Garfield Street,Garfield St & Vernon St,99.746,37.719594,-122.468155,29,SUNSET
29,0,17326,Vernon Street,Garfield St & Vernon St,99.746,37.719594,-122.468155,29,SUNSET
29,0,14254,Garfield Street,Garfield St & Victoria St,99.746,37.719613,-122.465452,29,SUNSET
29,0,14254,Victoria Street,Garfield St & Victoria St,99.746,37.719613,-122.465452,29,SUNSET
29,0,14908,Capitol Avenue,Grafton Ave & Capitol Ave,99.746,37.719953,-122.45929,29,SUNSET
29,0,14908,Grafton Avenue,Grafton Ave & Capitol Ave,99.746,37.719953,-122.45929,29,SUNSET
29,0,14910,Grafton Avenue,Grafton Ave & Granada Ave,99.746,37.719962,-122.457251,29,SUNSET
29,0,14910,Granada Avenue,Grafton Ave & Granada Ave,99.746,37.719962,-122.457251,29,SUNSET
29,0,14912,Grafton Avenue,Grafton Ave & Jules Ave,99.746,37.719952,-122.461329,29,SUNSET
29,0,14912,Jules Avenue,Grafton Ave & Jules Ave,99.746,37.719952,-122.461329,29,SUNSET
29,0,14915,Grafton Avenue,Grafton Ave & Plymouth Ave,99.746,37.719962,-122.456232,29,SUNSET
29,0,14915,Plymouth Avenue,Grafton Ave & Plymouth Ave,99.746,37.719962,-122.456232,29,SUNSET
29,0,15034,Beverly Street,Holloway Ave & Beverly St,99.746,37.72161,-122.471797,29,SUNSET
29,0,15034,Holloway Avenue,Holloway Ave & Beverly St,99.746,37.72161,-122.471797,29,SUNSET
29,0,15037,Holloway Avenue,Holloway Ave & Junipero Serra Blvd,99.746,37.721485,-122.472713,29,SUNSET
29,0,15037,Junipero Serra Boulevard,Holloway Ave & Junipero Serra Blvd,99.746,37.721485,-122.472713,29,SUNSET
29,0,14839,Lake Merced,Lake Merced & Middlefield Dr,99.746,37.729441,-122.48629,29,SUNSET
29,0,14839,Middlefield Drive,Lake Merced & Middlefield Dr,99.746,37.729441,-122.48629,29,SUNSET
29,0,13705,Bowley Street,Lincoln Blvd & Bowley St,92.915,37.788465,-122.482617,29,SUNSET
29,0,13705,Lincoln Boulevard,Lincoln Blvd & Bowley St,92.915,37.788465,-122.482617,29,SUNSET
29,0,15309,19th Avenue,Lincoln Way & 19th Ave,99.492,37.765526,-122.47761,29,SUNSET
29,0,15309,Lincoln Way,Lincoln Way & 19th Ave,99.492,37.765526,-122.47761,29,SUNSET
29,0,15310,21st Avenue,Lincoln Way & 21st Ave,99.492,37.765428,-122.479696,29,SUNSET
29,0,15310,Lincoln Way,Lincoln Way & 21st Ave,99.492,37.765428,-122.479696,29,SUNSET
29,0,15314,25th Avenue,Lincoln Way & 25th Ave,99.492,37.765221,-122.483993,29,SUNSET
29,0,15314,Lincoln Way,Lincoln Way & 25th Ave,99.492,37.765221,-122.483993,29,SUNSET
29,0,15316,27th Avenue,Lincoln Way & 27th Ave,99.492,37.765131,-122.486136,29,SUNSET
29,0,15316,Lincoln Way,Lincoln Way & 27th Ave,99.492,37.765131,-122.486136,29,SUNSET
29,0,15318,29th Avenue,Lincoln Way & 29th Ave,99.492,37.765032,-122.488267,29,SUNSET
29,0,15318,Lincoln Way,Lincoln Way & 29th Ave,99.492,37.765032,-122.488267,29,SUNSET
29,0,15320,31st Avenue,Lincoln Way & 31st Ave,99.492,37.764943,-122.490422,29,SUNSET
29,0,15320,Lincoln Way,Lincoln Way & 31st Ave,99.492,37.764943,-122.490422,29,SUNSET
29,0,15321,33rd Avenue,Lincoln Way & 33rd Ave,99.492,37.764844,-122.492565,29,SUNSET
29,0,15321,Lincoln Way,Lincoln Way & 33rd Ave,99.492,37.764844,-122.492565,29,SUNSET
29,0,15323,35th Avenue,Lincoln Way & 35th Ave,99.492,37.764754,-122.494708,29,SUNSET
29,0,15323,Lincoln Way,Lincoln Way & 35th Ave,99.492,37.764754,-122.494708,29,SUNSET
29,0,15338,Brussels Street,Mansell St & Brussels St,100.0,37.720926,-122.403124,29,SUNSET
29,0,15338,Mansell Street,Mansell St & Brussels St,100.0,37.720926,-122.403124,29,SUNSET
29,0,15340,Dartmouth Street,Mansell St & Dartmouth St,100.0,37.719376,-122.409058,29,SUNSET
29,0,15340,Mansell Street,Mansell St & Dartmouth St,100.0,37.719376,-122.409058,29,SUNSET
29,0,15341,Goettingen Street,Mansell St & Goettingen St,100.0,37.720677,-122.404098,29,SUNSET
29,0,15341,Mansell Street,Mansell St & Goettingen St,100.0,37.720677,-122.404098,29,SUNSET
29,0,15344,Hamilton Street,Mansell St & Hamilton St,100.0,37.719892,-122.407088,29,SUNSET
29,0,15344,Mansell Street,Mansell St & Hamilton St,100.0,37.719892,-122.407088,29,SUNSET
29,0,15348,John F Shelley Drive,Mansell St & John F Shelley Dr,100.0,37.71862,-122.418255,29,SUNSET
29,0,15348,Mansell Street,Mansell St & John F Shelley Dr,100.0,37.71862,-122.418255,29,SUNSET
29,0,15349,Mansell Street,Mansell St & San Bruno Ave,100.0,37.721443,-122.401154,29,SUNSET
29,0,15349,San Bruno Avenue,Mansell St & San Bruno Ave,100.0,37.721443,-122.401154,29,SUNSET
29,0,15351,Mansell Street,Mansell St & Somerset St,100.0,37.720418,-122.405094,29,SUNSET
29,0,15351,Somerset Street,Mansell St & Somerset St,100.0,37.720418,-122.405094,29,SUNSET
29,0,15354,Mansell Street,Mansell St & Visitacion Ave,100.0,37.71877,-122.41136,29,SUNSET
29,0,15354,Visitacion Avenue,Mansell St & Visitacion Ave,100.0,37.71877,-122.41136,29,SUNSET
29,0,15783,Cayuga Avenue,Ocean Ave & Cayuga Ave,99.746,37.72357,-122.43853,29,SUNSET
29,0,15783,Ocean Avenue,Ocean Ave & Cayuga Ave,99.746,37.72357,-122.43853,29,SUNSET
29,0,17036,Geneva Avenue,Ocean Ave & Geneva Ave,99.746,37.723031,-122.452453,29,SUNSET
29,0,17036,Ocean Avenue,Ocean Ave & Geneva Ave,99.746,37.723031,-122.452453,29,SUNSET
29,0,15791,Howth Street,Ocean Ave & Howth St,99.746,37.72286,-122.44929,29,SUNSET
29,0,15791,Ocean Avenue,Ocean Ave & Howth St,99.746,37.72286,-122.44929,29,SUNSET
29,0,17327,Lee Avenue,Ocean Ave & Lee Ave,99.746,37.723399,-122.454281,29,SUNSET
29,0,17327,Ocean Avenue,Ocean Ave & Lee Ave,99.746,37.723399,-122.454281,29,SUNSET
29,0,15800,Ocean Avenue,Ocean Ave & Otsego Ave,99.746,37.72326,-122.44124,29,SUNSET
29,0,15800,Otsego Avenue,Ocean Ave & Otsego Ave,99.746,37.72326,-122.44124,29,SUNSET
29,0,15805,Ocean Avenue,Ocean Ave & San Jose St,99.746,37.7229,-122.4444,29,SUNSET
29,0,15805,San Jose Street,Ocean Ave & San Jose St,99.746,37.7229,-122.4444,29,SUNSET
29,0,15781,Ocean Ave/Balboa Park BART Station,Ocean Ave/Balboa Park BART Station,99.746,37.722942,-122.447493,29,SUNSET
29,0,15900,Carr Street,Paul Ave & Carr St,100.0,37.722485,-122.396343,29,SUNSET
29,0,15900,Paul Avenue,Paul Ave & Carr St,100.0,37.722485,-122.396343,29,SUNSET
29,0,15903,Gould Street,Paul Ave & Gould St,100.0,37.722726,-122.397385,29,SUNSET
29,0,15903,Paul Avenue,Paul Ave & Gould St,100.0,37.722726,-122.397385,29,SUNSET
29,0,15905,Paul Avenue,Paul Ave & Wheat St,100.0,37.723397,-122.400202,29,SUNSET
29,0,15905,Wheat Street,Paul Ave & Wheat St,100.0,37.723397,-122.400202,29,SUNSET
29,0,15906,Athens Street,Persia Ave & Athens St,100.0,37.72012,-122.42976,29,SUNSET
29,0,15906,Persia Avenue,Persia Ave & Athens St,100.0,37.72012,-122.42976,29,SUNSET
29,0,15908,Brazil Avenue,Persia Ave & Brazil Ave,100.0,37.717782,-122.422504,29,SUNSET
29,0,15908,Persia Avenue,Persia Ave & Brazil Ave,100.0,37.717782,-122.422504,29,SUNSET
29,0,15911,Madrid Street,Persia Ave & Madrid St,100.0,37.721612,-122.432959,29,SUNSET
29,0,15911,Persia Avenue,Persia Ave & Madrid St,100.0,37.721612,-122.432959,29,SUNSET
29,0,15913,Mission Street,Persia Ave & Mission St,100.0,37.722941,-122.435765,29,SUNSET
29,0,15913,Persia Avenue,Persia Ave & Mission St,100.0,37.722941,-122.435765,29,SUNSET
29,0,15915,Moscow Street,Persia Ave & Moscow St,100.0,37.719702,-122.428963,29,SUNSET
29,0,15915,Persia Avenue,Persia Ave & Moscow St,100.0,37.719702,-122.428963,29,SUNSET
29,0,15917,Naples Street,Persia Ave & Naples St,100.0,37.720853,-122.431356,29,SUNSET
29,0,15917,Persia Avenue,Persia Ave & Naples St,100.0,37.720853,-122.431356,29,SUNSET
29,0,15919,Paris Street,Persia Ave & Paris St,100.0,37.722379,-122.434563,29,SUNSET
29,0,15919,Persia Avenue,Persia Ave & Paris St,100.0,37.722379,-122.434563,29,SUNSET
29,0,15921,Persia Avenue,Persia Ave & Prague St,100.0,37.718934,-122.427348,29,SUNSET
29,0,15921,Prague Street,Persia Ave & Prague St,100.0,37.718934,-122.427348,29,SUNSET
29,0,15962,Holloway Avenue,Plymouth Ave & Holloway Ave,99.746,37.72177,-122.4561,29,SUNSET
29,0,15962,Plymouth Avenue,Plymouth Ave & Holloway Ave,99.746,37.72177,-122.4561,29,SUNSET
29,0,15974,Ocean Avenue,Plymouth Ave & Ocean Ave,99.746,37.723772,-122.456049,29,SUNSET
29,0,15974,Plymouth Avenue,Plymouth Ave & Ocean Ave,99.746,37.723772,-122.456049,29,SUNSET
29,0,16363,Paul Avenue,San Bruno Ave & Paul Ave,100.0,37.723647,-122.401863,29,SUNSET
29,0,16363,San Bruno Avenue,San Bruno Ave & Paul Ave,100.0,37.723647,-122.401863,29,SUNSET
29,0,16529,Judah Street,Sunset Blvd & Judah St,99.492,37.760658,-122.4959,29,SUNSET
29,0,16529,Sunset Boulevard,Sunset Blvd & Judah St,99.492,37.760658,-122.4959,29,SUNSET
29,0,16535,Lawton Street,Sunset Blvd & Lawton St,99.492,37.756877,-122.49565,29,SUNSET
29,0,16535,Sunset Boulevard,Sunset Blvd & Lawton St,99.492,37.756877,-122.49565,29,SUNSET
29,0,16539,Noriega Street,Sunset Blvd & Noriega St,99.492,37.753163,-122.495367,29,SUNSET
29,0,16539,Sunset Boulevard,Sunset Blvd & Noriega St,99.492,37.753163,-122.495367,29,SUNSET
29,0,16541,Ocean Avenue,Sunset Blvd & Ocean Ave,99.746,37.731709,-122.493874,29,SUNSET
29,0,16541,Sunset Boulevard,Sunset Blvd & Ocean Ave,99.746,37.731709,-122.493874,29,SUNSET
29,0,16544,Ortega Street,Sunset Blvd & Ortega St,99.492,37.751307,-122.495169,29,SUNSET
29,0,16544,Sunset Boulevard,Sunset Blvd & Ortega St,99.492,37.751307,-122.495169,29,SUNSET
29,0,16548,Quintara Street,Sunset Blvd & Quintara St,99.746,37.747711,-122.494949,29,SUNSET
29,0,16548,Sunset Boulevard,Sunset Blvd & Quintara St,99.746,37.747711,-122.494949,29,SUNSET
29,0,18159,Rivera Street,Sunset Blvd & Rivera St,99.746,37.745838,-122.49481,29,SUNSET
29,0,18159,Sunset Boulevard,Sunset Blvd & Rivera St,99.746,37.745838,-122.49481,29,SUNSET
29,0,16555,Sunset Boulevard,Sunset Blvd & Taraval St,99.746,37.741975,-122.494594,29,SUNSET
29,0,16555,Taraval Street,Sunset Blvd & Taraval St,99.746,37.741975,-122.494594,29,SUNSET
29,0,16559,Sunset Boulevard,Sunset Blvd & Vicente St,99.746,37.738244,-122.494337,29,SUNSET
29,0,16559,Vicente Street,Sunset Blvd & Vicente St,99.746,37.738244,-122.494337,29,SUNSET
29,0,16564,Sunset Boulevard,Sunset Blvd & Yorba St,99.746,37.734783,-122.494059,29,SUNSET
29,0,16564,Yorba Street,Sunset Blvd & Yorba St,99.746,37.734783,-122.494059,29,SUNSET
29,0,16951,20th Avenue,Winston Dr & 20th Ave,99.746,37.726883,-122.475739,29,SUNSET
29,0,16951,Winston Drive,Winston Dr & 20th Ave,99.746,37.726883,-122.475739,29,SUNSET
29,0,16953,Buckingham Way,Winston Dr & Buckingham Way,99.746,37.728294,-122.478929,29,SUNSET
29,0,16953,Winston Drive,Winston Dr & Buckingham Way,99.746,37.728294,-122.478929,29,SUNSET
29,0,16955,Lake Merced Boulevard,Winston Dr & Lake Merced Blvd,99.746,37.726979,-122.48331,29,SUNSET
29,0,16955,Winston Drive,Winston Dr & Lake Merced Blvd,99.746,37.726979,-122.48331,29,SUNSET
29,1,10390,19th Avenue,19th Avenue & Holloway St,100.0,37.72119,-122.475153,29,SUNSET
29,1,10390,Holloway Street,19th Avenue & Holloway St,100.0,37.72119,-122.475153,29,SUNSET
29,1,13490,25th Avenue,25th Ave & Balboa St,100.0,37.776187,-122.484365,29,SUNSET
29,1,13490,Balboa Street,25th Ave & Balboa St,100.0,37.776187,-122.484365,29,SUNSET
29,1,13491,25th Avenue,25th Ave & California St,11.261,37.784003,-122.485102,29,SUNSET
29,1,13492,25th Avenue,25th Ave & California St,100.0,37.783807,-122.48485,29,SUNSET
29,1,13491,California Street,25th Ave & California St,11.261,37.784003,-122.485102,29,SUNSET
29,1,13492,California Street,25th Ave & California St,100.0,37.783807,-122.48485,29,SUNSET
29,1,13496,25th Avenue,25th Ave & Clement St,100.0,37.781951,-122.484712,29,SUNSET
29,1,13496,Clement Street,25th Ave & Clement St,100.0,37.781951,-122.484712,29,SUNSET
29,1,13497,25th Avenue,25th Ave & El Camino Del Mar,100.0,37.787536,-122.485139,29,SUNSET
29,1,13498,25th Avenue,25th Ave & El Camino Del Mar,11.261,37.787367,-122.485356,29,SUNSET
29,1,13497,El Camino Del Mar,25th Ave & El Camino Del Mar,100.0,37.787536,-122.485139,29,SUNSET
29,1,13498,El Camino Del Mar,25th Ave & El Camino Del Mar,11.261,37.787367,-122.485356,29,SUNSET
29,1,13501,25th Avenue,25th Ave & Geary Blvd,100.0,37.779925,-122.484619,29,SUNSET
29,1,13501,Geary Boulevard,25th Ave & Geary Blvd,100.0,37.779925,-122.484619,29,SUNSET
29,1,13561,36th Avenue,36th Ave & Lincoln Way,100.0,37.764557,-122.495372,29,SUNSET
29,1,13561,Lincoln Way,36th Ave & Lincoln Way,100.0,37.764557,-122.495372,29,SUNSET
29,1,13023,[UNKNOWN],Baker Beach Parking Lot Sw,11.261,37.790249,-122.482263,29,SUNSET
29,1,13706,Bowley Street,Bowley St & Lincoln Blvd,100.0,37.792079,-122.481575,29,SUNSET
29,1,13706,Lincoln Boulevard,Bowley St & Lincoln Blvd,100.0,37.792079,-122.481575,29,SUNSET
29,1,16984,Cross Over Drive,Cross Over Dr & Fulton St,100.0,37.77235,-122.484077,29,SUNSET
29,1,16984,Fulton Street,Cross Over Dr & Fulton St,100.0,37.77235,-122.484077,29,SUNSET
29,1,17758,Crossover Drive,Crossover Dr & Lincoln St,100.0,37.765544,-122.477243,29,SUNSET
29,1,17758,Lincoln Street,Crossover Dr & Lincoln St,100.0,37.765544,-122.477243,29,SUNSET
29,1,14645,Fitzgerald Avenue,Fitzgerald Ave & Hawes St,99.741,37.719921,-122.389587,29,SUNSET
29,1,14645,Hawes Street,Fitzgerald Ave & Hawes St,99.741,37.719921,-122.389587,29,SUNSET
29,1,14646,Fitzgerald Avenue,Fitzgerald Ave & Ingalls St,99.741,37.720966,-122.391453,29,SUNSET
29,1,14646,Ingalls Street,Fitzgerald Ave & Ingalls St,99.741,37.720966,-122.391453,29,SUNSET
29,1,14647,Fitzgerald Avenue,Fitzgerald Ave & Jennings St,99.741,37.722028,-122.39332,29,SUNSET
29,1,14647,Jennings Street,Fitzgerald Ave & Jennings St,99.741,37.722028,-122.39332,29,SUNSET
29,1,14648,Fitzgerald Avenue,Fitzgerald Ave & Keith St,99.741,37.722895,-122.394842,29,SUNSET
29,1,14648,Keith Street,Fitzgerald Ave & Keith St,99.741,37.722895,-122.394842,29,SUNSET
29,1,14245,Beverly Street,Garfield St & Beverly St,100.0,37.719719,-122.471533,29,SUNSET
29,1,14245,Garfield Street,Garfield St & Beverly St,100.0,37.719719,-122.471533,29,SUNSET
29,1,14246,Bright Street,Garfield St & Bright St,100.0,37.719988,-122.463459,29,SUNSET
29,1,14246,Garfield Street,Garfield St & Bright St,100.0,37.719988,-122.463459,29,SUNSET
29,1,14248,Byxbee Street,Garfield St & Byxbee St,100.0,37.719737,-122.469735,29,SUNSET
29,1,14248,Garfield Street,Garfield St & Byxbee St,100.0,37.719737,-122.469735,29,SUNSET
29,1,14253,Garfield Street,Garfield St & Vernon St,100.0,37.719746,-122.467937,29,SUNSET
29,1,14253,Vernon Street,Garfield St & Vernon St,100.0,37.719746,-122.467937,29,SUNSET
29,1,17196,Garfield Street,Garfield St & Victoria St,100.0,37.719764,-122.465234,29,SUNSET
29,1,17196,Victoria Street,Garfield St & Victoria St,100.0,37.719764,-122.465234,29,SUNSET
29,1,14783,3rd Street,Gilman Ave & 3rd St,99.741,37.722458,-122.395415,29,SUNSET
29,1,14783,Gilman Avenue,Gilman Ave & 3rd St,99.741,37.722458,-122.395415,29,SUNSET
29,1,15955,Bill Walsh Way,Gilman Ave & Bill Walsh Way,99.741,37.717502,-122.38699,29,SUNSET
29,1,15955,Gilman Avenue,Gilman Ave & Bill Walsh Way,99.741,37.717502,-122.38699,29,SUNSET
29,1,14784,Gilman Avenue,Gilman Ave & Griffith St,99.741,37.718234,-122.388272,29,SUNSET
29,1,14784,Griffith Street,Gilman Ave & Griffith St,99.741,37.718234,-122.388272,29,SUNSET
29,1,14785,Gilman Avenue,Gilman Ave & Ingalls St,99.741,37.72035,-122.391729,29,SUNSET
29,1,14785,Ingalls Street,Gilman Ave & Ingalls St,99.741,37.72035,-122.391729,29,SUNSET
29,1,14786,Gilman Avenue,Gilman Ave & Jennings St,99.741,37.721413,-122.393595,29,SUNSET
29,1,14786,Jennings Street,Gilman Ave & Jennings St,99.741,37.721413,-122.393595,29,SUNSET
29,1,17194,Capitol Avenue,Grafton Ave & Capitol Ave,100.0,37.720104,-122.459072,29,SUNSET
29,1,17194,Grafton Avenue,Grafton Ave & Capitol Ave,100.0,37.720104,-122.459072,29,SUNSET
29,1,17195,Grafton Avenue,Grafton Ave & Jules Ave,100.0,37.720095,-122.461111,29,SUNSET
29,1,17195,Jules Avenue,Grafton Ave & Jules Ave,100.0,37.720095,-122.461111,29,SUNSET
29,1,17193,Grafton Avenue,Grafton Ave & Plymouth Ave,100.0,37.720104,-122.457034,29,SUNSET
29,1,17193,Plymouth Avenue,Grafton Ave & Plymouth Ave,100.0,37.720104,-122.457034,29,SUNSET
29,1,14976,Gilman Avenue,Hawes St & Gilman Ave,99.741,37.719198,-122.390012,29,SUNSET
29,1,14976,Hawes Street,Hawes St & Gilman Ave,99.741,37.719198,-122.390012,29,SUNSET
29,1,15036,Holloway Avenue,Holloway Ave & Junipero Serra Blvd,100.0,37.721592,-122.472954,29,SUNSET
29,1,15036,Junipero Serra Boulevard,Holloway Ave & Junipero Serra Blvd,100.0,37.721592,-122.472954,29,SUNSET
29,1,15115,Griffith Street,Ingerson Ave & Griffith St,99.741,37.717012,-122.389212,29,SUNSET
29,1,15115,Ingerson Avenue,Ingerson Ave & Griffith St,99.741,37.717012,-122.389212,29,SUNSET
29,1,15116,Hawes Street,Ingerson Ave & Hawes St,99.741,37.718039,-122.390998,29,SUNSET
29,1,15116,Ingerson Avenue,Ingerson Ave & Hawes St,99.741,37.718039,-122.390998,29,SUNSET
29,1,14838,Lake Merced,Lake Merced & Middlefield Dr,100.0,37.729628,-122.486404,29,SUNSET
29,1,14838,Middlefield Drive,Lake Merced & Middlefield Dr,100.0,37.729628,-122.486404,29,SUNSET
29,1,13705,Bowley Street,Lincoln Blvd & Bowley St,11.261,37.788465,-122.482617,29,SUNSET
29,1,15263,Bowley Street,Lincoln Blvd & Bowley St,100.0,37.788393,-122.482457,29,SUNSET
29,1,13705,Lincoln Boulevard,Lincoln Blvd & Bowley St,11.261,37.788465,-122.482617,29,SUNSET
29,1,15263,Lincoln Boulevard,Lincoln Blvd & Bowley St,100.0,37.788393,-122.482457,29,SUNSET
29,1,15269,Lincoln Boulevard,Lincoln Blvd & Pershing Dr,100.0,37.792088,-122.480968,29,SUNSET
29,1,15269,Pershing Drive,Lincoln Blvd & Pershing Dr,100.0,37.792088,-122.480968,29,SUNSET
29,1,15311,21st Avenue,Lincoln Way & 21st Ave,100.0,37.765285,-122.479489,29,SUNSET
29,1,15311,Lincoln Way,Lincoln Way & 21st Ave,100.0,37.765285,-122.479489,29,SUNSET
29,1,15315,25th Avenue,Lincoln Way & 25th Ave,100.0,37.765105,-122.483363,29,SUNSET
29,1,15315,Lincoln Way,Lincoln Way & 25th Ave,100.0,37.765105,-122.483363,29,SUNSET
29,1,15317,27th Avenue,Lincoln Way & 27th Ave,100.0,37.765016,-122.485506,29,SUNSET
29,1,15317,Lincoln Way,Lincoln Way & 27th Ave,100.0,37.765016,-122.485506,29,SUNSET
29,1,15319,30th Avenue,Lincoln Way & 30th Ave,100.0,37.764881,-122.488714,29,SUNSET
29,1,15319,Lincoln Way,Lincoln Way & 30th Ave,100.0,37.764881,-122.488714,29,SUNSET
29,1,17853,34th Avenue,Lincoln Way & 34th Ave,100.0,37.764709,-122.493413,29,SUNSET
29,1,17853,Lincoln Way,Lincoln Way & 34th Ave,100.0,37.764709,-122.493413,29,SUNSET
29,1,15337,Brussels Street,Mansell St & Brussels St,99.741,37.721096,-122.403067,29,SUNSET
29,1,15337,Mansell Street,Mansell St & Brussels St,99.741,37.721096,-122.403067,29,SUNSET
29,1,15339,Dartmouth Street,Mansell St & Dartmouth St,100.0,37.719581,-122.408886,29,SUNSET
29,1,15339,Mansell Street,Mansell St & Dartmouth St,100.0,37.719581,-122.408886,29,SUNSET
29,1,15342,Goettingen Street,Mansell St & Goettingen St,99.741,37.720766,-122.404338,29,SUNSET
29,1,15342,Mansell Street,Mansell St & Goettingen St,99.741,37.720766,-122.404338,29,SUNSET
29,1,15343,Hamilton Street,Mansell St & Hamilton St,100.0,37.720098,-122.406916,29,SUNSET
29,1,15343,Mansell Street,Mansell St & Hamilton St,100.0,37.720098,-122.406916,29,SUNSET
29,1,15347,John F Shelley Drive,Mansell St & John F Shelley Dr,100.0,37.718763,-122.4183,29,SUNSET
29,1,15347,Mansell Street,Mansell St & John F Shelley Dr,100.0,37.718763,-122.4183,29,SUNSET
29,1,15350,Mansell Street,Mansell St & San Bruno Ave,99.741,37.721541,-122.401394,29,SUNSET
29,1,15350,San Bruno Avenue,Mansell St & San Bruno Ave,99.741,37.721541,-122.401394,29,SUNSET
29,1,15352,Mansell Street,Mansell St & Somerset St,100.0,37.72057,-122.405152,29,SUNSET
29,1,15352,Somerset Street,Mansell St & Somerset St,100.0,37.72057,-122.405152,29,SUNSET
29,1,15353,Mansell Street,Mansell St & University St,100.0,37.718957,-122.411257,29,SUNSET
29,1,15353,University Street,Mansell St & University St,100.0,37.718957,-122.411257,29,SUNSET
29,1,15782,Cayuga Avenue,Ocean Ave & Cayuga Ave,100.0,37.72367,-122.43867,29,SUNSET
29,1,15782,Ocean Avenue,Ocean Ave & Cayuga Ave,100.0,37.72367,-122.43867,29,SUNSET
29,1,15790,Howth Street,Ocean Ave & Howth St,100.0,37.723022,-122.449784,29,SUNSET
29,1,15790,Ocean Avenue,Ocean Ave & Howth St,100.0,37.723022,-122.449784,29,SUNSET
29,1,17804,I-280 On Ramp,Ocean Ave & I-280 On Ramp,100.0,37.723031,-122.446932,29,SUNSET
29,1,17804,Ocean Avenue,Ocean Ave & I-280 On Ramp,100.0,37.723031,-122.446932,29,SUNSET
29,1,15794,Lee Street,Ocean Ave & Lee St,100.0,37.723459,-122.453999,29,SUNSET
29,1,15794,Ocean Avenue,Ocean Ave & Lee St,100.0,37.723459,-122.453999,29,SUNSET
29,1,17638,Ocean Avenue,Ocean Ave & Otsego Ave,100.0,37.723433,-122.440816,29,SUNSET
29,1,17638,Otsego Avenue,Ocean Ave & Otsego Ave,100.0,37.723433,-122.440816,29,SUNSET
29,1,15804,Ocean Avenue,Ocean Ave & San Jose Ave,100.0,37.723004,-122.444951,29,SUNSET
29,1,15804,San Jose Avenue,Ocean Ave & San Jose Ave,100.0,37.723004,-122.444951,29,SUNSET
29,1,15899,Bay Shore Boulevard,Paul Ave & Bay Shore Blvd,99.741,37.723647,-122.400591,29,SUNSET
29,1,15899,Paul Avenue,Paul Ave & Bay Shore Blvd,99.741,37.723647,-122.400591,29,SUNSET
29,1,15901,Crane Street,Paul Ave & Crane St,99.741,37.723289,-122.39908,29,SUNSET
29,1,15901,Paul Avenue,Paul Ave & Crane St,99.741,37.723289,-122.39908,29,SUNSET
29,1,15902,Gould Street,Paul Ave & Gould St,99.741,37.723012,-122.397946,29,SUNSET
29,1,15902,Paul Avenue,Paul Ave & Gould St,99.741,37.723012,-122.397946,29,SUNSET
29,1,15904,Paul Avenue,Paul Ave & San Bruno Ave,99.741,37.723879,-122.401576,29,SUNSET
29,1,15904,San Bruno Avenue,Paul Ave & San Bruno Ave,99.741,37.723879,-122.401576,29,SUNSET
29,1,15907,Athens Street,Persia Ave & Athens St,100.0,37.720112,-122.429467,29,SUNSET
29,1,15907,Persia Avenue,Persia Ave & Athens St,100.0,37.720112,-122.429467,29,SUNSET
29,1,15909,Brazil Avenue,Persia Ave & Brazil Ave,100.0,37.717791,-122.422779,29,SUNSET
29,1,15909,Persia Avenue,Persia Ave & Brazil Ave,100.0,37.717791,-122.422779,29,SUNSET
29,1,15910,Madrid Street,Persia Ave & Madrid St,100.0,37.721638,-122.432673,29,SUNSET
29,1,15910,Persia Avenue,Persia Ave & Madrid St,100.0,37.721638,-122.432673,29,SUNSET
29,1,15912,Mission Street,Persia Ave & Mission St,100.0,37.723147,-122.435845,29,SUNSET
29,1,15912,Persia Avenue,Persia Ave & Mission St,100.0,37.723147,-122.435845,29,SUNSET
29,1,15914,Moscow Street,Persia Ave & Moscow St,100.0,37.719728,-122.428676,29,SUNSET
29,1,15914,Persia Avenue,Persia Ave & Moscow St,100.0,37.719728,-122.428676,29,SUNSET
29,1,15916,Naples Street,Persia Ave & Naples St,100.0,37.72088,-122.43107,29,SUNSET
29,1,15916,Persia Avenue,Persia Ave & Naples St,100.0,37.72088,-122.43107,29,SUNSET
29,1,15918,Paris Street,Persia Ave & Paris St,100.0,37.722406,-122.434276,29,SUNSET
29,1,15918,Persia Avenue,Persia Ave & Paris St,100.0,37.722406,-122.434276,29,SUNSET
29,1,15920,Persia Avenue,Persia Ave & Prague St,100.0,37.718961,-122.427062,29,SUNSET
29,1,15920,Prague Street,Persia Ave & Prague St,100.0,37.718961,-122.427062,29,SUNSET
29,1,15960,Grafton Avenue,Plymouth Ave & Grafton Ave,100.0,37.720113,-122.456221,29,SUNSET
29,1,15960,Plymouth Avenue,Plymouth Ave & Grafton Ave,100.0,37.720113,-122.456221,29,SUNSET
29,1,15961,Holloway Avenue,Plymouth Ave & Holloway Ave,100.0,37.721934,-122.456232,29,SUNSET
29,1,15961,Plymouth Avenue,Plymouth Ave & Holloway Ave,100.0,37.721934,-122.456232,29,SUNSET
29,1,15975,Ocean Avenue,Plymouth Ave & Ocean Ave,100.0,37.723638,-122.456233,29,SUNSET
29,1,15975,Plymouth Avenue,Plymouth Ave & Ocean Ave,100.0,37.723638,-122.456233,29,SUNSET
29,1,16530,Judah Street,Sunset Blvd & Judah St,100.0,37.76114,-122.495646,29,SUNSET
29,1,16530,Sunset Boulevard,Sunset Blvd & Judah St,100.0,37.76114,-122.495646,29,SUNSET
29,1,16536,Lawton Street,Sunset Blvd & Lawton St,100.0,37.757398,-122.495385,29,SUNSET
29,1,16536,Sunset Boulevard,Sunset Blvd & Lawton St,100.0,37.757398,-122.495385,29,SUNSET
29,1,16540,Noriega Street,Sunset Blvd & Noriega St,100.0,37.753701,-122.495121,29,SUNSET
29,1,16540,Sunset Boulevard,Sunset Blvd & Noriega St,100.0,37.753701,-122.495121,29,SUNSET
29,1,16542,Ocean Avenue,Sunset Blvd & Ocean Ave,100.0,37.73183,-122.493622,29,SUNSET
29,1,16542,Sunset Boulevard,Sunset Blvd & Ocean Ave,100.0,37.73183,-122.493622,29,SUNSET
29,1,16543,Ortega Street,Sunset Blvd & Ortega St,100.0,37.751798,-122.49502,29,SUNSET
29,1,16543,Sunset Boulevard,Sunset Blvd & Ortega St,100.0,37.751798,-122.49502,29,SUNSET
29,1,16547,Quintara Street,Sunset Blvd & Quintara St,100.0,37.748068,-122.494766,29,SUNSET
29,1,16547,Sunset Boulevard,Sunset Blvd & Quintara St,100.0,37.748068,-122.494766,29,SUNSET
29,1,16550,Rivera Street,Sunset Blvd & Rivera St,100.0,37.746302,-122.494576,29,SUNSET
29,1,16550,Sunset Boulevard,Sunset Blvd & Rivera St,100.0,37.746302,-122.494576,29,SUNSET
29,1,16556,Sunset Boulevard,Sunset Blvd & Taraval St,100.0,37.742509,-122.494338,29,SUNSET
29,1,16556,Taraval Street,Sunset Blvd & Taraval St,100.0,37.742509,-122.494338,29,SUNSET
29,1,16560,Sunset Boulevard,Sunset Blvd & Vicente St,100.0,37.738737,-122.494069,29,SUNSET
29,1,16560,Vicente Street,Sunset Blvd & Vicente St,100.0,37.738737,-122.494069,29,SUNSET
29,1,16563,Sunset Boulevard,Sunset Blvd & Yorba St,100.0,37.734854,-122.493784,29,SUNSET
29,1,16563,Yorba Street,Sunset Blvd & Yorba St,100.0,37.734854,-122.493784,29,SUNSET
29,1,16950,20th Avenue,Winston Dr & 20th Ave,100.0,37.727017,-122.475922,29,SUNSET
29,1,16950,Winston Drive,Winston Dr & 20th Ave,100.0,37.727017,-122.475922,29,SUNSET
29,1,16952,Buckingham Way,Winston Dr & Buckingham Way,100.0,37.72806,-122.478488,29,SUNSET
29,1,16952,Winston Drive,Winston Dr & Buckingham Way,100.0,37.72806,-122.478488,29,SUNSET
29,1,16954,Lake Merced Boulevard,Winston Dr & Lake Merced Blvd,100.0,37.727122,-122.483299,29,SUNSET
29,1,16954,Winston Drive,Winston Dr & Lake Merced Blvd,100.0,37.727122,-122.483299,29,SUNSET
30,0,13114,3rd Street,3rd St & Brannan St,74.909,37.779285,-122.393185,30,STOCKTON
30,0,13114,Brannan Street,3rd St & Brannan St,74.909,37.779285,-122.393185,30,STOCKTON
30,0,13144,3rd Street,3rd St & Bryant St,74.909,37.781651,-122.396198,30,STOCKTON
30,0,13144,Bryant Street,3rd St & Bryant St,74.909,37.781651,-122.396198,30,STOCKTON
30,0,13124,3rd Street,3rd St & Folsom St,100.0,37.784204,-122.399326,30,STOCKTON
30,0,13124,Folsom Street,3rd St & Folsom St,100.0,37.784204,-122.399326,30,STOCKTON
30,0,13136,3rd Street,3rd St & Mission St,100.0,37.786373,-122.40211,30,STOCKTON
30,0,13136,Mission Street,3rd St & Mission St,100.0,37.786373,-122.40211,30,STOCKTON
30,0,13072,Bay Street,Broderick St & Bay St,73.19,37.801541,-122.444798,30,STOCKTON
30,0,13072,Broderick Street,Broderick St & Bay St,73.19,37.801541,-122.444798,30,STOCKTON
30,0,13074,Beach Street,Broderick St & Beach St,73.19,37.803415,-122.445176,30,STOCKTON
30,0,13074,Broderick Street,Broderick St & Beach St,73.19,37.803415,-122.445176,30,STOCKTON
30,0,13075,Broderick Street,Broderick St & Francisco St,73.19,37.800622,-122.444603,30,STOCKTON
30,0,13075,Francisco Street,Broderick St & Francisco St,73.19,37.800622,-122.444603,30,STOCKTON
30,0,13076,Broderick Street,Broderick St & Jefferson St,73.19,37.804343,-122.44536,30,STOCKTON
30,0,13076,Jefferson Street,Broderick St & Jefferson St,73.19,37.804343,-122.44536,30,STOCKTON
30,0,13077,Broderick Street,Broderick St & North Point St,73.19,37.802478,-122.444982,30,STOCKTON
30,0,13077,North Point Street,Broderick St & North Point St,73.19,37.802478,-122.444982,30,STOCKTON
30,0,13940,Chestnut Street,Chestnut St & Divisadero St,73.19,37.800051,-122.442746,30,STOCKTON
30,0,13940,Divisadero Street,Chestnut St & Divisadero St,73.19,37.800051,-122.442746,30,STOCKTON
30,0,13941,Chestnut Street,Chestnut St & Fillmore St,73.19,37.800845,-122.436245,30,STOCKTON
30,0,13941,Fillmore Street,Chestnut St & Fillmore St,73.19,37.800845,-122.436245,30,STOCKTON
30,0,17857,Chestnut Street,Chestnut St & Gough St,73.19,37.801914,-122.427955,30,STOCKTON
30,0,17857,Gough Street,Chestnut St & Gough St,73.19,37.801914,-122.427955,30,STOCKTON
30,0,13947,Chestnut Street,Chestnut St & Laguna St,73.19,37.801486,-122.431475,30,STOCKTON
30,0,13947,Laguna Street,Chestnut St & Laguna St,73.19,37.801486,-122.431475,30,STOCKTON
30,0,13952,Chestnut Street,Chestnut St & Pierce St,73.19,37.800506,-122.439352,30,STOCKTON
30,0,13952,Pierce Street,Chestnut St & Pierce St,73.19,37.800506,-122.439352,30,STOCKTON
30,0,13958,Chestnut Street,Chestnut St & Webster St,73.19,37.801103,-122.434502,30,STOCKTON
30,0,13958,Webster Street,Chestnut St & Webster St,73.19,37.801103,-122.434502,30,STOCKTON
30,0,14103,Chestnut Street,Columbus Ave & Chestnut St,100.0,37.803794,-122.415136,30,STOCKTON
30,0,14103,Columbus Avenue,Columbus Ave & Chestnut St,100.0,37.803794,-122.415136,30,STOCKTON
30,0,14106,Columbus Avenue,Columbus Ave & Francisco St,100.0,37.804517,-122.416167,30,STOCKTON
30,0,14106,Francisco Street,Columbus Ave & Francisco St,100.0,37.804517,-122.416167,30,STOCKTON
30,0,14115,Columbus Avenue,Columbus Ave & Mason St,100.0,37.802089,-122.41266,30,STOCKTON
30,0,14115,Mason Street,Columbus Ave & Mason St,100.0,37.802089,-122.41266,30,STOCKTON
30,0,14116,Columbus Avenue,Columbus Ave & North Point St,100.0,37.80549,-122.417589,30,STOCKTON
30,0,14116,North Point Street,Columbus Ave & North Point St,100.0,37.80549,-122.417589,30,STOCKTON
30,0,14119,Columbus Avenue,Columbus Ave & Union St,100.0,37.8005,-122.410356,30,STOCKTON
30,0,14119,Union Street,Columbus Ave & Union St,100.0,37.8005,-122.410356,30,STOCKTON
30,0,18150,[UNKNOWN],Crissy Field Terminal,58.368,37.802755,-122.461705,30,STOCKTON
30,0,17568,Bay Street,Divisadero St & Bay St,14.822,37.801907,-122.443331,30,STOCKTON
30,0,17568,Divisadero Street,Divisadero St & Bay St,14.822,37.801907,-122.443331,30,STOCKTON
30,0,14407,Beach Street,Divisadero St & Beach St,14.822,37.803772,-122.443697,30,STOCKTON
30,0,14407,Divisadero Street,Divisadero St & Beach St,14.822,37.803772,-122.443697,30,STOCKTON
30,0,14411,Chestnut Street,Divisadero St & Chestnut St,14.822,37.800087,-122.442964,30,STOCKTON
30,0,14411,Divisadero Street,Divisadero St & Chestnut St,14.822,37.800087,-122.442964,30,STOCKTON
30,0,14418,Divisadero Street,Divisadero St & Francisco St,14.822,37.80097,-122.443136,30,STOCKTON
30,0,14418,Francisco Street,Divisadero St & Francisco St,14.822,37.80097,-122.443136,30,STOCKTON
30,0,14430,Divisadero Street,Divisadero St & North Point St,14.822,37.802844,-122.443514,30,STOCKTON
30,0,14430,North Point Street,Divisadero St & North Point St,14.822,37.802844,-122.443514,30,STOCKTON
30,0,15173,Divisadero Street,Jefferson St & Divisadero St,14.822,37.804557,-122.443892,30,STOCKTON
30,0,15173,Jefferson Street,Jefferson St & Divisadero St,14.822,37.804557,-122.443892,30,STOCKTON
30,0,14821,Geary Boulevard,Kearny St & Geary St,100.0,37.788051,-122.403461,30,STOCKTON
30,0,14821,Kearny Street,Kearny St & Geary St,100.0,37.788051,-122.403461,30,STOCKTON
30,0,18151,Mason St - Sports Basement,Mason St - Sports Basement,58.368,37.803678,-122.458867,30,STOCKTON
30,0,18024,Mason St - Tunnel Top Park,Mason St - Tunnel Top Park,58.368,37.804289,-122.454166,30,STOCKTON
30,0,18023,Mason St - Yacht/Girard,Mason St - Yacht/Girard,58.368,37.805021,-122.448502,30,STOCKTON
30,0,15458,Hyde Street,North Point St & Hyde St,100.0,37.805803,-122.420226,30,STOCKTON
30,0,15458,North Point Street,North Point St & Hyde St,100.0,37.805803,-122.420226,30,STOCKTON
30,0,15468,North Point Street,North Point St & Polk St,100.0,37.805313,-122.423987,30,STOCKTON
30,0,15468,Polk Street,North Point St & Polk St,100.0,37.805313,-122.423987,30,STOCKTON
30,0,16511,Clay Street,Stockton St & Clay St,100.0,37.79381,-122.40779,30,STOCKTON
30,0,16511,Stockton Street,Stockton St & Clay St,100.0,37.79381,-122.40779,30,STOCKTON
30,0,16512,Columbus Avenue,Stockton St & Columbus Ave,100.0,37.79913,-122.40887,30,STOCKTON
30,0,16512,Stockton Street,Stockton St & Columbus Ave,100.0,37.79913,-122.40887,30,STOCKTON
30,0,16520,Pacific Avenue,Stockton St & Pacific Ave,100.0,37.796306,-122.408295,30,STOCKTON
30,0,16520,Stockton Street,Stockton St & Pacific Ave,100.0,37.796306,-122.408295,30,STOCKTON
30,0,16523,Stockton Street,Stockton St & Sutter St,100.0,37.79013,-122.40705,30,STOCKTON
30,0,16523,Sutter Street,Stockton St & Sutter St,100.0,37.79013,-122.40705,30,STOCKTON
30,0,18116,Stockton Street,Stockton St & Washington St,100.0,37.79486,-122.408009,30,STOCKTON
30,0,18116,Washington Street,Stockton St & Washington St,100.0,37.79486,-122.408009,30,STOCKTON
30,0,16596,Kearny Street,Sutter St & Kearny St,100.0,37.789818,-122.404378,30,STOCKTON
30,0,16596,Sutter Street,Sutter St & Kearny St,100.0,37.789818,-122.404378,30,STOCKTON
30,0,18109,Lusk Street,Townsend St & Lusk St,74.909,37.777875,-122.393908,30,STOCKTON
30,0,18109,Townsend Street,Townsend St & Lusk St,74.909,37.777875,-122.393908,30,STOCKTON
30,0,16801,Chestnut Street,Van Ness Ave & Chestnut St,73.19,37.802431,-122.424905,30,STOCKTON
30,0,16801,Van Ness Avenue,Van Ness Ave & Chestnut St,73.19,37.802431,-122.424905,30,STOCKTON
30,0,16819,North Point Street,Van Ness Ave & North Point St,100.0,37.80485,-122.42546,30,STOCKTON
30,0,16819,Van Ness Avenue,Van Ness Ave & North Point St,100.0,37.80485,-122.42546,30,STOCKTON
30,1,13158,4th Street,4th St & Folsom St,73.888,37.782081,-122.401333,30,STOCKTON
30,1,13158,Folsom Street,4th St & Folsom St,73.888,37.782081,-122.401333,30,STOCKTON
30,1,13161,4th Street,4th St & Market St,100.0,37.785411,-122.405531,30,STOCKTON
30,1,13161,Market Street,4th St & Market St,100.0,37.785411,-122.405531,30,STOCKTON
30,1,13160,4th Street,4th St & Mission St,100.0,37.784259,-122.404117,30,STOCKTON
30,1,13160,Mission Street,4th St & Mission St,100.0,37.784259,-122.404117,30,STOCKTON
30,1,13942,Chestnut Street,Chestnut St & Fillmore St,71.277,37.800738,-122.436371,30,STOCKTON
30,1,13942,Fillmore Street,Chestnut St & Fillmore St,71.277,37.800738,-122.436371,30,STOCKTON
30,1,17856,Chestnut Street,Chestnut St & Gough St,71.277,37.801825,-122.428104,30,STOCKTON
30,1,17856,Gough Street,Chestnut St & Gough St,71.277,37.801825,-122.428104,30,STOCKTON
30,1,13948,Chestnut Street,Chestnut St & Laguna St,71.277,37.80137,-122.431406,30,STOCKTON
30,1,13948,Laguna Street,Chestnut St & Laguna St,71.277,37.80137,-122.431406,30,STOCKTON
30,1,13953,Chestnut Street,Chestnut St & Pierce St,71.277,37.80031,-122.439616,30,STOCKTON
30,1,13953,Pierce Street,Chestnut St & Pierce St,71.277,37.80031,-122.439616,30,STOCKTON
30,1,13957,Chestnut Street,Chestnut St & Van Ness Ave,71.277,37.802199,-122.424894,30,STOCKTON
30,1,13957,Van Ness Avenue,Chestnut St & Van Ness Ave,71.277,37.802199,-122.424894,30,STOCKTON
30,1,13959,Chestnut Street,Chestnut St & Webster St,71.277,37.800951,-122.434697,30,STOCKTON
30,1,13959,Webster Street,Chestnut St & Webster St,71.277,37.800951,-122.434697,30,STOCKTON
30,1,14100,Bay Street,Columbus Ave & Bay St,100.0,37.80551,-122.41784,30,STOCKTON
30,1,14100,Columbus Avenue,Columbus Ave & Bay St,100.0,37.80551,-122.41784,30,STOCKTON
30,1,14105,Columbus Avenue,Columbus Ave & Filbert St,100.0,37.801188,-122.411605,30,STOCKTON
30,1,14105,Filbert Street,Columbus Ave & Filbert St,100.0,37.801188,-122.411605,30,STOCKTON
30,1,14107,Columbus Avenue,Columbus Ave & Francisco St,100.0,37.804205,-122.415973,30,STOCKTON
30,1,14107,Francisco Street,Columbus Ave & Francisco St,100.0,37.804205,-122.415973,30,STOCKTON
30,1,14114,Columbus Avenue,Columbus Ave & Lombard St,100.0,37.802598,-122.413646,30,STOCKTON
30,1,14114,Lombard Street,Columbus Ave & Lombard St,100.0,37.802598,-122.413646,30,STOCKTON
30,1,14118,Columbus Avenue,Columbus Ave & Taylor St,100.0,37.803285,-122.414643,30,STOCKTON
30,1,14118,Taylor Street,Columbus Ave & Taylor St,100.0,37.803285,-122.414643,30,STOCKTON
30,1,14120,Columbus Avenue,Columbus Ave & Union St,100.0,37.800384,-122.410505,30,STOCKTON
30,1,14120,Union Street,Columbus Ave & Union St,100.0,37.800384,-122.410505,30,STOCKTON
30,1,18153,[UNKNOWN],Crissy Field Terminal,58.269,37.802778,-122.461552,30,STOCKTON
30,1,17568,Bay Street,Divisadero St & Bay St,58.269,37.801907,-122.443331,30,STOCKTON
30,1,17568,Divisadero Street,Divisadero St & Bay St,58.269,37.801907,-122.443331,30,STOCKTON
30,1,14407,Beach Street,Divisadero St & Beach St,58.269,37.803772,-122.443697,30,STOCKTON
30,1,14407,Divisadero Street,Divisadero St & Beach St,58.269,37.803772,-122.443697,30,STOCKTON
30,1,14411,Chestnut Street,Divisadero St & Chestnut St,71.277,37.800087,-122.442964,30,STOCKTON
30,1,14411,Divisadero Street,Divisadero St & Chestnut St,71.277,37.800087,-122.442964,30,STOCKTON
30,1,14418,Divisadero Street,Divisadero St & Francisco St,58.269,37.80097,-122.443136,30,STOCKTON
30,1,14418,Francisco Street,Divisadero St & Francisco St,58.269,37.80097,-122.443136,30,STOCKTON
30,1,14430,Divisadero Street,Divisadero St & North Point St,58.269,37.802844,-122.443514,30,STOCKTON
30,1,14430,North Point Street,Divisadero St & North Point St,58.269,37.802844,-122.443514,30,STOCKTON
30,1,18152,Mason St - Sports Basement,Mason St - Sports Basement,58.269,37.803565,-122.458967,30,STOCKTON
30,1,18027,Mason St - Tunnel Top Park,Mason St - Tunnel Top Park,58.269,37.804146,-122.454418,30,STOCKTON
30,1,18028,Mason St - Yacht/Girard,Mason St - Yacht/Girard,58.269,37.804816,-122.448949,30,STOCKTON
30,1,15459,Hyde Street,North Point St & Hyde St,100.0,37.805633,-122.420467,30,STOCKTON
30,1,15459,North Point Street,North Point St & Hyde St,100.0,37.805633,-122.420467,30,STOCKTON
30,1,15469,North Point Street,North Point St & Polk St,100.0,37.805241,-122.423494,30,STOCKTON
30,1,15469,Polk Street,North Point St & Polk St,100.0,37.805241,-122.423494,30,STOCKTON
30,1,15472,North Point Street,North Point St & Van Ness Ave,100.0,37.805045,-122.42495,30,STOCKTON
30,1,15472,Van Ness Avenue,North Point St & Van Ness Ave,100.0,37.805045,-122.42495,30,STOCKTON
30,1,16513,Columbus Avenue,Stockton St & Columbus Ave,100.0,37.799277,-122.40905,30,STOCKTON
30,1,16513,Stockton Street,Stockton St & Columbus Ave,100.0,37.799277,-122.40905,30,STOCKTON
30,1,16516,Geary Boulevard,Stockton St & Geary St,100.0,37.787704,-122.406729,30,STOCKTON
30,1,16516,Stockton Street,Stockton St & Geary St,100.0,37.787704,-122.406729,30,STOCKTON
30,1,16521,Pacific Avenue,Stockton St & Pacific Ave,100.0,37.79716,-122.40862,30,STOCKTON
30,1,16521,Stockton Street,Stockton St & Pacific Ave,100.0,37.79716,-122.40862,30,STOCKTON
30,1,16522,Sacramento Street,Stockton St & Sacramento St,100.0,37.79348,-122.40788,30,STOCKTON
30,1,16522,Stockton Street,Stockton St & Sacramento St,100.0,37.79348,-122.40788,30,STOCKTON
30,1,16524,Stockton Street,Stockton St & Sutter St,100.0,37.78997,-122.40716,30,STOCKTON
30,1,16524,Sutter Street,Stockton St & Sutter St,100.0,37.78997,-122.40716,30,STOCKTON
30,1,16526,Stockton Street,Stockton St & Washington St,100.0,37.794707,-122.408118,30,STOCKTON
30,1,16526,Washington Street,Stockton St & Washington St,100.0,37.794707,-122.408118,30,STOCKTON
30,1,17235,4th Street,Townsend St & 4th St,73.888,37.777278,-122.394631,30,STOCKTON
30,1,17235,Townsend Street,Townsend St & 4th St,73.888,37.777278,-122.394631,30,STOCKTON
30,1,16806,Bay Street,Van Ness Ave & Bay St,71.277,37.804287,-122.424996,30,STOCKTON
30,1,16806,Van Ness Avenue,Van Ness Ave & Bay St,71.277,37.804287,-122.424996,30,STOCKTON
30X,1,13089,Beale Street,Beale St & Mission St,100.0,37.791939,-122.396879,30X,MARINA EXPRESS
30X,1,13089,Mission Street,Beale St & Mission St,100.0,37.791939,-122.396879,30X,MARINA EXPRESS
30X,1,13851,Battery Street,California St & Battery St,100.0,37.793144,-122.39987,30X,MARINA EXPRESS
30X,1,13851,California Street,California St & Battery St,100.0,37.793144,-122.39987,30X,MARINA EXPRESS
30X,1,13942,Chestnut Street,Chestnut St & Fillmore St,100.0,37.800738,-122.436371,30X,MARINA EXPRESS
30X,1,13942,Fillmore Street,Chestnut St & Fillmore St,100.0,37.800738,-122.436371,30X,MARINA EXPRESS
30X,1,17856,Chestnut Street,Chestnut St & Gough St,100.0,37.801825,-122.428104,30X,MARINA EXPRESS
30X,1,17856,Gough Street,Chestnut St & Gough St,100.0,37.801825,-122.428104,30X,MARINA EXPRESS
30X,1,13948,Chestnut Street,Chestnut St & Laguna St,100.0,37.80137,-122.431406,30X,MARINA EXPRESS
30X,1,13948,Laguna Street,Chestnut St & Laguna St,100.0,37.80137,-122.431406,30X,MARINA EXPRESS
30X,1,13953,Chestnut Street,Chestnut St & Pierce St,100.0,37.80031,-122.439616,30X,MARINA EXPRESS
30X,1,13953,Pierce Street,Chestnut St & Pierce St,100.0,37.80031,-122.439616,30X,MARINA EXPRESS
30X,1,13957,Chestnut Street,Chestnut St & Van Ness Ave,100.0,37.802199,-122.424894,30X,MARINA EXPRESS
30X,1,13957,Van Ness Avenue,Chestnut St & Van Ness Ave,100.0,37.802199,-122.424894,30X,MARINA EXPRESS
30X,1,13959,Chestnut Street,Chestnut St & Webster St,100.0,37.800951,-122.434697,30X,MARINA EXPRESS
30X,1,13959,Webster Street,Chestnut St & Webster St,100.0,37.800951,-122.434697,30X,MARINA EXPRESS
30X,1,14025,Clay Street,Clay St & Montgomery St,100.0,37.794682,-122.40277,30X,MARINA EXPRESS
30X,1,14025,Montgomery Street,Clay St & Montgomery St,100.0,37.794682,-122.40277,30X,MARINA EXPRESS
30X,1,14347,Davis Street,Davis St & Pine St,100.0,37.792608,-122.397532,30X,MARINA EXPRESS
30X,1,14347,Pine Street,Davis St & Pine St,100.0,37.792608,-122.397532,30X,MARINA EXPRESS
30X,1,17568,Bay Street,Divisadero St & Bay St,100.0,37.801907,-122.443331,30X,MARINA EXPRESS
30X,1,17568,Divisadero Street,Divisadero St & Bay St,100.0,37.801907,-122.443331,30X,MARINA EXPRESS
30X,1,14407,Beach Street,Divisadero St & Beach St,100.0,37.803772,-122.443697,30X,MARINA EXPRESS
30X,1,14407,Divisadero Street,Divisadero St & Beach St,100.0,37.803772,-122.443697,30X,MARINA EXPRESS
30X,1,14411,Chestnut Street,Divisadero St & Chestnut St,100.0,37.800087,-122.442964,30X,MARINA EXPRESS
30X,1,14411,Divisadero Street,Divisadero St & Chestnut St,100.0,37.800087,-122.442964,30X,MARINA EXPRESS
30X,1,14418,Divisadero Street,Divisadero St & Francisco St,100.0,37.80097,-122.443136,30X,MARINA EXPRESS
30X,1,14418,Francisco Street,Divisadero St & Francisco St,100.0,37.80097,-122.443136,30X,MARINA EXPRESS
30X,1,14430,Divisadero Street,Divisadero St & North Point St,100.0,37.802844,-122.443514,30X,MARINA EXPRESS
30X,1,14430,North Point Street,Divisadero St & North Point St,100.0,37.802844,-122.443514,30X,MARINA EXPRESS
30X,1,15056,Howard Street,Howard St & Main St,100.0,37.790394,-122.393544,30X,MARINA EXPRESS
30X,1,15056,Main Street,Howard St & Main St,100.0,37.790394,-122.393544,30X,MARINA EXPRESS
30X,1,17676,Hward St&Spear,Hward St&Spear,100.0,37.791339,-122.392408,30X,MARINA EXPRESS
30X,1,15173,Divisadero Street,Jefferson St & Divisadero St,100.0,37.804557,-122.443892,30X,MARINA EXPRESS
30X,1,15173,Jefferson Street,Jefferson St & Divisadero St,100.0,37.804557,-122.443892,30X,MARINA EXPRESS
30X,1,16327,California Street,Sansome St & California St,100.0,37.79318,-122.40122,30X,MARINA EXPRESS
30X,1,16327,Sansome Street,Sansome St & California St,100.0,37.79318,-122.40122,30X,MARINA EXPRESS
30X,1,16328,Clay Street,Sansome St & Clay St,100.0,37.79447,-122.40149,30X,MARINA EXPRESS
30X,1,16328,Sansome Street,Sansome St & Clay St,100.0,37.79447,-122.40149,30X,MARINA EXPRESS
31,0,13571,45th Avenue,45th Ave & Balboa St,100.0,37.775206,-122.505958,31,BALBOA
31,0,13571,Balboa Street,45th Ave & Balboa St,100.0,37.775206,-122.505958,31,BALBOA
31,0,13573,45th Avenue,45th Ave & Cabrillo St,100.0,37.773538,-122.505831,31,BALBOA
31,0,13573,Cabrillo Street,45th Ave & Cabrillo St,100.0,37.773538,-122.505831,31,BALBOA
31,0,13038,10th Avenue,Balboa St & 10th Ave,100.0,37.777101,-122.46817,31,BALBOA
31,0,13038,Balboa Street,Balboa St & 10th Ave,100.0,37.777101,-122.46817,31,BALBOA
31,0,13040,12th Avenue,Balboa St & 12th Ave,100.0,37.777002,-122.470313,31,BALBOA
31,0,13040,Balboa Street,Balboa St & 12th Ave,100.0,37.777002,-122.470313,31,BALBOA
31,0,13043,17th Avenue,Balboa St & 17th Ave,100.0,37.77676,-122.475769,31,BALBOA
31,0,13043,Balboa Street,Balboa St & 17th Ave,100.0,37.77676,-122.475769,31,BALBOA
31,0,13045,19th Avenue,Balboa St & 19th Ave,100.0,37.776662,-122.477912,31,BALBOA
31,0,13045,Balboa Street,Balboa St & 19th Ave,100.0,37.776662,-122.477912,31,BALBOA
31,0,13047,21st Avenue,Balboa St & 21st Ave,100.0,37.776563,-122.480056,31,BALBOA
31,0,13047,Balboa Street,Balboa St & 21st Ave,100.0,37.776563,-122.480056,31,BALBOA
31,0,13049,23rd Avenue,Balboa St & 23rd Ave,100.0,37.77647,-122.48219,31,BALBOA
31,0,13049,Balboa Street,Balboa St & 23rd Ave,100.0,37.77647,-122.48219,31,BALBOA
31,0,13051,25th Avenue,Balboa St & 25th Ave,100.0,37.776356,-122.484606,31,BALBOA
31,0,13051,Balboa Street,Balboa St & 25th Ave,100.0,37.776356,-122.484606,31,BALBOA
31,0,13053,28th Avenue,Balboa St & 28th Ave,100.0,37.776222,-122.487551,31,BALBOA
31,0,13053,Balboa Street,Balboa St & 28th Ave,100.0,37.776222,-122.487551,31,BALBOA
31,0,13055,30th Avenue,Balboa St & 30th Ave,100.0,37.776114,-122.489958,31,BALBOA
31,0,13055,Balboa Street,Balboa St & 30th Ave,100.0,37.776114,-122.489958,31,BALBOA
31,0,13057,32nd Avenue,Balboa St & 32nd Ave,100.0,37.776024,-122.491838,31,BALBOA
31,0,13057,Balboa Street,Balboa St & 32nd Ave,100.0,37.776024,-122.491838,31,BALBOA
31,0,13060,35th Avenue,Balboa St & 35th Ave,100.0,37.775898,-122.494577,31,BALBOA
31,0,13060,Balboa Street,Balboa St & 35th Ave,100.0,37.775898,-122.494577,31,BALBOA
31,0,13061,37th Avenue,Balboa St & 37th Ave,100.0,37.775781,-122.497202,31,BALBOA
31,0,13061,Balboa Street,Balboa St & 37th Ave,100.0,37.775781,-122.497202,31,BALBOA
31,0,13063,40th Avenue,Balboa St & 40th Ave,100.0,37.775637,-122.500399,31,BALBOA
31,0,13063,Balboa Street,Balboa St & 40th Ave,100.0,37.775637,-122.500399,31,BALBOA
31,0,13065,43rd Avenue,Balboa St & 43rd Ave,100.0,37.775484,-122.50362,31,BALBOA
31,0,13065,Balboa Street,Balboa St & 43rd Ave,100.0,37.775484,-122.50362,31,BALBOA
31,0,13032,4th Avenue,Balboa St & 4th Ave,100.0,37.777396,-122.461751,31,BALBOA
31,0,13032,Balboa Street,Balboa St & 4th Ave,100.0,37.777396,-122.461751,31,BALBOA
31,0,13034,6th Avenue,Balboa St & 6th Ave,100.0,37.777289,-122.464158,31,BALBOA
31,0,13034,Balboa Street,Balboa St & 6th Ave,100.0,37.777289,-122.464158,31,BALBOA
31,0,13036,8th Avenue,Balboa St & 8th Ave,100.0,37.777199,-122.466038,31,BALBOA
31,0,13036,Balboa Street,Balboa St & 8th Ave,100.0,37.777199,-122.466038,31,BALBOA
31,0,13067,Arguello Boulevard,Balboa St & Arguello Blvd,100.0,37.77747,-122.45886,31,BALBOA
31,0,13067,Balboa Street,Balboa St & Arguello Blvd,100.0,37.77747,-122.45886,31,BALBOA
31,0,13070,Balboa Street,Balboa St & Park Presidio Blvd,100.0,37.776895,-122.472227,31,BALBOA
31,0,13070,Park Presidio Boulevard,Balboa St & Park Presidio Blvd,100.0,37.776895,-122.472227,31,BALBOA
31,0,13924,47th Avenue,Cabrillo St & 47th Ave,100.0,37.773421,-122.507767,31,BALBOA
31,0,13924,Cabrillo Street,Cabrillo St & 47th Ave,100.0,37.773421,-122.507767,31,BALBOA
31,0,13927,Cabrillo Street,Cabrillo St & La Playa St,100.0,37.773562,-122.50998,31,BALBOA
31,0,13927,La Playa Street,Cabrillo St & La Playa St,100.0,37.773562,-122.50998,31,BALBOA
31,0,13612,Cyril Magnin Street,Cyril Magnin St & Market St,89.091,37.784011,-122.40821,31,BALBOA
31,0,13612,Market Street,Cyril Magnin St & Market St,89.091,37.784011,-122.40821,31,BALBOA
31,0,14415,Divisadero Street,Divisadero St & Eddy St,89.091,37.780591,-122.438942,31,BALBOA
31,0,14415,Eddy Street,Divisadero St & Eddy St,89.091,37.780591,-122.438942,31,BALBOA
31,0,14472,Buchanan Street,Eddy St & Buchanan St,89.091,37.781919,-122.428946,31,BALBOA
31,0,14472,Eddy Street,Eddy St & Buchanan St,89.091,37.781919,-122.428946,31,BALBOA
31,0,14475,Eddy Street,Eddy St & Fillmore St,89.091,37.7815,-122.432236,31,BALBOA
31,0,14475,Fillmore Street,Eddy St & Fillmore St,89.091,37.7815,-122.432236,31,BALBOA
31,0,14477,Eddy Street,Eddy St & Gough St,89.091,37.782516,-122.42427,31,BALBOA
31,0,14477,Gough Street,Eddy St & Gough St,89.091,37.782516,-122.42427,31,BALBOA
31,0,14484,Eddy Street,Eddy St & Laguna St,89.091,37.782133,-122.427296,31,BALBOA
31,0,14484,Laguna Street,Eddy St & Laguna St,89.091,37.782133,-122.427296,31,BALBOA
31,0,14481,Eddy Street,Eddy St & Larkin St,89.091,37.783353,-122.41769,31,BALBOA
31,0,14481,Larkin Street,Eddy St & Larkin St,89.091,37.783353,-122.41769,31,BALBOA
31,0,14487,Eddy Street,Eddy St & Pierce St,89.091,37.781081,-122.435515,31,BALBOA
31,0,14487,Pierce Street,Eddy St & Pierce St,89.091,37.781081,-122.435515,31,BALBOA
31,0,14489,Eddy Street,Eddy St & Polk St,89.091,37.783184,-122.419042,31,BALBOA
31,0,14489,Polk Street,Eddy St & Polk St,89.091,37.783184,-122.419042,31,BALBOA
31,0,14491,Eddy Street,Eddy St & Scott St,89.091,37.780876,-122.437165,31,BALBOA
31,0,14491,Scott Street,Eddy St & Scott St,89.091,37.780876,-122.437165,31,BALBOA
31,0,14494,Eddy Street,Eddy St & Van Ness Ave,89.091,37.782988,-122.420613,31,BALBOA
31,0,14494,Van Ness Avenue,Eddy St & Van Ness Ave,89.091,37.782988,-122.420613,31,BALBOA
31,0,16710,Baker Street,Turk St & Baker St,89.091,37.779288,-122.442174,31,BALBOA
31,0,16710,Turk Street,Turk St & Baker St,89.091,37.779288,-122.442174,31,BALBOA
31,0,16712,Broderick Street,Turk St & Broderick St,89.091,37.779511,-122.440295,31,BALBOA
31,0,16712,Turk Street,Turk St & Broderick St,89.091,37.779511,-122.440295,31,BALBOA
31,0,16716,Central Avenue,Turk St & Central Ave,89.091,37.778914,-122.445246,31,BALBOA
31,0,16716,Turk Street,Turk St & Central Ave,89.091,37.778914,-122.445246,31,BALBOA
31,0,16714,Chabot Terrace,Turk St & Chabot Ter,100.0,37.778093,-122.451699,31,BALBOA
31,0,16714,Turk Street,Turk St & Chabot Ter,100.0,37.778093,-122.451699,31,BALBOA
31,0,16718,Hyde Street,Turk St & Hyde St,89.091,37.782621,-122.415856,31,BALBOA
31,0,16718,Turk Street,Turk St & Hyde St,89.091,37.782621,-122.415856,31,BALBOA
31,0,16719,Jones Street,Turk St & Jones St,89.091,37.783039,-122.412577,31,BALBOA
31,0,16719,Turk Street,Turk St & Jones St,89.091,37.783039,-122.412577,31,BALBOA
31,0,16720,Larkin Street,Turk St & Larkin St,89.091,37.782461,-122.417197,31,BALBOA
31,0,16720,Turk Street,Turk St & Larkin St,89.091,37.782461,-122.417197,31,BALBOA
31,0,16721,Leavenworth Street,Turk St & Leavenworth St,89.091,37.782835,-122.414217,31,BALBOA
31,0,16721,Turk Street,Turk St & Leavenworth St,89.091,37.782835,-122.414217,31,BALBOA
31,0,16722,Lyon Street,Turk St & Lyon St,89.091,37.77911,-122.443596,31,BALBOA
31,0,16722,Turk Street,Turk St & Lyon St,89.091,37.77911,-122.443596,31,BALBOA
31,0,16724,Masonic Avenue,Turk St & Masonic Ave,100.0,37.778664,-122.447206,31,BALBOA
31,0,16724,Turk Street,Turk St & Masonic Ave,100.0,37.778664,-122.447206,31,BALBOA
31,0,16727,Parker Avenue,Turk St & Parker Ave,100.0,37.777905,-122.453281,31,BALBOA
31,0,16727,Turk Street,Turk St & Parker Ave,100.0,37.777905,-122.453281,31,BALBOA
31,0,16730,Roselyn Terrace,Turk St & Roselyn Ter,100.0,37.778343,-122.449923,31,BALBOA
31,0,16730,Turk Street,Turk St & Roselyn Ter,100.0,37.778343,-122.449923,31,BALBOA
31,0,16731,Stanyan Street,Turk St & Stanyan St,100.0,37.777637,-122.455367,31,BALBOA
31,0,16731,Turk Street,Turk St & Stanyan St,100.0,37.777637,-122.455367,31,BALBOA
31,0,16733,Taylor Street,Turk St & Taylor St,89.091,37.783476,-122.409379,31,BALBOA
31,0,16733,Turk Street,Turk St & Taylor St,89.091,37.783476,-122.409379,31,BALBOA
31,1,13570,45th Avenue,45th Ave & Balboa St,100.0,37.775242,-122.505798,31,BALBOA
31,1,13570,Balboa Street,45th Ave & Balboa St,100.0,37.775242,-122.505798,31,BALBOA
31,1,13572,45th Avenue,45th Ave & Cabrillo St,100.0,37.773573,-122.50567,31,BALBOA
31,1,13572,Cabrillo Street,45th Ave & Cabrillo St,100.0,37.773573,-122.50567,31,BALBOA
31,1,13039,10th Avenue,Balboa St & 10th Ave,100.0,37.776967,-122.468388,31,BALBOA
31,1,13039,Balboa Street,Balboa St & 10th Ave,100.0,37.776967,-122.468388,31,BALBOA
31,1,13041,12th Avenue,Balboa St & 12th Ave,100.0,37.776868,-122.470531,31,BALBOA
31,1,13041,Balboa Street,Balboa St & 12th Ave,100.0,37.776868,-122.470531,31,BALBOA
31,1,13044,17th Avenue,Balboa St & 17th Ave,100.0,37.776626,-122.475987,31,BALBOA
31,1,13044,Balboa Street,Balboa St & 17th Ave,100.0,37.776626,-122.475987,31,BALBOA
31,1,13046,19th Avenue,Balboa St & 19th Ave,100.0,37.776528,-122.47813,31,BALBOA
31,1,13046,Balboa Street,Balboa St & 19th Ave,100.0,37.776528,-122.47813,31,BALBOA
31,1,13048,21st Avenue,Balboa St & 21st Ave,100.0,37.776429,-122.480273,31,BALBOA
31,1,13048,Balboa Street,Balboa St & 21st Ave,100.0,37.776429,-122.480273,31,BALBOA
31,1,13050,23rd Avenue,Balboa St & 23rd Ave,100.0,37.77633,-122.482417,31,BALBOA
31,1,13050,Balboa Street,Balboa St & 23rd Ave,100.0,37.77633,-122.482417,31,BALBOA
31,1,13052,25th Avenue,Balboa St & 25th Ave,100.0,37.77624,-122.484296,31,BALBOA
31,1,13052,Balboa Street,Balboa St & 25th Ave,100.0,37.77624,-122.484296,31,BALBOA
31,1,13054,28th Avenue,Balboa St & 28th Ave,100.0,37.776088,-122.487769,31,BALBOA
31,1,13054,Balboa Street,Balboa St & 28th Ave,100.0,37.776088,-122.487769,31,BALBOA
31,1,13056,30th Avenue,Balboa St & 30th Ave,100.0,37.775989,-122.489912,31,BALBOA
31,1,13056,Balboa Street,Balboa St & 30th Ave,100.0,37.775989,-122.489912,31,BALBOA
31,1,13058,32nd Avenue,Balboa St & 32nd Ave,100.0,37.77589,-122.492056,31,BALBOA
31,1,13058,Balboa Street,Balboa St & 32nd Ave,100.0,37.77589,-122.492056,31,BALBOA
31,1,13059,34th Avenue,Balboa St & 34th Ave,100.0,37.775791,-122.494199,31,BALBOA
31,1,13059,Balboa Street,Balboa St & 34th Ave,100.0,37.775791,-122.494199,31,BALBOA
31,1,13062,37th Avenue,Balboa St & 37th Ave,100.0,37.775647,-122.497419,31,BALBOA
31,1,13062,Balboa Street,Balboa St & 37th Ave,100.0,37.775647,-122.497419,31,BALBOA
31,1,13064,40th Avenue,Balboa St & 40th Ave,100.0,37.775503,-122.500617,31,BALBOA
31,1,13064,Balboa Street,Balboa St & 40th Ave,100.0,37.775503,-122.500617,31,BALBOA
31,1,13066,43rd Avenue,Balboa St & 43rd Ave,100.0,37.77535,-122.503838,31,BALBOA
31,1,13066,Balboa Street,Balboa St & 43rd Ave,100.0,37.77535,-122.503838,31,BALBOA
31,1,13033,4th Avenue,Balboa St & 4th Ave,100.0,37.777262,-122.461969,31,BALBOA
31,1,13033,Balboa Street,Balboa St & 4th Ave,100.0,37.777262,-122.461969,31,BALBOA
31,1,13035,6th Avenue,Balboa St & 6th Ave,100.0,37.777173,-122.463849,31,BALBOA
31,1,13035,Balboa Street,Balboa St & 6th Ave,100.0,37.777173,-122.463849,31,BALBOA
31,1,13037,8th Avenue,Balboa St & 8th Ave,100.0,37.777065,-122.466256,31,BALBOA
31,1,13037,Balboa Street,Balboa St & 8th Ave,100.0,37.777065,-122.466256,31,BALBOA
31,1,13071,Balboa Street,Balboa St & Park Presidio Blvd,100.0,37.776788,-122.472411,31,BALBOA
31,1,13071,Park Presidio Boulevard,Balboa St & Park Presidio Blvd,100.0,37.776788,-122.472411,31,BALBOA
31,1,13925,47th Avenue,Cabrillo St & 47th Ave,100.0,37.773287,-122.507985,31,BALBOA
31,1,13925,Cabrillo Street,Cabrillo St & 47th Ave,100.0,37.773287,-122.507985,31,BALBOA
31,1,13927,Cabrillo Street,Cabrillo St & La Playa St,100.0,37.773562,-122.50998,31,BALBOA
31,1,17204,Cabrillo Street,Cabrillo St & La Playa St,100.0,37.773206,-122.509876,31,BALBOA
31,1,13927,La Playa Street,Cabrillo St & La Playa St,100.0,37.773562,-122.50998,31,BALBOA
31,1,17204,La Playa Street,Cabrillo St & La Playa St,100.0,37.773206,-122.509876,31,BALBOA
31,1,13612,Cyril Magnin Street,Cyril Magnin St & Market St,89.091,37.784011,-122.40821,31,BALBOA
31,1,13612,Market Street,Cyril Magnin St & Market St,89.091,37.784011,-122.40821,31,BALBOA
31,1,14473,Buchanan Street,Eddy St & Buchanan St,89.091,37.781767,-122.429141,31,BALBOA
31,1,14473,Eddy Street,Eddy St & Buchanan St,89.091,37.781767,-122.429141,31,BALBOA
31,1,14474,Divisadero Street,Eddy St & Divisadero St,89.091,37.780546,-122.438759,31,BALBOA
31,1,14474,Eddy Street,Eddy St & Divisadero St,89.091,37.780546,-122.438759,31,BALBOA
31,1,14476,Eddy Street,Eddy St & Fillmore St,89.091,37.781348,-122.432431,31,BALBOA
31,1,14476,Fillmore Street,Eddy St & Fillmore St,89.091,37.781348,-122.432431,31,BALBOA
31,1,14478,Eddy Street,Eddy St & Gough St,89.091,37.7824,-122.424201,31,BALBOA
31,1,14478,Gough Street,Eddy St & Gough St,89.091,37.7824,-122.424201,31,BALBOA
31,1,14479,Eddy Street,Eddy St & Hyde St,89.091,37.783478,-122.415718,31,BALBOA
31,1,14479,Hyde Street,Eddy St & Hyde St,89.091,37.783478,-122.415718,31,BALBOA
31,1,14480,Eddy Street,Eddy St & Jones St,89.091,37.783878,-122.412428,31,BALBOA
31,1,14480,Jones Street,Eddy St & Jones St,89.091,37.783878,-122.412428,31,BALBOA
31,1,14485,Eddy Street,Eddy St & Laguna St,89.091,37.782017,-122.427227,31,BALBOA
31,1,14485,Laguna Street,Eddy St & Laguna St,89.091,37.782017,-122.427227,31,BALBOA
31,1,14482,Eddy Street,Eddy St & Larkin St,89.091,37.783273,-122.417357,31,BALBOA
31,1,14482,Larkin Street,Eddy St & Larkin St,89.091,37.783273,-122.417357,31,BALBOA
31,1,14483,Eddy Street,Eddy St & Leavenworth St,89.091,37.783682,-122.413964,31,BALBOA
31,1,14483,Leavenworth Street,Eddy St & Leavenworth St,89.091,37.783682,-122.413964,31,BALBOA
31,1,14488,Eddy Street,Eddy St & Pierce St,89.091,37.780929,-122.435709,31,BALBOA
31,1,14488,Pierce Street,Eddy St & Pierce St,89.091,37.780929,-122.435709,31,BALBOA
31,1,14490,Eddy Street,Eddy St & Polk St,89.091,37.783059,-122.419019,31,BALBOA
31,1,14490,Polk Street,Eddy St & Polk St,89.091,37.783059,-122.419019,31,BALBOA
31,1,14492,Eddy Street,Eddy St & Scott St,89.091,37.780724,-122.43736,31,BALBOA
31,1,14492,Scott Street,Eddy St & Scott St,89.091,37.780724,-122.43736,31,BALBOA
31,1,14493,Eddy Street,Eddy St & Taylor St,89.091,37.784172,-122.410135,31,BALBOA
31,1,14493,Taylor Street,Eddy St & Taylor St,89.091,37.784172,-122.410135,31,BALBOA
31,1,14495,Eddy Street,Eddy St & Van Ness Ave,89.091,37.782863,-122.42059,31,BALBOA
31,1,14495,Van Ness Avenue,Eddy St & Van Ness Ave,89.091,37.782863,-122.42059,31,BALBOA
31,1,15709,Geary Boulevard,Masonic Ave & Geary Blvd,10.909,37.782161,-122.447355,31,BALBOA
31,1,15709,Masonic Avenue,Masonic Ave & Geary Blvd,10.909,37.782161,-122.447355,31,BALBOA
31,1,16709,Arguello Boulevard,Turk St & Arguello Blvd,100.0,37.77715,-122.45818,31,BALBOA
31,1,16709,Turk Street,Turk St & Arguello Blvd,100.0,37.77715,-122.45818,31,BALBOA
31,1,16711,Baker Street,Turk St & Baker St,89.091,37.779163,-122.442151,31,BALBOA
31,1,16711,Turk Street,Turk St & Baker St,89.091,37.779163,-122.442151,31,BALBOA
31,1,16713,Broderick Street,Turk St & Broderick St,89.091,37.779359,-122.440489,31,BALBOA
31,1,16713,Turk Street,Turk St & Broderick St,89.091,37.779359,-122.440489,31,BALBOA
31,1,16717,Central Avenue,Turk St & Central Ave,89.091,37.778762,-122.445441,31,BALBOA
31,1,16717,Turk Street,Turk St & Central Ave,89.091,37.778762,-122.445441,31,BALBOA
31,1,16715,Chabot Terrace,Turk St & Chabot Ter,100.0,37.778012,-122.451367,31,BALBOA
31,1,16715,Turk Street,Turk St & Chabot Ter,100.0,37.778012,-122.451367,31,BALBOA
31,1,16723,Lyon Street,Turk St & Lyon St,89.091,37.778958,-122.443791,31,BALBOA
31,1,16723,Turk Street,Turk St & Lyon St,89.091,37.778958,-122.443791,31,BALBOA
31,1,16725,Masonic Avenue,Turk St & Masonic Ave,100.0,37.778548,-122.447138,31,BALBOA
31,1,16725,Turk Street,Turk St & Masonic Ave,100.0,37.778548,-122.447138,31,BALBOA
31,1,16728,Parker Avenue,Turk St & Parker Ave,100.0,37.777754,-122.453476,31,BALBOA
31,1,16728,Turk Street,Turk St & Parker Ave,100.0,37.777754,-122.453476,31,BALBOA
31,1,16729,Roselyn Terrace,Turk St & Roselyn Ter,100.0,37.778235,-122.44959,31,BALBOA
31,1,16729,Turk Street,Turk St & Roselyn Ter,100.0,37.778235,-122.44959,31,BALBOA
31,1,16732,Stanyan Street,Turk St & Stanyan St,100.0,37.777557,-122.455035,31,BALBOA
31,1,16732,Turk Street,Turk St & Stanyan St,100.0,37.777557,-122.455035,31,BALBOA
33,0,13282,16th Street,16th St & Bryant St,100.0,37.765595,-122.410408,33,ASHBURY-18TH ST
33,0,13282,Bryant Street,16th St & Bryant St,100.0,37.765595,-122.410408,33,ASHBURY-18TH ST
33,0,13292,16th Street,16th St & Mission St,100.0,37.76502,-122.41928,33,ASHBURY-18TH ST
33,0,13292,Mission Street,16th St & Mission St,100.0,37.76502,-122.41928,33,ASHBURY-18TH ST
33,0,13296,16th Street,16th St & Potrero Ave,100.0,37.765764,-122.407612,33,ASHBURY-18TH ST
33,0,13296,Potrero Avenue,16th St & Potrero Ave,100.0,37.765764,-122.407612,33,ASHBURY-18TH ST
33,0,13299,16th Street,16th St & Shotwell St,100.0,37.765218,-122.416048,33,ASHBURY-18TH ST
33,0,13299,Shotwell Street,16th St & Shotwell St,100.0,37.765218,-122.416048,33,ASHBURY-18TH ST
33,0,13326,18th Street,18th St & Castro St,100.0,37.760845,-122.434842,33,ASHBURY-18TH ST
33,0,13326,Castro Street,18th St & Castro St,100.0,37.760845,-122.434842,33,ASHBURY-18TH ST
33,0,13323,18th Street,18th St & Church St,100.0,37.761245,-122.428138,33,ASHBURY-18TH ST
33,0,13323,Church Street,18th St & Church St,100.0,37.761245,-122.428138,33,ASHBURY-18TH ST
33,0,13328,18th Street,18th St & Danvers St,100.0,37.76024,-122.44349,33,ASHBURY-18TH ST
33,0,13328,Danvers Street,18th St & Danvers St,100.0,37.76024,-122.44349,33,ASHBURY-18TH ST
33,0,13329,18th Street,18th St & Diamond St,100.0,37.760702,-122.437294,33,ASHBURY-18TH ST
33,0,13329,Diamond Street,18th St & Diamond St,100.0,37.760702,-122.437294,33,ASHBURY-18TH ST
33,0,13331,18th Street,18th St & Dolores St,100.0,37.761388,-122.425927,33,ASHBURY-18TH ST
33,0,13331,Dolores Street,18th St & Dolores St,100.0,37.761388,-122.425927,33,ASHBURY-18TH ST
33,0,13334,18th Street,18th St & Guerrero St,100.0,37.761521,-122.423646,33,ASHBURY-18TH ST
33,0,13334,Guerrero Street,18th St & Guerrero St,100.0,37.761521,-122.423646,33,ASHBURY-18TH ST
33,0,13336,18th Street,18th St & Hattie St,100.0,37.760488,-122.440778,33,ASHBURY-18TH ST
33,0,13336,Hattie Street,18th St & Hattie St,100.0,37.760488,-122.440778,33,ASHBURY-18TH ST
33,0,13341,18th Street,18th St & Noe St,100.0,37.76096,-122.432905,33,ASHBURY-18TH ST
33,0,13341,Noe Street,18th St & Noe St,100.0,37.76096,-122.432905,33,ASHBURY-18TH ST
33,0,13345,18th Street,18th St & Sanchez St,100.0,37.761094,-122.430682,33,ASHBURY-18TH ST
33,0,13345,Sanchez Street,18th St & Sanchez St,100.0,37.761094,-122.430682,33,ASHBURY-18TH ST
33,0,13349,18th Street,18th St & Valencia St,100.0,37.761663,-122.421423,33,ASHBURY-18TH ST
33,0,13349,Valencia Street,18th St & Valencia St,100.0,37.761663,-122.421423,33,ASHBURY-18TH ST
33,0,13511,25th Street,25th St & Potrero Ave,100.0,37.751407,-122.40668,33,ASHBURY-18TH ST
33,0,13511,Potrero Avenue,25th St & Potrero Ave,100.0,37.751407,-122.40668,33,ASHBURY-18TH ST
33,0,13642,Arguello Boulevard,Arguello Blvd & Balboa St,100.0,37.777075,-122.458645,33,ASHBURY-18TH ST
33,0,13642,Balboa Street,Arguello Blvd & Balboa St,100.0,37.777075,-122.458645,33,ASHBURY-18TH ST
33,0,13644,Arguello Boulevard,Arguello Blvd & California St,100.0,37.78556,-122.459254,33,ASHBURY-18TH ST
33,0,13644,California Street,Arguello Blvd & California St,100.0,37.78556,-122.459254,33,ASHBURY-18TH ST
33,0,13645,Arguello Boulevard,Arguello Blvd & Clement St,100.0,37.783071,-122.45907,33,ASHBURY-18TH ST
33,0,13645,Clement Street,Arguello Blvd & Clement St,100.0,37.783071,-122.45907,33,ASHBURY-18TH ST
33,0,13649,Arguello Boulevard,Arguello Blvd & Geary Blvd,100.0,37.781429,-122.458955,33,ASHBURY-18TH ST
33,0,13649,Geary Boulevard,Arguello Blvd & Geary Blvd,100.0,37.781429,-122.458955,33,ASHBURY-18TH ST
33,0,17220,Ashbury Street,Ashbury St & Clayton St,100.0,37.763014,-122.446966,33,ASHBURY-18TH ST
33,0,17220,Clayton Street,Ashbury St & Clayton St,100.0,37.763014,-122.446966,33,ASHBURY-18TH ST
33,0,13657,Ashbury Street,Ashbury St & Clifford Ter,100.0,37.764298,-122.446095,33,ASHBURY-18TH ST
33,0,13657,Clifford Terrace,Ashbury St & Clifford Ter,100.0,37.764298,-122.446095,33,ASHBURY-18TH ST
33,0,17295,Ashbury Street,Ashbury St & Frederick St,100.0,37.767305,-122.446473,33,ASHBURY-18TH ST
33,0,17295,Frederick Street,Ashbury St & Frederick St,100.0,37.767305,-122.446473,33,ASHBURY-18TH ST
33,0,13663,Ashbury Street,Ashbury St & Piedmont St,100.0,37.765298,-122.446072,33,ASHBURY-18TH ST
33,0,13663,Piedmont Street,Ashbury St & Piedmont St,100.0,37.765298,-122.446072,33,ASHBURY-18TH ST
33,0,13665,Ashbury Street,Ashbury St & Waller St,100.0,37.769161,-122.446851,33,ASHBURY-18TH ST
33,0,13665,Waller Street,Ashbury St & Waller St,100.0,37.769161,-122.446851,33,ASHBURY-18TH ST
33,0,13852,California Street,California St & Cherry St,100.0,37.786042,-122.456835,33,ASHBURY-18TH ST
33,0,13852,Cherry Street,California St & Cherry St,100.0,37.786042,-122.456835,33,ASHBURY-18TH ST
33,0,14076,Clayton Street,Clayton St & Corbett Ave,100.0,37.758668,-122.445866,33,ASHBURY-18TH ST
33,0,14076,Corbett Avenue,Clayton St & Corbett Ave,100.0,37.758668,-122.445866,33,ASHBURY-18TH ST
33,0,14080,Clayton Street,Clayton St & Market St,100.0,37.758222,-122.444319,33,ASHBURY-18TH ST
33,0,14080,Market Street,Clayton St & Market St,100.0,37.758222,-122.444319,33,ASHBURY-18TH ST
33,0,14070,Clayton Street,Clayton St & Twin Peaks Blvd,100.0,37.760863,-122.446485,33,ASHBURY-18TH ST
33,0,14070,Twin Peaks Boulevard,Clayton St & Twin Peaks Blvd,100.0,37.760863,-122.446485,33,ASHBURY-18TH ST
33,0,14224,Arguello Boulevard,Fulton St & Arguello Blvd,100.0,37.774282,-122.458003,33,ASHBURY-18TH ST
33,0,14224,Fulton Street,Fulton St & Arguello Blvd,100.0,37.774282,-122.458003,33,ASHBURY-18TH ST
33,0,14947,Clayton Street,Haight St & Clayton St,100.0,37.769777,-122.448433,33,ASHBURY-18TH ST
33,0,14947,Haight Street,Haight St & Clayton St,100.0,37.769777,-122.448433,33,ASHBURY-18TH ST
33,0,14963,Haight Street,Haight St & Stanyan St,100.0,37.76917,-122.453075,33,ASHBURY-18TH ST
33,0,14963,Stanyan Street,Haight St & Stanyan St,100.0,37.76917,-122.453075,33,ASHBURY-18TH ST
33,0,15663,Clayton Street,Market St & Clayton St,100.0,37.758409,-122.444055,33,ASHBURY-18TH ST
33,0,15663,Market Street,Market St & Clayton St,100.0,37.758409,-122.444055,33,ASHBURY-18TH ST
33,0,15553,18th Street,Mission St & 18th St,100.0,37.762635,-122.419348,33,ASHBURY-18TH ST
33,0,15553,Mission Street,Mission St & 18th St,100.0,37.762635,-122.419348,33,ASHBURY-18TH ST
33,0,17912,19th Street,Potrero Ave & 19th St,100.0,37.760606,-122.407168,33,ASHBURY-18TH ST
33,0,17912,Potrero Avenue,Potrero Ave & 19th St,100.0,37.760606,-122.407168,33,ASHBURY-18TH ST
33,0,16034,21st Street,Potrero Ave & 21st St,100.0,37.7575,-122.40694,33,ASHBURY-18TH ST
33,0,16034,Potrero Avenue,Potrero Ave & 21st St,100.0,37.7575,-122.40694,33,ASHBURY-18TH ST
33,0,16037,23rd Street,Potrero Ave & 23rd St,100.0,37.75506,-122.4067,33,ASHBURY-18TH ST
33,0,16037,Potrero Avenue,Potrero Ave & 23rd St,100.0,37.75506,-122.4067,33,ASHBURY-18TH ST
33,0,16039,24th Street,Potrero Ave & 24th St,100.0,37.75267,-122.40649,33,ASHBURY-18TH ST
33,0,16039,Potrero Avenue,Potrero Ave & 24th St,100.0,37.75267,-122.40649,33,ASHBURY-18TH ST
33,0,17911,Mariposa Street,Potrero Ave & Mariposa St,100.0,37.763132,-122.407407,33,ASHBURY-18TH ST
33,0,17911,Potrero Avenue,Potrero Ave & Mariposa St,100.0,37.763132,-122.407407,33,ASHBURY-18TH ST
33,0,16293,Cherry Street,Sacramento St & Cherry St,86.517,37.786908,-122.45656,33,ASHBURY-18TH ST
33,0,16293,Sacramento Street,Sacramento St & Cherry St,86.517,37.786908,-122.45656,33,ASHBURY-18TH ST
33,0,16479,Fulton Street,Stanyan St & Fulton St,100.0,37.774604,-122.454714,33,ASHBURY-18TH ST
33,0,16479,Stanyan Street,Stanyan St & Fulton St,100.0,37.774604,-122.454714,33,ASHBURY-18TH ST
33,0,16481,Hayes Street,Stanyan St & Hayes St,100.0,37.772766,-122.454335,33,ASHBURY-18TH ST
33,0,16481,Stanyan Street,Stanyan St & Hayes St,100.0,37.772766,-122.454335,33,ASHBURY-18TH ST
33,1,13281,16th Street,16th St & Bryant St,100.0,37.765658,-122.410294,33,ASHBURY-18TH ST
33,1,13281,Bryant Street,16th St & Bryant St,100.0,37.765658,-122.410294,33,ASHBURY-18TH ST
33,1,17289,16th Street,16th St & Folsom St,100.0,37.7654,-122.415428,33,ASHBURY-18TH ST
33,1,17289,Folsom Street,16th St & Folsom St,100.0,37.7654,-122.415428,33,ASHBURY-18TH ST
33,1,13295,16th Street,16th St & Potrero Ave,100.0,37.7658,-122.407624,33,ASHBURY-18TH ST
33,1,13295,Potrero Avenue,16th St & Potrero Ave,100.0,37.7658,-122.407624,33,ASHBURY-18TH ST
33,1,13325,18th Street,18th St & Castro St,100.0,37.760952,-122.435151,33,ASHBURY-18TH ST
33,1,13325,Castro Street,18th St & Castro St,100.0,37.760952,-122.435151,33,ASHBURY-18TH ST
33,1,13322,18th Street,18th St & Church St,100.0,37.76137,-122.428195,33,ASHBURY-18TH ST
33,1,13322,Church Street,18th St & Church St,100.0,37.76137,-122.428195,33,ASHBURY-18TH ST
33,1,13327,18th Street,18th St & Danvers St,100.0,37.760355,-122.44354,33,ASHBURY-18TH ST
33,1,13327,Danvers Street,18th St & Danvers St,100.0,37.760355,-122.44354,33,ASHBURY-18TH ST
33,1,13330,18th Street,18th St & Dolores St,100.0,37.761486,-122.426236,33,ASHBURY-18TH ST
33,1,13330,Dolores Street,18th St & Dolores St,100.0,37.761486,-122.426236,33,ASHBURY-18TH ST
33,1,13332,18th Street,18th St & Eureka St,100.0,37.760765,-122.438154,33,ASHBURY-18TH ST
33,1,13332,Eureka Street,18th St & Eureka St,100.0,37.760765,-122.438154,33,ASHBURY-18TH ST
33,1,13333,18th Street,18th St & Guerrero St,100.0,37.761619,-122.423955,33,ASHBURY-18TH ST
33,1,13333,Guerrero Street,18th St & Guerrero St,100.0,37.761619,-122.423955,33,ASHBURY-18TH ST
33,1,13335,18th Street,18th St & Hattie St,100.0,37.760586,-122.441087,33,ASHBURY-18TH ST
33,1,13335,Hattie Street,18th St & Hattie St,100.0,37.760586,-122.441087,33,ASHBURY-18TH ST
33,1,13339,18th Street,18th St & Market St,100.0,37.759792,-122.444445,33,ASHBURY-18TH ST
33,1,13339,Market Street,18th St & Market St,100.0,37.759792,-122.444445,33,ASHBURY-18TH ST
33,1,13338,18th Street,18th St & Mission St,100.0,37.761895,-122.419509,33,ASHBURY-18TH ST
33,1,13338,Mission Street,18th St & Mission St,100.0,37.761895,-122.419509,33,ASHBURY-18TH ST
33,1,13340,18th Street,18th St & Noe St,100.0,37.761094,-122.432688,33,ASHBURY-18TH ST
33,1,13340,Noe Street,18th St & Noe St,100.0,37.761094,-122.432688,33,ASHBURY-18TH ST
33,1,13344,18th Street,18th St & Sanchez St,100.0,37.761228,-122.430464,33,ASHBURY-18TH ST
33,1,13344,Sanchez Street,18th St & Sanchez St,100.0,37.761228,-122.430464,33,ASHBURY-18TH ST
33,1,13348,18th Street,18th St & Valencia St,100.0,37.761762,-122.421732,33,ASHBURY-18TH ST
33,1,13348,Valencia Street,18th St & Valencia St,100.0,37.761762,-122.421732,33,ASHBURY-18TH ST
33,1,13511,25th Street,25th St & Potrero Ave,100.0,37.751407,-122.40668,33,ASHBURY-18TH ST
33,1,13511,Potrero Avenue,25th St & Potrero Ave,100.0,37.751407,-122.40668,33,ASHBURY-18TH ST
33,1,13643,Arguello Boulevard,Arguello Blvd & California St,100.0,37.785596,-122.459093,33,ASHBURY-18TH ST
33,1,13643,California Street,Arguello Blvd & California St,100.0,37.785596,-122.459093,33,ASHBURY-18TH ST
33,1,13647,Arguello Boulevard,Arguello Blvd & Euclid Ave,100.0,37.78374,-122.458956,33,ASHBURY-18TH ST
33,1,13647,Euclid Avenue,Arguello Blvd & Euclid Ave,100.0,37.78374,-122.458956,33,ASHBURY-18TH ST
33,1,13648,Arguello Boulevard,Arguello Blvd & Fulton St,100.0,37.774425,-122.458301,33,ASHBURY-18TH ST
33,1,13648,Fulton Street,Arguello Blvd & Fulton St,100.0,37.774425,-122.458301,33,ASHBURY-18TH ST
33,1,13650,Arguello Boulevard,Arguello Blvd & Geary Blvd,100.0,37.781081,-122.45876,33,ASHBURY-18TH ST
33,1,13650,Geary Boulevard,Arguello Blvd & Geary Blvd,100.0,37.781081,-122.45876,33,ASHBURY-18TH ST
33,1,13651,Arguello Boulevard,Arguello Blvd & Turk St,100.0,37.777477,-122.458519,33,ASHBURY-18TH ST
33,1,13651,Turk Street,Arguello Blvd & Turk St,100.0,37.777477,-122.458519,33,ASHBURY-18TH ST
33,1,13659,Ashbury Street,Ashbury St & Clayton St,100.0,37.762978,-122.446805,33,ASHBURY-18TH ST
33,1,13659,Clayton Street,Ashbury St & Clayton St,100.0,37.762978,-122.446805,33,ASHBURY-18TH ST
33,1,13656,Ashbury Street,Ashbury St & Clifford Ter,100.0,37.764281,-122.445946,33,ASHBURY-18TH ST
33,1,13656,Clifford Terrace,Ashbury St & Clifford Ter,100.0,37.764281,-122.445946,33,ASHBURY-18TH ST
33,1,13661,Ashbury Street,Ashbury St & Frederick St,100.0,37.767154,-122.446278,33,ASHBURY-18TH ST
33,1,13661,Frederick Street,Ashbury St & Frederick St,100.0,37.767154,-122.446278,33,ASHBURY-18TH ST
33,1,13662,Ashbury Street,Ashbury St & Haight St,100.0,37.769937,-122.446851,33,ASHBURY-18TH ST
33,1,13662,Haight Street,Ashbury St & Haight St,100.0,37.769937,-122.446851,33,ASHBURY-18TH ST
33,1,13664,Ashbury Street,Ashbury St & Piedmont St,100.0,37.765146,-122.445877,33,ASHBURY-18TH ST
33,1,13664,Piedmont Street,Ashbury St & Piedmont St,100.0,37.765146,-122.445877,33,ASHBURY-18TH ST
33,1,13666,Ashbury Street,Ashbury St & Waller St,100.0,37.76901,-122.446656,33,ASHBURY-18TH ST
33,1,13666,Waller Street,Ashbury St & Waller St,100.0,37.76901,-122.446656,33,ASHBURY-18TH ST
33,1,14075,Clayton Street,Clayton St & Corbett Ave,100.0,37.758793,-122.445935,33,ASHBURY-18TH ST
33,1,14075,Corbett Avenue,Clayton St & Corbett Ave,100.0,37.758793,-122.445935,33,ASHBURY-18TH ST
33,1,18164,Clayton Street,Clayton St & Deming St,100.0,37.760299,-122.446297,33,ASHBURY-18TH ST
33,1,18164,Deming Street,Clayton St & Deming St,100.0,37.760299,-122.446297,33,ASHBURY-18TH ST
33,1,14079,Clayton Street,Clayton St & Market St,100.0,37.758383,-122.444479,33,ASHBURY-18TH ST
33,1,14079,Market Street,Clayton St & Market St,100.0,37.758383,-122.444479,33,ASHBURY-18TH ST
33,1,14236,Fulton Street,Fulton St & Stanyan Stw,100.0,37.774773,-122.454737,33,ASHBURY-18TH ST
33,1,14236,Stanyan Stw,Fulton St & Stanyan Stw,100.0,37.774773,-122.454737,33,ASHBURY-18TH ST
33,1,14946,Clayton Street,Haight St & Clayton St,100.0,37.769839,-122.448731,33,ASHBURY-18TH ST
33,1,14946,Haight Street,Haight St & Clayton St,100.0,37.769839,-122.448731,33,ASHBURY-18TH ST
33,1,14962,Haight Street,Haight St & Stanyan St,100.0,37.769331,-122.452845,33,ASHBURY-18TH ST
33,1,14962,Stanyan Street,Haight St & Stanyan St,100.0,37.769331,-122.452845,33,ASHBURY-18TH ST
33,1,14964,24th Street,Hampshire St & 24th St,100.0,37.752826,-122.407218,33,ASHBURY-18TH ST
33,1,14964,Hampshire Street,Hampshire St & 24th St,100.0,37.752826,-122.407218,33,ASHBURY-18TH ST
33,1,15552,16th Street,Mission St & 16th St,100.0,37.764804,-122.419737,33,ASHBURY-18TH ST
33,1,15552,Mission Street,Mission St & 16th St,100.0,37.764804,-122.419737,33,ASHBURY-18TH ST
33,1,17909,19th Street,Potrero Ave & 19th St,100.0,37.76074,-122.407019,33,ASHBURY-18TH ST
33,1,17909,Potrero Avenue,Potrero Ave & 19th St,100.0,37.76074,-122.407019,33,ASHBURY-18TH ST
33,1,17908,21st Street,Potrero Ave & 21st St,100.0,37.757858,-122.406723,33,ASHBURY-18TH ST
33,1,17908,Potrero Avenue,Potrero Ave & 21st St,100.0,37.757858,-122.406723,33,ASHBURY-18TH ST
33,1,16038,24th Street,Potrero Ave & 24th St,100.0,37.75342,-122.40625,33,ASHBURY-18TH ST
33,1,16038,Potrero Avenue,Potrero Ave & 24th St,100.0,37.75342,-122.40625,33,ASHBURY-18TH ST
33,1,17910,Mariposa Street,Potrero Ave & Mariposa St,100.0,37.763283,-122.407258,33,ASHBURY-18TH ST
33,1,17910,Potrero Avenue,Potrero Ave & Mariposa St,100.0,37.763283,-122.407258,33,ASHBURY-18TH ST
33,1,16119,Potrero Avenue,Potrero Ave At Sf General Hospital,100.0,37.755413,-122.406472,33,ASHBURY-18TH ST
33,1,16119,Sf General Hospital,Potrero Ave At Sf General Hospital,100.0,37.755413,-122.406472,33,ASHBURY-18TH ST
33,1,16293,Cherry Street,Sacramento St & Cherry St,86.517,37.786908,-122.45656,33,ASHBURY-18TH ST
33,1,16293,Sacramento Street,Sacramento St & Cherry St,86.517,37.786908,-122.45656,33,ASHBURY-18TH ST
33,1,16480,Hayes Street,Stanyan St & Hayes St,100.0,37.772819,-122.454186,33,ASHBURY-18TH ST
33,1,16480,Stanyan Street,Stanyan St & Hayes St,100.0,37.772819,-122.454186,33,ASHBURY-18TH ST
33,1,16482,Oak Street,Stanyan St & Oak St,100.0,37.770856,-122.453785,33,ASHBURY-18TH ST
33,1,16482,Stanyan Street,Stanyan St & Oak St,100.0,37.770856,-122.453785,33,ASHBURY-18TH ST
35,0,13414,20th Street,20th St & Collingwood St,100.0,37.757677,-122.435966,35,EUREKA
35,0,13414,Collingwood Street,20th St & Collingwood St,100.0,37.757677,-122.435966,35,EUREKA
35,0,13415,20th Street,20th St & Eureka St,100.0,37.757561,-122.437868,35,EUREKA
35,0,13415,Eureka Street,20th St & Eureka St,100.0,37.757561,-122.437868,35,EUREKA
35,0,13465,24th Street,24th St & Diamond St,100.0,37.751092,-122.436402,35,EUREKA
35,0,13465,Diamond Street,24th St & Diamond St,100.0,37.751092,-122.436402,35,EUREKA
35,0,15634,33 Moffitt Street,33 Moffitt St,100.0,37.736834,-122.432189,35,EUREKA
35,0,13618,Addison Street,Addison  St & Farnum St,100.0,37.740055,-122.434433,35,EUREKA
35,0,13618,Farnum Street,Addison  St & Farnum St,100.0,37.740055,-122.434433,35,EUREKA
35,0,13615,Addison Street,Addison St & Diamond Heights Blvd,100.0,37.740037,-122.435716,35,EUREKA
35,0,13615,Diamond Heights Boulevard,Addison St & Diamond Heights Blvd,100.0,37.740037,-122.435716,35,EUREKA
35,0,13693,Addison Street,Bemis St & Addison  St,100.0,37.737725,-122.429531,35,EUREKA
35,0,13693,Bemis Street,Bemis St & Addison  St,100.0,37.737725,-122.429531,35,EUREKA
35,0,13096,Bemis Street,Bemis St & Moffitt St,100.0,37.736655,-122.431181,35,EUREKA
35,0,13096,Moffitt Street,Bemis St & Moffitt St,100.0,37.736655,-122.431181,35,EUREKA
35,0,13696,Bosworth Street,Bosworth St & Diamond St,100.0,37.733488,-122.43408,35,EUREKA
35,0,13696,Diamond Street,Bosworth St & Diamond St,100.0,37.733488,-122.43408,35,EUREKA
35,0,14315,18th Street,Castro St & 18th St,100.0,37.760863,-122.435048,35,EUREKA
35,0,14315,Castro Street,Castro St & 18th St,100.0,37.760863,-122.435048,35,EUREKA
35,0,14316,19th Street,Castro St & 19th St,100.0,37.75939,-122.43491,35,EUREKA
35,0,14316,Castro Street,Castro St & 19th St,100.0,37.75939,-122.43491,35,EUREKA
35,0,14318,20th Street,Castro St & 20th St,100.0,37.75778,-122.43477,35,EUREKA
35,0,14318,Castro Street,Castro St & 20th St,100.0,37.75778,-122.43477,35,EUREKA
35,0,14334,Castro Street,Castro St & Market St,100.0,37.762397,-122.435266,35,EUREKA
35,0,14334,Market Street,Castro St & Market St,100.0,37.762397,-122.435266,35,EUREKA
35,0,13967,Castro Street,Chenery St & Castro St,100.0,37.7346,-122.43233,35,EUREKA
35,0,13967,Chenery Street,Chenery St & Castro St,100.0,37.7346,-122.43233,35,EUREKA
35,0,13969,Chenery Street,Chenery St & Mateo St,100.0,37.73646,-122.42894,35,EUREKA
35,0,13969,Mateo Street,Chenery St & Mateo St,100.0,37.73646,-122.42894,35,EUREKA
35,0,13972,Chenery Street,Chenery St & Miguel St,100.0,37.73711,-122.42792,35,EUREKA
35,0,13972,Miguel Street,Chenery St & Miguel St,100.0,37.73711,-122.42792,35,EUREKA
35,0,13976,Chenery Street,Chenery St & Roanoke St,100.0,37.73563,-122.4302,35,EUREKA
35,0,13976,Roanoke Street,Chenery St & Roanoke St,100.0,37.73563,-122.4302,35,EUREKA
35,0,14372,25th Street,Diamond St & 25th St,100.0,37.74965,-122.43621,35,EUREKA
35,0,14372,Diamond Street,Diamond St & 25th St,100.0,37.74965,-122.43621,35,EUREKA
35,0,14375,26th Street,Diamond St & 26th St,100.0,37.747853,-122.43607,35,EUREKA
35,0,14375,Diamond Street,Diamond St & 26th St,100.0,37.747853,-122.43607,35,EUREKA
35,0,14377,27th Street,Diamond St & 27th St,100.0,37.746256,-122.435922,35,EUREKA
35,0,14377,Diamond Street,Diamond St & 27th St,100.0,37.746256,-122.435922,35,EUREKA
35,0,14379,28th Street,Diamond St & 28th St,100.0,37.74465,-122.435762,35,EUREKA
35,0,14379,Diamond Street,Diamond St & 28th St,100.0,37.74465,-122.435762,35,EUREKA
35,0,14380,29th Street,Diamond St & 29th St,100.0,37.743249,-122.435659,35,EUREKA
35,0,14380,Diamond Street,Diamond St & 29th St,100.0,37.743249,-122.435659,35,EUREKA
35,0,14385,Cesar Chavez Street,Diamond St & Cesar Chavez St,100.0,37.747068,-122.43599,35,EUREKA
35,0,14385,Diamond Street,Diamond St & Cesar Chavez St,100.0,37.747068,-122.43599,35,EUREKA
35,0,14389,Chenery Street,Diamond St & Chenery St,100.0,37.734469,-122.433953,35,EUREKA
35,0,14389,Diamond Street,Diamond St & Chenery St,100.0,37.734469,-122.433953,35,EUREKA
35,0,14390,Clipper Street,Diamond St & Clipper St,100.0,37.748853,-122.436162,35,EUREKA
35,0,14390,Diamond Street,Diamond St & Clipper St,100.0,37.748853,-122.436162,35,EUREKA
35,0,14397,Diamond Heights Boulevard,Diamond St & Diamond Heights Blvd,100.0,37.74192,-122.435476,35,EUREKA
35,0,14397,Diamond Street,Diamond St & Diamond Heights Blvd,100.0,37.74192,-122.435476,35,EUREKA
35,0,14398,Diamond Street,Diamond St & Duncan St,100.0,37.745641,-122.435864,35,EUREKA
35,0,14398,Duncan Street,Diamond St & Duncan St,100.0,37.745641,-122.435864,35,EUREKA
35,0,14443,24th Street,Douglass St & 24th St,100.0,37.75112,-122.43854,35,EUREKA
35,0,14443,Douglass Street,Douglass St & 24th St,100.0,37.75112,-122.43854,35,EUREKA
35,0,14444,Alvarado Street,Douglass St & Alvarado St,100.0,37.75352,-122.43875,35,EUREKA
35,0,14444,Douglass Street,Douglass St & Alvarado St,100.0,37.75352,-122.43875,35,EUREKA
35,0,14538,21st Street,Eureka St & 21st St,100.0,37.755973,-122.437902,35,EUREKA
35,0,14538,Eureka Street,Eureka St & 21st St,100.0,37.755973,-122.437902,35,EUREKA
35,0,14540,22nd Street,Eureka St & 22nd St,100.0,37.754367,-122.437742,35,EUREKA
35,0,14540,Eureka Street,Eureka St & 22nd St,100.0,37.754367,-122.437742,35,EUREKA
35,0,14579,Farnum Street,Farnum St & Moffitt St,100.0,37.738333,-122.434067,35,EUREKA
35,0,14579,Moffitt Street,Farnum St & Moffitt St,100.0,37.738333,-122.434067,35,EUREKA
35,0,17253,Castro Street,Market St & Castro St,100.0,37.762317,-122.435739,35,EUREKA
35,0,17253,Market Street,Market St & Castro St,100.0,37.762317,-122.435739,35,EUREKA
35,0,17867,Laidley Street,Miguel St & Laidley St,100.0,37.737761,-122.428294,35,EUREKA
35,0,17867,Miguel Street,Miguel St & Laidley St,100.0,37.737761,-122.428294,35,EUREKA
35,1,13614,164 Addison Street,164 Addison  St,100.0,37.738172,-122.432807,35,EUREKA
35,1,13424,21st Street,21st St & Douglass St,100.0,37.75536,-122.43901,35,EUREKA
35,1,13424,Douglass Street,21st St & Douglass St,100.0,37.75536,-122.43901,35,EUREKA
35,1,13468,24th Street,24th St & Douglass St,100.0,37.751102,-122.438361,35,EUREKA
35,1,13468,Douglass Street,24th St & Douglass St,100.0,37.751102,-122.438361,35,EUREKA
35,1,13475,24th Street,24th St & Hoffman Ave,100.0,37.750977,-122.440504,35,EUREKA
35,1,13475,Hoffman Avenue,24th St & Hoffman Ave,100.0,37.750977,-122.440504,35,EUREKA
35,1,13613,46 Addison Street,46 Addison St,100.0,37.737735,-122.431009,35,EUREKA
35,1,13616,Addison Street,Addison  St & Digby St,100.0,37.740001,-122.433609,35,EUREKA
35,1,13616,Digby Street,Addison  St & Digby St,100.0,37.740001,-122.433609,35,EUREKA
35,1,13617,Addison Street,Addison  St & Farnum St,100.0,37.740189,-122.434216,35,EUREKA
35,1,13617,Farnum Street,Addison  St & Farnum St,100.0,37.740189,-122.434216,35,EUREKA
35,1,17843,Addison Street,Bemis St & Addison St,100.0,37.737931,-122.429462,35,EUREKA
35,1,17843,Bemis Street,Bemis St & Addison St,100.0,37.737931,-122.429462,35,EUREKA
35,1,13696,Bosworth Street,Bosworth St & Diamond St,100.0,37.733488,-122.43408,35,EUREKA
35,1,13696,Diamond Street,Bosworth St & Diamond St,100.0,37.733488,-122.43408,35,EUREKA
35,1,13970,Chenery Street,Chenery St & Mateo St,100.0,37.73633,-122.429,35,EUREKA
35,1,13970,Mateo Street,Chenery St & Mateo St,100.0,37.73633,-122.429,35,EUREKA
35,1,13971,Chenery Street,Chenery St & Miguel St,100.0,37.73714,-122.42775,35,EUREKA
35,1,13971,Miguel Street,Chenery St & Miguel St,100.0,37.73714,-122.42775,35,EUREKA
35,1,13973,Chenery Street,Chenery St & Natick St,100.0,37.73458,-122.43191,35,EUREKA
35,1,13973,Natick Street,Chenery St & Natick St,100.0,37.73458,-122.43191,35,EUREKA
35,1,13977,Chenery Street,Chenery St & Roanoke St,100.0,37.73548,-122.43028,35,EUREKA
35,1,13977,Roanoke Street,Chenery St & Roanoke St,100.0,37.73548,-122.43028,35,EUREKA
35,1,14360,Addison Street,Diamond Heights Blvd & Addison St,100.0,37.740198,-122.435762,35,EUREKA
35,1,14360,Diamond Heights Boulevard,Diamond Heights Blvd & Addison St,100.0,37.740198,-122.435762,35,EUREKA
35,1,14371,24th Street,Diamond St & 24th St,100.0,37.751075,-122.436219,35,EUREKA
35,1,14371,Diamond Street,Diamond St & 24th St,100.0,37.751075,-122.436219,35,EUREKA
35,1,14373,25th Street,Diamond St & 25th St,100.0,37.749486,-122.436059,35,EUREKA
35,1,14373,Diamond Street,Diamond St & 25th St,100.0,37.749486,-122.436059,35,EUREKA
35,1,14374,26th Street,Diamond St & 26th St,100.0,37.747889,-122.43591,35,EUREKA
35,1,14374,Diamond Street,Diamond St & 26th St,100.0,37.747889,-122.43591,35,EUREKA
35,1,14376,27th Street,Diamond St & 27th St,100.0,37.746292,-122.435761,35,EUREKA
35,1,14376,Diamond Street,Diamond St & 27th St,100.0,37.746292,-122.435761,35,EUREKA
35,1,14378,28th Street,Diamond St & 28th St,100.0,37.744686,-122.435601,35,EUREKA
35,1,14378,Diamond Street,Diamond St & 28th St,100.0,37.744686,-122.435601,35,EUREKA
35,1,14381,29th Street,Diamond St & 29th St,100.0,37.74308,-122.435487,35,EUREKA
35,1,14381,Diamond Street,Diamond St & 29th St,100.0,37.74308,-122.435487,35,EUREKA
35,1,14384,Cesar Chavez Street,Diamond St & Cesar Chavez St,100.0,37.747104,-122.435841,35,EUREKA
35,1,14384,Diamond Street,Diamond St & Cesar Chavez St,100.0,37.747104,-122.435841,35,EUREKA
35,1,14388,Chenery Street,Diamond St & Chenery St,100.0,37.73446,-122.433839,35,EUREKA
35,1,14388,Diamond Street,Diamond St & Chenery St,100.0,37.73446,-122.433839,35,EUREKA
35,1,14391,Clipper Street,Diamond St & Clipper St,100.0,37.748683,-122.43599,35,EUREKA
35,1,14391,Diamond Street,Diamond St & Clipper St,100.0,37.748683,-122.43599,35,EUREKA
35,1,14394,Diamond Heights Boulevard,Diamond St & Diamond Heights Blvd,100.0,37.741599,-122.43535,35,EUREKA
35,1,14394,Diamond Street,Diamond St & Diamond Heights Blvd,100.0,37.741599,-122.43535,35,EUREKA
35,1,14399,Diamond Street,Diamond St & Duncan St,100.0,37.745471,-122.435693,35,EUREKA
35,1,14399,Duncan Street,Diamond St & Duncan St,100.0,37.745471,-122.435693,35,EUREKA
35,1,14535,18th Street,Eureka St & 18th St,100.0,37.760631,-122.438188,35,EUREKA
35,1,14535,Eureka Street,Eureka St & 18th St,100.0,37.760631,-122.438188,35,EUREKA
35,1,14536,19th Street,Eureka St & 19th St,100.0,37.759034,-122.438039,35,EUREKA
35,1,14536,Eureka Street,Eureka St & 19th St,100.0,37.759034,-122.438039,35,EUREKA
35,1,14537,20th Street,Eureka St & 20th St,100.0,37.75741,-122.437879,35,EUREKA
35,1,14537,Eureka Street,Eureka St & 20th St,100.0,37.75741,-122.437879,35,EUREKA
35,1,14539,21st Street,Eureka St & 21st St,100.0,37.755813,-122.43773,35,EUREKA
35,1,14539,Eureka Street,Eureka St & 21st St,100.0,37.755813,-122.43773,35,EUREKA
35,1,14543,Eureka Street,Eureka St & Market St,100.0,37.761594,-122.43828,35,EUREKA
35,1,14543,Market Street,Eureka St & Market St,100.0,37.761594,-122.43828,35,EUREKA
35,1,14924,21st Street,Grand View Ave & 21st St,100.0,37.75504,-122.44043,35,EUREKA
35,1,14924,Grand View Avenue,Grand View Ave & 21st St,100.0,37.75504,-122.44043,35,EUREKA
35,1,15031,22nd Street,Hoffman Ave & 22nd St,100.0,37.75401,-122.44089,35,EUREKA
35,1,15031,Hoffman Avenue,Hoffman Ave & 22nd St,100.0,37.75401,-122.44089,35,EUREKA
35,1,15032,23rd Street,Hoffman Ave & 23rd St,100.0,37.75241,-122.44074,35,EUREKA
35,1,15032,Hoffman Avenue,Hoffman Ave & 23rd St,100.0,37.75241,-122.44074,35,EUREKA
35,1,17253,Castro Street,Market St & Castro St,100.0,37.762317,-122.435739,35,EUREKA
35,1,17253,Market Street,Market St & Castro St,100.0,37.762317,-122.435739,35,EUREKA
35,1,17868,Laidley Street,Miguel St & Laidley St,100.0,37.737752,-122.428248,35,EUREKA
35,1,17868,Miguel Street,Miguel St & Laidley St,100.0,37.737752,-122.428248,35,EUREKA
36,0,13538,30th Street,30th St & Dolores St,100.0,37.74217,-122.424457,36,TERESITA
36,0,13538,Dolores Street,30th St & Dolores St,100.0,37.74217,-122.424457,36,TERESITA
36,0,15450,555 Myra Way,555 Myra Way,93.734,37.738182,-122.450712,36,TERESITA
36,0,15451,555 Myra Way,555 Myra Way,93.734,37.7382,-122.450884,36,TERESITA
36,0,16659,636 Teresita Boulevard,636 Teresita Blvd,100.0,37.736835,-122.445867,36,TERESITA
36,0,16660,900 Teresita Boulevard,900 Teresita Blvd,100.0,37.733953,-122.446359,36,TERESITA
36,0,13965,30th Street,Chenery St & 30th St,100.0,37.74202,-122.42575,36,TERESITA
36,0,13965,Chenery Street,Chenery St & 30th St,100.0,37.74202,-122.42575,36,TERESITA
36,0,13968,Chenery Street,Chenery St & Fairmount St,100.0,37.7389,-122.42579,36,TERESITA
36,0,13968,Fairmount Street,Chenery St & Fairmount St,100.0,37.7389,-122.42579,36,TERESITA
36,0,13970,Chenery Street,Chenery St & Mateo St,100.0,37.73633,-122.429,36,TERESITA
36,0,13970,Mateo Street,Chenery St & Mateo St,100.0,37.73633,-122.429,36,TERESITA
36,0,13971,Chenery Street,Chenery St & Miguel St,100.0,37.73714,-122.42775,36,TERESITA
36,0,13971,Miguel Street,Chenery St & Miguel St,100.0,37.73714,-122.42775,36,TERESITA
36,0,13973,Chenery Street,Chenery St & Natick St,100.0,37.73458,-122.43191,36,TERESITA
36,0,13973,Natick Street,Chenery St & Natick St,100.0,37.73458,-122.43191,36,TERESITA
36,0,13975,Chenery Street,Chenery St & Randall St,100.0,37.739625,-122.425498,36,TERESITA
36,0,13975,Randall Street,Chenery St & Randall St,100.0,37.739625,-122.425498,36,TERESITA
36,0,13977,Chenery Street,Chenery St & Roanoke St,100.0,37.73548,-122.43028,36,TERESITA
36,0,13977,Roanoke Street,Chenery St & Roanoke St,100.0,37.73548,-122.43028,36,TERESITA
36,0,14386,Bosworth Street,Diamond St & Bosworth St,100.0,37.733506,-122.434148,36,TERESITA
36,0,14386,Diamond Street,Diamond St & Bosworth St,100.0,37.733506,-122.434148,36,TERESITA
36,0,14388,Chenery Street,Diamond St & Chenery St,100.0,37.73446,-122.433839,36,TERESITA
36,0,14388,Diamond Street,Diamond St & Chenery St,100.0,37.73446,-122.433839,36,TERESITA
36,0,14651,Foerster Street,Foerster St & Mangels Ave,100.0,37.73315,-122.448948,36,TERESITA
36,0,14651,Mangels Avenue,Foerster St & Mangels Ave,100.0,37.73315,-122.448948,36,TERESITA
36,0,14238,Fowler Avenue,Fowler Ave & Portola Dr,100.0,37.744356,-122.453233,36,TERESITA
36,0,14238,Portola Drive,Fowler Ave & Portola Dr,100.0,37.744356,-122.453233,36,TERESITA
36,0,15247,Laguna Honda Blvd/Forest Hill Sta,Laguna Honda Blvd/Forest Hill Sta,100.0,37.748121,-122.45887,36,TERESITA
36,0,15571,30th Street,Mission St & 30th St,100.0,37.742408,-122.421945,36,TERESITA
36,0,15571,Mission Street,Mission St & 30th St,100.0,37.742408,-122.421945,36,TERESITA
36,0,15423,Baden Street,Monterey Blvd & Baden St,100.0,37.731516,-122.439853,36,TERESITA
36,0,15423,Monterey Boulevard,Monterey Blvd & Baden St,100.0,37.731516,-122.439853,36,TERESITA
36,0,15425,Congo Street,Monterey Blvd & Congo St,100.0,37.731508,-122.442133,36,TERESITA
36,0,15425,Monterey Boulevard,Monterey Blvd & Congo St,100.0,37.731508,-122.442133,36,TERESITA
36,0,15427,Detroit Street,Monterey Blvd & Detroit St,100.0,37.731508,-122.443977,36,TERESITA
36,0,15427,Monterey Boulevard,Monterey Blvd & Detroit St,100.0,37.731508,-122.443977,36,TERESITA
36,0,15429,Edna Street,Monterey Blvd & Edna St,100.0,37.731481,-122.446692,36,TERESITA
36,0,15429,Monterey Boulevard,Monterey Blvd & Edna St,100.0,37.731481,-122.446692,36,TERESITA
36,0,15433,Foerster Street,Monterey Blvd & Foerster St,100.0,37.731481,-122.448536,36,TERESITA
36,0,15433,Monterey Boulevard,Monterey Blvd & Foerster St,100.0,37.731481,-122.448536,36,TERESITA
36,0,15452,Dalewood Way,Myra Way & Dalewood Way,93.734,37.73671,-122.453794,36,TERESITA
36,0,15452,Myra Way,Myra Way & Dalewood Way,93.734,37.73671,-122.453794,36,TERESITA
36,0,15453,Molimo Drive,Myra Way & Molimo Dr,93.734,37.737816,-122.451491,36,TERESITA
36,0,15454,Molimo Drive,Myra Way & Molimo Dr,93.734,37.737727,-122.451732,36,TERESITA
36,0,15453,Myra Way,Myra Way & Molimo Dr,93.734,37.737816,-122.451491,36,TERESITA
36,0,15454,Myra Way,Myra Way & Molimo Dr,93.734,37.737727,-122.451732,36,TERESITA
36,0,15455,Myra Way,Myra Way & Omar Way,93.734,37.739244,-122.450357,36,TERESITA
36,0,15456,Myra Way,Myra Way & Omar Way,93.734,37.739226,-122.450529,36,TERESITA
36,0,15455,Omar Way,Myra Way & Omar Way,93.734,37.739244,-122.450357,36,TERESITA
36,0,15456,Omar Way,Myra Way & Omar Way,93.734,37.739226,-122.450529,36,TERESITA
36,0,17307,Myra Way,Myra Way & Reposa Way,93.734,37.740038,-122.450541,36,TERESITA
36,0,17307,Reposa Way,Myra Way & Reposa Way,93.734,37.740038,-122.450541,36,TERESITA
36,0,16228,Myra Way,Reposa Way & Myra Way,93.734,37.740198,-122.450609,36,TERESITA
36,0,16228,Reposa Way,Reposa Way & Myra Way,93.734,37.740198,-122.450609,36,TERESITA
36,0,16229,Reposa Way,Reposa Way & Teresita Blvd,93.734,37.740823,-122.449361,36,TERESITA
36,0,16229,Teresita Boulevard,Reposa Way & Teresita Blvd,93.734,37.740823,-122.449361,36,TERESITA
36,0,16662,Bella Vista Way,Teresita Blvd & Bella Vista Way,100.0,37.7377,-122.446634,36,TERESITA
36,0,16662,Teresita Boulevard,Teresita Blvd & Bella Vista Way,100.0,37.7377,-122.446634,36,TERESITA
36,0,16664,El Sereno Court,Teresita Blvd & El Sereno Ct,100.0,37.738967,-122.446245,36,TERESITA
36,0,16664,Teresita Boulevard,Teresita Blvd & El Sereno Ct,100.0,37.738967,-122.446245,36,TERESITA
36,0,16665,Evelyn Way,Teresita Blvd & Evelyn Way,100.0,37.743063,-122.451182,36,TERESITA
36,0,16665,Teresita Boulevard,Teresita Blvd & Evelyn Way,100.0,37.743063,-122.451182,36,TERESITA
36,0,16666,Foerster Street,Teresita Blvd & Foerster St,100.0,37.735693,-122.446462,36,TERESITA
36,0,16667,Foerster Street,Teresita Blvd & Foerster St,100.0,37.734345,-122.448776,36,TERESITA
36,0,16666,Teresita Boulevard,Teresita Blvd & Foerster St,100.0,37.735693,-122.446462,36,TERESITA
36,0,16667,Teresita Boulevard,Teresita Blvd & Foerster St,100.0,37.734345,-122.448776,36,TERESITA
36,0,16671,Gaviota Way,Teresita Blvd & Gaviota Way,100.0,37.73985,-122.448009,36,TERESITA
36,0,16671,Teresita Boulevard,Teresita Blvd & Gaviota Way,100.0,37.73985,-122.448009,36,TERESITA
36,0,16673,Isola Way,Teresita Blvd & Isola Way,100.0,37.741733,-122.450529,36,TERESITA
36,0,16673,Teresita Boulevard,Teresita Blvd & Isola Way,100.0,37.741733,-122.450529,36,TERESITA
36,0,16679,Reposa Way,Teresita Blvd & Reposa Way,100.0,37.740707,-122.449177,36,TERESITA
36,0,16679,Teresita Boulevard,Teresita Blvd & Reposa Way,100.0,37.740707,-122.449177,36,TERESITA
36,0,16681,Stillings Avenue,Teresita Blvd & Stillings Ave,100.0,37.734568,-122.4455,36,TERESITA
36,0,16681,Teresita Boulevard,Teresita Blvd & Stillings Ave,100.0,37.734568,-122.4455,36,TERESITA
36,0,17902,Mission Street,Valencia St & Mission St,100.0,37.745942,-122.419984,36,TERESITA
36,0,17902,Valencia Street,Valencia St & Mission St,100.0,37.745942,-122.419984,36,TERESITA
36,0,16933,Balceta Avenue,Woodside Ave & Balceta Ave,100.0,37.746489,-122.456441,36,TERESITA
36,0,16933,Woodside Avenue,Woodside Ave & Balceta Ave,100.0,37.746489,-122.456441,36,TERESITA
36,0,16935,Hernandez Avenue,Woodside Ave & Hernandez Ave,100.0,37.746283,-122.455593,36,TERESITA
36,0,16935,Woodside Avenue,Woodside Ave & Hernandez Ave,100.0,37.746283,-122.455593,36,TERESITA
36,0,16938,Portola Drive,Woodside Ave & Portola Dr,100.0,37.745623,-122.452225,36,TERESITA
36,0,16938,Woodside Avenue,Woodside Ave & Portola Dr,100.0,37.745623,-122.452225,36,TERESITA
36,0,16940,Ulloa Street,Woodside Ave & Ulloa St,100.0,37.745695,-122.454058,36,TERESITA
36,0,16940,Woodside Avenue,Woodside Ave & Ulloa St,100.0,37.745695,-122.454058,36,TERESITA
36,1,16907,117 Warren Drive,117 Warren Dr,100.0,37.75368,-122.457977,36,TERESITA
36,1,13188,1697 7th Avenue,1697 7th Ave,100.0,37.756597,-122.463741,36,TERESITA
36,1,13537,30th Street,30th St & Dolores St,100.0,37.742304,-122.424026,36,TERESITA
36,1,13537,Dolores Street,30th St & Dolores St,100.0,37.742304,-122.424026,36,TERESITA
36,1,13540,30th Street,30th St & Mission St,100.0,37.742408,-122.422037,36,TERESITA
36,1,13540,Mission Street,30th St & Mission St,100.0,37.742408,-122.422037,36,TERESITA
36,1,16908,345 Warren Dr E,345 Warren Dr E,100.0,37.755402,-122.461312,36,TERESITA
36,1,16909,400 Warren Dr E,400 Warren Dr E,100.0,37.75691,-122.461484,36,TERESITA
36,1,16910,455 Warren Drive,455 Warren Dr,100.0,37.757722,-122.461897,36,TERESITA
36,1,15450,555 Myra Way,555 Myra Way,90.811,37.738182,-122.450712,36,TERESITA
36,1,15451,555 Myra Way,555 Myra Way,90.811,37.7382,-122.450884,36,TERESITA
36,1,16658,636 Teresita Boulevard,636 Teresita Blvd,100.0,37.73679,-122.445672,36,TERESITA
36,1,15253,7th Avenue,7th Ave & Laguna Honda,100.0,37.754893,-122.463678,36,TERESITA
36,1,15253,Laguna Honda,7th Ave & Laguna Honda,100.0,37.754893,-122.463678,36,TERESITA
36,1,17308,7th Avenue,7th Ave & Lawton St,100.0,37.758426,-122.463856,36,TERESITA
36,1,17308,Lawton Street,7th Ave & Lawton St,100.0,37.758426,-122.463856,36,TERESITA
36,1,16661,900 Teresita Boulevard,900 Teresita Blvd,100.0,37.73399,-122.44664,36,TERESITA
36,1,17592,Cesar Chavez Street,Cesar Chavez St & Valencia St,100.0,37.748056,-122.420064,36,TERESITA
36,1,17592,Valencia Street,Cesar Chavez St & Valencia St,100.0,37.748056,-122.420064,36,TERESITA
36,1,13966,30th Street,Chenery St & 30th St,100.0,37.74191,-122.42582,36,TERESITA
36,1,13966,Chenery Street,Chenery St & 30th St,100.0,37.74191,-122.42582,36,TERESITA
36,1,13967,Castro Street,Chenery St & Castro St,100.0,37.7346,-122.43233,36,TERESITA
36,1,13967,Chenery Street,Chenery St & Castro St,100.0,37.7346,-122.43233,36,TERESITA
36,1,13969,Chenery Street,Chenery St & Mateo St,100.0,37.73646,-122.42894,36,TERESITA
36,1,13969,Mateo Street,Chenery St & Mateo St,100.0,37.73646,-122.42894,36,TERESITA
36,1,13972,Chenery Street,Chenery St & Miguel St,100.0,37.73711,-122.42792,36,TERESITA
36,1,13972,Miguel Street,Chenery St & Miguel St,100.0,37.73711,-122.42792,36,TERESITA
36,1,13974,Chenery Street,Chenery St & Randall St,100.0,37.739929,-122.425692,36,TERESITA
36,1,13974,Randall Street,Chenery St & Randall St,100.0,37.739929,-122.425692,36,TERESITA
36,1,13976,Chenery Street,Chenery St & Roanoke St,100.0,37.73563,-122.4302,36,TERESITA
36,1,13976,Roanoke Street,Chenery St & Roanoke St,100.0,37.73563,-122.4302,36,TERESITA
36,1,14335,City View Way,City View Way & Knollview Way,100.0,37.748898,-122.451377,36,TERESITA
36,1,14335,Knollview Way,City View Way & Knollview Way,100.0,37.748898,-122.451377,36,TERESITA
36,1,14032,Clarendon Avenue,Clarendon Ave & Clarendon Woods S,100.0,37.75171,-122.45839,36,TERESITA
36,1,14032,Clarendon Woods S,Clarendon Ave & Clarendon Woods S,100.0,37.75171,-122.45839,36,TERESITA
36,1,14033,Clarendon Avenue,Clarendon Ave & Galewood Circle,100.0,37.753074,-122.455858,36,TERESITA
36,1,14033,Galewood Circle,Clarendon Ave & Galewood Circle,100.0,37.753074,-122.455858,36,TERESITA
36,1,14035,Clarendon Avenue,Clarendon Ave & Olympia Way,100.0,37.751628,-122.456178,36,TERESITA
36,1,14035,Olympia Way,Clarendon Ave & Olympia Way,100.0,37.751628,-122.456178,36,TERESITA
36,1,14037,Clarendon Avenue,Clarendon Ave & Panorama Dr,100.0,37.75368,-122.455514,36,TERESITA
36,1,14037,Panorama Drive,Clarendon Ave & Panorama Dr,100.0,37.75368,-122.455514,36,TERESITA
36,1,14387,Bosworth Street,Diamond St & Bosworth St,100.0,37.733452,-122.434217,36,TERESITA
36,1,14387,Diamond Street,Diamond St & Bosworth St,100.0,37.733452,-122.434217,36,TERESITA
36,1,14389,Chenery Street,Diamond St & Chenery St,100.0,37.734469,-122.433953,36,TERESITA
36,1,14389,Diamond Street,Diamond St & Chenery St,100.0,37.734469,-122.433953,36,TERESITA
36,1,14652,Foerster Street,Foerster St & Mangels Ave,100.0,37.732989,-122.448788,36,TERESITA
36,1,14652,Mangels Avenue,Foerster St & Mangels Ave,100.0,37.732989,-122.448788,36,TERESITA
36,1,14654,Foerster Street,Foerster St & Teresita Blvd,100.0,37.734194,-122.448799,36,TERESITA
36,1,14654,Teresita Boulevard,Foerster St & Teresita Blvd,100.0,37.734194,-122.448799,36,TERESITA
36,1,17528,Foerster Street,Foerster Street & Monterey Blvd,100.0,37.731695,-122.448753,36,TERESITA
36,1,17528,Monterey Boulevard,Foerster Street & Monterey Blvd,100.0,37.731695,-122.448753,36,TERESITA
36,1,14878,Clarendon Avenue,Laguna Honda Blvd & Clarendon Ave,100.0,37.751119,-122.461346,36,TERESITA
36,1,15243,Clarendon Avenue,Laguna Honda Blvd & Clarendon Ave,100.0,37.750709,-122.460922,36,TERESITA
36,1,14878,Laguna Honda Boulevard,Laguna Honda Blvd & Clarendon Ave,100.0,37.751119,-122.461346,36,TERESITA
36,1,15243,Laguna Honda Boulevard,Laguna Honda Blvd & Clarendon Ave,100.0,37.750709,-122.460922,36,TERESITA
36,1,15244,Dewey Boulevard,Laguna Honda Blvd & Dewey Blvd,100.0,37.747229,-122.459076,36,TERESITA
36,1,15244,Laguna Honda Boulevard,Laguna Honda Blvd & Dewey Blvd,100.0,37.747229,-122.459076,36,TERESITA
36,1,15247,Laguna Honda Blvd/Forest Hill Sta,Laguna Honda Blvd/Forest Hill Sta,100.0,37.748121,-122.45887,36,TERESITA
36,1,15245,Laguna Honda Blvd/Opp Forest Hill,Laguna Honda Blvd/Opp Forest Hill,100.0,37.748327,-122.458836,36,TERESITA
36,1,15697,Marview Way,Marview Way & Panorama Dr,100.0,37.753618,-122.450541,36,TERESITA
36,1,15697,Panorama Drive,Marview Way & Panorama Dr,100.0,37.753618,-122.450541,36,TERESITA
36,1,15626,Mission Street,Mission St & Valencia St,100.0,37.74508,-122.4203,36,TERESITA
36,1,15626,Valencia Street,Mission St & Valencia St,100.0,37.74508,-122.4203,36,TERESITA
36,1,15420,Acadia Street,Monterey Blvd & Acadia St,100.0,37.731668,-122.437768,36,TERESITA
36,1,15420,Monterey Boulevard,Monterey Blvd & Acadia St,100.0,37.731668,-122.437768,36,TERESITA
36,1,15422,Baden Street,Monterey Blvd & Baden St,100.0,37.731668,-122.439635,36,TERESITA
36,1,15422,Monterey Boulevard,Monterey Blvd & Baden St,100.0,37.731668,-122.439635,36,TERESITA
36,1,15424,Congo Street,Monterey Blvd & Congo St,100.0,37.731659,-122.441915,36,TERESITA
36,1,15424,Monterey Boulevard,Monterey Blvd & Congo St,100.0,37.731659,-122.441915,36,TERESITA
36,1,15426,Detroit Street,Monterey Blvd & Detroit St,100.0,37.731642,-122.444607,36,TERESITA
36,1,15426,Monterey Boulevard,Monterey Blvd & Detroit St,100.0,37.731642,-122.444607,36,TERESITA
36,1,15428,Edna Street,Monterey Blvd & Edna St,100.0,37.731633,-122.446474,36,TERESITA
36,1,15428,Monterey Boulevard,Monterey Blvd & Edna St,100.0,37.731633,-122.446474,36,TERESITA
36,1,15452,Dalewood Way,Myra Way & Dalewood Way,90.811,37.73671,-122.453794,36,TERESITA
36,1,15452,Myra Way,Myra Way & Dalewood Way,90.811,37.73671,-122.453794,36,TERESITA
36,1,15453,Molimo Drive,Myra Way & Molimo Dr,90.811,37.737816,-122.451491,36,TERESITA
36,1,15454,Molimo Drive,Myra Way & Molimo Dr,90.811,37.737727,-122.451732,36,TERESITA
36,1,15453,Myra Way,Myra Way & Molimo Dr,90.811,37.737816,-122.451491,36,TERESITA
36,1,15454,Myra Way,Myra Way & Molimo Dr,90.811,37.737727,-122.451732,36,TERESITA
36,1,15455,Myra Way,Myra Way & Omar Way,90.811,37.739244,-122.450357,36,TERESITA
36,1,15456,Myra Way,Myra Way & Omar Way,90.811,37.739226,-122.450529,36,TERESITA
36,1,15455,Omar Way,Myra Way & Omar Way,90.811,37.739244,-122.450357,36,TERESITA
36,1,15456,Omar Way,Myra Way & Omar Way,90.811,37.739226,-122.450529,36,TERESITA
36,1,17307,Myra Way,Myra Way & Reposa Way,90.811,37.740038,-122.450541,36,TERESITA
36,1,17307,Reposa Way,Myra Way & Reposa Way,90.811,37.740038,-122.450541,36,TERESITA
36,1,15820,Forest Knolls Drive,Oakpark Dr & Forest Knolls Dr,100.0,37.755304,-122.455411,36,TERESITA
36,1,15820,Oakpark Drive,Oakpark Dr & Forest Knolls Dr,100.0,37.755304,-122.455411,36,TERESITA
36,1,15821,Clarendon Avenue,Olympia Way & Clarendon Ave,100.0,37.751494,-122.456224,36,TERESITA
36,1,15821,Olympia Way,Olympia Way & Clarendon Ave,100.0,37.751494,-122.456224,36,TERESITA
36,1,15822,Dellbrook Avenue,Olympia Way & Dellbrook Ave,100.0,37.751343,-122.454391,36,TERESITA
36,1,15823,Dellbrook Avenue,Olympia Way & Dellbrook Ave,100.0,37.75128,-122.453073,36,TERESITA
36,1,15822,Olympia Way,Olympia Way & Dellbrook Ave,100.0,37.751343,-122.454391,36,TERESITA
36,1,15823,Olympia Way,Olympia Way & Dellbrook Ave,100.0,37.75128,-122.453073,36,TERESITA
36,1,15824,Olympia Way,Olympia Way & Panorama Dr,100.0,37.751298,-122.452271,36,TERESITA
36,1,15824,Panorama Drive,Olympia Way & Panorama Dr,100.0,37.751298,-122.452271,36,TERESITA
36,1,15981,Dellbrook Avenue,Panorama Dr & Dellbrook Ave,100.0,37.753457,-122.452626,36,TERESITA
36,1,15981,Panorama Drive,Panorama Dr & Dellbrook Ave,100.0,37.753457,-122.452626,36,TERESITA
36,1,15982,Panorama Drive,Panorama Dr & Starview Way,100.0,37.749264,-122.45203,36,TERESITA
36,1,15982,Starview Way,Panorama Dr & Starview Way,100.0,37.749264,-122.45203,36,TERESITA
36,1,16228,Myra Way,Reposa Way & Myra Way,90.811,37.740198,-122.450609,36,TERESITA
36,1,16228,Reposa Way,Reposa Way & Myra Way,90.811,37.740198,-122.450609,36,TERESITA
36,1,16229,Reposa Way,Reposa Way & Teresita Blvd,90.811,37.740823,-122.449361,36,TERESITA
36,1,16229,Teresita Boulevard,Reposa Way & Teresita Blvd,90.811,37.740823,-122.449361,36,TERESITA
36,1,16426,Aquavista Way,Skyview Way & Aquavista Way,100.0,37.751218,-122.450094,36,TERESITA
36,1,16426,Skyview Way,Skyview Way & Aquavista Way,100.0,37.751218,-122.450094,36,TERESITA
36,1,16427,City View Way,Skyview Way & City View Way,100.0,37.748925,-122.450449,36,TERESITA
36,1,16427,Skyview Way,Skyview Way & City View Way,100.0,37.748925,-122.450449,36,TERESITA
36,1,16428,Gladeview Drive,Skyview Way & Gladeview Dr,100.0,37.749942,-122.450335,36,TERESITA
36,1,16428,Skyview Way,Skyview Way & Gladeview Dr,100.0,37.749942,-122.450335,36,TERESITA
36,1,16663,El Sereno Court,Teresita Blvd & El Sereno Ct,100.0,37.738931,-122.44605,36,TERESITA
36,1,16663,Teresita Boulevard,Teresita Blvd & El Sereno Ct,100.0,37.738931,-122.44605,36,TERESITA
36,1,16668,Foerster Street,Teresita Blvd & Foerster St,100.0,37.735523,-122.446325,36,TERESITA
36,1,16668,Teresita Boulevard,Teresita Blvd & Foerster St,100.0,37.735523,-122.446325,36,TERESITA
36,1,16669,Fowler Avenue,Teresita Blvd & Fowler Ave,100.0,37.743491,-122.451388,36,TERESITA
36,1,16669,Teresita Boulevard,Teresita Blvd & Fowler Ave,100.0,37.743491,-122.451388,36,TERESITA
36,1,16670,Gaviota Way,Teresita Blvd & Gaviota Way,100.0,37.739895,-122.447734,36,TERESITA
36,1,16670,Teresita Boulevard,Teresita Blvd & Gaviota Way,100.0,37.739895,-122.447734,36,TERESITA
36,1,16672,Isola Way,Teresita Blvd & Isola Way,100.0,37.74184,-122.450472,36,TERESITA
36,1,16672,Teresita Boulevard,Teresita Blvd & Isola Way,100.0,37.74184,-122.450472,36,TERESITA
36,1,16675,Marietta Drive,Teresita Blvd & Marietta Dr,100.0,37.737477,-122.446336,36,TERESITA
36,1,16676,Marietta Drive,Teresita Blvd & Marietta Dr,100.0,37.742599,-122.450655,36,TERESITA
36,1,16675,Teresita Boulevard,Teresita Blvd & Marietta Dr,100.0,37.737477,-122.446336,36,TERESITA
36,1,16676,Teresita Boulevard,Teresita Blvd & Marietta Dr,100.0,37.742599,-122.450655,36,TERESITA
36,1,16677,Portola Drive,Teresita Blvd & Portola Dr,100.0,37.745079,-122.452099,36,TERESITA
36,1,16677,Teresita Boulevard,Teresita Blvd & Portola Dr,100.0,37.745079,-122.452099,36,TERESITA
36,1,16678,Reposa Way,Teresita Blvd & Reposa Way,100.0,37.740975,-122.449223,36,TERESITA
36,1,16678,Teresita Boulevard,Teresita Blvd & Reposa Way,100.0,37.740975,-122.449223,36,TERESITA
36,1,16680,Stillings Avenue,Teresita Blvd & Stillings Ave,100.0,37.73447,-122.445283,36,TERESITA
36,1,16680,Teresita Boulevard,Teresita Blvd & Stillings Ave,100.0,37.73447,-122.445283,36,TERESITA
36,1,17902,Mission Street,Valencia St & Mission St,100.0,37.745942,-122.419984,36,TERESITA
36,1,17902,Valencia Street,Valencia St & Mission St,100.0,37.745942,-122.419984,36,TERESITA
36,1,16911,Christopher Drive,Warren Dr & Christopher Dr,100.0,37.75376,-122.459971,36,TERESITA
36,1,16911,Warren Drive,Warren Dr & Christopher Dr,100.0,37.75376,-122.459971,36,TERESITA
36,1,16912,Devonshire Way,Warren Dr & Devonshire Way,100.0,37.754474,-122.461083,36,TERESITA
36,1,16912,Warren Drive,Warren Dr & Devonshire Way,100.0,37.754474,-122.461083,36,TERESITA
36,1,16913,Locksley Avenue,Warren Dr & Locksley Ave,100.0,37.758694,-122.463135,36,TERESITA
36,1,16913,Warren Drive,Warren Dr & Locksley Ave,100.0,37.758694,-122.463135,36,TERESITA
36,1,16914,Oakpark Drive,Warren Dr & Oakpark Dr,100.0,37.75534,-122.45635,36,TERESITA
36,1,16914,Warren Drive,Warren Dr & Oakpark Dr,100.0,37.75534,-122.45635,36,TERESITA
36,1,16934,Hernandez Avenue,Woodside Ave & Hernandez Ave,100.0,37.74638,-122.45535,36,TERESITA
36,1,16934,Woodside Avenue,Woodside Ave & Hernandez Ave,100.0,37.74638,-122.45535,36,TERESITA
36,1,16937,Portola Drive,Woodside Ave & Portola Dr,100.0,37.745766,-122.452431,36,TERESITA
36,1,16937,Woodside Avenue,Woodside Ave & Portola Dr,100.0,37.745766,-122.452431,36,TERESITA
36,1,16939,Ulloa Street,Woodside Ave & Ulloa St,100.0,37.745766,-122.453829,36,TERESITA
36,1,16939,Woodside Avenue,Woodside Ave & Ulloa St,100.0,37.745766,-122.453829,36,TERESITA
37,0,16009,120 Portola Drive,120 Portola Dr,100.0,37.74897,-122.44396,37,CORBETT
37,0,13257,14th Street,14th St & Castro St,99.319,37.76728,-122.43578,37,CORBETT
37,0,13257,Castro Street,14th St & Castro St,99.319,37.76728,-122.43578,37,CORBETT
37,0,13255,14th Street,14th St & Church St,99.319,37.76767,-122.42913,37,CORBETT
37,0,13255,Church Street,14th St & Church St,99.319,37.76767,-122.42913,37,CORBETT
37,0,13259,14th Street,14th St & Noe St,99.319,37.7674,-122.43356,37,CORBETT
37,0,13259,Noe Street,14th St & Noe St,99.319,37.7674,-122.43356,37,CORBETT
37,0,13261,14th Street,14th St & Sanchez St,99.319,37.767536,-122.431277,37,CORBETT
37,0,13261,Sanchez Street,14th St & Sanchez St,99.319,37.767536,-122.431277,37,CORBETT
37,0,13314,17th Street,17th St & Diamond St,99.319,37.762415,-122.437489,37,CORBETT
37,0,13314,Diamond Street,17th St & Diamond St,99.319,37.762415,-122.437489,37,CORBETT
37,0,14162,210 Corbett Avenue,210 Corbett Ave,99.319,37.7618,-122.442841,37,CORBETT
37,0,14164,328 Corbett Avenue,328 Corbett Ave,99.319,37.759926,-122.445327,37,CORBETT
37,0,14209,40 Crestline Drive,40 Crestline Dr,100.0,37.750388,-122.446577,37,CORBETT
37,0,16231,415 Roosevelt Way,415 Roosevelt Way,99.319,37.764495,-122.443138,37,CORBETT
37,0,16008,6 Portola Drive,6 Portola Dr,100.0,37.749951,-122.443483,37,CORBETT
37,0,14210,74 Crestline Drive,74 Crestline Dr,100.0,37.751762,-122.446198,37,CORBETT
37,0,14167,795 Corbett Avenue,795 Corbett Ave,100.0,37.754118,-122.443013,37,CORBETT
37,0,14170,956 Corbett Avenue,956 Corbett Ave,100.0,37.751682,-122.443712,37,CORBETT
37,0,13662,Ashbury Street,Ashbury St & Haight St,99.319,37.769937,-122.446851,37,CORBETT
37,0,13662,Haight Street,Ashbury St & Haight St,99.319,37.769937,-122.446851,37,CORBETT
37,0,17685,Burnett Avenue,Burnett Ave & Dawnview Way,100.0,37.748059,-122.444904,37,CORBETT
37,0,17685,Dawnview Way,Burnett Ave & Dawnview Way,100.0,37.748059,-122.444904,37,CORBETT
37,0,14204,Belvedere Street,Carmel St & Belvedere St,99.319,37.76092,-122.447631,37,CORBETT
37,0,14204,Carmel Street,Carmel St & Belvedere St,99.319,37.76092,-122.447631,37,CORBETT
37,0,14205,Carmel Street,Carmel St & Twin Peaks Blvd,99.319,37.760935,-122.446634,37,CORBETT
37,0,14205,Twin Peaks Boulevard,Carmel St & Twin Peaks Blvd,99.319,37.760935,-122.446634,37,CORBETT
37,0,14088,17th Street,Cole St & 17th St,99.319,37.761711,-122.449212,37,CORBETT
37,0,14088,Cole Street,Cole St & 17th St,99.319,37.761711,-122.449212,37,CORBETT
37,0,14089,Alma Street,Cole St & Alma St,99.319,37.763263,-122.449533,37,CORBETT
37,0,14089,Cole Street,Cole St & Alma St,99.319,37.763263,-122.449533,37,CORBETT
37,0,14092,Carl Street,Cole St & Carl St,99.319,37.76556,-122.44996,37,CORBETT
37,0,14092,Cole Street,Cole St & Carl St,99.319,37.76556,-122.44996,37,CORBETT
37,0,14093,Carmel Street,Cole St & Carmel St,99.319,37.760926,-122.449052,37,CORBETT
37,0,14093,Cole Street,Cole St & Carmel St,99.319,37.760926,-122.449052,37,CORBETT
37,0,14094,Cole Street,Cole St & Frederick St,99.319,37.76683,-122.4502,37,CORBETT
37,0,14094,Frederick Street,Cole St & Frederick St,99.319,37.76683,-122.4502,37,CORBETT
37,0,14096,Cole Street,Cole St & Haight St,99.319,37.769447,-122.450771,37,CORBETT
37,0,14096,Haight Street,Cole St & Haight St,99.319,37.769447,-122.450771,37,CORBETT
37,0,14098,Cole Street,Cole St & Parnassus Ave,99.319,37.76462,-122.44978,37,CORBETT
37,0,14098,Parnassus Avenue,Cole St & Parnassus Ave,99.319,37.76462,-122.44978,37,CORBETT
37,0,14171,Clayton Street,Corbett Ave & Clayton St,99.319,37.75894,-122.44614,37,CORBETT
37,0,14171,Corbett Avenue,Corbett Ave & Clayton St,99.319,37.75894,-122.44614,37,CORBETT
37,0,14175,Corbett Avenue,Corbett Ave & Danvers St,99.319,37.761327,-122.444078,37,CORBETT
37,0,14175,Danvers Street,Corbett Ave & Danvers St,99.319,37.761327,-122.444078,37,CORBETT
37,0,14178,Corbett Avenue,Corbett Ave & Graystone Ter,100.0,37.756446,-122.443425,37,CORBETT
37,0,14178,Graystone Terrace,Corbett Ave & Graystone Ter,100.0,37.756446,-122.443425,37,CORBETT
37,0,14179,Corbett Avenue,Corbett Ave & Hattie St,99.319,37.761711,-122.441122,37,CORBETT
37,0,14179,Hattie Street,Corbett Ave & Hattie St,99.319,37.761711,-122.441122,37,CORBETT
37,0,14181,Corbett Avenue,Corbett Ave & Hopkins Ave,100.0,37.752869,-122.443815,37,CORBETT
37,0,14181,Hopkins Avenue,Corbett Ave & Hopkins Ave,100.0,37.752869,-122.443815,37,CORBETT
37,0,14182,Corbett Avenue,Corbett Ave & Iron Aly,100.0,37.75783,-122.444743,37,CORBETT
37,0,14182,Iron Aly,Corbett Ave & Iron Aly,100.0,37.75783,-122.444743,37,CORBETT
37,0,14184,Corbett Avenue,Corbett Ave & Mars St,99.319,37.76048,-122.444479,37,CORBETT
37,0,14184,Mars Street,Corbett Ave & Mars St,99.319,37.76048,-122.444479,37,CORBETT
37,0,14185,Corbett Avenue,Corbett Ave & Ord St,99.319,37.761898,-122.440216,37,CORBETT
37,0,14185,Ord Street,Corbett Ave & Ord St,99.319,37.761898,-122.440216,37,CORBETT
37,0,14187,Corbett Avenue,Corbett Ave & Romain St,100.0,37.755349,-122.44283,37,CORBETT
37,0,14187,Romain Street,Corbett Ave & Romain St,100.0,37.755349,-122.44283,37,CORBETT
37,0,17020,Burnett Avenue,Crestline Dr & Burnett Ave,100.0,37.7493,-122.44508,37,CORBETT
37,0,17020,Crestline Drive,Crestline Dr & Burnett Ave,100.0,37.7493,-122.44508,37,CORBETT
37,0,14946,Clayton Street,Haight St & Clayton St,99.319,37.769839,-122.448731,37,CORBETT
37,0,14946,Haight Street,Haight St & Clayton St,99.319,37.769839,-122.448731,37,CORBETT
37,0,15653,15th Street,Market St & 15th St,99.319,37.76569,-122.4314,37,CORBETT
37,0,15653,Market Street,Market St & 15th St,99.319,37.76569,-122.4314,37,CORBETT
37,0,15654,16th Street,Market St & 16th St,99.319,37.76391,-122.43366,37,CORBETT
37,0,15654,Market Street,Market St & 16th St,99.319,37.76391,-122.43366,37,CORBETT
37,0,15667,17th Street,Market St & 17th St,99.319,37.763022,-122.434979,37,CORBETT
37,0,15667,Market Street,Market St & 17th St,99.319,37.763022,-122.434979,37,CORBETT
37,0,15711,Haight Street,Masonic Ave & Haight St,99.319,37.770152,-122.445384,37,CORBETT
37,0,15711,Masonic Avenue,Masonic Ave & Haight St,99.319,37.770152,-122.445384,37,CORBETT
37,0,16086,Burnett Avenue,Parkridge Dr & Burnett Ave,100.0,37.75041,-122.44578,37,CORBETT
37,0,16086,Parkridge Drive,Parkridge Dr & Burnett Ave,100.0,37.75041,-122.44578,37,CORBETT
37,0,16087,Crestline Drive,Parkridge Dr & Crestline Dr,100.0,37.752351,-122.446084,37,CORBETT
37,0,16087,Parkridge Drive,Parkridge Dr & Crestline Dr,100.0,37.752351,-122.446084,37,CORBETT
37,0,16010,Burnett Avenue,Portola Dr & Burnett Ave,100.0,37.747033,-122.44487,37,CORBETT
37,0,16010,Portola Drive,Portola Dr & Burnett Ave,100.0,37.747033,-122.44487,37,CORBETT
37,0,16232,14th Street,Roosevelt Way & 14th St,99.319,37.767162,-122.437225,37,CORBETT
37,0,16232,Roosevelt Way,Roosevelt Way & 14th St,99.319,37.767162,-122.437225,37,CORBETT
37,0,16233,15th Street,Roosevelt Way & 15th St,99.319,37.766493,-122.439505,37,CORBETT
37,0,16233,Roosevelt Way,Roosevelt Way & 15th St,99.319,37.766493,-122.439505,37,CORBETT
37,0,16235,17th Street,Roosevelt Way & 17th St,99.319,37.761952,-122.445213,37,CORBETT
37,0,16235,Roosevelt Way,Roosevelt Way & 17th St,99.319,37.761952,-122.445213,37,CORBETT
37,0,17310,Buena Vista Terrace,Roosevelt Way & Buena Vista Ter,99.319,37.766698,-122.438279,37,CORBETT
37,0,17310,Roosevelt Way,Roosevelt Way & Buena Vista Ter,99.319,37.766698,-122.438279,37,CORBETT
37,0,16236,Clifford Terrace,Roosevelt Way & Clifford Ter,99.319,37.76373,-122.44291,37,CORBETT
37,0,16236,Roosevelt Way,Roosevelt Way & Clifford Ter,99.319,37.76373,-122.44291,37,CORBETT
37,0,16239,Lower Terrace,Roosevelt Way & Lower Ter,99.319,37.763237,-122.443792,37,CORBETT
37,0,16239,Roosevelt Way,Roosevelt Way & Lower Ter,99.319,37.763237,-122.443792,37,CORBETT
37,0,16240,Museum Way,Roosevelt Way & Museum Way,99.319,37.76536,-122.44102,37,CORBETT
37,0,16240,Roosevelt Way,Roosevelt Way & Museum Way,99.319,37.76536,-122.44102,37,CORBETT
37,1,13253,14th Street,14th St & Alpine Ter,100.0,37.767296,-122.437213,37,CORBETT
37,1,13253,Alpine Terrace,14th St & Alpine Ter,100.0,37.767296,-122.437213,37,CORBETT
37,1,13256,14th Street,14th St & Castro St,100.0,37.76738,-122.43584,37,CORBETT
37,1,13256,Castro Street,14th St & Castro St,100.0,37.76738,-122.43584,37,CORBETT
37,1,13254,14th Street,14th St & Church St,100.0,37.767768,-122.429088,37,CORBETT
37,1,13254,Church Street,14th St & Church St,100.0,37.767768,-122.429088,37,CORBETT
37,1,13258,14th Street,14th St & Noe St,100.0,37.76751,-122.43327,37,CORBETT
37,1,13258,Noe Street,14th St & Noe St,100.0,37.76751,-122.43327,37,CORBETT
37,1,13260,14th Street,14th St & Sanchez St,100.0,37.76767,-122.431105,37,CORBETT
37,1,13260,Sanchez Street,14th St & Sanchez St,100.0,37.76767,-122.431105,37,CORBETT
37,1,13307,17th Street,17th St & Belvedere St,100.0,37.76176,-122.44768,37,CORBETT
37,1,13307,Belvedere Street,17th St & Belvedere St,100.0,37.76176,-122.44768,37,CORBETT
37,1,13309,17th Street,17th St & Clayton St,100.0,37.761854,-122.446702,37,CORBETT
37,1,13309,Clayton Street,17th St & Clayton St,100.0,37.761854,-122.446702,37,CORBETT
37,1,13310,17th Street,17th St & Cole St,100.0,37.76168,-122.44898,37,CORBETT
37,1,13310,Cole Street,17th St & Cole St,100.0,37.76168,-122.44898,37,CORBETT
37,1,14163,211 Corbett Avenue,211 Corbett Ave,100.0,37.761648,-122.442944,37,CORBETT
37,1,14165,341 Corbett Avenue,341 Corbett Ave,100.0,37.759908,-122.445075,37,CORBETT
37,1,16230,414 Roosevelt Way,414 Roosevelt Way,100.0,37.764495,-122.443299,37,CORBETT
37,1,14166,539 Corbett Avenue,539 Corbett Ave,100.0,37.757499,-122.444147,37,CORBETT
37,1,14168,800 Corbett Avenue,800 Corbett Ave,100.0,37.75399,-122.443,37,CORBETT
37,1,14169,925 Corbett Avenue,925 Corbett Ave,100.0,37.752083,-122.443414,37,CORBETT
37,1,13820,Buena Vista Terrace,Buena Vista Ter & Roosevelt Way,100.0,37.766737,-122.438084,37,CORBETT
37,1,13820,Roosevelt Way,Buena Vista Ter & Roosevelt Way,100.0,37.766737,-122.438084,37,CORBETT
37,1,13712,Burnett Avenue,Burnett Ave & Crestline Dr,100.0,37.749121,-122.444938,37,CORBETT
37,1,13712,Crestline Drive,Burnett Ave & Crestline Dr,100.0,37.749121,-122.444938,37,CORBETT
37,1,13713,Burnett Avenue,Burnett Ave & Dawnview Way,100.0,37.748077,-122.445087,37,CORBETT
37,1,13713,Dawnview Way,Burnett Ave & Dawnview Way,100.0,37.748077,-122.445087,37,CORBETT
37,1,14090,Alma Street,Cole St & Alma St,100.0,37.76313,-122.44938,37,CORBETT
37,1,14090,Cole Street,Cole St & Alma St,100.0,37.76313,-122.44938,37,CORBETT
37,1,14091,Carl Street,Cole St & Carl St,100.0,37.76594,-122.449911,37,CORBETT
37,1,14091,Cole Street,Cole St & Carl St,100.0,37.76594,-122.449911,37,CORBETT
37,1,14095,Cole Street,Cole St & Haight St,100.0,37.769456,-122.45061,37,CORBETT
37,1,14095,Haight Street,Cole St & Haight St,100.0,37.769456,-122.45061,37,CORBETT
37,1,14097,Cole Street,Cole St & Parnassus Ave,100.0,37.76477,-122.44971,37,CORBETT
37,1,14097,Parnassus Avenue,Cole St & Parnassus Ave,100.0,37.76477,-122.44971,37,CORBETT
37,1,14099,Cole Street,Cole St & Waller St,100.0,37.768528,-122.450427,37,CORBETT
37,1,14099,Waller Street,Cole St & Waller St,100.0,37.768528,-122.450427,37,CORBETT
37,1,14172,Clayton Street,Corbett Ave & Clayton St,100.0,37.758659,-122.4459,37,CORBETT
37,1,14172,Corbett Avenue,Corbett Ave & Clayton St,100.0,37.758659,-122.4459,37,CORBETT
37,1,14173,Corbett Avenue,Corbett Ave & Cuesta Ct,100.0,37.75085,-122.44396,37,CORBETT
37,1,14173,Cuesta Court,Corbett Ave & Cuesta Ct,100.0,37.75085,-122.44396,37,CORBETT
37,1,14174,Corbett Avenue,Corbett Ave & Danvers St,100.0,37.761202,-122.444044,37,CORBETT
37,1,14174,Danvers Street,Corbett Ave & Danvers St,100.0,37.761202,-122.444044,37,CORBETT
37,1,14176,Corbett Avenue,Corbett Ave & Douglass St,100.0,37.76208,-122.43962,37,CORBETT
37,1,14176,Douglass Street,Corbett Ave & Douglass St,100.0,37.76208,-122.43962,37,CORBETT
37,1,14177,Corbett Avenue,Corbett Ave & Graystone Ter,100.0,37.75641,-122.44328,37,CORBETT
37,1,14177,Graystone Terrace,Corbett Ave & Graystone Ter,100.0,37.75641,-122.44328,37,CORBETT
37,1,14180,Corbett Avenue,Corbett Ave & Hattie St,100.0,37.76161,-122.44112,37,CORBETT
37,1,14180,Hattie Street,Corbett Ave & Hattie St,100.0,37.76161,-122.44112,37,CORBETT
37,1,14183,Corbett Avenue,Corbett Ave & Mars St,100.0,37.760467,-122.44439,37,CORBETT
37,1,14183,Mars Street,Corbett Ave & Mars St,100.0,37.760467,-122.44439,37,CORBETT
37,1,14186,Corbett Avenue,Corbett Ave & Romain St,100.0,37.755483,-122.442795,37,CORBETT
37,1,14186,Romain Street,Corbett Ave & Romain St,100.0,37.755483,-122.442795,37,CORBETT
37,1,14947,Clayton Street,Haight St & Clayton St,100.0,37.769777,-122.448433,37,CORBETT
37,1,14947,Haight Street,Haight St & Clayton St,100.0,37.769777,-122.448433,37,CORBETT
37,1,15665,Castro Street,Market St & Castro St,100.0,37.762594,-122.435289,37,CORBETT
37,1,15665,Market Street,Market St & Castro St,100.0,37.762594,-122.435289,37,CORBETT
37,1,15687,Market Street,Market St & Noe St,100.0,37.763958,-122.433323,37,CORBETT
37,1,15687,Noe Street,Market St & Noe St,100.0,37.763958,-122.433323,37,CORBETT
37,1,15691,Market Street,Market St & Sanchez St,100.0,37.765689,-122.43114,37,CORBETT
37,1,15691,Sanchez Street,Market St & Sanchez St,100.0,37.765689,-122.43114,37,CORBETT
37,1,15711,Haight Street,Masonic Ave & Haight St,100.0,37.770152,-122.445384,37,CORBETT
37,1,15711,Masonic Avenue,Masonic Ave & Haight St,100.0,37.770152,-122.445384,37,CORBETT
37,1,16086,Burnett Avenue,Parkridge Dr & Burnett Ave,100.0,37.75041,-122.44578,37,CORBETT
37,1,16086,Parkridge Drive,Parkridge Dr & Burnett Ave,100.0,37.75041,-122.44578,37,CORBETT
37,1,16012,Clipper Street,Portola Dr & Clipper St,100.0,37.74715,-122.4442,37,CORBETT
37,1,16012,Portola Drive,Portola Dr & Clipper St,100.0,37.74715,-122.4442,37,CORBETT
37,1,16234,17th Street,Roosevelt Way & 17th St,100.0,37.76197,-122.445373,37,CORBETT
37,1,16234,Roosevelt Way,Roosevelt Way & 17th St,100.0,37.76197,-122.445373,37,CORBETT
37,1,16237,Clifford Terrace,Roosevelt Way & Clifford Ter,100.0,37.76373,-122.44301,37,CORBETT
37,1,16237,Roosevelt Way,Roosevelt Way & Clifford Ter,100.0,37.76373,-122.44301,37,CORBETT
37,1,16238,Lower Terrace,Roosevelt Way & Lower Ter,100.0,37.76342,-122.4437,37,CORBETT
37,1,16238,Roosevelt Way,Roosevelt Way & Lower Ter,100.0,37.76342,-122.4437,37,CORBETT
37,1,18180,Park Hill Avenue,Roosevelt Way & Park Hill Ave,100.0,37.7666916,-122.4393579,37,CORBETT
37,1,18180,Roosevelt Way,Roosevelt Way & Park Hill Ave,100.0,37.7666916,-122.4393579,37,CORBETT
38,0,13551,33rd Avenue,33rd Ave & Anza St,39.139,37.777861,-122.493249,38,GEARY
38,0,13551,Anza Street,33rd Ave & Anza St,39.139,37.777861,-122.493249,38,GEARY
38,0,13554,33rd Avenue,33rd Ave & Balboa St,39.139,37.775997,-122.493133,38,GEARY
38,0,13554,Balboa Street,33rd Ave & Balboa St,39.139,37.775997,-122.493133,38,GEARY
38,0,13560,33rd Avenue,33rd Ave & Geary Blvd,39.139,37.779566,-122.493376,38,GEARY
38,0,13560,Geary Boulevard,33rd Ave & Geary Blvd,39.139,37.779566,-122.493376,38,GEARY
38,0,13566,42nd Avenue,42nd Ave & Clement St,48.644,37.781087,-122.502994,38,GEARY
38,0,13566,Clement Street,42nd Ave & Clement St,48.644,37.781087,-122.502994,38,GEARY
38,0,13567,43rd Avenue,43rd Ave & Clement St,9.796,37.781007,-122.504232,38,GEARY
38,0,13567,Clement Street,43rd Ave & Clement St,9.796,37.781007,-122.504232,38,GEARY
38,0,13568,43rd Avenue,43rd Ave & Point Lobos Ave,9.796,37.779784,-122.504139,38,GEARY
38,0,13568,Point Lobos Avenue,43rd Ave & Point Lobos Ave,9.796,37.779784,-122.504139,38,GEARY
38,0,13608,48th Avenue,48th Ave & Point Lobos Ave,22.013,37.779023,-122.509411,38,GEARY
38,0,13608,Point Lobos Avenue,48th Ave & Point Lobos Ave,22.013,37.779023,-122.509411,38,GEARY
38,0,14725,Fremont Street,Fremont St & Market St,100.0,37.791645,-122.398151,38,GEARY
38,0,14725,Market Street,Fremont St & Market St,100.0,37.791645,-122.398151,38,GEARY
38,0,14263,17th Avenue,Geary Blvd & 17th Ave,100.0,37.780597,-122.476045,38,GEARY
38,0,14263,Geary Boulevard,Geary Blvd & 17th Ave,100.0,37.780597,-122.476045,38,GEARY
38,0,14265,20th Avenue,Geary Blvd & 20th Ave,100.0,37.780355,-122.479599,38,GEARY
38,0,14265,Geary Boulevard,Geary Blvd & 20th Ave,100.0,37.780355,-122.479599,38,GEARY
38,0,14267,22nd Avenue,Geary Blvd & 22nd Ave,100.0,37.780247,-122.481754,38,GEARY
38,0,14267,Geary Boulevard,Geary Blvd & 22nd Ave,100.0,37.780247,-122.481754,38,GEARY
38,0,14269,25th Avenue,Geary Blvd & 25th Ave,100.0,37.78022,-122.48461,38,GEARY
38,0,14269,Geary Boulevard,Geary Blvd & 25th Ave,100.0,37.78022,-122.48461,38,GEARY
38,0,14271,28th Avenue,Geary Blvd & 28th Ave,100.0,37.780005,-122.487806,38,GEARY
38,0,14271,Geary Boulevard,Geary Blvd & 28th Ave,100.0,37.780005,-122.487806,38,GEARY
38,0,14273,30th Avenue,Geary Blvd & 30th Ave,100.0,37.779959,-122.489972,38,GEARY
38,0,14273,Geary Boulevard,Geary Blvd & 30th Ave,100.0,37.779959,-122.489972,38,GEARY
38,0,14275,32nd Avenue,Geary Blvd & 32nd Ave,39.139,37.779629,-122.491714,38,GEARY
38,0,14275,Geary Boulevard,Geary Blvd & 32nd Ave,39.139,37.779629,-122.491714,38,GEARY
38,0,14278,33rd Avenue,Geary Blvd & 33rd Ave,60.861,37.779798,-122.493445,38,GEARY
38,0,14278,Geary Boulevard,Geary Blvd & 33rd Ave,60.861,37.779798,-122.493445,38,GEARY
38,0,14280,36th Avenue,Geary Blvd & 36th Ave,60.861,37.779671,-122.496402,38,GEARY
38,0,14280,Geary Boulevard,Geary Blvd & 36th Ave,60.861,37.779671,-122.496402,38,GEARY
38,0,14282,39th Avenue,Geary Blvd & 39th Ave,60.861,37.779473,-122.500677,38,GEARY
38,0,14282,Geary Boulevard,Geary Blvd & 39th Ave,60.861,37.779473,-122.500677,38,GEARY
38,0,14255,3rd Avenue,Geary Blvd & 3rd Ave,100.0,37.781179,-122.461305,38,GEARY
38,0,14255,Geary Boulevard,Geary Blvd & 3rd Ave,100.0,37.781179,-122.461305,38,GEARY
38,0,14257,6th Avenue,Geary Blvd & 6th Ave,100.0,37.78109,-122.464492,38,GEARY
38,0,14257,Geary Boulevard,Geary Blvd & 6th Ave,100.0,37.78109,-122.464492,38,GEARY
38,0,14259,9th Avenue,Geary Blvd & 9th Ave,100.0,37.780982,-122.467644,38,GEARY
38,0,14259,Geary Boulevard,Geary Blvd & 9th Ave,100.0,37.780982,-122.467644,38,GEARY
38,0,17854,Arguello Boulevard,Geary Blvd & Arguello Blvd,100.0,37.781313,-122.458955,38,GEARY
38,0,17854,Geary Boulevard,Geary Blvd & Arguello Blvd,100.0,37.781313,-122.458955,38,GEARY
38,0,14289,Baker Street,Geary Blvd & Baker St,100.0,37.782973,-122.442965,38,GEARY
38,0,14289,Geary Boulevard,Geary Blvd & Baker St,100.0,37.782973,-122.442965,38,GEARY
38,0,14290,Collins Street,Geary Blvd & Collins St,100.0,37.782242,-122.449992,38,GEARY
38,0,14290,Geary Boulevard,Geary Blvd & Collins St,100.0,37.782242,-122.449992,38,GEARY
38,0,14292,Commonwealth Street,Geary Blvd & Commonwealth St,100.0,37.781528,-122.455677,38,GEARY
38,0,14292,Geary Boulevard,Geary Blvd & Commonwealth St,100.0,37.781528,-122.455677,38,GEARY
38,0,14293,Divisadero Street,Geary Blvd & Divisadero St,100.0,37.783428,-122.439366,38,GEARY
38,0,14293,Geary Boulevard,Geary Blvd & Divisadero St,100.0,37.783428,-122.439366,38,GEARY
38,0,14295,Fillmore Street,Geary Blvd & Fillmore St,100.0,37.784391,-122.43305,38,GEARY
38,0,14295,Geary Boulevard,Geary Blvd & Fillmore St,100.0,37.784391,-122.43305,38,GEARY
38,0,14298,Geary Boulevard,Geary Blvd & Gough St,100.0,37.785434,-122.425082,38,GEARY
38,0,14298,Gough Street,Geary Blvd & Gough St,100.0,37.785434,-122.425082,38,GEARY
38,0,14304,Geary Boulevard,Geary Blvd & Laguna St,100.0,37.785033,-122.427811,38,GEARY
38,0,14304,Laguna Street,Geary Blvd & Laguna St,100.0,37.785033,-122.427811,38,GEARY
38,0,14755,Geary Boulevard,Geary Blvd & Park Presidio Blvd,100.0,37.780669,-122.472802,38,GEARY
38,0,14755,Park Presidio Boulevard,Geary Blvd & Park Presidio Blvd,100.0,37.780669,-122.472802,38,GEARY
38,0,14758,Geary Boulevard,Geary Blvd & Presidio Ave,100.0,37.782536,-122.44669,38,GEARY
38,0,14758,Presidio Avenue,Geary Blvd & Presidio Ave,100.0,37.782536,-122.44669,38,GEARY
38,0,14760,Geary Boulevard,Geary Blvd & Scott St,100.0,37.783847,-122.437761,38,GEARY
38,0,14760,Scott Street,Geary Blvd & Scott St,100.0,37.783847,-122.437761,38,GEARY
38,0,14762,Geary Boulevard,Geary Blvd & Spruce St,100.0,37.781849,-122.453075,38,GEARY
38,0,14762,Spruce Street,Geary Blvd & Spruce St,100.0,37.781849,-122.453075,38,GEARY
38,0,14768,Geary Boulevard,Geary Blvd & Van Ness Ave,100.0,37.785745,-122.421575,38,GEARY
38,0,14768,Van Ness Avenue,Geary Blvd & Van Ness Ave,100.0,37.785745,-122.421575,38,GEARY
38,0,14769,Geary Boulevard,Geary Blvd & Webster St,100.0,37.784641,-122.431021,38,GEARY
38,0,14769,Webster Street,Geary Blvd & Webster St,100.0,37.784641,-122.431021,38,GEARY
38,0,14300,Geary Boulevard,Geary St & Jones St,100.0,37.786769,-122.413332,38,GEARY
38,0,14300,Jones Street,Geary St & Jones St,100.0,37.786769,-122.413332,38,GEARY
38,0,14301,Geary Boulevard,Geary St & Kearny St,100.0,37.787997,-122.403656,38,GEARY
38,0,14301,Kearny Street,Geary St & Kearny St,100.0,37.787997,-122.403656,38,GEARY
38,0,14302,Geary Boulevard,Geary St & Larkin St,100.0,37.786137,-122.41825,38,GEARY
38,0,14302,Larkin Street,Geary St & Larkin St,100.0,37.786137,-122.41825,38,GEARY
38,0,14303,Geary Boulevard,Geary St & Leavenworth St,100.0,37.786556,-122.414971,38,GEARY
38,0,14303,Leavenworth Street,Geary St & Leavenworth St,100.0,37.786556,-122.414971,38,GEARY
38,0,14757,Geary Boulevard,Geary St & Powell St,100.0,37.787401,-122.408391,38,GEARY
38,0,14757,Powell Street,Geary St & Powell St,100.0,37.787401,-122.408391,38,GEARY
38,0,14766,Geary Boulevard,Geary St & Stockton St,100.0,37.787633,-122.406568,38,GEARY
38,0,14766,Stockton Street,Geary St & Stockton St,100.0,37.787633,-122.406568,38,GEARY
38,0,14767,Geary Boulevard,Geary St & Taylor St,100.0,37.786983,-122.411681,38,GEARY
38,0,14767,Taylor Street,Geary St & Taylor St,100.0,37.786983,-122.411681,38,GEARY
38,0,15684,Market Street,Market St & Montgomery St,100.0,37.78849,-122.40248,38,GEARY
38,0,15684,Montgomery Street,Market St & Montgomery St,100.0,37.78849,-122.40248,38,GEARY
38,0,15689,Market Street,Market St & Sansome St,100.0,37.790013,-122.400491,38,GEARY
38,0,15689,Sansome Street,Market St & Sansome St,100.0,37.790013,-122.400491,38,GEARY
38,0,16109,42nd Avenue,Point Lobos Ave & 42nd Ave,60.861,37.779651,-122.502855,38,GEARY
38,0,16109,Point Lobos Avenue,Point Lobos Ave & 42nd Ave,60.861,37.779651,-122.502855,38,GEARY
38,0,16111,44th Avenue,Point Lobos Ave & 44th Ave,22.013,37.779837,-122.50501,38,GEARY
38,0,16111,Point Lobos Avenue,Point Lobos Ave & 44th Ave,22.013,37.779837,-122.50501,38,GEARY
38,0,16129,46th Avenue,Point Lobos Ave & 46th Ave,22.013,37.780041,-122.50744,38,GEARY
38,0,16129,Point Lobos Avenue,Point Lobos Ave & 46th Ave,22.013,37.780041,-122.50744,38,GEARY
38,0,17916,[UNKNOWN],Transit Center Bay D,100.0,37.789975,-122.395206,38,GEARY
38,0,15511,[UNKNOWN],V.A. Hospital,48.644,37.781827,-122.504106,38,GEARY
38,1,17836,30th Avenue,30th Ave & Geary Blvd,0.224,37.780771,-122.490064,38,GEARY
38,1,17836,Geary Boulevard,30th Ave & Geary Blvd,0.224,37.780771,-122.490064,38,GEARY
38,1,17837,32nd Avenue,32nd Ave & Anza St,0.224,37.777737,-122.491999,38,GEARY
38,1,17837,Anza Street,32nd Ave & Anza St,0.224,37.777737,-122.491999,38,GEARY
38,1,13567,43rd Avenue,43rd Ave & Clement St,39.113,37.781007,-122.504232,38,GEARY
38,1,13567,Clement Street,43rd Ave & Clement St,39.113,37.781007,-122.504232,38,GEARY
38,1,13568,43rd Avenue,43rd Ave & Point Lobos Ave,39.113,37.779784,-122.504139,38,GEARY
38,1,13568,Point Lobos Avenue,43rd Ave & Point Lobos Ave,39.113,37.779784,-122.504139,38,GEARY
38,1,13608,48th Avenue,48th Ave & Point Lobos Ave,20.878,37.779023,-122.509411,38,GEARY
38,1,13608,Point Lobos Avenue,48th Ave & Point Lobos Ave,20.878,37.779023,-122.509411,38,GEARY
38,1,17839,Arguello Boulevard,Arguello Blvd & Geary Blvd,0.224,37.781867,-122.458806,38,GEARY
38,1,17839,Geary Boulevard,Arguello Blvd & Geary Blvd,0.224,37.781867,-122.458806,38,GEARY
38,1,13089,Beale Street,Beale St & Mission St,100.0,37.791939,-122.396879,38,GEARY
38,1,13089,Mission Street,Beale St & Mission St,100.0,37.791939,-122.396879,38,GEARY
38,1,14264,17th Avenue,Geary Blvd & 17th Ave,99.552,37.780463,-122.475977,38,GEARY
38,1,14264,Geary Boulevard,Geary Blvd & 17th Ave,99.552,37.780463,-122.475977,38,GEARY
38,1,14266,20th Avenue,Geary Blvd & 20th Ave,99.552,37.780319,-122.479232,38,GEARY
38,1,14266,Geary Boulevard,Geary Blvd & 20th Ave,99.552,37.780319,-122.479232,38,GEARY
38,1,14268,23rd Avenue,Geary Blvd & 23rd Ave,99.552,37.780167,-122.48243,38,GEARY
38,1,14268,Geary Boulevard,Geary Blvd & 23rd Ave,99.552,37.780167,-122.48243,38,GEARY
38,1,14270,25th Avenue,Geary Blvd & 25th Ave,99.552,37.780077,-122.484562,38,GEARY
38,1,14270,Geary Boulevard,Geary Blvd & 25th Ave,99.552,37.780077,-122.484562,38,GEARY
38,1,14272,28th Avenue,Geary Blvd & 28th Ave,99.552,37.779862,-122.488046,38,GEARY
38,1,14272,Geary Boulevard,Geary Blvd & 28th Ave,99.552,37.779862,-122.488046,38,GEARY
38,1,14274,30th Avenue,Geary Blvd & 30th Ave,99.552,37.779727,-122.49019,38,GEARY
38,1,14274,Geary Boulevard,Geary Blvd & 30th Ave,99.552,37.779727,-122.49019,38,GEARY
38,1,14275,32nd Avenue,Geary Blvd & 32nd Ave,99.328,37.779629,-122.491714,38,GEARY
38,1,14275,Geary Boulevard,Geary Blvd & 32nd Ave,99.328,37.779629,-122.491714,38,GEARY
38,1,14279,33rd Avenue,Geary Blvd & 33rd Ave,59.991,37.779574,-122.493399,38,GEARY
38,1,14279,Geary Boulevard,Geary Blvd & 33rd Ave,59.991,37.779574,-122.493399,38,GEARY
38,1,14281,36th Avenue,Geary Blvd & 36th Ave,59.991,37.779439,-122.49662,38,GEARY
38,1,14281,Geary Boulevard,Geary Blvd & 36th Ave,59.991,37.779439,-122.49662,38,GEARY
38,1,14283,39th Avenue,Geary Blvd & 39th Ave,59.991,37.779286,-122.499829,38,GEARY
38,1,14283,Geary Boulevard,Geary Blvd & 39th Ave,59.991,37.779286,-122.499829,38,GEARY
38,1,14256,3rd Avenue,Geary Blvd & 3rd Ave,99.776,37.781045,-122.461156,38,GEARY
38,1,14256,Geary Boulevard,Geary Blvd & 3rd Ave,99.776,37.781045,-122.461156,38,GEARY
38,1,14285,42nd Avenue,Geary Blvd & 42nd Ave,59.991,37.779151,-122.502775,38,GEARY
38,1,14285,Geary Boulevard,Geary Blvd & 42nd Ave,59.991,37.779151,-122.502775,38,GEARY
38,1,14286,45th Avenue,Geary Blvd & 45th Ave,20.878,37.779043,-122.506259,38,GEARY
38,1,14286,Geary Boulevard,Geary Blvd & 45th Ave,20.878,37.779043,-122.506259,38,GEARY
38,1,14258,6th Avenue,Geary Blvd & 6th Ave,99.776,37.781,-122.464125,38,GEARY
38,1,14258,Geary Boulevard,Geary Blvd & 6th Ave,99.776,37.781,-122.464125,38,GEARY
38,1,14260,9th Avenue,Geary Blvd & 9th Ave,99.776,37.780777,-122.467323,38,GEARY
38,1,14260,Geary Boulevard,Geary Blvd & 9th Ave,99.776,37.780777,-122.467323,38,GEARY
38,1,14288,Arguello Boulevard,Geary Blvd & Arguello Blvd,100.0,37.781153,-122.458692,38,GEARY
38,1,14288,Geary Boulevard,Geary Blvd & Arguello Blvd,100.0,37.781153,-122.458692,38,GEARY
38,1,14291,Collins Street,Geary Blvd & Collins St,100.0,37.782028,-122.449911,38,GEARY
38,1,14291,Geary Boulevard,Geary Blvd & Collins St,100.0,37.782028,-122.449911,38,GEARY
38,1,14294,Divisadero Street,Geary Blvd & Divisadero St,100.0,37.783178,-122.439572,38,GEARY
38,1,14294,Geary Boulevard,Geary Blvd & Divisadero St,100.0,37.783178,-122.439572,38,GEARY
38,1,17954,Fillmore Street,Geary Blvd & Fillmore St,100.0,37.784382,-122.432052,38,GEARY
38,1,17954,Geary Boulevard,Geary Blvd & Fillmore St,100.0,37.784382,-122.432052,38,GEARY
38,1,14305,Geary Boulevard,Geary Blvd & Laguna St,100.0,37.784854,-122.428155,38,GEARY
38,1,14305,Laguna Street,Geary Blvd & Laguna St,100.0,37.784854,-122.428155,38,GEARY
38,1,17953,Geary Boulevard,Geary Blvd & Masonic St,100.0,37.782197,-122.447034,38,GEARY
38,1,17953,Masonic Street,Geary Blvd & Masonic St,100.0,37.782197,-122.447034,38,GEARY
38,1,14756,Geary Boulevard,Geary Blvd & Park Presidio Blvd,99.776,37.780642,-122.471827,38,GEARY
38,1,14756,Park Presidio Boulevard,Geary Blvd & Park Presidio Blvd,99.776,37.780642,-122.471827,38,GEARY
38,1,14761,Geary Boulevard,Geary Blvd & Scott St,100.0,37.783624,-122.437669,38,GEARY
38,1,14761,Scott Street,Geary Blvd & Scott St,100.0,37.783624,-122.437669,38,GEARY
38,1,14763,Geary Boulevard,Geary Blvd & Spruce St,100.0,37.781599,-122.453258,38,GEARY
38,1,14763,Spruce Street,Geary Blvd & Spruce St,100.0,37.781599,-122.453258,38,GEARY
38,1,14765,Geary Boulevard,Geary Blvd & St Joseph'S Ave,100.0,37.782795,-122.442541,38,GEARY
38,1,14765,St Joseph'S Avenue,Geary Blvd & St Joseph'S Ave,100.0,37.782795,-122.442541,38,GEARY
38,1,14764,Geary Boulevard,Geary Blvd & Stanyan St,100.0,37.78126,-122.456434,38,GEARY
38,1,14764,Stanyan Street,Geary Blvd & Stanyan St,100.0,37.78126,-122.456434,38,GEARY
38,1,15638,1st Street,Market St & 1st St,100.0,37.790485,-122.399723,38,GEARY
38,1,15638,Market Street,Market St & 1st St,100.0,37.790485,-122.399723,38,GEARY
38,1,15641,3rd Street,Market St & 3rd St,100.0,37.787667,-122.403359,38,GEARY
38,1,15641,Market Street,Market St & 3rd St,100.0,37.787667,-122.403359,38,GEARY
38,1,15810,Grant Avenue,O'Farrell St & Grant Ave,100.0,37.786642,-122.405629,38,GEARY
38,1,15810,O'Farrell Street,O'Farrell St & Grant Ave,100.0,37.786642,-122.405629,38,GEARY
38,1,15813,Larkin Street,O'Farrell St & Larkin St,100.0,37.785138,-122.4177,38,GEARY
38,1,15813,O'Farrell Street,O'Farrell St & Larkin St,100.0,37.785138,-122.4177,38,GEARY
38,1,15814,Leavenworth Street,O'Farrell St & Leavenworth St,100.0,37.785538,-122.414445,38,GEARY
38,1,15814,O'Farrell Street,O'Farrell St & Leavenworth St,100.0,37.785538,-122.414445,38,GEARY
38,1,15817,O'Farrell Street,O'Farrell St & Powell St,100.0,37.786322,-122.40814,38,GEARY
38,1,15817,Powell Street,O'Farrell St & Powell St,100.0,37.786322,-122.40814,38,GEARY
38,1,17301,O'Farrell Street,O'Farrell St & Taylor St,100.0,37.78585,-122.41198,38,GEARY
38,1,17301,Taylor Street,O'Farrell St & Taylor St,100.0,37.78585,-122.41198,38,GEARY
38,1,15818,O'Farrell Street,O'Farrell St & Van Ness Ave,100.0,37.784657,-122.421415,38,GEARY
38,1,15818,Van Ness Avenue,O'Farrell St & Van Ness Ave,100.0,37.784657,-122.421415,38,GEARY
38,1,16425,Gough Street,Starr King Way & Gough St,100.0,37.78505,-122.424085,38,GEARY
38,1,16425,Starr King Way,Starr King Way & Gough St,100.0,37.78505,-122.424085,38,GEARY
38,1,17916,[UNKNOWN],Transit Center Bay D,100.0,37.789975,-122.395206,38,GEARY
38,1,15511,[UNKNOWN],V.A. Hospital,39.113,37.781827,-122.504106,38,GEARY
38R,0,13608,48th Avenue,48th Ave & Point Lobos Ave,100.0,37.779023,-122.509411,38R,GEARY RAPID
38R,0,13608,Point Lobos Avenue,48th Ave & Point Lobos Ave,100.0,37.779023,-122.509411,38R,GEARY RAPID
38R,0,14725,Fremont Street,Fremont St & Market St,100.0,37.791645,-122.398151,38R,GEARY RAPID
38R,0,14725,Market Street,Fremont St & Market St,100.0,37.791645,-122.398151,38R,GEARY RAPID
38R,0,14265,20th Avenue,Geary Blvd & 20th Ave,100.0,37.780355,-122.479599,38R,GEARY RAPID
38R,0,14265,Geary Boulevard,Geary Blvd & 20th Ave,100.0,37.780355,-122.479599,38R,GEARY RAPID
38R,0,14269,25th Avenue,Geary Blvd & 25th Ave,100.0,37.78022,-122.48461,38R,GEARY RAPID
38R,0,14269,Geary Boulevard,Geary Blvd & 25th Ave,100.0,37.78022,-122.48461,38R,GEARY RAPID
38R,0,14278,33rd Avenue,Geary Blvd & 33rd Ave,100.0,37.779798,-122.493445,38R,GEARY RAPID
38R,0,14278,Geary Boulevard,Geary Blvd & 33rd Ave,100.0,37.779798,-122.493445,38R,GEARY RAPID
38R,0,14280,36th Avenue,Geary Blvd & 36th Ave,100.0,37.779671,-122.496402,38R,GEARY RAPID
38R,0,14280,Geary Boulevard,Geary Blvd & 36th Ave,100.0,37.779671,-122.496402,38R,GEARY RAPID
38R,0,14282,39th Avenue,Geary Blvd & 39th Ave,100.0,37.779473,-122.500677,38R,GEARY RAPID
38R,0,14282,Geary Boulevard,Geary Blvd & 39th Ave,100.0,37.779473,-122.500677,38R,GEARY RAPID
38R,0,14257,6th Avenue,Geary Blvd & 6th Ave,100.0,37.78109,-122.464492,38R,GEARY RAPID
38R,0,14257,Geary Boulevard,Geary Blvd & 6th Ave,100.0,37.78109,-122.464492,38R,GEARY RAPID
38R,0,17854,Arguello Boulevard,Geary Blvd & Arguello Blvd,100.0,37.781313,-122.458955,38R,GEARY RAPID
38R,0,17854,Geary Boulevard,Geary Blvd & Arguello Blvd,100.0,37.781313,-122.458955,38R,GEARY RAPID
38R,0,14293,Divisadero Street,Geary Blvd & Divisadero St,100.0,37.783428,-122.439366,38R,GEARY RAPID
38R,0,14293,Geary Boulevard,Geary Blvd & Divisadero St,100.0,37.783428,-122.439366,38R,GEARY RAPID
38R,0,14295,Fillmore Street,Geary Blvd & Fillmore St,100.0,37.784391,-122.43305,38R,GEARY RAPID
38R,0,14295,Geary Boulevard,Geary Blvd & Fillmore St,100.0,37.784391,-122.43305,38R,GEARY RAPID
38R,0,14304,Geary Boulevard,Geary Blvd & Laguna St,100.0,37.785033,-122.427811,38R,GEARY RAPID
38R,0,14304,Laguna Street,Geary Blvd & Laguna St,100.0,37.785033,-122.427811,38R,GEARY RAPID
38R,0,14755,Geary Boulevard,Geary Blvd & Park Presidio Blvd,100.0,37.780669,-122.472802,38R,GEARY RAPID
38R,0,14755,Park Presidio Boulevard,Geary Blvd & Park Presidio Blvd,100.0,37.780669,-122.472802,38R,GEARY RAPID
38R,0,14758,Geary Boulevard,Geary Blvd & Presidio Ave,100.0,37.782536,-122.44669,38R,GEARY RAPID
38R,0,14758,Presidio Avenue,Geary Blvd & Presidio Ave,100.0,37.782536,-122.44669,38R,GEARY RAPID
38R,0,14768,Geary Boulevard,Geary Blvd & Van Ness Ave,100.0,37.785745,-122.421575,38R,GEARY RAPID
38R,0,14768,Van Ness Avenue,Geary Blvd & Van Ness Ave,100.0,37.785745,-122.421575,38R,GEARY RAPID
38R,0,14301,Geary Boulevard,Geary St & Kearny St,100.0,37.787997,-122.403656,38R,GEARY RAPID
38R,0,14301,Kearny Street,Geary St & Kearny St,100.0,37.787997,-122.403656,38R,GEARY RAPID
38R,0,14303,Geary Boulevard,Geary St & Leavenworth St,100.0,37.786556,-122.414971,38R,GEARY RAPID
38R,0,14303,Leavenworth Street,Geary St & Leavenworth St,100.0,37.786556,-122.414971,38R,GEARY RAPID
38R,0,14757,Geary Boulevard,Geary St & Powell St,100.0,37.787401,-122.408391,38R,GEARY RAPID
38R,0,14757,Powell Street,Geary St & Powell St,100.0,37.787401,-122.408391,38R,GEARY RAPID
38R,0,14766,Geary Boulevard,Geary St & Stockton St,100.0,37.787633,-122.406568,38R,GEARY RAPID
38R,0,14766,Stockton Street,Geary St & Stockton St,100.0,37.787633,-122.406568,38R,GEARY RAPID
38R,0,15684,Market Street,Market St & Montgomery St,100.0,37.78849,-122.40248,38R,GEARY RAPID
38R,0,15684,Montgomery Street,Market St & Montgomery St,100.0,37.78849,-122.40248,38R,GEARY RAPID
38R,0,15689,Market Street,Market St & Sansome St,100.0,37.790013,-122.400491,38R,GEARY RAPID
38R,0,15689,Sansome Street,Market St & Sansome St,100.0,37.790013,-122.400491,38R,GEARY RAPID
38R,0,16109,42nd Avenue,Point Lobos Ave & 42nd Ave,100.0,37.779651,-122.502855,38R,GEARY RAPID
38R,0,16109,Point Lobos Avenue,Point Lobos Ave & 42nd Ave,100.0,37.779651,-122.502855,38R,GEARY RAPID
38R,0,16111,44th Avenue,Point Lobos Ave & 44th Ave,100.0,37.779837,-122.50501,38R,GEARY RAPID
38R,0,16111,Point Lobos Avenue,Point Lobos Ave & 44th Ave,100.0,37.779837,-122.50501,38R,GEARY RAPID
38R,0,16129,46th Avenue,Point Lobos Ave & 46th Ave,100.0,37.780041,-122.50744,38R,GEARY RAPID
38R,0,16129,Point Lobos Avenue,Point Lobos Ave & 46th Ave,100.0,37.780041,-122.50744,38R,GEARY RAPID
38R,0,17915,[UNKNOWN],Transit Center Bay C,100.0,37.789957,-122.395493,38R,GEARY RAPID
38R,1,13608,48th Avenue,48th Ave & Point Lobos Ave,100.0,37.779023,-122.509411,38R,GEARY RAPID
38R,1,13608,Point Lobos Avenue,48th Ave & Point Lobos Ave,100.0,37.779023,-122.509411,38R,GEARY RAPID
38R,1,13089,Beale Street,Beale St & Mission St,100.0,37.791939,-122.396879,38R,GEARY RAPID
38R,1,13089,Mission Street,Beale St & Mission St,100.0,37.791939,-122.396879,38R,GEARY RAPID
38R,1,14266,20th Avenue,Geary Blvd & 20th Ave,100.0,37.780319,-122.479232,38R,GEARY RAPID
38R,1,14266,Geary Boulevard,Geary Blvd & 20th Ave,100.0,37.780319,-122.479232,38R,GEARY RAPID
38R,1,14270,25th Avenue,Geary Blvd & 25th Ave,100.0,37.780077,-122.484562,38R,GEARY RAPID
38R,1,14270,Geary Boulevard,Geary Blvd & 25th Ave,100.0,37.780077,-122.484562,38R,GEARY RAPID
38R,1,14279,33rd Avenue,Geary Blvd & 33rd Ave,100.0,37.779574,-122.493399,38R,GEARY RAPID
38R,1,14279,Geary Boulevard,Geary Blvd & 33rd Ave,100.0,37.779574,-122.493399,38R,GEARY RAPID
38R,1,14281,36th Avenue,Geary Blvd & 36th Ave,100.0,37.779439,-122.49662,38R,GEARY RAPID
38R,1,14281,Geary Boulevard,Geary Blvd & 36th Ave,100.0,37.779439,-122.49662,38R,GEARY RAPID
38R,1,14283,39th Avenue,Geary Blvd & 39th Ave,100.0,37.779286,-122.499829,38R,GEARY RAPID
38R,1,14283,Geary Boulevard,Geary Blvd & 39th Ave,100.0,37.779286,-122.499829,38R,GEARY RAPID
38R,1,14285,42nd Avenue,Geary Blvd & 42nd Ave,100.0,37.779151,-122.502775,38R,GEARY RAPID
38R,1,14285,Geary Boulevard,Geary Blvd & 42nd Ave,100.0,37.779151,-122.502775,38R,GEARY RAPID
38R,1,14286,45th Avenue,Geary Blvd & 45th Ave,100.0,37.779043,-122.506259,38R,GEARY RAPID
38R,1,14286,Geary Boulevard,Geary Blvd & 45th Ave,100.0,37.779043,-122.506259,38R,GEARY RAPID
38R,1,14258,6th Avenue,Geary Blvd & 6th Ave,100.0,37.781,-122.464125,38R,GEARY RAPID
38R,1,14258,Geary Boulevard,Geary Blvd & 6th Ave,100.0,37.781,-122.464125,38R,GEARY RAPID
38R,1,14288,Arguello Boulevard,Geary Blvd & Arguello Blvd,100.0,37.781153,-122.458692,38R,GEARY RAPID
38R,1,14288,Geary Boulevard,Geary Blvd & Arguello Blvd,100.0,37.781153,-122.458692,38R,GEARY RAPID
38R,1,14294,Divisadero Street,Geary Blvd & Divisadero St,100.0,37.783178,-122.439572,38R,GEARY RAPID
38R,1,14294,Geary Boulevard,Geary Blvd & Divisadero St,100.0,37.783178,-122.439572,38R,GEARY RAPID
38R,1,17954,Fillmore Street,Geary Blvd & Fillmore St,100.0,37.784382,-122.432052,38R,GEARY RAPID
38R,1,17954,Geary Boulevard,Geary Blvd & Fillmore St,100.0,37.784382,-122.432052,38R,GEARY RAPID
38R,1,14305,Geary Boulevard,Geary Blvd & Laguna St,100.0,37.784854,-122.428155,38R,GEARY RAPID
38R,1,14305,Laguna Street,Geary Blvd & Laguna St,100.0,37.784854,-122.428155,38R,GEARY RAPID
38R,1,17953,Geary Boulevard,Geary Blvd & Masonic St,100.0,37.782197,-122.447034,38R,GEARY RAPID
38R,1,17953,Masonic Street,Geary Blvd & Masonic St,100.0,37.782197,-122.447034,38R,GEARY RAPID
38R,1,14756,Geary Boulevard,Geary Blvd & Park Presidio Blvd,100.0,37.780642,-122.471827,38R,GEARY RAPID
38R,1,14756,Park Presidio Boulevard,Geary Blvd & Park Presidio Blvd,100.0,37.780642,-122.471827,38R,GEARY RAPID
38R,1,15638,1st Street,Market St & 1st St,100.0,37.790485,-122.399723,38R,GEARY RAPID
38R,1,15638,Market Street,Market St & 1st St,100.0,37.790485,-122.399723,38R,GEARY RAPID
38R,1,15641,3rd Street,Market St & 3rd St,100.0,37.787667,-122.403359,38R,GEARY RAPID
38R,1,15641,Market Street,Market St & 3rd St,100.0,37.787667,-122.403359,38R,GEARY RAPID
38R,1,15810,Grant Avenue,O'Farrell St & Grant Ave,100.0,37.786642,-122.405629,38R,GEARY RAPID
38R,1,15810,O'Farrell Street,O'Farrell St & Grant Ave,100.0,37.786642,-122.405629,38R,GEARY RAPID
38R,1,15817,O'Farrell Street,O'Farrell St & Powell St,100.0,37.786322,-122.40814,38R,GEARY RAPID
38R,1,15817,Powell Street,O'Farrell St & Powell St,100.0,37.786322,-122.40814,38R,GEARY RAPID
38R,1,17301,O'Farrell Street,O'Farrell St & Taylor St,100.0,37.78585,-122.41198,38R,GEARY RAPID
38R,1,17301,Taylor Street,O'Farrell St & Taylor St,100.0,37.78585,-122.41198,38R,GEARY RAPID
38R,1,15818,O'Farrell Street,O'Farrell St & Van Ness Ave,100.0,37.784657,-122.421415,38R,GEARY RAPID
38R,1,15818,Van Ness Avenue,O'Farrell St & Van Ness Ave,100.0,37.784657,-122.421415,38R,GEARY RAPID
38R,1,17915,[UNKNOWN],Transit Center Bay C,100.0,37.789957,-122.395493,38R,GEARY RAPID
39,0,16651,115 Telegraph Hill Boulevard,115 Telegraph Hill Blvd,100.0,37.801766,-122.405677,39,COIT
39,0,16652,225 Telegraph Hill Boulevard,225 Telegraph Hill Blvd,100.0,37.803006,-122.406789,39,COIT
39,0,14087,[UNKNOWN],Coit Tower,100.0,37.80266,-122.40579,39,COIT
39,0,15277,Grant Avenue,Lombard St & Grant Ave,100.0,37.803381,-122.408039,39,COIT
39,0,15277,Lombard Street,Lombard St & Grant Ave,100.0,37.803381,-122.408039,39,COIT
39,0,15279,Kearny Street,Lombard St & Kearny St,100.0,37.803559,-122.406525,39,COIT
39,0,15279,Lombard Street,Lombard St & Kearny St,100.0,37.803559,-122.406525,39,COIT
39,0,15471,North Point Street,North Point St & Stockton St,100.0,37.80688,-122.410594,39,COIT
39,0,15471,Stockton Street,North Point St & Stockton St,100.0,37.80688,-122.410594,39,COIT
39,0,16046,Beach Street,Powell St & Beach St,100.0,37.808031,-122.412508,39,COIT
39,0,16046,Powell Street,Powell St & Beach St,100.0,37.808031,-122.412508,39,COIT
39,0,16054,Filbert Street,Powell St & Filbert St,100.0,37.80131,-122.4111,39,COIT
39,0,16054,Powell Street,Powell St & Filbert St,100.0,37.80131,-122.4111,39,COIT
39,0,16055,Francisco Street,Powell St & Francisco St,100.0,37.80506,-122.41191,39,COIT
39,0,16055,Powell Street,Powell St & Francisco St,100.0,37.80506,-122.41191,39,COIT
39,0,16061,Lombard Street,Powell St & Lombard St,100.0,37.80281,-122.41146,39,COIT
39,0,16061,Powell Street,Powell St & Lombard St,100.0,37.80281,-122.41146,39,COIT
39,0,16066,North Point Street,Powell St & North Point St,100.0,37.806497,-122.412176,39,COIT
39,0,16066,Powell Street,Powell St & North Point St,100.0,37.806497,-122.412176,39,COIT
39,0,16518,Greenwich Street,Stockton St & Greenwich St,100.0,37.80221,-122.4095,39,COIT
39,0,16518,Stockton Street,Stockton St & Greenwich St,100.0,37.80221,-122.4095,39,COIT
39,0,16519,Lombard Street,Stockton St & Lombard St,100.0,37.80313,-122.40969,39,COIT
39,0,16519,Stockton Street,Stockton St & Lombard St,100.0,37.80313,-122.40969,39,COIT
39,0,16655,Greenwich Street,Telegraph Hill Blvd & Greenwich St,100.0,37.802721,-122.406617,39,COIT
39,0,16655,Telegraph Hill Boulevard,Telegraph Hill Blvd & Greenwich St,100.0,37.802721,-122.406617,39,COIT
39,0,14530,Stockton Street,The Embarcadero & Stockton St,100.0,37.808351,-122.410287,39,COIT
39,0,14530,The Embarcadero,The Embarcadero & Stockton St,100.0,37.808351,-122.410287,39,COIT
39,0,16751,Columbus Avenue,Union St & Columbus Ave,100.0,37.800277,-122.41031,39,COIT
39,0,16751,Union Street,Union St & Columbus Ave,100.0,37.800277,-122.41031,39,COIT
39,0,16782,Stockton Street,Union St & Stockton St,100.0,37.800366,-122.409267,39,COIT
39,0,16782,Union Street,Union St & Stockton St,100.0,37.800366,-122.409267,39,COIT
39,1,16653,225 Telegraph Hill Boulevard,225 Telegraph Hill Blvd,100.0,37.802988,-122.40664,39,COIT
39,1,14087,[UNKNOWN],Coit Tower,100.0,37.80266,-122.40579,39,COIT
39,1,15276,Grant Avenue,Lombard St & Grant Ave,100.0,37.8035,-122.40807,39,COIT
39,1,15276,Lombard Street,Lombard St & Grant Ave,100.0,37.8035,-122.40807,39,COIT
39,1,15278,Kearny Street,Lombard St & Kearny St,100.0,37.8037,-122.40651,39,COIT
39,1,15278,Lombard Street,Lombard St & Kearny St,100.0,37.8037,-122.40651,39,COIT
39,1,15286,Lombard Street,Lombard St & Stockton St,100.0,37.80328,-122.40963,39,COIT
39,1,15286,Stockton Street,Lombard St & Stockton St,100.0,37.80328,-122.40963,39,COIT
39,1,15471,North Point Street,North Point St & Stockton St,100.0,37.80688,-122.410594,39,COIT
39,1,15471,Stockton Street,North Point St & Stockton St,100.0,37.80688,-122.410594,39,COIT
39,1,16045,Bay Street,Powell St & Bay St,100.0,37.805738,-122.411833,39,COIT
39,1,16045,Powell Street,Powell St & Bay St,100.0,37.805738,-122.411833,39,COIT
39,1,16056,Francisco Street,Powell St & Francisco St,100.0,37.80477,-122.41166,39,COIT
39,1,16056,Powell Street,Powell St & Francisco St,100.0,37.80477,-122.41166,39,COIT
39,1,16060,Lombard Street,Powell St & Lombard St,100.0,37.802945,-122.411272,39,COIT
39,1,16060,Powell Street,Powell St & Lombard St,100.0,37.802945,-122.411272,39,COIT
39,1,16065,North Point Street,Powell St & North Point St,100.0,37.806666,-122.412038,39,COIT
39,1,16065,Powell Street,Powell St & North Point St,100.0,37.806666,-122.412038,39,COIT
39,1,16515,Filbert Street,Stockton St & Filbert St,100.0,37.801419,-122.409461,39,COIT
39,1,16515,Stockton Street,Stockton St & Filbert St,100.0,37.801419,-122.409461,39,COIT
39,1,16517,Greenwich Street,Stockton St & Greenwich St,100.0,37.802347,-122.409656,39,COIT
39,1,16517,Stockton Street,Stockton St & Greenwich St,100.0,37.802347,-122.409656,39,COIT
39,1,16525,Stockton Street,Stockton St & Union St,100.0,37.80054,-122.40928,39,COIT
39,1,16525,Union Street,Stockton St & Union St,100.0,37.80054,-122.40928,39,COIT
39,1,16654,Filbert Street,Telegraph Hill Blvd & Filbert St,100.0,37.801846,-122.405735,39,COIT
39,1,16654,Telegraph Hill Boulevard,Telegraph Hill Blvd & Filbert St,100.0,37.801846,-122.405735,39,COIT
39,1,16656,Greenwich Street,Telegraph Hill Blvd & Greenwich St,100.0,37.802605,-122.406457,39,COIT
39,1,16656,Telegraph Hill Boulevard,Telegraph Hill Blvd & Greenwich St,100.0,37.802605,-122.406457,39,COIT
39,1,16750,Columbus Avenue,Union St & Columbus Ave,100.0,37.800411,-122.410081,39,COIT
39,1,16750,Union Street,Union St & Columbus Ave,100.0,37.800411,-122.410081,39,COIT
39,1,16758,Grant Avenue,Union St & Grant Ave,100.0,37.80068,-122.4075,39,COIT
39,1,16759,Grant Avenue,Union St & Grant Ave,100.0,37.8006,-122.40769,39,COIT
39,1,16758,Union Street,Union St & Grant Ave,100.0,37.80068,-122.4075,39,COIT
39,1,16759,Union Street,Union St & Grant Ave,100.0,37.8006,-122.40769,39,COIT
39,1,16764,Kearny Street,Union St & Kearny St,100.0,37.800909,-122.405965,39,COIT
39,1,16765,Kearny Street,Union St & Kearny St,100.0,37.800758,-122.406102,39,COIT
39,1,16764,Union Street,Union St & Kearny St,100.0,37.800909,-122.405965,39,COIT
39,1,16765,Union Street,Union St & Kearny St,100.0,37.800758,-122.406102,39,COIT
39,1,16775,Montgomery Street,Union St & Montgomery St,100.0,37.801087,-122.404474,39,COIT
39,1,16776,Montgomery Street,Union St & Montgomery St,100.0,37.800962,-122.404508,39,COIT
39,1,16775,Union Street,Union St & Montgomery St,100.0,37.801087,-122.404474,39,COIT
39,1,16776,Union Street,Union St & Montgomery St,100.0,37.800962,-122.404508,39,COIT
43,0,15513,126 Miraloma Drive,126 Miraloma Dr,100.0,37.737744,-122.461458,43,MASONIC
43,0,13188,1697 7th Avenue,1697 7th Ave,100.0,37.756597,-122.463741,43,MASONIC
43,0,15887,500 Parnassus Avenue,500 Parnassus Ave,100.0,37.763308,-122.458746,43,MASONIC
43,0,15253,7th Avenue,7th Ave & Laguna Honda,100.0,37.754893,-122.463678,43,MASONIC
43,0,15253,Laguna Honda,7th Ave & Laguna Honda,100.0,37.754893,-122.463678,43,MASONIC
43,0,13215,9th Avenue,9th Ave & Judah St,100.0,37.76204,-122.466241,43,MASONIC
43,0,13215,Judah Street,9th Ave & Judah St,100.0,37.76204,-122.466241,43,MASONIC
43,0,13216,9th Avenue,9th Ave & Kirkham St,100.0,37.760407,-122.466149,43,MASONIC
43,0,13216,Kirkham Street,9th Ave & Kirkham St,100.0,37.760407,-122.466149,43,MASONIC
43,0,13218,9th Avenue,9th Ave & Lawton St,100.0,37.758533,-122.466022,43,MASONIC
43,0,13218,Lawton Street,9th Ave & Lawton St,100.0,37.758533,-122.466022,43,MASONIC
43,0,13960,Chicago Way,Chicago Way & Cordova Ave,100.0,37.70887,-122.434222,43,MASONIC
43,0,13960,Cordova Avenue,Chicago Way & Cordova Ave,100.0,37.70887,-122.434222,43,MASONIC
43,0,13963,Chicago Way,Chicago Way & Naylor St,100.0,37.709628,-122.432504,43,MASONIC
43,0,13963,Naylor Street,Chicago Way & Naylor St,100.0,37.709628,-122.432504,43,MASONIC
43,0,13964,Chicago Way,Chicago Way & South Hill Blvd,100.0,37.710565,-122.431381,43,MASONIC
43,0,13964,South Hill Boulevard,Chicago Way & South Hill Blvd,100.0,37.710565,-122.431381,43,MASONIC
43,0,15923,[UNKNOWN],City College Bookstore,100.0,37.72385,-122.45243,43,MASONIC
43,0,14092,Carl Street,Cole St & Carl St,100.0,37.76556,-122.44996,43,MASONIC
43,0,14092,Cole Street,Cole St & Carl St,100.0,37.76556,-122.44996,43,MASONIC
43,0,14094,Cole Street,Cole St & Frederick St,100.0,37.76683,-122.4502,43,MASONIC
43,0,14094,Frederick Street,Cole St & Frederick St,100.0,37.76683,-122.4502,43,MASONIC
43,0,14096,Cole Street,Cole St & Haight St,100.0,37.769447,-122.450771,43,MASONIC
43,0,14096,Haight Street,Cole St & Haight St,100.0,37.769447,-122.450771,43,MASONIC
43,0,14138,Cordova Avenue,Cordova Ave & Winding Way,100.0,37.709638,-122.434828,43,MASONIC
43,0,14138,Winding Way,Cordova Ave & Winding Way,100.0,37.709638,-122.434828,43,MASONIC
43,0,14336,Curtis Street,Curtis St & Prague St,100.0,37.710039,-122.437474,43,MASONIC
43,0,14336,Prague Street,Curtis St & Prague St,100.0,37.710039,-122.437474,43,MASONIC
43,0,15925,Frida Khalo Way,Frida Khalo Way & Judson Ave,100.0,37.72685,-122.452442,43,MASONIC
43,0,15925,Judson Avenue,Frida Khalo Way & Judson Ave,100.0,37.72685,-122.452442,43,MASONIC
43,0,14811,Cayuga Avenue,Geneva Ave & Cayuga Ave,100.0,37.718722,-122.443554,43,MASONIC
43,0,14811,Geneva Avenue,Geneva Ave & Cayuga Ave,100.0,37.718722,-122.443554,43,MASONIC
43,0,14882,Geneva Avenue,Geneva Ave & Howth St,100.0,37.721978,-122.45007,43,MASONIC
43,0,14882,Howth Street,Geneva Ave & Howth St,100.0,37.721978,-122.45007,43,MASONIC
43,0,14883,Geneva Avenue,Geneva Ave & Madrid St,100.0,37.714768,-122.437587,43,MASONIC
43,0,14883,Madrid Street,Geneva Ave & Madrid St,100.0,37.714768,-122.437587,43,MASONIC
43,0,17671,Geneva Avenue,Geneva Ave & Mission St,100.0,37.716419,-122.441012,43,MASONIC
43,0,17671,Mission Street,Geneva Ave & Mission St,100.0,37.716419,-122.441012,43,MASONIC
43,0,14805,Geneva Ave/Balboa Park BART,Geneva Ave/Balboa Park BART,100.0,37.720952,-122.447379,43,MASONIC
43,0,14792,Flood Avenue,Gennessee St & Flood Ave,100.0,37.729955,-122.451205,43,MASONIC
43,0,14792,Gennessee Street,Gennessee St & Flood Ave,100.0,37.729955,-122.451205,43,MASONIC
43,0,14946,Clayton Street,Haight St & Clayton St,100.0,37.769839,-122.448731,43,MASONIC
43,0,14946,Haight Street,Haight St & Clayton St,100.0,37.769839,-122.448731,43,MASONIC
43,0,15020,Halleck St/Army Headquarters,Halleck St/Army Headquarters,100.0,37.802014,-122.454498,43,MASONIC
43,0,15190,6th Avenue,Judah St & 6th Ave,100.0,37.762397,-122.462849,43,MASONIC
43,0,15190,Judah Street,Judah St & 6th Ave,100.0,37.762397,-122.462849,43,MASONIC
43,0,15191,7th Avenue,Judah St & 7th Ave,100.0,37.762334,-122.46435,43,MASONIC
43,0,15191,Judah Street,Judah St & 7th Ave,100.0,37.762334,-122.46435,43,MASONIC
43,0,15171,Gennessee Street,Judson Ave & Gennessee St,100.0,37.728456,-122.45117,43,MASONIC
43,0,15171,Judson Avenue,Judson Ave & Gennessee St,100.0,37.728456,-122.45117,43,MASONIC
43,0,14877,Balceta Avenue,Laguna Honda Blvd & Balceta Ave,100.0,37.74529,-122.45718,43,MASONIC
43,0,14877,Laguna Honda Boulevard,Laguna Honda Blvd & Balceta Ave,100.0,37.74529,-122.45718,43,MASONIC
43,0,14878,Clarendon Avenue,Laguna Honda Blvd & Clarendon Ave,100.0,37.751119,-122.461346,43,MASONIC
43,0,14878,Laguna Honda Boulevard,Laguna Honda Blvd & Clarendon Ave,100.0,37.751119,-122.461346,43,MASONIC
43,0,15250,Idora Avenue,Laguna Honda Blvd & Idora Ave,100.0,37.74415,-122.45663,43,MASONIC
43,0,15250,Laguna Honda Boulevard,Laguna Honda Blvd & Idora Ave,100.0,37.74415,-122.45663,43,MASONIC
43,0,15254,Laguna Honda Boulevard,Laguna Honda Blvd & Portola Dr,100.0,37.74311,-122.45548,43,MASONIC
43,0,15254,Portola Drive,Laguna Honda Blvd & Portola Dr,100.0,37.74311,-122.45548,43,MASONIC
43,0,15256,Laguna Honda Boulevard,Laguna Honda Blvd & Vasquez Ave,100.0,37.74602,-122.45816,43,MASONIC
43,0,15256,Vasquez Avenue,Laguna Honda Blvd & Vasquez Ave,100.0,37.74602,-122.45816,43,MASONIC
43,0,15247,Laguna Honda Blvd/Forest Hill Sta,Laguna Honda Blvd/Forest Hill Sta,100.0,37.748121,-122.45887,43,MASONIC
43,0,15257,Chestnut Street,Laguna St & Chestnut St,100.0,37.801513,-122.431418,43,MASONIC
43,0,15257,Laguna Street,Laguna St & Chestnut St,100.0,37.801513,-122.431418,43,MASONIC
43,0,14853,7th Avenue,Lawton St & 7th Ave,100.0,37.758471,-122.463879,43,MASONIC
43,0,14853,Lawton Street,Lawton St & 7th Ave,100.0,37.758471,-122.463879,43,MASONIC
43,0,15293,Letterman Dr/Tides Bldg,Letterman Dr/Tides Bldg,100.0,37.799382,-122.451849,43,MASONIC
43,0,17027,Girard Road,Lincoln Blvd & Girard Rd,100.0,37.800551,-122.45389,43,MASONIC
43,0,17027,Lincoln Boulevard,Lincoln Blvd & Girard Rd,100.0,37.800551,-122.45389,43,MASONIC
43,0,15273,Divisadero Street,Lombard St & Divisadero St,100.0,37.799078,-122.442861,43,MASONIC
43,0,15273,Lombard Street,Lombard St & Divisadero St,100.0,37.799078,-122.442861,43,MASONIC
43,0,15275,Fillmore Street,Lombard St & Fillmore St,100.0,37.799845,-122.436268,43,MASONIC
43,0,15275,Lombard Street,Lombard St & Fillmore St,100.0,37.799845,-122.436268,43,MASONIC
43,0,15282,Lombard Street,Lombard St & Lyon St,100.0,37.798543,-122.44716,43,MASONIC
43,0,15282,Lyon Street,Lombard St & Lyon St,100.0,37.798543,-122.44716,43,MASONIC
43,0,15285,Lombard Street,Lombard St & Pierce St,100.0,37.79948,-122.439559,43,MASONIC
43,0,15285,Pierce Street,Lombard St & Pierce St,100.0,37.79948,-122.439559,43,MASONIC
43,0,14729,Laguna Street,Marina Blvd & Laguna St,100.0,37.805118,-122.432185,43,MASONIC
43,0,14729,Marina Boulevard,Marina Blvd & Laguna St,100.0,37.805118,-122.432185,43,MASONIC
43,0,15705,Fulton Street,Masonic Ave & Fulton St,100.0,37.775577,-122.446553,43,MASONIC
43,0,15705,Masonic Avenue,Masonic Ave & Fulton St,100.0,37.775577,-122.446553,43,MASONIC
43,0,15710,Geary Boulevard,Masonic Ave & Geary Blvd,100.0,37.782144,-122.447573,43,MASONIC
43,0,15710,Masonic Avenue,Masonic Ave & Geary Blvd,100.0,37.782144,-122.447573,43,MASONIC
43,0,15712,Haight Street,Masonic Ave & Haight St,100.0,37.77031,-122.44542,43,MASONIC
43,0,15712,Masonic Avenue,Masonic Ave & Haight St,100.0,37.77031,-122.44542,43,MASONIC
43,0,15715,Hayes Street,Masonic Ave & Hayes St,100.0,37.77402,-122.44624,43,MASONIC
43,0,15715,Masonic Avenue,Masonic Ave & Hayes St,100.0,37.77402,-122.44624,43,MASONIC
43,0,15717,Masonic Avenue,Masonic Ave & Oak St,100.0,37.77173,-122.44573,43,MASONIC
43,0,15717,Oak Street,Masonic Ave & Oak St,100.0,37.77173,-122.44573,43,MASONIC
43,0,15719,Masonic Avenue,Masonic Ave & Turk St,100.0,37.77876,-122.44716,43,MASONIC
43,0,15719,Turk Street,Masonic Ave & Turk St,100.0,37.77876,-122.44716,43,MASONIC
43,0,15515,Juanita Way,Miraloma Dr & Juanita Way,100.0,37.739377,-122.460083,43,MASONIC
43,0,15515,Miraloma Drive,Miraloma Dr & Juanita Way,100.0,37.739377,-122.460083,43,MASONIC
43,0,15518,Marne Avenue,Miraloma Dr & Marne Ave,100.0,37.740207,-122.45927,43,MASONIC
43,0,15518,Miraloma Drive,Miraloma Dr & Marne Ave,100.0,37.740207,-122.45927,43,MASONIC
43,0,15519,Miraloma Drive,Miraloma Dr & Yerba Buena Ave,100.0,37.735505,-122.460804,43,MASONIC
43,0,15519,Yerba Buena Avenue,Miraloma Dr & Yerba Buena Ave,100.0,37.735505,-122.460804,43,MASONIC
43,0,15434,Gennessee Street,Monterey Blvd & Gennessee St,100.0,37.731472,-122.451239,43,MASONIC
43,0,15434,Monterey Boulevard,Monterey Blvd & Gennessee St,100.0,37.731472,-122.451239,43,MASONIC
43,0,15440,Monterey Boulevard,Monterey Blvd & Ridgewood Ave,100.0,37.731472,-122.453083,43,MASONIC
43,0,15440,Ridgewood Avenue,Monterey Blvd & Ridgewood Ave,100.0,37.731472,-122.453083,43,MASONIC
43,0,15445,Monterey Boulevard,Monterey Blvd & Valdez Ave,100.0,37.731267,-122.455832,43,MASONIC
43,0,15445,Valdez Avenue,Monterey Blvd & Valdez Ave,100.0,37.731267,-122.455832,43,MASONIC
43,0,15631,Geneva Avenue,Munich St & Geneva Ave,100.0,37.71293,-122.43295,43,MASONIC
43,0,15631,Munich Street,Munich St & Geneva Ave,100.0,37.71293,-122.43295,43,MASONIC
43,0,15475,Brunswick Street,Naples St & Brunswick St,100.0,37.711797,-122.437989,43,MASONIC
43,0,15475,Naples Street,Naples St & Brunswick St,100.0,37.711797,-122.437989,43,MASONIC
43,0,15477,Curtis Street,Naples St & Curtis St,100.0,37.711083,-122.438504,43,MASONIC
43,0,15477,Naples Street,Naples St & Curtis St,100.0,37.711083,-122.438504,43,MASONIC
43,0,15483,Naples Street,Naples St & Rolph St,100.0,37.713644,-122.436683,43,MASONIC
43,0,15483,Rolph Street,Naples St & Rolph St,100.0,37.713644,-122.436683,43,MASONIC
43,0,15885,4th Avenue,Parnassus Ave & 4th Ave,100.0,37.762727,-122.46074,43,MASONIC
43,0,15885,Parnassus Avenue,Parnassus Ave & 4th Ave,100.0,37.762727,-122.46074,43,MASONIC
43,0,15889,Cole Street,Parnassus Ave & Cole St,100.0,37.764905,-122.450083,43,MASONIC
43,0,15889,Parnassus Avenue,Parnassus Ave & Cole St,100.0,37.764905,-122.450083,43,MASONIC
43,0,15891,Hillway Avenue,Parnassus Ave & Hillway Ave,100.0,37.763807,-122.45697,43,MASONIC
43,0,15891,Parnassus Avenue,Parnassus Ave & Hillway Ave,100.0,37.763807,-122.45697,43,MASONIC
43,0,15893,Parnassus Avenue,Parnassus Ave & Shrader St,100.0,37.764771,-122.451103,43,MASONIC
43,0,15893,Shrader Street,Parnassus Ave & Shrader St,100.0,37.764771,-122.451103,43,MASONIC
43,0,15895,Parnassus Avenue,Parnassus Ave & Stanyan St,100.0,37.764548,-122.452879,43,MASONIC
43,0,15895,Stanyan Street,Parnassus Ave & Stanyan St,100.0,37.764548,-122.452879,43,MASONIC
43,0,15897,Parnassus Avenue,Parnassus Ave & Willard St,100.0,37.764352,-122.454529,43,MASONIC
43,0,15897,Willard Street,Parnassus Ave & Willard St,100.0,37.764352,-122.454529,43,MASONIC
43,0,15968,Mangels Avenue,Plymouth Ave & Mangels Ave,100.0,37.732239,-122.457768,43,MASONIC
43,0,15968,Plymouth Avenue,Plymouth Ave & Mangels Ave,100.0,37.732239,-122.457768,43,MASONIC
43,0,15973,Monterey Boulevard,Plymouth Ave & Monterey Blvd,100.0,37.73111,-122.45753,43,MASONIC
43,0,15973,Plymouth Avenue,Plymouth Ave & Monterey Blvd,100.0,37.73111,-122.45753,43,MASONIC
43,0,16122,Portola Drive,Portola Dr & Waithman Way,100.0,37.741626,-122.456521,43,MASONIC
43,0,16122,Waithman Way,Portola Dr & Waithman Way,100.0,37.741626,-122.456521,43,MASONIC
43,0,16080,Cordova Avenue,Prague St & Cordova Ave,100.0,37.710164,-122.435069,43,MASONIC
43,0,16080,Prague Street,Prague St & Cordova Ave,100.0,37.710164,-122.435069,43,MASONIC
43,0,16089,California Street,Presidio Ave & California St,100.0,37.787676,-122.446965,43,MASONIC
43,0,16089,Presidio Avenue,Presidio Ave & California St,100.0,37.787676,-122.446965,43,MASONIC
43,0,16090,Clay Street,Presidio Ave & Clay St,100.0,37.78918,-122.44726,43,MASONIC
43,0,16090,Presidio Avenue,Presidio Ave & Clay St,100.0,37.78918,-122.44726,43,MASONIC
43,0,16093,Geary Boulevard,Presidio Ave & Geary Blvd,100.0,37.78267,-122.44593,43,MASONIC
43,0,16093,Presidio Avenue,Presidio Ave & Geary Blvd,100.0,37.78267,-122.44593,43,MASONIC
43,0,16094,Jackson Street,Presidio Ave & Jackson St,100.0,37.790905,-122.447607,43,MASONIC
43,0,16094,Presidio Avenue,Presidio Ave & Jackson St,100.0,37.790905,-122.447607,43,MASONIC
43,0,16099,Presidio Avenue,Presidio Ave & Sutter St,100.0,37.784392,-122.446289,43,MASONIC
43,0,16099,Sutter Street,Presidio Ave & Sutter St,100.0,37.784392,-122.446289,43,MASONIC
43,0,16104,Letterman Drive,Presidio Blvd & Letterman Dr,100.0,37.799043,-122.452537,43,MASONIC
43,0,16104,Presidio Boulevard,Presidio Blvd & Letterman Dr,100.0,37.799043,-122.452537,43,MASONIC
43,0,16107,Presidio Boulevard,Presidio Blvd & Sumner Ave,100.0,37.796705,-122.4517,43,MASONIC
43,0,16107,Sumner Avenue,Presidio Blvd & Sumner Ave,100.0,37.796705,-122.4517,43,MASONIC
43,0,17383,[UNKNOWN],Presidio Transit Center,100.0,37.802299,-122.455759,43,MASONIC
43,0,16470,Prague Street,South Hill Blvd & Prague St,100.0,37.712153,-122.432183,43,MASONIC
43,0,16470,South Hill Boulevard,South Hill Blvd & Prague St,100.0,37.712153,-122.432183,43,MASONIC
43,0,16471,Rolph Street,South Hill Blvd & Rolph St,100.0,37.711234,-122.431771,43,MASONIC
43,0,16471,South Hill Boulevard,South Hill Blvd & Rolph St,100.0,37.711234,-122.431771,43,MASONIC
43,0,16986,Brentwood Avenue,Yerba Buena Ave & Brentwood Ave,100.0,37.733702,-122.459189,43,MASONIC
43,0,16986,Yerba Buena Avenue,Yerba Buena Ave & Brentwood Ave,100.0,37.733702,-122.459189,43,MASONIC
43,0,16988,Hazelwood Avenue,Yerba Buena Ave & Hazelwood Ave,100.0,37.734389,-122.459705,43,MASONIC
43,0,16988,Yerba Buena Avenue,Yerba Buena Ave & Hazelwood Ave,100.0,37.734389,-122.459705,43,MASONIC
43,0,16990,Saint Elmo Way,Yerba Buena Ave & Saint Elmo Way,100.0,37.732623,-122.458719,43,MASONIC
43,0,16990,Yerba Buena Avenue,Yerba Buena Ave & Saint Elmo Way,100.0,37.732623,-122.458719,43,MASONIC
43,1,13189,1697 7th Avenue,1697 7th Ave,100.0,37.756767,-122.46357,43,MASONIC
43,1,17688,513 Parnassus Avenue,513 Parnassus Ave,100.0,37.763299,-122.458208,43,MASONIC
43,1,13214,9th Avenue,9th Ave & Judah St,100.0,37.762093,-122.46608,43,MASONIC
43,1,13214,Judah Street,9th Ave & Judah St,100.0,37.762093,-122.46608,43,MASONIC
43,1,13217,9th Avenue,9th Ave & Kirkham St,100.0,37.760237,-122.465954,43,MASONIC
43,1,13217,Kirkham Street,9th Ave & Kirkham St,100.0,37.760237,-122.465954,43,MASONIC
43,1,13794,Bay Street,Buchanan St & Bay St,100.0,37.80343,-122.43334,43,MASONIC
43,1,13794,Buchanan Street,Buchanan St & Bay St,100.0,37.80343,-122.43334,43,MASONIC
43,1,13961,Chicago Way,Chicago Way & Cordova Ave,100.0,37.708968,-122.434336,43,MASONIC
43,1,13961,Cordova Avenue,Chicago Way & Cordova Ave,100.0,37.708968,-122.434336,43,MASONIC
43,1,13962,Chicago Way,Chicago Way & Naylor St,100.0,37.709834,-122.432435,43,MASONIC
43,1,13962,Naylor Street,Chicago Way & Naylor St,100.0,37.709834,-122.432435,43,MASONIC
43,1,15922,[UNKNOWN],City College Bookstore,100.0,37.7241,-122.45226,43,MASONIC
43,1,14091,Carl Street,Cole St & Carl St,100.0,37.76594,-122.449911,43,MASONIC
43,1,14091,Cole Street,Cole St & Carl St,100.0,37.76594,-122.449911,43,MASONIC
43,1,14095,Cole Street,Cole St & Haight St,100.0,37.769456,-122.45061,43,MASONIC
43,1,14095,Haight Street,Cole St & Haight St,100.0,37.769456,-122.45061,43,MASONIC
43,1,14099,Cole Street,Cole St & Waller St,100.0,37.768528,-122.450427,43,MASONIC
43,1,14099,Waller Street,Cole St & Waller St,100.0,37.768528,-122.450427,43,MASONIC
43,1,14137,Cordova Avenue,Cordova Ave & Prague St,100.0,37.710182,-122.434874,43,MASONIC
43,1,14137,Prague Street,Cordova Ave & Prague St,100.0,37.710182,-122.434874,43,MASONIC
43,1,14139,Cordova Avenue,Cordova Ave & Winding Way,100.0,37.709504,-122.434588,43,MASONIC
43,1,14139,Winding Way,Cordova Ave & Winding Way,100.0,37.709504,-122.434588,43,MASONIC
43,1,14649,Flood Avenue,Foerster St & Flood Ave,100.0,37.729795,-122.448765,43,MASONIC
43,1,14649,Foerster Street,Foerster St & Flood Ave,100.0,37.729795,-122.448765,43,MASONIC
43,1,14650,Foerster Street,Foerster St & Judson Ave,100.0,37.728492,-122.448753,43,MASONIC
43,1,14650,Judson Avenue,Foerster St & Judson Ave,100.0,37.728492,-122.448753,43,MASONIC
43,1,15924,Frida Khalo Way,Frida Khalo Way & Judson Ave,100.0,37.726922,-122.45227,43,MASONIC
43,1,15924,Judson Avenue,Frida Khalo Way & Judson Ave,100.0,37.726922,-122.45227,43,MASONIC
43,1,14810,Cayuga Avenue,Geneva Ave & Cayuga Ave,100.0,37.718927,-122.443554,43,MASONIC
43,1,14810,Geneva Avenue,Geneva Ave & Cayuga Ave,100.0,37.718927,-122.443554,43,MASONIC
43,1,14881,Geneva Avenue,Geneva Ave & Howth St,100.0,37.722121,-122.449979,43,MASONIC
43,1,14881,Howth Street,Geneva Ave & Howth St,100.0,37.722121,-122.449979,43,MASONIC
43,1,14884,Geneva Avenue,Geneva Ave & Madrid St,100.0,37.715143,-122.438034,43,MASONIC
43,1,14884,Madrid Street,Geneva Ave & Madrid St,100.0,37.715143,-122.438034,43,MASONIC
43,1,14886,Geneva Avenue,Geneva Ave & Mission St,100.0,37.716473,-122.440874,43,MASONIC
43,1,14886,Mission Street,Geneva Ave & Mission St,100.0,37.716473,-122.440874,43,MASONIC
43,1,14803,Geneva Ave/Balboa Park BART,Geneva Ave/Balboa Park BART,100.0,37.720801,-122.446738,43,MASONIC
43,1,14947,Clayton Street,Haight St & Clayton St,100.0,37.769777,-122.448433,43,MASONIC
43,1,14947,Haight Street,Haight St & Clayton St,100.0,37.769777,-122.448433,43,MASONIC
43,1,15020,Halleck St/Army Headquarters,Halleck St/Army Headquarters,100.0,37.802014,-122.454498,43,MASONIC
43,1,15189,5th Avenue,Judah St & 5th Ave,100.0,37.762299,-122.462001,43,MASONIC
43,1,15189,Judah Street,Judah St & 5th Ave,100.0,37.762299,-122.462001,43,MASONIC
43,1,15192,7th Avenue,Judah St & 7th Ave,100.0,37.762201,-122.464144,43,MASONIC
43,1,15192,Judah Street,Judah St & 7th Ave,100.0,37.762201,-122.464144,43,MASONIC
43,1,15172,Gennessee Street,Judson Ave & Gennessee St,100.0,37.728287,-122.451273,43,MASONIC
43,1,15172,Judson Avenue,Judson Ave & Gennessee St,100.0,37.728287,-122.451273,43,MASONIC
43,1,14876,Balceta Avenue,Laguna Honda Blvd & Balceta Ave,100.0,37.74537,-122.45709,43,MASONIC
43,1,14876,Laguna Honda Boulevard,Laguna Honda Blvd & Balceta Ave,100.0,37.74537,-122.45709,43,MASONIC
43,1,15243,Clarendon Avenue,Laguna Honda Blvd & Clarendon Ave,100.0,37.750709,-122.460922,43,MASONIC
43,1,15243,Laguna Honda Boulevard,Laguna Honda Blvd & Clarendon Ave,100.0,37.750709,-122.460922,43,MASONIC
43,1,15244,Dewey Boulevard,Laguna Honda Blvd & Dewey Blvd,100.0,37.747229,-122.459076,43,MASONIC
43,1,15244,Laguna Honda Boulevard,Laguna Honda Blvd & Dewey Blvd,100.0,37.747229,-122.459076,43,MASONIC
43,1,15249,Idora Avenue,Laguna Honda Blvd & Idora Ave,100.0,37.743999,-122.456407,43,MASONIC
43,1,15249,Laguna Honda Boulevard,Laguna Honda Blvd & Idora Ave,100.0,37.743999,-122.456407,43,MASONIC
43,1,15255,Laguna Honda Boulevard,Laguna Honda Blvd & Ulloa St,100.0,37.743473,-122.455776,43,MASONIC
43,1,15255,Ulloa Street,Laguna Honda Blvd & Ulloa St,100.0,37.743473,-122.455776,43,MASONIC
43,1,15245,Laguna Honda Blvd/Opp Forest Hill,Laguna Honda Blvd/Opp Forest Hill,100.0,37.748327,-122.458836,43,MASONIC
43,1,15258,Chestnut Street,Laguna St & Chestnut St,100.0,37.80135,-122.43123,43,MASONIC
43,1,15258,Laguna Street,Laguna St & Chestnut St,100.0,37.80135,-122.43123,43,MASONIC
43,1,14852,7th Avenue,Lawton St & 7th Ave,100.0,37.758605,-122.464086,43,MASONIC
43,1,14852,Lawton Street,Lawton St & 7th Ave,100.0,37.758605,-122.464086,43,MASONIC
43,1,14854,9th Avenue,Lawton St & 9th Ave,100.0,37.758524,-122.465804,43,MASONIC
43,1,14854,Lawton Street,Lawton St & 9th Ave,100.0,37.758524,-122.465804,43,MASONIC
43,1,15294,Letterman Drive,Letterman Dr & Lincoln Blvd,100.0,37.79922,-122.45172,43,MASONIC
43,1,15294,Lincoln Boulevard,Letterman Dr & Lincoln Blvd,100.0,37.79922,-122.45172,43,MASONIC
43,1,17149,Letterman Drive,Letterman Dr & Lombard St,100.0,37.798052,-122.45013,43,MASONIC
43,1,17149,Lombard Street,Letterman Dr & Lombard St,100.0,37.798052,-122.45013,43,MASONIC
43,1,17027,Girard Road,Lincoln Blvd & Girard Rd,100.0,37.800551,-122.45389,43,MASONIC
43,1,17027,Lincoln Boulevard,Lincoln Blvd & Girard Rd,100.0,37.800551,-122.45389,43,MASONIC
43,1,17028,Lombard,Lombard & Richardson Ave,100.0,37.798668,-122.445108,43,MASONIC
43,1,17028,Richardson Avenue,Lombard & Richardson Ave,100.0,37.798668,-122.445108,43,MASONIC
43,1,15272,Divisadero Street,Lombard St & Divisadero St,100.0,37.798971,-122.442482,43,MASONIC
43,1,15272,Lombard Street,Lombard St & Divisadero St,100.0,37.798971,-122.442482,43,MASONIC
43,1,15274,Fillmore Street,Lombard St & Fillmore St,100.0,37.799818,-122.435878,43,MASONIC
43,1,15274,Lombard Street,Lombard St & Fillmore St,100.0,37.799818,-122.435878,43,MASONIC
43,1,15283,Lombard Street,Lombard St & Lyon St,100.0,37.7984,-122.447527,43,MASONIC
43,1,15283,Lyon Street,Lombard St & Lyon St,100.0,37.7984,-122.447527,43,MASONIC
43,1,15284,Lombard Street,Lombard St & Pierce St,100.0,37.799399,-122.439157,43,MASONIC
43,1,15284,Pierce Street,Lombard St & Pierce St,100.0,37.799399,-122.439157,43,MASONIC
43,1,14729,Laguna Street,Marina Blvd & Laguna St,100.0,37.805118,-122.432185,43,MASONIC
43,1,14729,Marina Boulevard,Marina Blvd & Laguna St,100.0,37.805118,-122.432185,43,MASONIC
43,1,15706,Fulton Street,Masonic Ave & Fulton St,100.0,37.77571,-122.44636,43,MASONIC
43,1,15706,Masonic Avenue,Masonic Ave & Fulton St,100.0,37.77571,-122.44636,43,MASONIC
43,1,15709,Geary Boulevard,Masonic Ave & Geary Blvd,100.0,37.782161,-122.447355,43,MASONIC
43,1,15709,Masonic Avenue,Masonic Ave & Geary Blvd,100.0,37.782161,-122.447355,43,MASONIC
43,1,15713,Haight Street,Masonic Ave & Haight St,100.0,37.770348,-122.445304,43,MASONIC
43,1,15713,Masonic Avenue,Masonic Ave & Haight St,100.0,37.770348,-122.445304,43,MASONIC
43,1,15714,Hayes Street,Masonic Ave & Hayes St,100.0,37.77406,-122.446049,43,MASONIC
43,1,15714,Masonic Avenue,Masonic Ave & Hayes St,100.0,37.77406,-122.446049,43,MASONIC
43,1,15716,Masonic Avenue,Masonic Ave & Oak St,100.0,37.771963,-122.445625,43,MASONIC
43,1,15716,Oak Street,Masonic Ave & Oak St,100.0,37.771963,-122.445625,43,MASONIC
43,1,15718,Masonic Avenue,Masonic Ave & Turk St,100.0,37.778771,-122.447,43,MASONIC
43,1,15718,Turk Street,Masonic Ave & Turk St,100.0,37.778771,-122.447,43,MASONIC
43,1,15514,Bengal Aly,Miraloma Dr & Bengal Aly,100.0,37.737869,-122.461309,43,MASONIC
43,1,15514,Miraloma Drive,Miraloma Dr & Bengal Aly,100.0,37.737869,-122.461309,43,MASONIC
43,1,15516,Juanita Way,Miraloma Dr & Juanita Way,100.0,37.739199,-122.460026,43,MASONIC
43,1,15516,Miraloma Drive,Miraloma Dr & Juanita Way,100.0,37.739199,-122.460026,43,MASONIC
43,1,15517,Marne Avenue,Miraloma Dr & Marne Ave,100.0,37.740082,-122.459224,43,MASONIC
43,1,15517,Miraloma Drive,Miraloma Dr & Marne Ave,100.0,37.740082,-122.459224,43,MASONIC
43,1,15432,Foerster Street,Monterey Blvd & Foerster St,100.0,37.731615,-122.449166,43,MASONIC
43,1,15432,Monterey Boulevard,Monterey Blvd & Foerster St,100.0,37.731615,-122.449166,43,MASONIC
43,1,15435,Gennessee Street,Monterey Blvd & Gennessee St,100.0,37.731615,-122.451445,43,MASONIC
43,1,15435,Monterey Boulevard,Monterey Blvd & Gennessee St,100.0,37.731615,-122.451445,43,MASONIC
43,1,15437,Monterey Boulevard,Monterey Blvd & Plymouth Ave,100.0,37.731115,-122.457322,43,MASONIC
43,1,15437,Plymouth Avenue,Monterey Blvd & Plymouth Ave,100.0,37.731115,-122.457322,43,MASONIC
43,1,15439,Monterey Boulevard,Monterey Blvd & Ridgewood Ave,100.0,37.731615,-122.453289,43,MASONIC
43,1,15439,Ridgewood Avenue,Monterey Blvd & Ridgewood Ave,100.0,37.731615,-122.453289,43,MASONIC
43,1,15444,Monterey Boulevard,Monterey Blvd & Valdez Ave,100.0,37.731445,-122.455649,43,MASONIC
43,1,15444,Valdez Avenue,Monterey Blvd & Valdez Ave,100.0,37.731445,-122.455649,43,MASONIC
43,1,15630,Cordova Avenue,Munich St & Cordova Ave,100.0,37.71094,-122.435435,43,MASONIC
43,1,15630,Munich Street,Munich St & Cordova Ave,100.0,37.71094,-122.435435,43,MASONIC
43,1,15631,Geneva Avenue,Munich St & Geneva Ave,100.0,37.71293,-122.43295,43,MASONIC
43,1,15631,Munich Street,Munich St & Geneva Ave,100.0,37.71293,-122.43295,43,MASONIC
43,1,15632,Munich Street,Munich St & Naples St,100.0,37.711155,-122.438241,43,MASONIC
43,1,15632,Naples Street,Munich St & Naples St,100.0,37.711155,-122.438241,43,MASONIC
43,1,15474,Athens Street,Naples St & Athens St,100.0,37.712457,-122.437347,43,MASONIC
43,1,15474,Naples Street,Naples St & Athens St,100.0,37.712457,-122.437347,43,MASONIC
43,1,15482,Naples Street,Naples St & Rolph St,100.0,37.713457,-122.436626,43,MASONIC
43,1,15482,Rolph Street,Naples St & Rolph St,100.0,37.713457,-122.436626,43,MASONIC
43,1,15485,Naples Street,Naples St & Seville St,100.0,37.711672,-122.437897,43,MASONIC
43,1,15485,Seville Street,Naples St & Seville St,100.0,37.711672,-122.437897,43,MASONIC
43,1,15890,Cole Street,Parnassus Ave & Cole St,100.0,37.764789,-122.449854,43,MASONIC
43,1,15890,Parnassus Avenue,Parnassus Ave & Cole St,100.0,37.764789,-122.449854,43,MASONIC
43,1,15892,Hillway Avenue,Parnassus Ave & Hillway Ave,100.0,37.763718,-122.456741,43,MASONIC
43,1,15892,Parnassus Avenue,Parnassus Ave & Hillway Ave,100.0,37.763718,-122.456741,43,MASONIC
43,1,15894,Parnassus Avenue,Parnassus Ave & Shrader St,100.0,37.764602,-122.451298,43,MASONIC
43,1,15894,Shrader Street,Parnassus Ave & Shrader St,100.0,37.764602,-122.451298,43,MASONIC
43,1,15896,Parnassus Avenue,Parnassus Ave & Stanyan St,100.0,37.764432,-122.45265,43,MASONIC
43,1,15896,Stanyan Street,Parnassus Ave & Stanyan St,100.0,37.764432,-122.45265,43,MASONIC
43,1,15898,Parnassus Avenue,Parnassus Ave & Willard St,100.0,37.764236,-122.4543,43,MASONIC
43,1,15898,Willard Street,Parnassus Ave & Willard St,100.0,37.764236,-122.4543,43,MASONIC
43,1,17687,Parnassus Ave &4th Avenue,Parnassus Ave &4th Ave,100.0,37.762522,-122.460947,43,MASONIC
43,1,15967,Mangels Avenue,Plymouth Ave & Mangels Ave,100.0,37.73209,-122.45765,43,MASONIC
43,1,15967,Plymouth Avenue,Plymouth Ave & Mangels Ave,100.0,37.73209,-122.45765,43,MASONIC
43,1,15980,Plymouth Avenue,Plymouth Ave & Yerba Buena Ave,100.0,37.73261,-122.45851,43,MASONIC
43,1,15980,Yerba Buena Avenue,Plymouth Ave & Yerba Buena Ave,100.0,37.73261,-122.45851,43,MASONIC
43,1,16013,Del Sur Avenue,Portola Dr & Del Sur Ave,100.0,37.741974,-122.455776,43,MASONIC
43,1,16013,Portola Drive,Portola Dr & Del Sur Ave,100.0,37.741974,-122.455776,43,MASONIC
43,1,16118,Portola Drive,Portola Dr & Rex Ave,100.0,37.740885,-122.457517,43,MASONIC
43,1,16118,Rex Avenue,Portola Dr & Rex Ave,100.0,37.740885,-122.457517,43,MASONIC
43,1,16088,California Street,Presidio Ave & California St,100.0,37.787381,-122.446736,43,MASONIC
43,1,16088,Presidio Avenue,Presidio Ave & California St,100.0,37.787381,-122.446736,43,MASONIC
43,1,16091,Clay Street,Presidio Ave & Clay St,100.0,37.78897,-122.44704,43,MASONIC
43,1,16091,Presidio Avenue,Presidio Ave & Clay St,100.0,37.78897,-122.44704,43,MASONIC
43,1,16092,Geary Boulevard,Presidio Ave & Geary Blvd,100.0,37.782706,-122.445796,43,MASONIC
43,1,16092,Presidio Avenue,Presidio Ave & Geary Blvd,100.0,37.782706,-122.445796,43,MASONIC
43,1,16095,Jackson Street,Presidio Ave & Jackson St,100.0,37.79071,-122.4474,43,MASONIC
43,1,16095,Presidio Avenue,Presidio Ave & Jackson St,100.0,37.79071,-122.4474,43,MASONIC
43,1,16098,Presidio Avenue,Presidio Ave & Sutter St,100.0,37.784535,-122.446197,43,MASONIC
43,1,16098,Sutter Street,Presidio Ave & Sutter St,100.0,37.784535,-122.446197,43,MASONIC
43,1,17783,Letterman Drive,Presidio Blvd & Letterman Dr,100.0,37.799123,-122.452423,43,MASONIC
43,1,17783,Presidio Boulevard,Presidio Blvd & Letterman Dr,100.0,37.799123,-122.452423,43,MASONIC
43,1,16106,Presidio Boulevard,Presidio Blvd & Simonds Loop,100.0,37.796482,-122.451517,43,MASONIC
43,1,16106,Simonds Loop,Presidio Blvd & Simonds Loop,100.0,37.796482,-122.451517,43,MASONIC
43,1,17383,[UNKNOWN],Presidio Transit Center,100.0,37.802299,-122.455759,43,MASONIC
43,1,16469,Chicago Way,South Hill Blvd & Chicago Way,100.0,37.710708,-122.431507,43,MASONIC
43,1,16469,South Hill Boulevard,South Hill Blvd & Chicago Way,100.0,37.710708,-122.431507,43,MASONIC
43,1,16472,Rolph Street,South Hill Blvd & Rolph St,100.0,37.711698,-122.432103,43,MASONIC
43,1,16472,South Hill Boulevard,South Hill Blvd & Rolph St,100.0,37.711698,-122.432103,43,MASONIC
43,1,16985,Brentwood Avenue,Yerba Buena Ave & Brentwood Ave,100.0,37.733604,-122.45896,43,MASONIC
43,1,16985,Yerba Buena Avenue,Yerba Buena Ave & Brentwood Ave,100.0,37.733604,-122.45896,43,MASONIC
43,1,16987,Hazelwood Avenue,Yerba Buena Ave & Hazelwood Ave,100.0,37.734559,-122.459659,43,MASONIC
43,1,16987,Yerba Buena Avenue,Yerba Buena Ave & Hazelwood Ave,100.0,37.734559,-122.459659,43,MASONIC
43,1,16989,Ravenwood Drive,Yerba Buena Ave & Ravenwood Dr,100.0,37.73531,-122.46055,43,MASONIC
43,1,16989,Yerba Buena Avenue,Yerba Buena Ave & Ravenwood Dr,100.0,37.73531,-122.46055,43,MASONIC
44,0,13188,1697 7th Avenue,1697 7th Ave,89.138,37.756597,-122.463741,44,O'SHAUGHNESSY
44,0,13178,6th Avenue,6th Ave & Balboa St,89.138,37.776985,-122.46409,44,O'SHAUGHNESSY
44,0,13178,Balboa Street,6th Ave & Balboa St,89.138,37.776985,-122.46409,44,O'SHAUGHNESSY
44,0,13181,6th Avenue,6th Ave & Clement St,89.138,37.783026,-122.464526,44,O'SHAUGHNESSY
44,0,13181,Clement Street,6th Ave & Clement St,89.138,37.783026,-122.464526,44,O'SHAUGHNESSY
44,0,13185,6th Avenue,6th Ave & Geary Blvd,89.138,37.780768,-122.464354,44,O'SHAUGHNESSY
44,0,13185,Geary Boulevard,6th Ave & Geary Blvd,89.138,37.780768,-122.464354,44,O'SHAUGHNESSY
44,0,15253,7th Avenue,7th Ave & Laguna Honda,89.138,37.754893,-122.463678,44,O'SHAUGHNESSY
44,0,15253,Laguna Honda,7th Ave & Laguna Honda,89.138,37.754893,-122.463678,44,O'SHAUGHNESSY
44,0,13202,8th Avenue,8th Ave & Fulton St,89.138,37.773478,-122.46598,44,O'SHAUGHNESSY
44,0,13202,Fulton Street,8th Ave & Fulton St,89.138,37.773478,-122.46598,44,O'SHAUGHNESSY
44,0,13213,9th Avenue,9th Ave & Irving St,89.138,37.763797,-122.46639,44,O'SHAUGHNESSY
44,0,13213,Irving Street,9th Ave & Irving St,89.138,37.763797,-122.46639,44,O'SHAUGHNESSY
44,0,13215,9th Avenue,9th Ave & Judah St,89.138,37.76204,-122.466241,44,O'SHAUGHNESSY
44,0,13215,Judah Street,9th Ave & Judah St,89.138,37.76204,-122.466241,44,O'SHAUGHNESSY
44,0,13216,9th Avenue,9th Ave & Kirkham St,89.138,37.760407,-122.466149,44,O'SHAUGHNESSY
44,0,13216,Kirkham Street,9th Ave & Kirkham St,89.138,37.760407,-122.466149,44,O'SHAUGHNESSY
44,0,13218,9th Avenue,9th Ave & Lawton St,89.138,37.758533,-122.466022,44,O'SHAUGHNESSY
44,0,13218,Lawton Street,9th Ave & Lawton St,89.138,37.758533,-122.466022,44,O'SHAUGHNESSY
44,0,13221,9th Avenue,9th Ave & Lincoln Way,89.138,37.765689,-122.466517,44,O'SHAUGHNESSY
44,0,13221,Lincoln Way,9th Ave & Lincoln Way,89.138,37.765689,-122.466517,44,O'SHAUGHNESSY
44,0,13696,Bosworth Street,Bosworth St & Diamond St,99.479,37.733488,-122.43408,44,O'SHAUGHNESSY
44,0,13696,Diamond Street,Bosworth St & Diamond St,99.479,37.733488,-122.43408,44,O'SHAUGHNESSY
44,0,13694,Bosworth Street,Bosworth St & Elk St,89.138,37.734871,-122.44007,44,O'SHAUGHNESSY
44,0,13694,Elk Street,Bosworth St & Elk St,89.138,37.734871,-122.44007,44,O'SHAUGHNESSY
44,0,13699,Bosworth Street,Bosworth St & Lippard Ave,89.138,37.733827,-122.43597,44,O'SHAUGHNESSY
44,0,13699,Lippard Avenue,Bosworth St & Lippard Ave,89.138,37.733827,-122.43597,44,O'SHAUGHNESSY
44,0,17538,7th Avenue,Cabrillo St & 7th Ave,89.138,37.775379,-122.464834,44,O'SHAUGHNESSY
44,0,17538,Cabrillo Street,Cabrillo St & 7th Ave,89.138,37.775379,-122.464834,44,O'SHAUGHNESSY
44,0,17844,6th Avenue,California St & 6th Ave,89.138,37.785007,-122.464275,44,O'SHAUGHNESSY
44,0,17844,California Street,California St & 6th Ave,89.138,37.785007,-122.464275,44,O'SHAUGHNESSY
44,0,14550,Evans Avenue,Evans Ave & Keith St,100.0,37.73877,-122.380797,44,O'SHAUGHNESSY
44,0,14550,Keith Street,Evans Ave & Keith St,100.0,37.73877,-122.380797,44,O'SHAUGHNESSY
44,0,17077,Evans Avenue,Evans Ave & Mendell St,100.0,37.740905,-122.384564,44,O'SHAUGHNESSY
44,0,17077,Mendell Street,Evans Ave & Mendell St,100.0,37.740905,-122.384564,44,O'SHAUGHNESSY
44,0,14558,Evans Avenue,Evans Ave & Uspo,100.0,37.740003,-122.382973,44,O'SHAUGHNESSY
44,0,14558,Uspo,Evans Ave & Uspo,100.0,37.740003,-122.382973,44,O'SHAUGHNESSY
44,0,17838,Burrows Street,Girard St & Burrows St,0.26,37.727994,-122.404941,44,O'SHAUGHNESSY
44,0,17838,Girard Street,Girard St & Burrows St,0.26,37.727994,-122.404941,44,O'SHAUGHNESSY
44,0,15041,3rd Street,Hudson Ave & 3rd St,100.0,37.740336,-122.388724,44,O'SHAUGHNESSY
44,0,15041,Hudson Avenue,Hudson Ave & 3rd St,100.0,37.740336,-122.388724,44,O'SHAUGHNESSY
44,0,15045,Hudson Avenue,Hudson Ave & Ingalls St,100.0,37.73239,-122.379692,44,O'SHAUGHNESSY
44,0,15045,Ingalls Street,Hudson Ave & Ingalls St,100.0,37.73239,-122.379692,44,O'SHAUGHNESSY
44,0,15051,Hudson Avenue,Hudson Ave & Whitney Young Cir,100.0,37.733355,-122.38212,44,O'SHAUGHNESSY
44,0,15051,Whitney Young Circle,Hudson Ave & Whitney Young Cir,100.0,37.733355,-122.38212,44,O'SHAUGHNESSY
44,0,15108,Harbor Road,Ingalls St & Harbor Rd,100.0,37.7333,-122.37984,44,O'SHAUGHNESSY
44,0,15108,Ingalls Street,Ingalls St & Harbor Rd,100.0,37.7333,-122.37984,44,O'SHAUGHNESSY
44,0,15233,Keith Street,Keith St & Oakdale Ave,100.0,37.732367,-122.386611,44,O'SHAUGHNESSY
44,0,15233,Oakdale Avenue,Keith St & Oakdale Ave,100.0,37.732367,-122.386611,44,O'SHAUGHNESSY
44,0,14878,Clarendon Avenue,Laguna Honda Blvd & Clarendon Ave,89.138,37.751119,-122.461346,44,O'SHAUGHNESSY
44,0,14878,Laguna Honda Boulevard,Laguna Honda Blvd & Clarendon Ave,89.138,37.751119,-122.461346,44,O'SHAUGHNESSY
44,0,15247,Laguna Honda Blvd/Forest Hill Sta,Laguna Honda Blvd/Forest Hill Sta,89.138,37.748121,-122.45887,44,O'SHAUGHNESSY
44,0,14853,7th Avenue,Lawton St & 7th Ave,89.138,37.758471,-122.463879,44,O'SHAUGHNESSY
44,0,14853,Lawton Street,Lawton St & 7th Ave,89.138,37.758471,-122.463879,44,O'SHAUGHNESSY
44,0,15330,Alemany Boulevard,Lyell St & Alemany Blvd,99.479,37.730641,-122.431331,44,O'SHAUGHNESSY
44,0,15330,Lyell Street,Lyell St & Alemany Blvd,99.479,37.730641,-122.431331,44,O'SHAUGHNESSY
44,0,15501,Acacia Avenue,Middle Point Rd & Acacia Ave,100.0,37.737011,-122.379321,44,O'SHAUGHNESSY
44,0,15501,Middle Point Road,Middle Point Rd & Acacia Ave,100.0,37.737011,-122.379321,44,O'SHAUGHNESSY
44,0,15503,Fairfax Avenue,Middle Point Rd & Fairfax Ave,100.0,37.735164,-122.379323,44,O'SHAUGHNESSY
44,0,15503,Middle Point Road,Middle Point Rd & Fairfax Ave,100.0,37.735164,-122.379323,44,O'SHAUGHNESSY
44,0,17187,Memory Lane,Middle Point Rd & Memory Lane,100.0,37.734388,-122.379358,44,O'SHAUGHNESSY
44,0,17187,Middle Point Road,Middle Point Rd & Memory Lane,100.0,37.734388,-122.379358,44,O'SHAUGHNESSY
44,0,15487,Keith Street,Newcomb Ave & Keith St,100.0,37.733,-122.386049,44,O'SHAUGHNESSY
44,0,15487,Newcomb Avenue,Newcomb Ave & Keith St,100.0,37.733,-122.386049,44,O'SHAUGHNESSY
44,0,15488,La Salle Avenue,Newcomb Ave & La Salle Ave,100.0,37.733044,-122.384858,44,O'SHAUGHNESSY
44,0,15488,Newcomb Avenue,Newcomb Ave & La Salle Ave,100.0,37.733044,-122.384858,44,O'SHAUGHNESSY
44,0,17428,Fairfax Avenue,Newhall St & Fairfax Ave,100.0,37.741406,-122.387153,44,O'SHAUGHNESSY
44,0,17428,Newhall Street,Newhall St & Fairfax Ave,100.0,37.741406,-122.387153,44,O'SHAUGHNESSY
44,0,15831,Del Vale Avenue,O'Shaughnessy Blvd & Del Vale Ave,89.138,37.741082,-122.44597,44,O'SHAUGHNESSY
44,0,15831,O'Shaughnessy Boulevard,O'Shaughnessy Blvd & Del Vale Ave,89.138,37.741082,-122.44597,44,O'SHAUGHNESSY
44,0,15833,Malta Drive,O'Shaughnessy Blvd & Malta Dr,89.138,37.736478,-122.443782,44,O'SHAUGHNESSY
44,0,15833,O'Shaughnessy Boulevard,O'Shaughnessy Blvd & Malta Dr,89.138,37.736478,-122.443782,44,O'SHAUGHNESSY
44,0,15834,O'Shaughnessy Boulevard,O'Shaughnessy Blvd & Portola Dr,89.138,37.744999,-122.451308,44,O'SHAUGHNESSY
44,0,15834,Portola Drive,O'Shaughnessy Blvd & Portola Dr,89.138,37.744999,-122.451308,44,O'SHAUGHNESSY
44,0,15864,3rd Street,Palou Ave & 3rd St,100.0,37.73385,-122.390859,44,O'SHAUGHNESSY
44,0,15864,Palou Avenue,Palou Ave & 3rd St,100.0,37.73385,-122.390859,44,O'SHAUGHNESSY
44,0,15874,Keith Street,Palou Ave & Keith St,100.0,37.731849,-122.38731,44,O'SHAUGHNESSY
44,0,15874,Palou Avenue,Palou Ave & Keith St,100.0,37.731849,-122.38731,44,O'SHAUGHNESSY
44,0,15876,Lane Street,Palou Ave & Lane St,100.0,37.732912,-122.389176,44,O'SHAUGHNESSY
44,0,15876,Palou Avenue,Palou Ave & Lane St,100.0,37.732912,-122.389176,44,O'SHAUGHNESSY
44,0,15877,Newhall Street,Palou Ave & Newhall St,100.0,37.735029,-122.39292,44,O'SHAUGHNESSY
44,0,15877,Palou Avenue,Palou Ave & Newhall St,100.0,37.735029,-122.39292,44,O'SHAUGHNESSY
44,0,15880,Palou Avenue,Palou Ave & Phelps St,100.0,37.7361,-122.39481,44,O'SHAUGHNESSY
44,0,15880,Phelps Street,Palou Ave & Phelps St,100.0,37.7361,-122.39481,44,O'SHAUGHNESSY
44,0,16394,Alemany Boulevard,Silver Ave & Alemany Blvd,99.479,37.729589,-122.433175,44,O'SHAUGHNESSY
44,0,16394,Silver Avenue,Silver Ave & Alemany Blvd,99.479,37.729589,-122.433175,44,O'SHAUGHNESSY
44,0,16397,Bay Shore Boulevard,Silver Ave & Bay Shore Blvd,100.0,37.733052,-122.404365,44,O'SHAUGHNESSY
44,0,16397,Silver Avenue,Silver Ave & Bay Shore Blvd,100.0,37.733052,-122.404365,44,O'SHAUGHNESSY
44,0,16399,Cambridge Street,Silver Ave & Cambridge St,99.479,37.729015,-122.419167,44,O'SHAUGHNESSY
44,0,16399,Silver Avenue,Silver Ave & Cambridge St,99.479,37.729015,-122.419167,44,O'SHAUGHNESSY
44,0,16402,Congdon Street,Silver Ave & Congdon St,99.479,37.728561,-122.426085,44,O'SHAUGHNESSY
44,0,16402,Silver Avenue,Silver Ave & Congdon St,99.479,37.728561,-122.426085,44,O'SHAUGHNESSY
44,0,16404,Dartmouth Street,Silver Ave & Dartmouth St,99.479,37.729932,-122.412981,44,O'SHAUGHNESSY
44,0,16404,Silver Avenue,Silver Ave & Dartmouth St,99.479,37.729932,-122.412981,44,O'SHAUGHNESSY
44,0,16407,Gambier Street,Silver Ave & Gambier St,99.479,37.728748,-122.422786,44,O'SHAUGHNESSY
44,0,16407,Silver Avenue,Silver Ave & Gambier St,99.479,37.728748,-122.422786,44,O'SHAUGHNESSY
44,0,16408,Holyoke Street,Silver Ave & Holyoke St,99.479,37.730967,-122.410197,44,O'SHAUGHNESSY
44,0,16408,Silver Avenue,Silver Ave & Holyoke St,99.479,37.730967,-122.410197,44,O'SHAUGHNESSY
44,0,16410,Lisbon Street,Silver Ave & Lisbon St,99.479,37.728473,-122.428789,44,O'SHAUGHNESSY
44,0,16410,Silver Avenue,Silver Ave & Lisbon St,99.479,37.728473,-122.428789,44,O'SHAUGHNESSY
44,0,16412,Merrill Street,Silver Ave & Merrill St,99.479,37.731332,-122.408994,44,O'SHAUGHNESSY
44,0,16412,Silver Avenue,Silver Ave & Merrill St,99.479,37.731332,-122.408994,44,O'SHAUGHNESSY
44,0,16415,Mission Street,Silver Ave & Mission St,99.479,37.72866,-122.431217,44,O'SHAUGHNESSY
44,0,16415,Silver Avenue,Silver Ave & Mission St,99.479,37.72866,-122.431217,44,O'SHAUGHNESSY
44,0,16416,Palou Avenue,Silver Ave & Palou Ave,100.0,37.7371,-122.39663,44,O'SHAUGHNESSY
44,0,16416,Silver Avenue,Silver Ave & Palou Ave,100.0,37.7371,-122.39663,44,O'SHAUGHNESSY
44,0,16418,Princeton Street,Silver Ave & Princeton St,99.479,37.728827,-122.416269,44,O'SHAUGHNESSY
44,0,16418,Silver Avenue,Silver Ave & Princeton St,99.479,37.728827,-122.416269,44,O'SHAUGHNESSY
44,0,16419,Revere Avenue,Silver Ave & Revere Ave,100.0,37.736316,-122.398624,44,O'SHAUGHNESSY
44,0,16419,Silver Avenue,Silver Ave & Revere Ave,100.0,37.736316,-122.398624,44,O'SHAUGHNESSY
44,0,16421,San Bruno Avenue,Silver Ave & San Bruno Ave,100.0,37.73241,-122.405672,44,O'SHAUGHNESSY
44,0,16421,Silver Avenue,Silver Ave & San Bruno Ave,100.0,37.73241,-122.405672,44,O'SHAUGHNESSY
44,0,17288,Santa Fe Avenue,Silver Ave & Santa Fe Ave,100.0,37.734773,-122.401592,44,O'SHAUGHNESSY
44,0,17288,Silver Avenue,Silver Ave & Santa Fe Ave,100.0,37.734773,-122.401592,44,O'SHAUGHNESSY
44,0,14772,Tea Garden Dr/Deyoung Museum,Tea Garden Dr/Deyoung Museum,89.138,37.770534,-122.468925,44,O'SHAUGHNESSY
44,0,16983,Progress Street,Whitney Young Cir & Progress St,100.0,37.733248,-122.383082,44,O'SHAUGHNESSY
44,0,16983,Whitney Young Circle,Whitney Young Cir & Progress St,100.0,37.733248,-122.383082,44,O'SHAUGHNESSY
44,0,16933,Balceta Avenue,Woodside Ave & Balceta Ave,89.138,37.746489,-122.456441,44,O'SHAUGHNESSY
44,0,16933,Woodside Avenue,Woodside Ave & Balceta Ave,89.138,37.746489,-122.456441,44,O'SHAUGHNESSY
44,0,16935,Hernandez Avenue,Woodside Ave & Hernandez Ave,89.138,37.746283,-122.455593,44,O'SHAUGHNESSY
44,0,16935,Woodside Avenue,Woodside Ave & Hernandez Ave,89.138,37.746283,-122.455593,44,O'SHAUGHNESSY
44,0,16940,Ulloa Street,Woodside Ave & Ulloa St,89.138,37.745695,-122.454058,44,O'SHAUGHNESSY
44,0,16940,Woodside Avenue,Woodside Ave & Ulloa St,89.138,37.745695,-122.454058,44,O'SHAUGHNESSY
44,1,13189,1697 7th Avenue,1697 7th Ave,90.496,37.756767,-122.46357,44,O'SHAUGHNESSY
44,1,13177,6th Avenue,6th Ave & Balboa St,90.496,37.777146,-122.463918,44,O'SHAUGHNESSY
44,1,13177,Balboa Street,6th Ave & Balboa St,90.496,37.777146,-122.463918,44,O'SHAUGHNESSY
44,1,13180,6th Avenue,6th Ave & Clement St,90.496,37.783053,-122.464377,44,O'SHAUGHNESSY
44,1,13180,Clement Street,6th Ave & Clement St,90.496,37.783053,-122.464377,44,O'SHAUGHNESSY
44,1,13184,6th Avenue,6th Ave & Geary Blvd,90.496,37.780876,-122.464182,44,O'SHAUGHNESSY
44,1,13184,Geary Boulevard,6th Ave & Geary Blvd,90.496,37.780876,-122.464182,44,O'SHAUGHNESSY
44,1,13201,8th Avenue,8th Ave & Fulton St,90.496,37.773639,-122.465808,44,O'SHAUGHNESSY
44,1,13201,Fulton Street,8th Ave & Fulton St,90.496,37.773639,-122.465808,44,O'SHAUGHNESSY
44,1,13211,9th Avenue,9th Ave & Irving St,90.496,37.764288,-122.466241,44,O'SHAUGHNESSY
44,1,13211,Irving Street,9th Ave & Irving St,90.496,37.764288,-122.466241,44,O'SHAUGHNESSY
44,1,13214,9th Avenue,9th Ave & Judah St,90.496,37.762093,-122.46608,44,O'SHAUGHNESSY
44,1,13214,Judah Street,9th Ave & Judah St,90.496,37.762093,-122.46608,44,O'SHAUGHNESSY
44,1,13217,9th Avenue,9th Ave & Kirkham St,90.496,37.760237,-122.465954,44,O'SHAUGHNESSY
44,1,13217,Kirkham Street,9th Ave & Kirkham St,90.496,37.760237,-122.465954,44,O'SHAUGHNESSY
44,1,13220,9th Avenue,9th Ave & Lincoln Way,90.496,37.76585,-122.466345,44,O'SHAUGHNESSY
44,1,13220,Lincoln Way,9th Ave & Lincoln Way,90.496,37.76585,-122.466345,44,O'SHAUGHNESSY
44,1,13695,Bosworth Street,Bosworth St & Diamond St,100.0,37.733595,-122.434011,44,O'SHAUGHNESSY
44,1,13695,Diamond Street,Bosworth St & Diamond St,100.0,37.733595,-122.434011,44,O'SHAUGHNESSY
44,1,13697,Bosworth Street,Bosworth St & Elk St,90.496,37.735005,-122.440093,44,O'SHAUGHNESSY
44,1,13697,Elk Street,Bosworth St & Elk St,90.496,37.735005,-122.440093,44,O'SHAUGHNESSY
44,1,13698,Bosworth Street,Bosworth St & Lippard Ave,90.496,37.733925,-122.435706,44,O'SHAUGHNESSY
44,1,13698,Lippard Avenue,Bosworth St & Lippard Ave,90.496,37.733925,-122.435706,44,O'SHAUGHNESSY
44,1,17539,7th Avenue,Cabrillo St & 7th Ave,90.496,37.775263,-122.465006,44,O'SHAUGHNESSY
44,1,17539,Cabrillo Street,Cabrillo St & 7th Ave,90.496,37.775263,-122.465006,44,O'SHAUGHNESSY
44,1,17844,6th Avenue,California St & 6th Ave,90.496,37.785007,-122.464275,44,O'SHAUGHNESSY
44,1,17844,California Street,California St & 6th Ave,90.496,37.785007,-122.464275,44,O'SHAUGHNESSY
44,1,14771,Acad Of Sciences,Concourse Dr At Acad Of Sciences,90.496,37.770436,-122.466151,44,O'SHAUGHNESSY
44,1,14771,Concourse Drive,Concourse Dr At Acad Of Sciences,90.496,37.770436,-122.466151,44,O'SHAUGHNESSY
44,1,14547,3rd Street,Evans Ave & 3rd St,100.0,37.742628,-122.387862,44,O'SHAUGHNESSY
44,1,14547,Evans Avenue,Evans Ave & 3rd St,100.0,37.742628,-122.387862,44,O'SHAUGHNESSY
44,1,14551,Evans Avenue,Evans Ave & Keith St,100.0,37.738761,-122.381084,44,O'SHAUGHNESSY
44,1,14551,Keith Street,Evans Ave & Keith St,100.0,37.738761,-122.381084,44,O'SHAUGHNESSY
44,1,14553,Evans Avenue,Evans Ave & Mendell St,100.0,37.740699,-122.384507,44,O'SHAUGHNESSY
44,1,14553,Mendell Street,Evans Ave & Mendell St,100.0,37.740699,-122.384507,44,O'SHAUGHNESSY
44,1,14552,Evans Avenue,Evans Ave & Middle Point Rd,100.0,37.737672,-122.379252,44,O'SHAUGHNESSY
44,1,14552,Middle Point Road,Evans Ave & Middle Point Rd,100.0,37.737672,-122.379252,44,O'SHAUGHNESSY
44,1,14564,Evans Ave Opposite Us Post Office,Evans Ave Opposite Us Post Office,100.0,37.739717,-122.382813,44,O'SHAUGHNESSY
44,1,15041,3rd Street,Hudson Ave & 3rd St,100.0,37.740336,-122.388724,44,O'SHAUGHNESSY
44,1,15041,Hudson Avenue,Hudson Ave & 3rd St,100.0,37.740336,-122.388724,44,O'SHAUGHNESSY
44,1,15044,Hudson Avenue,Hudson Ave & Ingalls St,100.0,37.732497,-122.37991,44,O'SHAUGHNESSY
44,1,15044,Ingalls Street,Hudson Ave & Ingalls St,100.0,37.732497,-122.37991,44,O'SHAUGHNESSY
44,1,15050,Hudson Avenue,Hudson Ave & Whitney Young Cir,100.0,37.733319,-122.381845,44,O'SHAUGHNESSY
44,1,15050,Whitney Young Circle,Hudson Ave & Whitney Young Cir,100.0,37.733319,-122.381845,44,O'SHAUGHNESSY
44,1,15107,Harbor Road,Ingalls St & Harbor Rd,100.0,37.73347,-122.380023,44,O'SHAUGHNESSY
44,1,15107,Ingalls Street,Ingalls St & Harbor Rd,100.0,37.73347,-122.380023,44,O'SHAUGHNESSY
44,1,15232,Keith Street,Keith St & Oakdale Ave,100.0,37.732581,-122.386634,44,O'SHAUGHNESSY
44,1,15232,Oakdale Avenue,Keith St & Oakdale Ave,100.0,37.732581,-122.386634,44,O'SHAUGHNESSY
44,1,15243,Clarendon Avenue,Laguna Honda Blvd & Clarendon Ave,90.496,37.750709,-122.460922,44,O'SHAUGHNESSY
44,1,15243,Laguna Honda Boulevard,Laguna Honda Blvd & Clarendon Ave,90.496,37.750709,-122.460922,44,O'SHAUGHNESSY
44,1,15244,Dewey Boulevard,Laguna Honda Blvd & Dewey Blvd,90.496,37.747229,-122.459076,44,O'SHAUGHNESSY
44,1,15244,Laguna Honda Boulevard,Laguna Honda Blvd & Dewey Blvd,90.496,37.747229,-122.459076,44,O'SHAUGHNESSY
44,1,15245,Laguna Honda Blvd/Opp Forest Hill,Laguna Honda Blvd/Opp Forest Hill,90.496,37.748327,-122.458836,44,O'SHAUGHNESSY
44,1,14852,7th Avenue,Lawton St & 7th Ave,90.496,37.758605,-122.464086,44,O'SHAUGHNESSY
44,1,14852,Lawton Street,Lawton St & 7th Ave,90.496,37.758605,-122.464086,44,O'SHAUGHNESSY
44,1,14854,9th Avenue,Lawton St & 9th Ave,90.496,37.758524,-122.465804,44,O'SHAUGHNESSY
44,1,14854,Lawton Street,Lawton St & 9th Ave,90.496,37.758524,-122.465804,44,O'SHAUGHNESSY
44,1,17719,Acacia,Middle Point & Acacia,100.0,37.737074,-122.379516,44,O'SHAUGHNESSY
44,1,17719,Middle Point,Middle Point & Acacia,100.0,37.737074,-122.379516,44,O'SHAUGHNESSY
44,1,15504,Fair Fax Avenue,Middle Point Rd & Fair Fax Ave,100.0,37.73502,-122.37947,44,O'SHAUGHNESSY
44,1,15504,Middle Point Road,Middle Point Rd & Fair Fax Ave,100.0,37.73502,-122.37947,44,O'SHAUGHNESSY
44,1,15500,Innes Avenue,Middle Point Rd & Innes Ave,100.0,37.734174,-122.379541,44,O'SHAUGHNESSY
44,1,15500,Middle Point Road,Middle Point Rd & Innes Ave,100.0,37.734174,-122.379541,44,O'SHAUGHNESSY
44,1,15486,Keith Street,Newcomb Ave & Keith St,100.0,37.733152,-122.38598,44,O'SHAUGHNESSY
44,1,15486,Newcomb Avenue,Newcomb Ave & Keith St,100.0,37.733152,-122.38598,44,O'SHAUGHNESSY
44,1,15489,La Salle Avenue,Newcomb Ave & La Salle Ave,100.0,37.733196,-122.385052,44,O'SHAUGHNESSY
44,1,15489,Newcomb Avenue,Newcomb Ave & La Salle Ave,100.0,37.733196,-122.385052,44,O'SHAUGHNESSY
44,1,15830,Del Vale Avenue,O'Shaughnessy Blvd & Del Vale Ave,90.496,37.741385,-122.446027,44,O'SHAUGHNESSY
44,1,15830,O'Shaughnessy Boulevard,O'Shaughnessy Blvd & Del Vale Ave,90.496,37.741385,-122.446027,44,O'SHAUGHNESSY
44,1,15832,Malta Drive,O'Shaughnessy Blvd & Malta Dr,90.496,37.736611,-122.443301,44,O'SHAUGHNESSY
44,1,15832,O'Shaughnessy Boulevard,O'Shaughnessy Blvd & Malta Dr,90.496,37.736611,-122.443301,44,O'SHAUGHNESSY
44,1,15829,O'Shaughnessy Blvd - Sf School Of The Arts,O'Shaughnessy Blvd - Sf School Of The Arts,90.496,37.744481,-122.450678,44,O'SHAUGHNESSY
44,1,15863,3rd Street,Palou Ave & 3rd St,100.0,37.734019,-122.390825,44,O'SHAUGHNESSY
44,1,15863,Palou Avenue,Palou Ave & 3rd St,100.0,37.734019,-122.390825,44,O'SHAUGHNESSY
44,1,15873,Keith Street,Palou Ave & Keith St,100.0,37.732055,-122.387367,44,O'SHAUGHNESSY
44,1,15873,Palou Avenue,Palou Ave & Keith St,100.0,37.732055,-122.387367,44,O'SHAUGHNESSY
44,1,15875,Lane Street,Palou Ave & Lane St,100.0,37.732921,-122.38889,44,O'SHAUGHNESSY
44,1,15875,Palou Avenue,Palou Ave & Lane St,100.0,37.732921,-122.38889,44,O'SHAUGHNESSY
44,1,15878,Newhall Street,Palou Ave & Newhall St,100.0,37.735028,-122.392657,44,O'SHAUGHNESSY
44,1,15878,Palou Avenue,Palou Ave & Newhall St,100.0,37.735028,-122.392657,44,O'SHAUGHNESSY
44,1,15879,Palou Avenue,Palou Ave & Phelps St,100.0,37.7361,-122.394535,44,O'SHAUGHNESSY
44,1,15879,Phelps Street,Palou Ave & Phelps St,100.0,37.7361,-122.394535,44,O'SHAUGHNESSY
44,1,15881,Palou Avenue,Palou Ave & Quint St,100.0,37.737163,-122.396367,44,O'SHAUGHNESSY
44,1,15881,Quint Street,Palou Ave & Quint St,100.0,37.737163,-122.396367,44,O'SHAUGHNESSY
44,1,16212,Cayuga Avenue,Rousseau St & Cayuga Ave,100.0,37.731399,-122.429647,44,O'SHAUGHNESSY
44,1,16212,Rousseau Street,Rousseau St & Cayuga Ave,100.0,37.731399,-122.429647,44,O'SHAUGHNESSY
44,1,16393,Alemany Boulevard,Silver Ave & Alemany Blvd,100.0,37.729794,-122.433256,44,O'SHAUGHNESSY
44,1,16393,Silver Avenue,Silver Ave & Alemany Blvd,100.0,37.729794,-122.433256,44,O'SHAUGHNESSY
44,1,16395,Augusta Street,Silver Ave & Augusta St,100.0,37.734328,-122.402566,44,O'SHAUGHNESSY
44,1,16395,Silver Avenue,Silver Ave & Augusta St,100.0,37.734328,-122.402566,44,O'SHAUGHNESSY
44,1,16396,Boylston Street,Silver Ave & Boylston St,100.0,37.730913,-122.410839,44,O'SHAUGHNESSY
44,1,16396,Silver Avenue,Silver Ave & Boylston St,100.0,37.730913,-122.410839,44,O'SHAUGHNESSY
44,1,16398,Cambridge Street,Silver Ave & Cambridge St,100.0,37.729131,-122.419396,44,O'SHAUGHNESSY
44,1,16398,Silver Avenue,Silver Ave & Cambridge St,100.0,37.729131,-122.419396,44,O'SHAUGHNESSY
44,1,16400,Charter Oak Avenue,Silver Ave & Charter Oak Ave,100.0,37.733275,-122.404297,44,O'SHAUGHNESSY
44,1,16400,Silver Avenue,Silver Ave & Charter Oak Ave,100.0,37.733275,-122.404297,44,O'SHAUGHNESSY
44,1,16401,Congdon Street,Silver Ave & Congdon St,100.0,37.728713,-122.425868,44,O'SHAUGHNESSY
44,1,16401,Silver Avenue,Silver Ave & Congdon St,100.0,37.728713,-122.425868,44,O'SHAUGHNESSY
44,1,16405,Dartmouth Street,Silver Ave & Dartmouth St,100.0,37.729843,-122.413611,44,O'SHAUGHNESSY
44,1,16405,Silver Avenue,Silver Ave & Dartmouth St,100.0,37.729843,-122.413611,44,O'SHAUGHNESSY
44,1,16406,Gambier Street,Silver Ave & Gambier St,100.0,37.7289,-122.422569,44,O'SHAUGHNESSY
44,1,16406,Silver Avenue,Silver Ave & Gambier St,100.0,37.7289,-122.422569,44,O'SHAUGHNESSY
44,1,17431,Lisbon Street,Silver Ave & Lisbon St,100.0,37.728606,-122.428571,44,O'SHAUGHNESSY
44,1,17431,Silver Avenue,Silver Ave & Lisbon St,100.0,37.728606,-122.428571,44,O'SHAUGHNESSY
44,1,16411,Merrill Street,Silver Ave & Merrill St,100.0,37.7315,-122.40885,44,O'SHAUGHNESSY
44,1,16411,Silver Avenue,Silver Ave & Merrill St,100.0,37.7315,-122.40885,44,O'SHAUGHNESSY
44,1,16414,Mission Street,Silver Ave & Mission St,100.0,37.728776,-122.431114,44,O'SHAUGHNESSY
44,1,16414,Silver Avenue,Silver Ave & Mission St,100.0,37.728776,-122.431114,44,O'SHAUGHNESSY
44,1,16417,Princeton Street,Silver Ave & Princeton St,100.0,37.729014,-122.416109,44,O'SHAUGHNESSY
44,1,16417,Silver Avenue,Silver Ave & Princeton St,100.0,37.729014,-122.416109,44,O'SHAUGHNESSY
44,1,16420,Revere Avenue,Silver Ave & Revere Ave,100.0,37.736361,-122.398888,44,O'SHAUGHNESSY
44,1,16420,Silver Avenue,Silver Ave & Revere Ave,100.0,37.736361,-122.398888,44,O'SHAUGHNESSY
44,1,16422,San Bruno Avenue,Silver Ave & San Bruno Ave,100.0,37.732446,-122.405683,44,O'SHAUGHNESSY
44,1,16422,Silver Avenue,Silver Ave & San Bruno Ave,100.0,37.732446,-122.405683,44,O'SHAUGHNESSY
44,1,16424,Silver Avenue,Silver Ave & Topeka Ave,100.0,37.735273,-122.401065,44,O'SHAUGHNESSY
44,1,16424,Topeka Avenue,Silver Ave & Topeka Ave,100.0,37.735273,-122.401065,44,O'SHAUGHNESSY
44,1,16509,Lyell Street,Still St & Lyell St,100.0,37.731823,-122.431509,44,O'SHAUGHNESSY
44,1,16509,Still Street,Still St & Lyell St,100.0,37.731823,-122.431509,44,O'SHAUGHNESSY
44,1,16982,Progress Street,Whitney Young Cir & Progress St,100.0,37.733337,-122.383322,44,O'SHAUGHNESSY
44,1,16982,Whitney Young Circle,Whitney Young Cir & Progress St,100.0,37.733337,-122.383322,44,O'SHAUGHNESSY
44,1,16934,Hernandez Avenue,Woodside Ave & Hernandez Ave,90.496,37.74638,-122.45535,44,O'SHAUGHNESSY
44,1,16934,Woodside Avenue,Woodside Ave & Hernandez Ave,90.496,37.74638,-122.45535,44,O'SHAUGHNESSY
44,1,16937,Portola Drive,Woodside Ave & Portola Dr,90.496,37.745766,-122.452431,44,O'SHAUGHNESSY
44,1,16937,Woodside Avenue,Woodside Ave & Portola Dr,90.496,37.745766,-122.452431,44,O'SHAUGHNESSY
44,1,16939,Ulloa Street,Woodside Ave & Ulloa St,90.496,37.745766,-122.453829,44,O'SHAUGHNESSY
44,1,16939,Woodside Avenue,Woodside Ave & Ulloa St,90.496,37.745766,-122.453829,44,O'SHAUGHNESSY
45,0,13114,3rd Street,3rd St & Brannan St,89.466,37.779285,-122.393185,45,UNION-STOCKTON
45,0,13114,Brannan Street,3rd St & Brannan St,89.466,37.779285,-122.393185,45,UNION-STOCKTON
45,0,13144,3rd Street,3rd St & Bryant St,89.466,37.781651,-122.396198,45,UNION-STOCKTON
45,0,13144,Bryant Street,3rd St & Bryant St,89.466,37.781651,-122.396198,45,UNION-STOCKTON
45,0,13124,3rd Street,3rd St & Folsom St,89.466,37.784204,-122.399326,45,UNION-STOCKTON
45,0,13124,Folsom Street,3rd St & Folsom St,89.466,37.784204,-122.399326,45,UNION-STOCKTON
45,0,13136,3rd Street,3rd St & Mission St,89.466,37.786373,-122.40211,45,UNION-STOCKTON
45,0,13136,Mission Street,3rd St & Mission St,89.466,37.786373,-122.40211,45,UNION-STOCKTON
45,0,13024,Baker Street,Baker St & Greenwich St,97.302,37.797606,-122.445693,45,UNION-STOCKTON
45,0,13024,Greenwich Street,Baker St & Greenwich St,97.302,37.797606,-122.445693,45,UNION-STOCKTON
45,0,14821,Geary Boulevard,Kearny St & Geary St,89.466,37.788051,-122.403461,45,UNION-STOCKTON
45,0,14821,Kearny Street,Kearny St & Geary St,89.466,37.788051,-122.403461,45,UNION-STOCKTON
45,0,15331,Greenwich Street,Lyon St & Greenwich St,97.302,37.797428,-122.447206,45,UNION-STOCKTON
45,0,15331,Lyon Street,Lyon St & Greenwich St,97.302,37.797428,-122.447206,45,UNION-STOCKTON
45,0,16511,Clay Street,Stockton St & Clay St,86.768,37.79381,-122.40779,45,UNION-STOCKTON
45,0,16511,Stockton Street,Stockton St & Clay St,86.768,37.79381,-122.40779,45,UNION-STOCKTON
45,0,16512,Columbus Avenue,Stockton St & Columbus Ave,86.768,37.79913,-122.40887,45,UNION-STOCKTON
45,0,16512,Stockton Street,Stockton St & Columbus Ave,86.768,37.79913,-122.40887,45,UNION-STOCKTON
45,0,16520,Pacific Avenue,Stockton St & Pacific Ave,86.768,37.796306,-122.408295,45,UNION-STOCKTON
45,0,16520,Stockton Street,Stockton St & Pacific Ave,86.768,37.796306,-122.408295,45,UNION-STOCKTON
45,0,16523,Stockton Street,Stockton St & Sutter St,86.768,37.79013,-122.40705,45,UNION-STOCKTON
45,0,16523,Sutter Street,Stockton St & Sutter St,86.768,37.79013,-122.40705,45,UNION-STOCKTON
45,0,18116,Stockton Street,Stockton St & Washington St,86.768,37.79486,-122.408009,45,UNION-STOCKTON
45,0,18116,Washington Street,Stockton St & Washington St,86.768,37.79486,-122.408009,45,UNION-STOCKTON
45,0,16596,Kearny Street,Sutter St & Kearny St,89.466,37.789818,-122.404378,45,UNION-STOCKTON
45,0,16596,Sutter Street,Sutter St & Kearny St,89.466,37.789818,-122.404378,45,UNION-STOCKTON
45,0,18110,Lusk Street,Townsend St & Lusk St,89.466,37.778,-122.393748,45,UNION-STOCKTON
45,0,18110,Townsend Street,Townsend St & Lusk St,89.466,37.778,-122.393748,45,UNION-STOCKTON
45,0,16745,Baker Street,Union St & Baker St,97.302,37.795902,-122.445314,45,UNION-STOCKTON
45,0,16745,Union Street,Union St & Baker St,97.302,37.795902,-122.445314,45,UNION-STOCKTON
45,0,17056,Buchanan Street,Union St & Buchanan St,86.768,37.797578,-122.432107,45,UNION-STOCKTON
45,0,17056,Union Street,Union St & Buchanan St,86.768,37.797578,-122.432107,45,UNION-STOCKTON
45,0,16750,Columbus Avenue,Union St & Columbus Ave,86.768,37.800411,-122.410081,45,UNION-STOCKTON
45,0,16750,Union Street,Union St & Columbus Ave,86.768,37.800411,-122.410081,45,UNION-STOCKTON
45,0,16752,Divisadero Street,Union St & Divisadero St,97.302,37.796321,-122.44199,45,UNION-STOCKTON
45,0,16752,Union Street,Union St & Divisadero St,97.302,37.796321,-122.44199,45,UNION-STOCKTON
45,0,16754,Fillmore Street,Union St & Fillmore St,86.768,37.797124,-122.435661,45,UNION-STOCKTON
45,0,16754,Union Street,Union St & Fillmore St,86.768,37.797124,-122.435661,45,UNION-STOCKTON
45,0,16756,Gough Street,Union St & Gough St,86.768,37.798211,-122.427177,45,UNION-STOCKTON
45,0,16756,Union Street,Union St & Gough St,86.768,37.798211,-122.427177,45,UNION-STOCKTON
45,0,16760,Hyde Street,Union St & Hyde St,86.768,37.799271,-122.418956,45,UNION-STOCKTON
45,0,16760,Union Street,Union St & Hyde St,86.768,37.799271,-122.418956,45,UNION-STOCKTON
45,0,16762,Jones Street,Union St & Jones St,86.768,37.79969,-122.415665,45,UNION-STOCKTON
45,0,16762,Union Street,Union St & Jones St,86.768,37.79969,-122.415665,45,UNION-STOCKTON
45,0,16770,Laguna Street,Union St & Laguna St,86.768,37.797792,-122.430456,45,UNION-STOCKTON
45,0,16770,Union Street,Union St & Laguna St,86.768,37.797792,-122.430456,45,UNION-STOCKTON
45,0,16766,Larkin Street,Union St & Larkin St,86.768,37.799066,-122.420607,45,UNION-STOCKTON
45,0,16766,Union Street,Union St & Larkin St,86.768,37.799066,-122.420607,45,UNION-STOCKTON
45,0,16768,Leavenworth Street,Union St & Leavenworth St,86.768,37.799449,-122.417545,45,UNION-STOCKTON
45,0,16768,Union Street,Union St & Leavenworth St,86.768,37.799449,-122.417545,45,UNION-STOCKTON
45,0,16773,Mason Street,Union St & Mason St,86.768,37.800108,-122.412374,45,UNION-STOCKTON
45,0,16773,Union Street,Union St & Mason St,86.768,37.800108,-122.412374,45,UNION-STOCKTON
45,0,16777,Pierce Street,Union St & Pierce St,97.302,37.79674,-122.438688,45,UNION-STOCKTON
45,0,16777,Union Street,Union St & Pierce St,97.302,37.79674,-122.438688,45,UNION-STOCKTON
45,0,16779,Polk Street,Union St & Polk St,86.768,37.798799,-122.422499,45,UNION-STOCKTON
45,0,16779,Union Street,Union St & Polk St,86.768,37.798799,-122.422499,45,UNION-STOCKTON
45,0,16783,Taylor Street,Union St & Taylor St,86.768,37.799895,-122.414025,45,UNION-STOCKTON
45,0,16783,Union Street,Union St & Taylor St,86.768,37.799895,-122.414025,45,UNION-STOCKTON
45,0,16786,Union Street,Union St & Van Ness Ave,86.768,37.798585,-122.424241,45,UNION-STOCKTON
45,0,16786,Van Ness Avenue,Union St & Van Ness Ave,86.768,37.798585,-122.424241,45,UNION-STOCKTON
45,1,13158,4th Street,4th St & Folsom St,91.947,37.782081,-122.401333,45,UNION-STOCKTON
45,1,13158,Folsom Street,4th St & Folsom St,91.947,37.782081,-122.401333,45,UNION-STOCKTON
45,1,13161,4th Street,4th St & Market St,91.947,37.785411,-122.405531,45,UNION-STOCKTON
45,1,13161,Market Street,4th St & Market St,91.947,37.785411,-122.405531,45,UNION-STOCKTON
45,1,13160,4th Street,4th St & Mission St,91.947,37.784259,-122.404117,45,UNION-STOCKTON
45,1,13160,Mission Street,4th St & Mission St,91.947,37.784259,-122.404117,45,UNION-STOCKTON
45,1,17622,5th Street,5th St & Brannan St,91.947,37.776244,-122.398524,45,UNION-STOCKTON
45,1,17622,Brannan Street,5th St & Brannan St,91.947,37.776244,-122.398524,45,UNION-STOCKTON
45,1,14968,4th Street,Harrison St & 4th St,91.947,37.780671,-122.399913,45,UNION-STOCKTON
45,1,14968,Harrison Street,Harrison St & 4th St,91.947,37.780671,-122.399913,45,UNION-STOCKTON
45,1,15331,Greenwich Street,Lyon St & Greenwich St,100.0,37.797428,-122.447206,45,UNION-STOCKTON
45,1,15331,Lyon Street,Lyon St & Greenwich St,100.0,37.797428,-122.447206,45,UNION-STOCKTON
45,1,18012,Lyon Street,Lyon St & Union St,100.0,37.795724,-122.446965,45,UNION-STOCKTON
45,1,18012,Union Street,Lyon St & Union St,100.0,37.795724,-122.446965,45,UNION-STOCKTON
45,1,16513,Columbus Avenue,Stockton St & Columbus Ave,91.947,37.799277,-122.40905,45,UNION-STOCKTON
45,1,16513,Stockton Street,Stockton St & Columbus Ave,91.947,37.799277,-122.40905,45,UNION-STOCKTON
45,1,16516,Geary Boulevard,Stockton St & Geary St,91.947,37.787704,-122.406729,45,UNION-STOCKTON
45,1,16516,Stockton Street,Stockton St & Geary St,91.947,37.787704,-122.406729,45,UNION-STOCKTON
45,1,16521,Pacific Avenue,Stockton St & Pacific Ave,91.947,37.79716,-122.40862,45,UNION-STOCKTON
45,1,16521,Stockton Street,Stockton St & Pacific Ave,91.947,37.79716,-122.40862,45,UNION-STOCKTON
45,1,16522,Sacramento Street,Stockton St & Sacramento St,91.947,37.79348,-122.40788,45,UNION-STOCKTON
45,1,16522,Stockton Street,Stockton St & Sacramento St,91.947,37.79348,-122.40788,45,UNION-STOCKTON
45,1,16524,Stockton Street,Stockton St & Sutter St,91.947,37.78997,-122.40716,45,UNION-STOCKTON
45,1,16524,Sutter Street,Stockton St & Sutter St,91.947,37.78997,-122.40716,45,UNION-STOCKTON
45,1,16526,Stockton Street,Stockton St & Washington St,91.947,37.794707,-122.408118,45,UNION-STOCKTON
45,1,16526,Washington Street,Stockton St & Washington St,91.947,37.794707,-122.408118,45,UNION-STOCKTON
45,1,16695,4th Street,Townsend St & 4th St,91.947,37.776582,-122.395491,45,UNION-STOCKTON
45,1,16695,Townsend Street,Townsend St & 4th St,91.947,37.776582,-122.395491,45,UNION-STOCKTON
45,1,18110,Lusk Street,Townsend St & Lusk St,91.947,37.778,-122.393748,45,UNION-STOCKTON
45,1,18110,Townsend Street,Townsend St & Lusk St,91.947,37.778,-122.393748,45,UNION-STOCKTON
45,1,16746,Baker Street,Union St & Baker St,100.0,37.79575,-122.445509,45,UNION-STOCKTON
45,1,16746,Union Street,Union St & Baker St,100.0,37.79575,-122.445509,45,UNION-STOCKTON
45,1,16748,Buchanan Street,Union St & Buchanan St,91.947,37.797427,-122.432302,45,UNION-STOCKTON
45,1,16748,Union Street,Union St & Buchanan St,91.947,37.797427,-122.432302,45,UNION-STOCKTON
45,1,16751,Columbus Avenue,Union St & Columbus Ave,91.947,37.800277,-122.41031,45,UNION-STOCKTON
45,1,16751,Union Street,Union St & Columbus Ave,91.947,37.800277,-122.41031,45,UNION-STOCKTON
45,1,16753,Divisadero Street,Union St & Divisadero St,100.0,37.79617,-122.442184,45,UNION-STOCKTON
45,1,16753,Union Street,Union St & Divisadero St,100.0,37.79617,-122.442184,45,UNION-STOCKTON
45,1,16755,Fillmore Street,Union St & Fillmore St,91.947,37.797043,-122.435328,45,UNION-STOCKTON
45,1,16755,Union Street,Union St & Fillmore St,91.947,37.797043,-122.435328,45,UNION-STOCKTON
45,1,16757,Gough Street,Union St & Gough St,91.947,37.79806,-122.427371,45,UNION-STOCKTON
45,1,16757,Union Street,Union St & Gough St,91.947,37.79806,-122.427371,45,UNION-STOCKTON
45,1,16761,Hyde Street,Union St & Hyde St,91.947,37.79912,-122.419151,45,UNION-STOCKTON
45,1,16761,Union Street,Union St & Hyde St,91.947,37.79912,-122.419151,45,UNION-STOCKTON
45,1,16763,Jones Street,Union St & Jones St,91.947,37.799538,-122.41586,45,UNION-STOCKTON
45,1,16763,Union Street,Union St & Jones St,91.947,37.799538,-122.41586,45,UNION-STOCKTON
45,1,16771,Laguna Street,Union St & Laguna St,91.947,37.797641,-122.430651,45,UNION-STOCKTON
45,1,16771,Union Street,Union St & Laguna St,91.947,37.797641,-122.430651,45,UNION-STOCKTON
45,1,16767,Larkin Street,Union St & Larkin St,91.947,37.79895,-122.420527,45,UNION-STOCKTON
45,1,16767,Union Street,Union St & Larkin St,91.947,37.79895,-122.420527,45,UNION-STOCKTON
45,1,16769,Leavenworth Street,Union St & Leavenworth St,91.947,37.799324,-122.417511,45,UNION-STOCKTON
45,1,16769,Union Street,Union St & Leavenworth St,91.947,37.799324,-122.417511,45,UNION-STOCKTON
45,1,16774,Mason Street,Union St & Mason St,91.947,37.799957,-122.412569,45,UNION-STOCKTON
45,1,16774,Union Street,Union St & Mason St,91.947,37.799957,-122.412569,45,UNION-STOCKTON
45,1,16778,Pierce Street,Union St & Pierce St,100.0,37.796589,-122.438883,45,UNION-STOCKTON
45,1,16778,Union Street,Union St & Pierce St,100.0,37.796589,-122.438883,45,UNION-STOCKTON
45,1,16780,Polk Street,Union St & Polk St,91.947,37.798683,-122.42243,45,UNION-STOCKTON
45,1,16780,Union Street,Union St & Polk St,91.947,37.798683,-122.42243,45,UNION-STOCKTON
45,1,16785,Taylor Street,Union St & Taylor St,91.947,37.799743,-122.41422,45,UNION-STOCKTON
45,1,16785,Union Street,Union St & Taylor St,91.947,37.799743,-122.41422,45,UNION-STOCKTON
45,1,16787,Union Street,Union St & Van Ness Ave,91.947,37.798469,-122.42415,45,UNION-STOCKTON
45,1,16787,Van Ness Avenue,Union St & Van Ness Ave,91.947,37.798469,-122.42415,45,UNION-STOCKTON
48,0,13248,14th Avenue,14th Ave & Santiago St,88.194,37.74503,-122.4703,48,QUINTARA-24TH STREET
48,0,13248,Santiago Street,14th Ave & Santiago St,88.194,37.74503,-122.4703,48,QUINTARA-24TH STREET
48,0,13250,14th Avenue,14th Ave & Taraval St,88.194,37.74317,-122.47017,48,QUINTARA-24TH STREET
48,0,13250,Taraval Street,14th Ave & Taraval St,88.194,37.74317,-122.47017,48,QUINTARA-24TH STREET
48,0,13251,14th Avenue,14th Ave & Ulloa St,88.194,37.7416,-122.47004,48,QUINTARA-24TH STREET
48,0,13251,Ulloa Street,14th Ave & Ulloa St,88.194,37.7416,-122.47004,48,QUINTARA-24TH STREET
48,0,17572,17th Avenue,17th Ave & Quintara St,88.194,37.748592,-122.473834,48,QUINTARA-24TH STREET
48,0,17572,Quintara Street,17th Ave & Quintara St,88.194,37.748592,-122.473834,48,QUINTARA-24TH STREET
48,0,13305,17th Avenue,17th Ave & Rivera St,88.194,37.746745,-122.473707,48,QUINTARA-24TH STREET
48,0,13305,Rivera Street,17th Ave & Rivera St,88.194,37.746745,-122.473707,48,QUINTARA-24TH STREET
48,0,13435,22nd Street,22nd St & Iowa St,98.277,37.757754,-122.392273,48,QUINTARA-24TH STREET
48,0,13435,Iowa Street,22nd St & Iowa St,98.277,37.757754,-122.392273,48,QUINTARA-24TH STREET
48,0,13453,23rd Street,23rd St & Utah St,98.277,37.75442,-122.40494,48,QUINTARA-24TH STREET
48,0,13453,Utah Street,23rd St & Utah St,98.277,37.75442,-122.40494,48,QUINTARA-24TH STREET
48,0,13458,24th Street,24th St & Bryant St,98.277,37.752853,-122.409281,48,QUINTARA-24TH STREET
48,0,13458,Bryant Street,24th St & Bryant St,98.277,37.752853,-122.409281,48,QUINTARA-24TH STREET
48,0,13462,24th Street,24th St & Castro St,11.806,37.75136,-122.434248,48,QUINTARA-24TH STREET
48,0,13462,Castro Street,24th St & Castro St,11.806,37.75136,-122.434248,48,QUINTARA-24TH STREET
48,0,13460,24th Street,24th St & Church St,98.277,37.751778,-122.427327,48,QUINTARA-24TH STREET
48,0,13460,Church Street,24th St & Church St,98.277,37.751778,-122.427327,48,QUINTARA-24TH STREET
48,0,13466,24th Street,24th St & Dolores St,98.277,37.751903,-122.425311,48,QUINTARA-24TH STREET
48,0,13466,Dolores Street,24th St & Dolores St,98.277,37.751903,-122.425311,48,QUINTARA-24TH STREET
48,0,13469,24th Street,24th St & Folsom St,98.277,37.75256,-122.414242,48,QUINTARA-24TH STREET
48,0,13469,Folsom Street,24th St & Folsom St,98.277,37.75256,-122.414242,48,QUINTARA-24TH STREET
48,0,13471,24th Street,24th St & Guerrero St,98.277,37.752045,-122.422767,48,QUINTARA-24TH STREET
48,0,13471,Guerrero Street,24th St & Guerrero St,98.277,37.752045,-122.422767,48,QUINTARA-24TH STREET
48,0,13473,24th Street,24th St & Harrison St,98.277,37.752694,-122.412054,48,QUINTARA-24TH STREET
48,0,13473,Harrison Street,24th St & Harrison St,98.277,37.752694,-122.412054,48,QUINTARA-24TH STREET
48,0,13476,24th Street,24th St & Mission St,98.277,37.752321,-122.418333,48,QUINTARA-24TH STREET
48,0,13476,Mission Street,24th St & Mission St,98.277,37.752321,-122.418333,48,QUINTARA-24TH STREET
48,0,13478,24th Street,24th St & Noe St,98.277,37.751511,-122.431773,48,QUINTARA-24TH STREET
48,0,13478,Noe Street,24th St & Noe St,98.277,37.751511,-122.431773,48,QUINTARA-24TH STREET
48,0,13480,24th Street,24th St & Potrero Ave,98.277,37.75299,-122.40669,48,QUINTARA-24TH STREET
48,0,13480,Potrero Avenue,24th St & Potrero Ave,98.277,37.75299,-122.40669,48,QUINTARA-24TH STREET
48,0,13481,24th Street,24th St & Sanchez St,98.277,37.751645,-122.42955,48,QUINTARA-24TH STREET
48,0,13481,Sanchez Street,24th St & Sanchez St,98.277,37.751645,-122.42955,48,QUINTARA-24TH STREET
48,0,13483,24th Street,24th St & South Van Ness Ave,98.277,37.752445,-122.416156,48,QUINTARA-24TH STREET
48,0,13483,Van Ness Avenue,24th St & South Van Ness Ave,98.277,37.752445,-122.416156,48,QUINTARA-24TH STREET
48,0,13485,24th Street,24th St & Valencia St,98.277,37.752178,-122.420556,48,QUINTARA-24TH STREET
48,0,13485,Valencia Street,24th St & Valencia St,98.277,37.752178,-122.420556,48,QUINTARA-24TH STREET
48,0,13504,25th Street,25th St & Connecticut St,98.277,37.75236,-122.39634,48,QUINTARA-24TH STREET
48,0,13504,Connecticut Street,25th St & Connecticut St,98.277,37.75236,-122.39634,48,QUINTARA-24TH STREET
48,0,13507,25th Street,25th St & Dakota St,98.277,37.7525,-122.394832,48,QUINTARA-24TH STREET
48,0,13507,Dakota Street,25th St & Dakota St,98.277,37.7525,-122.394832,48,QUINTARA-24TH STREET
48,0,13512,25th Street,25th St & Wisconsin St,98.277,37.75224,-122.39831,48,QUINTARA-24TH STREET
48,0,13512,Wisconsin Street,25th St & Wisconsin St,98.277,37.75224,-122.39831,48,QUINTARA-24TH STREET
48,0,13516,26th Street,26th St & De Haro St,98.277,37.75086,-122.40015,48,QUINTARA-24TH STREET
48,0,13516,De Haro Street,26th St & De Haro St,98.277,37.75086,-122.40015,48,QUINTARA-24TH STREET
48,0,13522,26th Street,26th St & Rhode Island St,98.277,37.750718,-122.401124,48,QUINTARA-24TH STREET
48,0,13522,Rhode Island Street,26th St & Rhode Island St,98.277,37.750718,-122.401124,48,QUINTARA-24TH STREET
48,0,13524,26th Street,26th St & Wisconsin St,98.277,37.75111,-122.39866,48,QUINTARA-24TH STREET
48,0,13524,Wisconsin Street,26th St & Wisconsin St,98.277,37.75111,-122.39866,48,QUINTARA-24TH STREET
48,0,13563,39th Avenue,39th Ave & Quintara St,86.471,37.747621,-122.497424,48,QUINTARA-24TH STREET
48,0,13563,Quintara Street,39th Ave & Quintara St,86.471,37.747621,-122.497424,48,QUINTARA-24TH STREET
48,0,13564,39th Avenue,39th Ave & Rivera St,86.471,37.745962,-122.497308,48,QUINTARA-24TH STREET
48,0,13564,Rivera Street,39th Ave & Rivera St,86.471,37.745962,-122.497308,48,QUINTARA-24TH STREET
48,0,14327,24th Street,Castro St & 24th St,86.471,37.751315,-122.43411,48,QUINTARA-24TH STREET
48,0,14327,Castro Street,Castro St & 24th St,86.471,37.751315,-122.43411,48,QUINTARA-24TH STREET
48,0,14328,25th Street,Castro St & 25th St,86.471,37.74981,-122.43404,48,QUINTARA-24TH STREET
48,0,14328,Castro Street,Castro St & 25th St,86.471,37.74981,-122.43404,48,QUINTARA-24TH STREET
48,0,14071,Clipper Street,Clipper St & Diamond Heights Blvd,86.471,37.74689,-122.44396,48,QUINTARA-24TH STREET
48,0,14071,Diamond Heights Boulevard,Clipper St & Diamond Heights Blvd,86.471,37.74689,-122.44396,48,QUINTARA-24TH STREET
48,0,17921,Clipper Street,Clipper St & Diamond St,86.471,37.748827,-122.435926,48,QUINTARA-24TH STREET
48,0,17921,Diamond Street,Clipper St & Diamond St,86.471,37.748827,-122.435926,48,QUINTARA-24TH STREET
48,0,18034,Clipper Street,Clipper St & Douglass St,86.471,37.748728,-122.43843,48,QUINTARA-24TH STREET
48,0,18034,Douglass Street,Clipper St & Douglass St,86.471,37.748728,-122.43843,48,QUINTARA-24TH STREET
48,0,18067,Clipper Street,Clipper St & Grand View Ave,86.471,37.748291,-122.442452,48,QUINTARA-24TH STREET
48,0,18067,Grand View Avenue,Clipper St & Grand View Ave,86.471,37.748291,-122.442452,48,QUINTARA-24TH STREET
48,0,15227,23rd Street,Kansas St & 23rd St,98.277,37.75443,-122.402485,48,QUINTARA-24TH STREET
48,0,15227,Kansas Street,Kansas St & 23rd St,98.277,37.75443,-122.402485,48,QUINTARA-24TH STREET
48,0,15228,25th Street,Kansas St & 25th St,98.277,37.751887,-122.402223,48,QUINTARA-24TH STREET
48,0,15228,Kansas Street,Kansas St & 25th St,98.277,37.751887,-122.402223,48,QUINTARA-24TH STREET
48,0,15229,26th Street,Kansas St & 26th St,98.277,37.750834,-122.402121,48,QUINTARA-24TH STREET
48,0,15229,Kansas Street,Kansas St & 26th St,98.277,37.750834,-122.402121,48,QUINTARA-24TH STREET
48,0,14781,Lower Great Highway,Lower Great Hwy & Rivera St,86.471,37.74544,-122.50755,48,QUINTARA-24TH STREET
48,0,14781,Rivera Street,Lower Great Hwy & Rivera St,86.471,37.74544,-122.50755,48,QUINTARA-24TH STREET
48,0,17523,23rd Street,Pennsylvania Avenue & 23rd Street,98.277,37.755158,-122.393008,48,QUINTARA-24TH STREET
48,0,17523,Pennsylvania Avenue,Pennsylvania Avenue & 23rd Street,98.277,37.755158,-122.393008,48,QUINTARA-24TH STREET
48,0,17524,25th Street,Pennsylvania Avenue & 25th Street,98.277,37.752624,-122.392758,48,QUINTARA-24TH STREET
48,0,17524,Pennsylvania Avenue,Pennsylvania Avenue & 25th Street,98.277,37.752624,-122.392758,48,QUINTARA-24TH STREET
48,0,17151,Claremont Avenue,Portola Ave & Claremont Ave,86.471,37.73985,-122.46504,48,QUINTARA-24TH STREET
48,0,17151,Portola Avenue,Portola Ave & Claremont Ave,86.471,37.73985,-122.46504,48,QUINTARA-24TH STREET
48,0,16014,Dorchester Way,Portola Dr & Dorchester Way,86.471,37.7401,-122.46344,48,QUINTARA-24TH STREET
48,0,16014,Portola Drive,Portola Dr & Dorchester Way,86.471,37.7401,-122.46344,48,QUINTARA-24TH STREET
48,0,16015,Glenview Drive,Portola Dr & Glenview Dr,86.471,37.746462,-122.447917,48,QUINTARA-24TH STREET
48,0,16015,Portola Drive,Portola Dr & Glenview Dr,86.471,37.746462,-122.447917,48,QUINTARA-24TH STREET
48,0,16113,Laguna Honda Boulevard,Portola Dr & Laguna Honda Blvd,86.471,37.743098,-122.455261,48,QUINTARA-24TH STREET
48,0,16113,Portola Drive,Portola Dr & Laguna Honda Blvd,86.471,37.743098,-122.455261,48,QUINTARA-24TH STREET
48,0,16116,Portola Drive,Portola Dr & San Pablo Ave,86.471,37.7404,-122.46107,48,QUINTARA-24TH STREET
48,0,16116,San Pablo Avenue,Portola Dr & San Pablo Ave,86.471,37.7404,-122.46107,48,QUINTARA-24TH STREET
48,0,16122,Portola Drive,Portola Dr & Waithman Way,86.471,37.741626,-122.456521,48,QUINTARA-24TH STREET
48,0,16122,Waithman Way,Portola Dr & Waithman Way,86.471,37.741626,-122.456521,48,QUINTARA-24TH STREET
48,0,16123,Portola Drive,Portola Dr & Woodside Ave,86.471,37.74533,-122.45238,48,QUINTARA-24TH STREET
48,0,16123,Woodside Avenue,Portola Dr & Woodside Ave,86.471,37.74533,-122.45238,48,QUINTARA-24TH STREET
48,0,16140,19th Avenue,Quintara St & 19th Ave,88.194,37.74871,-122.47584,48,QUINTARA-24TH STREET
48,0,16140,Quintara Street,Quintara St & 19th Ave,88.194,37.74871,-122.47584,48,QUINTARA-24TH STREET
48,0,16142,22nd Avenue,Quintara St & 22nd Ave,88.194,37.74855,-122.47917,48,QUINTARA-24TH STREET
48,0,16142,Quintara Street,Quintara St & 22nd Ave,88.194,37.74855,-122.47917,48,QUINTARA-24TH STREET
48,0,16144,24th Avenue,Quintara St & 24th Ave,88.194,37.74846,-122.48131,48,QUINTARA-24TH STREET
48,0,16144,Quintara Street,Quintara St & 24th Ave,88.194,37.74846,-122.48131,48,QUINTARA-24TH STREET
48,0,16146,26th Avenue,Quintara St & 26th Ave,88.194,37.74838,-122.48345,48,QUINTARA-24TH STREET
48,0,16146,Quintara Street,Quintara St & 26th Ave,88.194,37.74838,-122.48345,48,QUINTARA-24TH STREET
48,0,16148,27th Avenue,Quintara St & 27th Ave,88.194,37.74832,-122.48458,48,QUINTARA-24TH STREET
48,0,16148,Quintara Street,Quintara St & 27th Ave,88.194,37.74832,-122.48458,48,QUINTARA-24TH STREET
48,0,16150,28th Avenue,Quintara St & 28th Ave,88.194,37.74827,-122.4856,48,QUINTARA-24TH STREET
48,0,16150,Quintara Street,Quintara St & 28th Ave,88.194,37.74827,-122.4856,48,QUINTARA-24TH STREET
48,0,16152,29th Avenue,Quintara St & 29th Ave,88.194,37.74822,-122.48666,48,QUINTARA-24TH STREET
48,0,16152,Quintara Street,Quintara St & 29th Ave,88.194,37.74822,-122.48666,48,QUINTARA-24TH STREET
48,0,16154,31st Avenue,Quintara St & 31st Ave,88.194,37.74814,-122.48881,48,QUINTARA-24TH STREET
48,0,16154,Quintara Street,Quintara St & 31st Ave,88.194,37.74814,-122.48881,48,QUINTARA-24TH STREET
48,0,16156,33rd Avenue,Quintara St & 33rd Ave,88.194,37.74805,-122.49095,48,QUINTARA-24TH STREET
48,0,16156,Quintara Street,Quintara St & 33rd Ave,88.194,37.74805,-122.49095,48,QUINTARA-24TH STREET
48,0,16158,35th Avenue,Quintara St & 35th Ave,88.194,37.74796,-122.4931,48,QUINTARA-24TH STREET
48,0,16158,Quintara Street,Quintara St & 35th Ave,88.194,37.74796,-122.4931,48,QUINTARA-24TH STREET
48,0,16162,41st Avenue,Quintara St & 41st Ave,86.471,37.74768,-122.49952,48,QUINTARA-24TH STREET
48,0,16162,Quintara Street,Quintara St & 41st Ave,86.471,37.74768,-122.49952,48,QUINTARA-24TH STREET
48,0,16166,46th Avenue,Quintara St & 46th Ave,86.471,37.74743,-122.50487,48,QUINTARA-24TH STREET
48,0,16166,Quintara Street,Quintara St & 46th Ave,86.471,37.74743,-122.50487,48,QUINTARA-24TH STREET
48,0,16167,48th Avenue,Quintara St & 48th Ave,86.471,37.74734,-122.507,48,QUINTARA-24TH STREET
48,0,16167,Quintara Street,Quintara St & 48th Ave,86.471,37.74734,-122.507,48,QUINTARA-24TH STREET
48,0,17885,43rd Avenue,Quintra St & 43rd Ave,86.471,37.747584,-122.501583,48,QUINTARA-24TH STREET
48,0,17885,Quintra Street,Quintra St & 43rd Ave,86.471,37.747584,-122.501583,48,QUINTARA-24TH STREET
48,0,16468,17th Avenue,Santiago St & 17th Ave,88.194,37.74507,-122.4735,48,QUINTARA-24TH STREET
48,0,16468,Santiago Street,Santiago St & 17th Ave,88.194,37.74507,-122.4735,48,QUINTARA-24TH STREET
48,0,16548,Quintara Street,Sunset Blvd & Quintara St,88.194,37.747711,-122.494949,48,QUINTARA-24TH STREET
48,0,16548,Sunset Boulevard,Sunset Blvd & Quintara St,88.194,37.747711,-122.494949,48,QUINTARA-24TH STREET
48,0,16549,Rivera Street,Sunset Blvd & Rivera St,86.471,37.74607,-122.494822,48,QUINTARA-24TH STREET
48,0,16549,Sunset Boulevard,Sunset Blvd & Rivera St,86.471,37.74607,-122.494822,48,QUINTARA-24TH STREET
48,0,16736,Forest Side Avenue,Ulloa St & Forest Side Ave,88.194,37.741535,-122.46847,48,QUINTARA-24TH STREET
48,0,16736,Ulloa Street,Ulloa St & Forest Side Ave,88.194,37.741535,-122.46847,48,QUINTARA-24TH STREET
48,0,16738,Lenox Way,Ulloa St & Lenox Way,88.194,37.741125,-122.466155,48,QUINTARA-24TH STREET
48,0,16738,Ulloa Street,Ulloa St & Lenox Way,88.194,37.741125,-122.466155,48,QUINTARA-24TH STREET
48,1,13249,14th Avenue,14th Ave & Taraval St,88.393,37.7434,-122.4703,48,QUINTARA-24TH STREET
48,1,13249,Taraval Street,14th Ave & Taraval St,88.393,37.7434,-122.4703,48,QUINTARA-24TH STREET
48,1,13252,14th Avenue,14th Ave & Ulloa St,88.393,37.74153,-122.47018,48,QUINTARA-24TH STREET
48,1,13252,Ulloa Street,14th Ave & Ulloa St,88.393,37.74153,-122.47018,48,QUINTARA-24TH STREET
48,1,13304,17th Avenue,17th Ave & Rivera St,88.054,37.74698,-122.47391,48,QUINTARA-24TH STREET
48,1,13304,Rivera Street,17th Ave & Rivera St,88.054,37.74698,-122.47391,48,QUINTARA-24TH STREET
48,1,13306,17th Avenue,17th Ave & Santiago St,88.054,37.74511,-122.47374,48,QUINTARA-24TH STREET
48,1,13306,Santiago Street,17th Ave & Santiago St,88.054,37.74511,-122.47374,48,QUINTARA-24TH STREET
48,1,18133,22nd Street,22nd St & Illinois St,100.0,37.757959,-122.387524,48,QUINTARA-24TH STREET
48,1,18133,Illinois Street,22nd St & Illinois St,100.0,37.757959,-122.387524,48,QUINTARA-24TH STREET
48,1,13435,22nd Street,22nd St & Iowa St,99.662,37.757754,-122.392273,48,QUINTARA-24TH STREET
48,1,13439,22nd Street,22nd St & Iowa St,100.0,37.757674,-122.392308,48,QUINTARA-24TH STREET
48,1,13435,Iowa Street,22nd St & Iowa St,99.662,37.757754,-122.392273,48,QUINTARA-24TH STREET
48,1,13439,Iowa Street,22nd St & Iowa St,100.0,37.757674,-122.392308,48,QUINTARA-24TH STREET
48,1,13437,22nd Street,22nd St & Minnesota St,100.0,37.757807,-122.390268,48,QUINTARA-24TH STREET
48,1,13437,Minnesota Street,22nd St & Minnesota St,100.0,37.757807,-122.390268,48,QUINTARA-24TH STREET
48,1,18134,23rd Street,23rd St & 3rd St,100.0,37.755479,-122.387809,48,QUINTARA-24TH STREET
48,1,18134,3rd Street,23rd St & 3rd St,100.0,37.755479,-122.387809,48,QUINTARA-24TH STREET
48,1,13450,23rd Street,23rd St & Kansas St,100.0,37.754448,-122.402668,48,QUINTARA-24TH STREET
48,1,13450,Kansas Street,23rd St & Kansas St,100.0,37.754448,-122.402668,48,QUINTARA-24TH STREET
48,1,13452,23rd Street,23rd St & Rhode Island St,100.0,37.75451,-122.401694,48,QUINTARA-24TH STREET
48,1,13452,Rhode Island Street,23rd St & Rhode Island St,100.0,37.75451,-122.401694,48,QUINTARA-24TH STREET
48,1,13454,23rd Street,23rd St & Utah St,100.0,37.754298,-122.405304,48,QUINTARA-24TH STREET
48,1,13454,Utah Street,23rd St & Utah St,100.0,37.754298,-122.405304,48,QUINTARA-24TH STREET
48,1,13459,24th Street,24th St & Bryant St,100.0,37.752755,-122.408971,48,QUINTARA-24TH STREET
48,1,13459,Bryant Street,24th St & Bryant St,100.0,37.752755,-122.408971,48,QUINTARA-24TH STREET
48,1,13462,24th Street,24th St & Castro St,11.269,37.75136,-122.434248,48,QUINTARA-24TH STREET
48,1,13463,24th Street,24th St & Castro St,99.662,37.751262,-122.433939,48,QUINTARA-24TH STREET
48,1,13462,Castro Street,24th St & Castro St,11.269,37.75136,-122.434248,48,QUINTARA-24TH STREET
48,1,13463,Castro Street,24th St & Castro St,99.662,37.751262,-122.433939,48,QUINTARA-24TH STREET
48,1,13461,24th Street,24th St & Church St,100.0,37.751644,-122.427545,48,QUINTARA-24TH STREET
48,1,13461,Church Street,24th St & Church St,100.0,37.751644,-122.427545,48,QUINTARA-24TH STREET
48,1,13467,24th Street,24th St & Dolores St,100.0,37.751787,-122.425265,48,QUINTARA-24TH STREET
48,1,13467,Dolores Street,24th St & Dolores St,100.0,37.751787,-122.425265,48,QUINTARA-24TH STREET
48,1,13470,24th Street,24th St & Folsom St,100.0,37.752462,-122.413933,48,QUINTARA-24TH STREET
48,1,13470,Folsom Street,24th St & Folsom St,100.0,37.752462,-122.413933,48,QUINTARA-24TH STREET
48,1,13472,24th Street,24th St & Guerrero St,100.0,37.751911,-122.422985,48,QUINTARA-24TH STREET
48,1,13472,Guerrero Street,24th St & Guerrero St,100.0,37.751911,-122.422985,48,QUINTARA-24TH STREET
48,1,13474,24th Street,24th St & Harrison St,100.0,37.752587,-122.411744,48,QUINTARA-24TH STREET
48,1,13474,Harrison Street,24th St & Harrison St,100.0,37.752587,-122.411744,48,QUINTARA-24TH STREET
48,1,13477,24th Street,24th St & Mission St,100.0,37.752178,-122.41855,48,QUINTARA-24TH STREET
48,1,13477,Mission Street,24th St & Mission St,100.0,37.752178,-122.41855,48,QUINTARA-24TH STREET
48,1,17263,24th Street,24th St & Noe St,99.662,37.751377,-122.431991,48,QUINTARA-24TH STREET
48,1,17263,Noe Street,24th St & Noe St,99.662,37.751377,-122.431991,48,QUINTARA-24TH STREET
48,1,13482,24th Street,24th St & Sanchez St,99.662,37.751511,-122.429768,48,QUINTARA-24TH STREET
48,1,13482,Sanchez Street,24th St & Sanchez St,99.662,37.751511,-122.429768,48,QUINTARA-24TH STREET
48,1,13484,24th Street,24th St & South Van Ness Ave,100.0,37.752311,-122.416373,48,QUINTARA-24TH STREET
48,1,13484,Van Ness Avenue,24th St & South Van Ness Ave,100.0,37.752311,-122.416373,48,QUINTARA-24TH STREET
48,1,13486,24th Street,24th St & Valencia St,100.0,37.752062,-122.42051,48,QUINTARA-24TH STREET
48,1,13486,Valencia Street,24th St & Valencia St,100.0,37.752062,-122.42051,48,QUINTARA-24TH STREET
48,1,17525,25th Avenue,25th Avenue & Dakota Street,100.0,37.752348,-122.394695,48,QUINTARA-24TH STREET
48,1,17525,Dakota Street,25th Avenue & Dakota Street,100.0,37.752348,-122.394695,48,QUINTARA-24TH STREET
48,1,13505,25th Street,25th St & Connecticut St,100.0,37.752242,-122.39662,48,QUINTARA-24TH STREET
48,1,13505,Connecticut Street,25th St & Connecticut St,100.0,37.752242,-122.39662,48,QUINTARA-24TH STREET
48,1,13510,25th Street,25th St & Noe St,0.338,37.749727,-122.431624,48,QUINTARA-24TH STREET
48,1,13510,Noe Street,25th St & Noe St,0.338,37.749727,-122.431624,48,QUINTARA-24TH STREET
48,1,13517,26th Street,26th St & De Haro St,100.0,37.750753,-122.400024,48,QUINTARA-24TH STREET
48,1,13517,De Haro Street,26th St & De Haro St,100.0,37.750753,-122.400024,48,QUINTARA-24TH STREET
48,1,13565,39th Avenue,39th Ave & Rivera St,87.716,37.74596,-122.49747,48,QUINTARA-24TH STREET
48,1,13565,Rivera Street,39th Ave & Rivera St,87.716,37.74596,-122.49747,48,QUINTARA-24TH STREET
48,1,13593,46th Avenue,46th Ave & Quintara St,87.716,37.747288,-122.504928,48,QUINTARA-24TH STREET
48,1,13593,Quintara Street,46th Ave & Quintara St,87.716,37.747288,-122.504928,48,QUINTARA-24TH STREET
48,1,18035,Clipper Street,Clipper St & Douglass St,88.393,37.748621,-122.438373,48,QUINTARA-24TH STREET
48,1,18035,Douglass Street,Clipper St & Douglass St,88.393,37.748621,-122.438373,48,QUINTARA-24TH STREET
48,1,14072,Clipper Street,Clipper St & Portola Dr,88.393,37.7467,-122.445,48,QUINTARA-24TH STREET
48,1,14072,Portola Drive,Clipper St & Portola Dr,88.393,37.7467,-122.445,48,QUINTARA-24TH STREET
48,1,14371,24th Street,Diamond St & 24th St,88.393,37.751075,-122.436219,48,QUINTARA-24TH STREET
48,1,14371,Diamond Street,Diamond St & 24th St,88.393,37.751075,-122.436219,48,QUINTARA-24TH STREET
48,1,14373,25th Street,Diamond St & 25th St,88.393,37.749486,-122.436059,48,QUINTARA-24TH STREET
48,1,14373,Diamond Street,Diamond St & 25th St,88.393,37.749486,-122.436059,48,QUINTARA-24TH STREET
48,1,14781,Lower Great Highway,Lower Great Hwy & Rivera St,87.716,37.74544,-122.50755,48,QUINTARA-24TH STREET
48,1,14781,Rivera Street,Lower Great Hwy & Rivera St,87.716,37.74544,-122.50755,48,QUINTARA-24TH STREET
48,1,17527,23rd Street,Pennsylvania Avenue & 23rd Street,100.0,37.755015,-122.392791,48,QUINTARA-24TH STREET
48,1,17527,Pennsylvania Avenue,Pennsylvania Avenue & 23rd Street,100.0,37.755015,-122.392791,48,QUINTARA-24TH STREET
48,1,17526,25th Street,Pennsylvania Avenue & 25th Street,100.0,37.752463,-122.39277,48,QUINTARA-24TH STREET
48,1,17526,Pennsylvania Avenue,Pennsylvania Avenue & 25th Street,100.0,37.752463,-122.39277,48,QUINTARA-24TH STREET
48,1,16011,Claremont Boulevard,Portola Dr & Claremont Blvd,88.393,37.739689,-122.465124,48,QUINTARA-24TH STREET
48,1,16011,Portola Drive,Portola Dr & Claremont Blvd,88.393,37.739689,-122.465124,48,QUINTARA-24TH STREET
48,1,16013,Del Sur Avenue,Portola Dr & Del Sur Ave,88.393,37.741974,-122.455776,48,QUINTARA-24TH STREET
48,1,16013,Portola Drive,Portola Dr & Del Sur Ave,88.393,37.741974,-122.455776,48,QUINTARA-24TH STREET
48,1,16112,Glenview Drive,Portola Dr & Glenview Dr,88.393,37.74636,-122.44764,48,QUINTARA-24TH STREET
48,1,16112,Portola Drive,Portola Dr & Glenview Dr,88.393,37.74636,-122.44764,48,QUINTARA-24TH STREET
48,1,16114,Laguna Honda Boulevard,Portola Dr & Laguna Honda Blvd,88.393,37.74287,-122.45524,48,QUINTARA-24TH STREET
48,1,16114,Portola Drive,Portola Dr & Laguna Honda Blvd,88.393,37.74287,-122.45524,48,QUINTARA-24TH STREET
48,1,16121,O'Shaughnessy Boulevard,Portola Dr & O'Shaughnessy Blvd,88.393,37.74532,-122.4519,48,QUINTARA-24TH STREET
48,1,16121,Portola Drive,Portola Dr & O'Shaughnessy Blvd,88.393,37.74532,-122.4519,48,QUINTARA-24TH STREET
48,1,16118,Portola Drive,Portola Dr & Rex Ave,88.393,37.740885,-122.457517,48,QUINTARA-24TH STREET
48,1,16118,Rex Avenue,Portola Dr & Rex Ave,88.393,37.740885,-122.457517,48,QUINTARA-24TH STREET
48,1,16120,Portola Drive,Portola Dr & San Lorenzo Ave,88.393,37.73993,-122.46368,48,QUINTARA-24TH STREET
48,1,16120,San Lorenzo Avenue,Portola Dr & San Lorenzo Ave,88.393,37.73993,-122.46368,48,QUINTARA-24TH STREET
48,1,16117,Portola Drive,Portola Dr & San Pablo Ave,88.393,37.74023,-122.46083,48,QUINTARA-24TH STREET
48,1,16117,San Pablo Avenue,Portola Dr & San Pablo Ave,88.393,37.74023,-122.46083,48,QUINTARA-24TH STREET
48,1,16038,24th Street,Potrero Ave & 24th St,100.0,37.75342,-122.40625,48,QUINTARA-24TH STREET
48,1,16038,Potrero Avenue,Potrero Ave & 24th St,100.0,37.75342,-122.40625,48,QUINTARA-24TH STREET
48,1,16139,17th Avenue,Quintara St & 17th Ave,88.054,37.74867,-122.47408,48,QUINTARA-24TH STREET
48,1,16139,Quintara Street,Quintara St & 17th Ave,88.054,37.74867,-122.47408,48,QUINTARA-24TH STREET
48,1,16141,19th Avenue,Quintara St & 19th Ave,88.054,37.74858,-122.47622,48,QUINTARA-24TH STREET
48,1,16141,Quintara Street,Quintara St & 19th Ave,88.054,37.74858,-122.47622,48,QUINTARA-24TH STREET
48,1,16143,22nd Avenue,Quintara St & 22nd Ave,88.054,37.74845,-122.47943,48,QUINTARA-24TH STREET
48,1,16143,Quintara Street,Quintara St & 22nd Ave,88.054,37.74845,-122.47943,48,QUINTARA-24TH STREET
48,1,16145,24th Avenue,Quintara St & 24th Ave,88.054,37.74836,-122.48157,48,QUINTARA-24TH STREET
48,1,16145,Quintara Street,Quintara St & 24th Ave,88.054,37.74836,-122.48157,48,QUINTARA-24TH STREET
48,1,16147,26th Avenue,Quintara St & 26th Ave,87.716,37.748277,-122.483469,48,QUINTARA-24TH STREET
48,1,16147,Quintara Street,Quintara St & 26th Ave,87.716,37.748277,-122.483469,48,QUINTARA-24TH STREET
48,1,16149,27th Avenue,Quintara St & 27th Ave,87.716,37.74822,-122.48477,48,QUINTARA-24TH STREET
48,1,16149,Quintara Street,Quintara St & 27th Ave,87.716,37.74822,-122.48477,48,QUINTARA-24TH STREET
48,1,16151,28th Avenue,Quintara St & 28th Ave,87.716,37.74816,-122.48586,48,QUINTARA-24TH STREET
48,1,16151,Quintara Street,Quintara St & 28th Ave,87.716,37.74816,-122.48586,48,QUINTARA-24TH STREET
48,1,16153,29th Avenue,Quintara St & 29th Ave,87.716,37.74812,-122.48692,48,QUINTARA-24TH STREET
48,1,16153,Quintara Street,Quintara St & 29th Ave,87.716,37.74812,-122.48692,48,QUINTARA-24TH STREET
48,1,16155,31st Avenue,Quintara St & 31st Ave,87.716,37.748,-122.48905,48,QUINTARA-24TH STREET
48,1,16155,Quintara Street,Quintara St & 31st Ave,87.716,37.748,-122.48905,48,QUINTARA-24TH STREET
48,1,16157,33rd Avenue,Quintara St & 33rd Ave,87.716,37.74791,-122.49121,48,QUINTARA-24TH STREET
48,1,16157,Quintara Street,Quintara St & 33rd Ave,87.716,37.74791,-122.49121,48,QUINTARA-24TH STREET
48,1,16159,35th Avenue,Quintara St & 35th Ave,87.716,37.74783,-122.49334,48,QUINTARA-24TH STREET
48,1,16159,Quintara Street,Quintara St & 35th Ave,87.716,37.74783,-122.49334,48,QUINTARA-24TH STREET
48,1,16160,36th Avenue,Quintara St & 36th Ave,87.716,37.747765,-122.494399,48,QUINTARA-24TH STREET
48,1,16160,Quintara Street,Quintara St & 36th Ave,87.716,37.747765,-122.494399,48,QUINTARA-24TH STREET
48,1,16161,39th Avenue,Quintara St & 39th Ave,87.716,37.74763,-122.49763,48,QUINTARA-24TH STREET
48,1,16161,Quintara Street,Quintara St & 39th Ave,87.716,37.74763,-122.49763,48,QUINTARA-24TH STREET
48,1,16163,41st Avenue,Quintara St & 41st Ave,87.716,37.74754,-122.49981,48,QUINTARA-24TH STREET
48,1,16163,Quintara Street,Quintara St & 41st Ave,87.716,37.74754,-122.49981,48,QUINTARA-24TH STREET
48,1,16165,44th Avenue,Quintara St & 44th Ave,87.716,37.74742,-122.50304,48,QUINTARA-24TH STREET
48,1,16165,Quintara Street,Quintara St & 44th Ave,87.716,37.74742,-122.50304,48,QUINTARA-24TH STREET
48,1,16198,24th Street,Rhode Island St & 24th St,100.0,37.75352,-122.40161,48,QUINTARA-24TH STREET
48,1,16198,Rhode Island Street,Rhode Island St & 24th St,100.0,37.75352,-122.40161,48,QUINTARA-24TH STREET
48,1,16199,25th Street,Rhode Island St & 25th St,100.0,37.75211,-122.401467,48,QUINTARA-24TH STREET
48,1,16199,Rhode Island Street,Rhode Island St & 25th St,100.0,37.75211,-122.401467,48,QUINTARA-24TH STREET
48,1,16200,26th Street,Rhode Island St & 26th St,100.0,37.750727,-122.401342,48,QUINTARA-24TH STREET
48,1,16200,Rhode Island Street,Rhode Island St & 26th St,100.0,37.750727,-122.401342,48,QUINTARA-24TH STREET
48,1,16245,37th Avenue,Rivera St & 37th Ave,87.716,37.74585,-122.49536,48,QUINTARA-24TH STREET
48,1,16245,Rivera Street,Rivera St & 37th Ave,87.716,37.74585,-122.49536,48,QUINTARA-24TH STREET
48,1,16246,46th Avenue,Rivera St & 46th Ave,87.716,37.74543,-122.50504,48,QUINTARA-24TH STREET
48,1,16246,Rivera Street,Rivera St & 46th Ave,87.716,37.74543,-122.50504,48,QUINTARA-24TH STREET
48,1,16247,48th Avenue,Rivera St & 48th Ave,87.716,37.74535,-122.5067,48,QUINTARA-24TH STREET
48,1,16247,Rivera Street,Rivera St & 48th Ave,87.716,37.74535,-122.5067,48,QUINTARA-24TH STREET
48,1,16467,14th Avenue,Santiago St & 14th Ave,88.393,37.74508,-122.47049,48,QUINTARA-24TH STREET
48,1,16467,Santiago Street,Santiago St & 14th Ave,88.393,37.74508,-122.47049,48,QUINTARA-24TH STREET
48,1,16737,Forest Side Avenue,Ulloa St & Forest Side Ave,88.393,37.741435,-122.4688,48,QUINTARA-24TH STREET
48,1,16737,Ulloa Street,Ulloa St & Forest Side Ave,88.393,37.741435,-122.4688,48,QUINTARA-24TH STREET
48,1,17976,Ulloa Street,Ulloa St & West Portal Ave,88.393,37.740733,-122.46564,48,QUINTARA-24TH STREET
48,1,17976,West Portal Avenue,Ulloa St & West Portal Ave,88.393,37.740733,-122.46564,48,QUINTARA-24TH STREET
48,1,13513,25th Street,Wisconsin St &  25th St,100.0,37.752038,-122.398388,48,QUINTARA-24TH STREET
48,1,13513,Wisconsin Street,Wisconsin St &  25th St,100.0,37.752038,-122.398388,48,QUINTARA-24TH STREET
49,0,15573,4080 Mission Street,4080 Mission St,100.0,37.73217,-122.428,49,VAN NESS-MISSION
49,0,15926,[UNKNOWN],City College Terminal,100.0,37.723718,-122.45259,49,VAN NESS-MISSION
49,0,15548,14th Street,Mission St & 14th St,100.0,37.7678,-122.42002,49,VAN NESS-MISSION
49,0,15548,Mission Street,Mission St & 14th St,100.0,37.7678,-122.42002,49,VAN NESS-MISSION
49,0,15552,16th Street,Mission St & 16th St,100.0,37.764804,-122.419737,49,VAN NESS-MISSION
49,0,15552,Mission Street,Mission St & 16th St,100.0,37.764804,-122.419737,49,VAN NESS-MISSION
49,0,15554,18th Street,Mission St & 18th St,100.0,37.761761,-122.419463,49,VAN NESS-MISSION
49,0,15554,Mission Street,Mission St & 18th St,100.0,37.761761,-122.419463,49,VAN NESS-MISSION
49,0,15558,20th Street,Mission St & 20th St,100.0,37.75817,-122.41909,49,VAN NESS-MISSION
49,0,15558,Mission Street,Mission St & 20th St,100.0,37.75817,-122.41909,49,VAN NESS-MISSION
49,0,15562,22nd Street,Mission St & 22nd St,100.0,37.75517,-122.4188,49,VAN NESS-MISSION
49,0,15562,Mission Street,Mission St & 22nd St,100.0,37.75517,-122.4188,49,VAN NESS-MISSION
49,0,15566,24th Street,Mission St & 24th St,100.0,37.751964,-122.418528,49,VAN NESS-MISSION
49,0,15566,Mission Street,Mission St & 24th St,100.0,37.751964,-122.418528,49,VAN NESS-MISSION
49,0,15568,26th Street,Mission St & 26th St,100.0,37.74857,-122.41818,49,VAN NESS-MISSION
49,0,15568,Mission Street,Mission St & 26th St,100.0,37.74857,-122.41818,49,VAN NESS-MISSION
49,0,15572,30th Street,Mission St & 30th St,100.0,37.742417,-122.421991,49,VAN NESS-MISSION
49,0,15572,Mission Street,Mission St & 30th St,100.0,37.742417,-122.421991,49,VAN NESS-MISSION
49,0,15578,Appleton Avenue,Mission St & Appleton Ave,100.0,37.73899,-122.42404,49,VAN NESS-MISSION
49,0,15578,Mission Street,Mission St & Appleton Ave,100.0,37.73899,-122.42404,49,VAN NESS-MISSION
49,0,15580,Bosworth Street,Mission St & Bosworth St,100.0,37.73334,-122.42682,49,VAN NESS-MISSION
49,0,15580,Mission Street,Mission St & Bosworth St,100.0,37.73334,-122.42682,49,VAN NESS-MISSION
49,0,15584,Cortland Avenue,Mission St & Cortland Ave,100.0,37.741079,-122.422874,49,VAN NESS-MISSION
49,0,15584,Mission Street,Mission St & Cortland Ave,100.0,37.741079,-122.422874,49,VAN NESS-MISSION
49,0,15590,Francis Street,Mission St & Francis St,100.0,37.72635,-122.43365,49,VAN NESS-MISSION
49,0,15590,Mission Street,Mission St & Francis St,100.0,37.72635,-122.43365,49,VAN NESS-MISSION
49,0,15597,Highland Avenue,Mission St & Highland Ave,100.0,37.73706,-122.4242,49,VAN NESS-MISSION
49,0,15597,Mission Street,Mission St & Highland Ave,100.0,37.73706,-122.4242,49,VAN NESS-MISSION
49,0,15614,Mission Street,Mission St & Richland Ave,100.0,37.73562,-122.4247,49,VAN NESS-MISSION
49,0,15614,Richland Avenue,Mission St & Richland Ave,100.0,37.73562,-122.4247,49,VAN NESS-MISSION
49,0,15621,Mission Street,Mission St & Silver Ave,100.0,37.728723,-122.431354,49,VAN NESS-MISSION
49,0,15621,Silver Avenue,Mission St & Silver Ave,100.0,37.728723,-122.431354,49,VAN NESS-MISSION
49,0,15625,Mission Street,Mission St & Trumbull St,100.0,37.73045,-122.42971,49,VAN NESS-MISSION
49,0,15625,Trumbull Street,Mission St & Trumbull St,100.0,37.73045,-122.42971,49,VAN NESS-MISSION
49,0,15626,Mission Street,Mission St & Valencia St,100.0,37.74508,-122.4203,49,VAN NESS-MISSION
49,0,15626,Valencia Street,Mission St & Valencia St,100.0,37.74508,-122.4203,49,VAN NESS-MISSION
49,0,15782,Cayuga Avenue,Ocean Ave & Cayuga Ave,100.0,37.72367,-122.43867,49,VAN NESS-MISSION
49,0,15782,Ocean Avenue,Ocean Ave & Cayuga Ave,100.0,37.72367,-122.43867,49,VAN NESS-MISSION
49,0,15790,Howth Street,Ocean Ave & Howth St,100.0,37.723022,-122.449784,49,VAN NESS-MISSION
49,0,15790,Ocean Avenue,Ocean Ave & Howth St,100.0,37.723022,-122.449784,49,VAN NESS-MISSION
49,0,17804,I-280 On Ramp,Ocean Ave & I-280 On Ramp,100.0,37.723031,-122.446932,49,VAN NESS-MISSION
49,0,17804,Ocean Avenue,Ocean Ave & I-280 On Ramp,100.0,37.723031,-122.446932,49,VAN NESS-MISSION
49,0,15796,Mission Street,Ocean Ave & Mission St,100.0,37.723887,-122.436143,49,VAN NESS-MISSION
49,0,15796,Ocean Avenue,Ocean Ave & Mission St,100.0,37.723887,-122.436143,49,VAN NESS-MISSION
49,0,17638,Ocean Avenue,Ocean Ave & Otsego Ave,100.0,37.723433,-122.440816,49,VAN NESS-MISSION
49,0,17638,Otsego Avenue,Ocean Ave & Otsego Ave,100.0,37.723433,-122.440816,49,VAN NESS-MISSION
49,0,15804,Ocean Avenue,Ocean Ave & San Jose Ave,100.0,37.723004,-122.444951,49,VAN NESS-MISSION
49,0,15804,San Jose Avenue,Ocean Ave & San Jose Ave,100.0,37.723004,-122.444951,49,VAN NESS-MISSION
49,0,17870,Mccoppin Street,Otis & Mccoppin St,100.0,37.771603,-122.420365,49,VAN NESS-MISSION
49,0,17870,Otis,Otis & Mccoppin St,100.0,37.771603,-122.420365,49,VAN NESS-MISSION
49,0,15836,12th Street,Otis St & 12th St,100.0,37.77281,-122.41917,49,VAN NESS-MISSION
49,0,15836,Otis Street,Otis St & 12th St,100.0,37.77281,-122.41917,49,VAN NESS-MISSION
49,0,16801,Chestnut Street,Van Ness Ave & Chestnut St,100.0,37.802431,-122.424905,49,VAN NESS-MISSION
49,0,16801,Van Ness Avenue,Van Ness Ave & Chestnut St,100.0,37.802431,-122.424905,49,VAN NESS-MISSION
49,0,18103,Eddy Street,Van Ness Ave & Eddy St,100.0,37.782917,-122.420865,49,VAN NESS-MISSION
49,0,18103,Van Ness Avenue,Van Ness Ave & Eddy St,100.0,37.782917,-122.420865,49,VAN NESS-MISSION
49,0,18099,Jackson Street,Van Ness Ave & Jackson St,100.0,37.793963,-122.423096,49,VAN NESS-MISSION
49,0,18099,Van Ness Avenue,Van Ness Ave & Jackson St,100.0,37.793963,-122.423096,49,VAN NESS-MISSION
49,0,18105,Market Street,Van Ness Ave & Market St,100.0,37.775172,-122.419309,49,VAN NESS-MISSION
49,0,18105,Van Ness Avenue,Van Ness Ave & Market St,100.0,37.775172,-122.419309,49,VAN NESS-MISSION
49,0,18104,Mcallister Street,Van Ness Ave & Mcallister St,100.0,37.780097,-122.420304,49,VAN NESS-MISSION
49,0,18104,Van Ness Avenue,Van Ness Ave & Mcallister St,100.0,37.780097,-122.420304,49,VAN NESS-MISSION
49,0,16819,North Point Street,Van Ness Ave & North Point St,100.0,37.80485,-122.42546,49,VAN NESS-MISSION
49,0,16819,Van Ness Avenue,Van Ness Ave & North Point St,100.0,37.80485,-122.42546,49,VAN NESS-MISSION
49,0,18102,O'Farrell Street,Van Ness Ave & O'Farrell St,100.0,37.784782,-122.421208,49,VAN NESS-MISSION
49,0,18102,Van Ness Avenue,Van Ness Ave & O'Farrell St,100.0,37.784782,-122.421208,49,VAN NESS-MISSION
49,0,18100,Sacramento Street,Van Ness Ave & Sacramento St,100.0,37.791313,-122.42257,49,VAN NESS-MISSION
49,0,18100,Van Ness Avenue,Van Ness Ave & Sacramento St,100.0,37.791313,-122.42257,49,VAN NESS-MISSION
49,0,18101,Sutter Street,Van Ness Ave & Sutter St,100.0,37.787574,-122.42178,49,VAN NESS-MISSION
49,0,18101,Van Ness Avenue,Van Ness Ave & Sutter St,100.0,37.787574,-122.42178,49,VAN NESS-MISSION
49,0,18097,Union Street,Van Ness Ave & Union St,100.0,37.798576,-122.424035,49,VAN NESS-MISSION
49,0,18097,Van Ness Avenue,Van Ness Ave & Union St,100.0,37.798576,-122.424035,49,VAN NESS-MISSION
49,0,18098,Vallejo Street,Van Ness Ave & Vallejo St,100.0,37.79672,-122.423657,49,VAN NESS-MISSION
49,0,18098,Van Ness Avenue,Van Ness Ave & Vallejo St,100.0,37.79672,-122.423657,49,VAN NESS-MISSION
49,1,15926,[UNKNOWN],City College Terminal,96.271,37.723718,-122.45259,49,VAN NESS-MISSION
49,1,15546,13th Street,Mission St & 13th St,96.271,37.77047,-122.41978,49,VAN NESS-MISSION
49,1,15546,Mission Street,Mission St & 13th St,96.271,37.77047,-122.41978,49,VAN NESS-MISSION
49,1,15547,14th Street,Mission St & 14th St,96.271,37.76862,-122.41993,49,VAN NESS-MISSION
49,1,15547,Mission Street,Mission St & 14th St,96.271,37.76862,-122.41993,49,VAN NESS-MISSION
49,1,15551,16th Street,Mission St & 16th St,96.271,37.765125,-122.419668,49,VAN NESS-MISSION
49,1,15551,Mission Street,Mission St & 16th St,96.271,37.765125,-122.419668,49,VAN NESS-MISSION
49,1,15553,18th Street,Mission St & 18th St,96.271,37.762635,-122.419348,49,VAN NESS-MISSION
49,1,15553,Mission Street,Mission St & 18th St,96.271,37.762635,-122.419348,49,VAN NESS-MISSION
49,1,15557,20th Street,Mission St & 20th St,96.271,37.75911,-122.41902,49,VAN NESS-MISSION
49,1,15557,Mission Street,Mission St & 20th St,96.271,37.75911,-122.41902,49,VAN NESS-MISSION
49,1,15561,22nd Street,Mission St & 22nd St,96.271,37.75582,-122.41871,49,VAN NESS-MISSION
49,1,15561,Mission Street,Mission St & 22nd St,96.271,37.75582,-122.41871,49,VAN NESS-MISSION
49,1,15565,24th Street,Mission St & 24th St,96.271,37.752356,-122.418401,49,VAN NESS-MISSION
49,1,15565,Mission Street,Mission St & 24th St,96.271,37.752356,-122.418401,49,VAN NESS-MISSION
49,1,15567,26th Street,Mission St & 26th St,96.271,37.74951,-122.4181,49,VAN NESS-MISSION
49,1,15567,Mission Street,Mission St & 26th St,96.271,37.74951,-122.4181,49,VAN NESS-MISSION
49,1,15571,30th Street,Mission St & 30th St,96.271,37.742408,-122.421945,49,VAN NESS-MISSION
49,1,15571,Mission Street,Mission St & 30th St,96.271,37.742408,-122.421945,49,VAN NESS-MISSION
49,1,15577,Appleton Avenue,Mission St & Appleton Ave,96.271,37.738867,-122.423871,49,VAN NESS-MISSION
49,1,15577,Mission Street,Mission St & Appleton Ave,96.271,37.738867,-122.423871,49,VAN NESS-MISSION
49,1,15583,Cortland Avenue,Mission St & Cortland Ave,96.271,37.741052,-122.422759,49,VAN NESS-MISSION
49,1,15583,Mission Street,Mission St & Cortland Ave,96.271,37.741052,-122.422759,49,VAN NESS-MISSION
49,1,15586,Excelsior Avenue,Mission St & Excelsior Ave,96.271,37.726355,-122.43351,49,VAN NESS-MISSION
49,1,15586,Mission Street,Mission St & Excelsior Ave,96.271,37.726355,-122.43351,49,VAN NESS-MISSION
49,1,15596,Highland Avenue,Mission St & Highland Ave,96.271,37.737448,-122.423963,49,VAN NESS-MISSION
49,1,15596,Mission Street,Mission St & Highland Ave,96.271,37.737448,-122.423963,49,VAN NESS-MISSION
49,1,15605,Mission Street,Mission St & Murray St,96.271,37.73404,-122.42592,49,VAN NESS-MISSION
49,1,15605,Murray Street,Mission St & Murray St,96.271,37.73404,-122.42592,49,VAN NESS-MISSION
49,1,17841,Mission Street,Mission St & Power St,96.271,37.746245,-122.419401,49,VAN NESS-MISSION
49,1,17841,Power Street,Mission St & Power St,96.271,37.746245,-122.419401,49,VAN NESS-MISSION
49,1,15613,Mission Street,Mission St & Richland Ave,96.271,37.73591,-122.42442,49,VAN NESS-MISSION
49,1,15613,Richland Avenue,Mission St & Richland Ave,96.271,37.73591,-122.42442,49,VAN NESS-MISSION
49,1,15620,Mission Street,Mission St & Silver Ave,96.271,37.728723,-122.43132,49,VAN NESS-MISSION
49,1,15620,Silver Avenue,Mission St & Silver Ave,96.271,37.728723,-122.43132,49,VAN NESS-MISSION
49,1,15624,Mission Street,Mission St & Trumbull St,96.271,37.73066,-122.42927,49,VAN NESS-MISSION
49,1,15624,Trumbull Street,Mission St & Trumbull St,96.271,37.73066,-122.42927,49,VAN NESS-MISSION
49,1,15783,Cayuga Avenue,Ocean Ave & Cayuga Ave,96.271,37.72357,-122.43853,49,VAN NESS-MISSION
49,1,15783,Ocean Avenue,Ocean Ave & Cayuga Ave,96.271,37.72357,-122.43853,49,VAN NESS-MISSION
49,1,15791,Howth Street,Ocean Ave & Howth St,96.271,37.72286,-122.44929,49,VAN NESS-MISSION
49,1,15791,Ocean Avenue,Ocean Ave & Howth St,96.271,37.72286,-122.44929,49,VAN NESS-MISSION
49,1,15800,Ocean Avenue,Ocean Ave & Otsego Ave,96.271,37.72326,-122.44124,49,VAN NESS-MISSION
49,1,15800,Otsego Avenue,Ocean Ave & Otsego Ave,96.271,37.72326,-122.44124,49,VAN NESS-MISSION
49,1,15801,Ocean Avenue,Ocean Ave & Persia Ave,96.271,37.72382,-122.43589,49,VAN NESS-MISSION
49,1,15801,Persia Avenue,Ocean Ave & Persia Ave,96.271,37.72382,-122.43589,49,VAN NESS-MISSION
49,1,15805,Ocean Avenue,Ocean Ave & San Jose St,96.271,37.7229,-122.4444,49,VAN NESS-MISSION
49,1,15805,San Jose Street,Ocean Ave & San Jose St,96.271,37.7229,-122.4444,49,VAN NESS-MISSION
49,1,15781,Ocean Ave/Balboa Park BART Station,Ocean Ave/Balboa Park BART Station,96.271,37.722942,-122.447493,49,VAN NESS-MISSION
49,1,18088,Market Street,South Van Ness Ave & Market St,100.0,37.7751,-122.41924,49,VAN NESS-MISSION
49,1,18088,Van Ness Avenue,South Van Ness Ave & Market St,100.0,37.7751,-122.41924,49,VAN NESS-MISSION
49,1,16806,Bay Street,Van Ness Ave & Bay St,100.0,37.804287,-122.424996,49,VAN NESS-MISSION
49,1,16806,Van Ness Avenue,Van Ness Ave & Bay St,100.0,37.804287,-122.424996,49,VAN NESS-MISSION
49,1,18092,Bush Street,Van Ness Ave & Bush St,100.0,37.788449,-122.421918,49,VAN NESS-MISSION
49,1,18092,Van Ness Avenue,Van Ness Ave & Bush St,100.0,37.788449,-122.421918,49,VAN NESS-MISSION
49,1,16800,Chestnut Street,Van Ness Ave & Chestnut St,100.0,37.80258,-122.42464,49,VAN NESS-MISSION
49,1,16800,Van Ness Avenue,Van Ness Ave & Chestnut St,100.0,37.80258,-122.42464,49,VAN NESS-MISSION
49,1,18093,Clay Street,Van Ness Ave & Clay St,100.0,37.792134,-122.422661,49,VAN NESS-MISSION
49,1,18093,Van Ness Avenue,Van Ness Ave & Clay St,100.0,37.792134,-122.422661,49,VAN NESS-MISSION
49,1,18090,Eddy Street,Van Ness Ave & Eddy St,100.0,37.782854,-122.420785,49,VAN NESS-MISSION
49,1,18090,Van Ness Avenue,Van Ness Ave & Eddy St,100.0,37.782854,-122.420785,49,VAN NESS-MISSION
49,1,18091,Geary Boulevard,Van Ness Ave & Geary Blvd,100.0,37.785647,-122.421368,49,VAN NESS-MISSION
49,1,18091,Van Ness Avenue,Van Ness Ave & Geary Blvd,100.0,37.785647,-122.421368,49,VAN NESS-MISSION
49,1,18089,Mcallister Street,Van Ness Ave & Mcallister St,100.0,37.780035,-122.420224,49,VAN NESS-MISSION
49,1,18089,Van Ness Avenue,Van Ness Ave & Mcallister St,100.0,37.780035,-122.420224,49,VAN NESS-MISSION
49,1,16820,North Point Street,Van Ness Ave & North Point St,100.0,37.805072,-122.42542,49,VAN NESS-MISSION
49,1,16820,Van Ness Avenue,Van Ness Ave & North Point St,100.0,37.805072,-122.42542,49,VAN NESS-MISSION
49,1,18094,Pacific Street,Van Ness Ave & Pacific St,100.0,37.794784,-122.423199,49,VAN NESS-MISSION
49,1,18094,Van Ness Avenue,Van Ness Ave & Pacific St,100.0,37.794784,-122.423199,49,VAN NESS-MISSION
49,1,18096,Union Street,Van Ness Ave & Union St,100.0,37.798514,-122.423955,49,VAN NESS-MISSION
49,1,18096,Van Ness Avenue,Van Ness Ave & Union St,100.0,37.798514,-122.423955,49,VAN NESS-MISSION
49,1,18095,Vallejo Street,Van Ness Ave & Vallejo St,100.0,37.796801,-122.4236,49,VAN NESS-MISSION
49,1,18095,Van Ness Avenue,Van Ness Ave & Vallejo St,100.0,37.796801,-122.4236,49,VAN NESS-MISSION
5,0,13161,4th Street,4th St & Market St,6.866,37.785411,-122.405531,5,FULTON
5,0,13161,Market Street,4th St & Market St,6.866,37.785411,-122.405531,5,FULTON
5,0,13183,6th Avenue,6th Ave & Fulton St,42.351,37.773809,-122.463745,5,FULTON
5,0,13183,Fulton Street,6th Ave & Fulton St,42.351,37.773809,-122.463745,5,FULTON
5,0,17538,7th Avenue,Cabrillo St & 7th Ave,33.959,37.775379,-122.464834,5,FULTON
5,0,17538,Cabrillo Street,Cabrillo St & 7th Ave,33.959,37.775379,-122.464834,5,FULTON
5,0,13927,Cabrillo Street,Cabrillo St & La Playa St,57.649,37.773562,-122.50998,5,FULTON
5,0,13927,La Playa Street,Cabrillo St & La Playa St,57.649,37.773562,-122.50998,5,FULTON
5,0,14725,Fremont Street,Fremont St & Market St,50.722,37.791645,-122.398151,5,FULTON
5,0,14725,Market Street,Fremont St & Market St,50.722,37.791645,-122.398151,5,FULTON
5,0,17727,Fulton S T& 28th Avenue,Fulton S T& 28th Ave,57.649,37.772474,-122.487504,5,FULTON
5,0,17728,Fulton S T& 30th Avenue,Fulton S T& 30th Ave,57.649,37.772375,-122.489624,5,FULTON
5,0,14736,10th Avenue,Fulton St & 10th Ave,57.649,37.77335,-122.46839,5,FULTON
5,0,14736,Fulton Street,Fulton St & 10th Ave,57.649,37.77335,-122.46839,5,FULTON
5,0,14742,18th Avenue,Fulton St & 18th Ave,57.649,37.772959,-122.476776,5,FULTON
5,0,14742,Fulton Street,Fulton St & 18th Ave,57.649,37.772959,-122.476776,5,FULTON
5,0,14746,22nd Avenue,Fulton St & 22nd Ave,57.649,37.77276,-122.48134,5,FULTON
5,0,14746,Fulton Street,Fulton St & 22nd Ave,57.649,37.77276,-122.48134,5,FULTON
5,0,14748,25th Avenue,Fulton St & 25th Ave,57.649,37.772591,-122.484306,5,FULTON
5,0,14748,Fulton Street,Fulton St & 25th Ave,57.649,37.772591,-122.484306,5,FULTON
5,0,14211,33rd Avenue,Fulton St & 33rd Ave,57.649,37.77223,-122.49318,5,FULTON
5,0,14211,Fulton Street,Fulton St & 33rd Ave,57.649,37.77223,-122.49318,5,FULTON
5,0,14213,36th Avenue,Fulton St & 36th Ave,57.649,37.77208,-122.49634,5,FULTON
5,0,14213,Fulton Street,Fulton St & 36th Ave,57.649,37.77208,-122.49634,5,FULTON
5,0,17729,40th Avenue,Fulton St & 40th Ave,57.649,37.77188,-122.50034,5,FULTON
5,0,17729,Fulton Street,Fulton St & 40th Ave,57.649,37.77188,-122.50034,5,FULTON
5,0,17730,43rd Avenue,Fulton St & 43rd Ave,57.649,37.771736,-122.503537,5,FULTON
5,0,17730,Fulton Street,Fulton St & 43rd Ave,57.649,37.771736,-122.503537,5,FULTON
5,0,14221,46th Avenue,Fulton St & 46th Ave,57.649,37.77159,-122.50704,5,FULTON
5,0,14221,Fulton Street,Fulton St & 46th Ave,57.649,37.77159,-122.50704,5,FULTON
5,0,14730,4th Avenue,Fulton St & 4th Ave,93.773,37.773952,-122.461659,5,FULTON
5,0,14730,Fulton Street,Fulton St & 4th Ave,93.773,37.773952,-122.461659,5,FULTON
5,0,14732,6th Avenue,Fulton St & 6th Ave,57.649,37.773639,-122.463848,5,FULTON
5,0,14732,Fulton Street,Fulton St & 6th Ave,57.649,37.773639,-122.463848,5,FULTON
5,0,14734,8th Avenue,Fulton St & 8th Ave,57.649,37.77347,-122.466049,5,FULTON
5,0,14735,8th Avenue,Fulton St & 8th Ave,33.959,37.773318,-122.465739,5,FULTON
5,0,14734,Fulton Street,Fulton St & 8th Ave,57.649,37.77347,-122.466049,5,FULTON
5,0,14735,Fulton Street,Fulton St & 8th Ave,33.959,37.773318,-122.465739,5,FULTON
5,0,14223,Arguello Boulevard,Fulton St & Arguello Blvd,93.773,37.774354,-122.458416,5,FULTON
5,0,14223,Fulton Street,Fulton St & Arguello Blvd,93.773,37.774354,-122.458416,5,FULTON
5,0,14225,Clayton Street,Fulton St & Clayton St,93.773,37.775407,-122.449774,5,FULTON
5,0,14225,Fulton Street,Fulton St & Clayton St,93.773,37.775407,-122.449774,5,FULTON
5,0,14229,Fulton Street,Fulton St & Masonic Ave,93.773,37.775844,-122.446404,5,FULTON
5,0,14229,Masonic Avenue,Fulton St & Masonic Ave,93.773,37.775844,-122.446404,5,FULTON
5,0,14231,Fulton Street,Fulton St & Park Presidio Blvd,57.649,37.77319,-122.47218,5,FULTON
5,0,14231,Park Presidio Boulevard,Fulton St & Park Presidio Blvd,57.649,37.77319,-122.47218,5,FULTON
5,0,14233,Fulton Street,Fulton St & Parker Ave,93.773,37.775014,-122.452868,5,FULTON
5,0,14233,Parker Avenue,Fulton St & Parker Ave,93.773,37.775014,-122.452868,5,FULTON
5,0,14236,Fulton Street,Fulton St & Stanyan Stw,93.773,37.774773,-122.454737,5,FULTON
5,0,14236,Stanyan Stw,Fulton St & Stanyan Stw,93.773,37.774773,-122.454737,5,FULTON
5,0,14842,Cabrillo Street,La Playa St & Cabrillo St,57.649,37.773214,-122.509991,5,FULTON
5,0,14842,La Playa Street,La Playa St & Cabrillo St,57.649,37.773214,-122.509991,5,FULTON
5,0,14844,Fulton Street,La Playa St & Fulton St,57.649,37.77169,-122.50984,5,FULTON
5,0,14844,La Playa Street,La Playa St & Fulton St,57.649,37.77169,-122.50984,5,FULTON
5,0,15674,Grant Avenue,Market St & Grant Ave,57.588,37.78639,-122.40516,5,FULTON
5,0,15674,Market Street,Market St & Grant Ave,57.588,37.78639,-122.40516,5,FULTON
5,0,15683,Market Street,Market St & Mason St,57.588,37.78285,-122.40964,5,FULTON
5,0,15683,Mason Street,Market St & Mason St,57.588,37.78285,-122.40964,5,FULTON
5,0,15684,Market Street,Market St & Montgomery St,50.722,37.78849,-122.40248,5,FULTON
5,0,15684,Montgomery Street,Market St & Montgomery St,50.722,37.78849,-122.40248,5,FULTON
5,0,15688,Market Street,Market St & Powell St,57.588,37.784474,-122.407544,5,FULTON
5,0,15688,Powell Street,Market St & Powell St,57.588,37.784474,-122.407544,5,FULTON
5,0,15689,Market Street,Market St & Sansome St,50.722,37.790013,-122.400491,5,FULTON
5,0,15689,Sansome Street,Market St & Sansome St,50.722,37.790013,-122.400491,5,FULTON
5,0,15384,Baker Street,Mcallister St & Baker St,93.773,37.777397,-122.441659,5,FULTON
5,0,15384,Mcallister Street,Mcallister St & Baker St,93.773,37.777397,-122.441659,5,FULTON
5,0,15389,Divisadero Street,Mcallister St & Divisadero St,93.773,37.777825,-122.438289,5,FULTON
5,0,15389,Mcallister Street,Mcallister St & Divisadero St,93.773,37.777825,-122.438289,5,FULTON
5,0,15391,Fillmore Street,Mcallister St & Fillmore St,93.773,37.77864,-122.43207,5,FULTON
5,0,15391,Mcallister Street,Mcallister St & Fillmore St,93.773,37.77864,-122.43207,5,FULTON
5,0,15393,Gough Street,Mcallister St & Gough St,91.546,37.779714,-122.423881,5,FULTON
5,0,15393,Mcallister Street,Mcallister St & Gough St,91.546,37.779714,-122.423881,5,FULTON
5,0,15395,Hyde Street,Mcallister St & Hyde St,91.546,37.78073,-122.41569,5,FULTON
5,0,15395,Mcallister Street,Mcallister St & Hyde St,91.546,37.78073,-122.41569,5,FULTON
5,0,17563,Jones Street,Mcallister St & Jones St,91.546,37.781166,-122.412189,5,FULTON
5,0,17563,Mcallister Street,Mcallister St & Jones St,91.546,37.781166,-122.412189,5,FULTON
5,0,15398,Laguna Street,Mcallister St & Laguna St,91.546,37.779304,-122.42717,5,FULTON
5,0,15398,Mcallister Street,Mcallister St & Laguna St,91.546,37.779304,-122.42717,5,FULTON
5,0,15397,Larkin Street,Mcallister St & Larkin St,91.546,37.78051,-122.41741,5,FULTON
5,0,15397,Mcallister Street,Mcallister St & Larkin St,91.546,37.78051,-122.41741,5,FULTON
5,0,15400,Mcallister Street,Mcallister St & Pierce St,93.773,37.778244,-122.435045,5,FULTON
5,0,15400,Pierce Street,Mcallister St & Pierce St,93.773,37.778244,-122.435045,5,FULTON
5,0,15404,Mcallister Street,Mcallister St & Van Ness Ave,91.546,37.78009,-122.42071,5,FULTON
5,0,15404,Van Ness Avenue,Mcallister St & Van Ness Ave,91.546,37.78009,-122.42071,5,FULTON
5,0,17914,[UNKNOWN],Transit Center Bay B,50.722,37.790091,-122.395688,5,FULTON
5,1,13161,4th Street,4th St & Market St,8.638,37.785411,-122.405531,5,FULTON
5,1,13161,Market Street,4th St & Market St,8.638,37.785411,-122.405531,5,FULTON
5,1,13183,6th Avenue,6th Ave & Fulton St,6.802,37.773809,-122.463745,5,FULTON
5,1,13183,Fulton Street,6th Ave & Fulton St,6.802,37.773809,-122.463745,5,FULTON
5,1,13089,Beale Street,Beale St & Mission St,50.762,37.791939,-122.396879,5,FULTON
5,1,13089,Mission Street,Beale St & Mission St,50.762,37.791939,-122.396879,5,FULTON
5,1,13927,Cabrillo Street,Cabrillo St & La Playa St,60.588,37.773562,-122.50998,5,FULTON
5,1,13927,La Playa Street,Cabrillo St & La Playa St,60.588,37.773562,-122.50998,5,FULTON
5,1,14737,10th Avenue,Fulton St & 10th Ave,60.588,37.77325,-122.46761,5,FULTON
5,1,14737,Fulton Street,Fulton St & 10th Ave,60.588,37.77325,-122.46761,5,FULTON
5,1,17721,18th Avenue,Fulton St & 18th Ave,60.588,37.772834,-122.476524,5,FULTON
5,1,17721,Fulton Street,Fulton St & 18th Ave,60.588,37.772834,-122.476524,5,FULTON
5,1,14747,22nd Avenue,Fulton St & 22nd Ave,60.588,37.77266,-122.48061,5,FULTON
5,1,14747,Fulton Street,Fulton St & 22nd Ave,60.588,37.77266,-122.48061,5,FULTON
5,1,14749,25th Avenue,Fulton St & 25th Ave,60.588,37.772547,-122.4841,5,FULTON
5,1,14749,Fulton Street,Fulton St & 25th Ave,60.588,37.772547,-122.4841,5,FULTON
5,1,14751,28th Avenue,Fulton St & 28th Ave,60.588,37.77235,-122.48717,5,FULTON
5,1,14751,Fulton Street,Fulton St & 28th Ave,60.588,37.77235,-122.48717,5,FULTON
5,1,14753,30th Avenue,Fulton St & 30th Ave,60.588,37.77224,-122.48919,5,FULTON
5,1,14753,Fulton Street,Fulton St & 30th Ave,60.588,37.77224,-122.48919,5,FULTON
5,1,14212,33rd Avenue,Fulton St & 33rd Ave,60.588,37.7721,-122.49288,5,FULTON
5,1,14212,Fulton Street,Fulton St & 33rd Ave,60.588,37.7721,-122.49288,5,FULTON
5,1,14215,37th Avenue,Fulton St & 37th Ave,60.588,37.77192,-122.49679,5,FULTON
5,1,14215,Fulton Street,Fulton St & 37th Ave,60.588,37.77192,-122.49679,5,FULTON
5,1,14218,40th Avenue,Fulton St & 40th Ave,60.588,37.77179,-122.49991,5,FULTON
5,1,14218,Fulton Street,Fulton St & 40th Ave,60.588,37.77179,-122.49991,5,FULTON
5,1,17720,43rd Avenue,Fulton St & 43rd Ave,60.588,37.771612,-122.503296,5,FULTON
5,1,17720,Fulton Street,Fulton St & 43rd Ave,60.588,37.771612,-122.503296,5,FULTON
5,1,14222,46th Avenue,Fulton St & 46th Ave,60.588,37.77148,-122.50631,5,FULTON
5,1,14222,Fulton Street,Fulton St & 46th Ave,60.588,37.77148,-122.50631,5,FULTON
5,1,14731,4th Avenue,Fulton St & 4th Ave,92.072,37.77384,-122.46125,5,FULTON
5,1,14731,Fulton Street,Fulton St & 4th Ave,92.072,37.77384,-122.46125,5,FULTON
5,1,14733,6th Avenue,Fulton St & 6th Ave,92.072,37.773532,-122.463837,5,FULTON
5,1,14733,Fulton Street,Fulton St & 6th Ave,92.072,37.773532,-122.463837,5,FULTON
5,1,14735,8th Avenue,Fulton St & 8th Ave,94.388,37.773318,-122.465739,5,FULTON
5,1,14735,Fulton Street,Fulton St & 8th Ave,94.388,37.773318,-122.465739,5,FULTON
5,1,14224,Arguello Boulevard,Fulton St & Arguello Blvd,92.072,37.774282,-122.458003,5,FULTON
5,1,14224,Fulton Street,Fulton St & Arguello Blvd,92.072,37.774282,-122.458003,5,FULTON
5,1,14226,Clayton Street,Fulton St & Clayton St,92.072,37.77537,-122.44929,5,FULTON
5,1,14226,Fulton Street,Fulton St & Clayton St,92.072,37.77537,-122.44929,5,FULTON
5,1,14228,Fulton Street,Fulton St & La Playa St,60.588,37.77134,-122.50939,5,FULTON
5,1,14228,La Playa Street,Fulton St & La Playa St,60.588,37.77134,-122.50939,5,FULTON
5,1,14230,Fulton Street,Fulton St & Masonic Ave,92.072,37.775773,-122.446289,5,FULTON
5,1,14230,Masonic Avenue,Fulton St & Masonic Ave,92.072,37.775773,-122.446289,5,FULTON
5,1,14232,Fulton Street,Fulton St & Park Presidio Blvd,60.588,37.773067,-122.471699,5,FULTON
5,1,14232,Park Presidio Boulevard,Fulton St & Park Presidio Blvd,60.588,37.773067,-122.471699,5,FULTON
5,1,14234,Fulton Street,Fulton St & Shrader St,92.072,37.77499,-122.45238,5,FULTON
5,1,14234,Shrader Street,Fulton St & Shrader St,92.072,37.77499,-122.45238,5,FULTON
5,1,14235,Fulton Street,Fulton St & Stanyan St,92.072,37.774756,-122.454519,5,FULTON
5,1,14235,Stanyan Street,Fulton St & Stanyan St,92.072,37.774756,-122.454519,5,FULTON
5,1,14843,Cabrillo Street,La Playa St & Cabrillo St,60.588,37.773214,-122.51006,5,FULTON
5,1,14843,La Playa Street,La Playa St & Cabrillo St,60.588,37.773214,-122.51006,5,FULTON
5,1,15638,1st Street,Market St & 1st St,50.762,37.790485,-122.399723,5,FULTON
5,1,15638,Market Street,Market St & 1st St,50.762,37.790485,-122.399723,5,FULTON
5,1,15641,3rd Street,Market St & 3rd St,50.762,37.787667,-122.403359,5,FULTON
5,1,15641,Market Street,Market St & 3rd St,50.762,37.787667,-122.403359,5,FULTON
5,1,15646,5th Street,Market St & 5th St,58.272,37.783395,-122.408657,5,FULTON
5,1,15646,Market Street,Market St & 5th St,58.272,37.783395,-122.408657,5,FULTON
5,1,15642,3rd Street,Market St Between 4th & 3rd St,49.635,37.786597,-122.404586,5,FULTON
5,1,15642,Market St Between 4th,Market St Between 4th & 3rd St,49.635,37.786597,-122.404586,5,FULTON
5,1,15644,4th Street,Market St Between 5th & 4th St,58.272,37.78484,-122.406834,5,FULTON
5,1,15644,Market St Between 5th,Market St Between 5th & 4th St,58.272,37.78484,-122.406834,5,FULTON
5,1,15385,Baker Street,Mcallister St & Baker St,92.072,37.77731,-122.44185,5,FULTON
5,1,15385,Mcallister Street,Mcallister St & Baker St,92.072,37.77731,-122.44185,5,FULTON
5,1,15390,Divisadero Street,Mcallister St & Divisadero St,92.072,37.77773,-122.43851,5,FULTON
5,1,15390,Mcallister Street,Mcallister St & Divisadero St,92.072,37.77773,-122.43851,5,FULTON
5,1,15392,Fillmore Street,Mcallister St & Fillmore St,92.072,37.778618,-122.431744,5,FULTON
5,1,15392,Mcallister Street,Mcallister St & Fillmore St,92.072,37.778618,-122.431744,5,FULTON
5,1,15394,Gough Street,Mcallister St & Gough St,92.072,37.779634,-122.42325,5,FULTON
5,1,15394,Mcallister Street,Mcallister St & Gough St,92.072,37.779634,-122.42325,5,FULTON
5,1,15396,Hyde Street,Mcallister St & Hyde St,92.072,37.78061,-122.41587,5,FULTON
5,1,15396,Mcallister Street,Mcallister St & Hyde St,92.072,37.78061,-122.41587,5,FULTON
5,1,15399,Laguna Street,Mcallister St & Laguna St,92.072,37.779206,-122.42701,5,FULTON
5,1,15399,Mcallister Street,Mcallister St & Laguna St,92.072,37.779206,-122.42701,5,FULTON
5,1,17635,Leavenworth Street,Mcallister St & Leavenworth St,92.072,37.780889,-122.413587,5,FULTON
5,1,17635,Mcallister Street,Mcallister St & Leavenworth St,92.072,37.780889,-122.413587,5,FULTON
5,1,15401,Mcallister Street,Mcallister St & Pierce St,92.072,37.77815,-122.43519,5,FULTON
5,1,15401,Pierce Street,Mcallister St & Pierce St,92.072,37.77815,-122.43519,5,FULTON
5,1,15405,Mcallister Street,Mcallister St & Van Ness Ave,92.072,37.780052,-122.420178,5,FULTON
5,1,15405,Van Ness Avenue,Mcallister St & Van Ness Ave,92.072,37.780052,-122.420178,5,FULTON
5,1,17914,[UNKNOWN],Transit Center Bay B,50.762,37.790091,-122.395688,5,FULTON
52,0,13696,Bosworth Street,Bosworth St & Diamond St,100.0,37.733488,-122.43408,52,EXCELSIOR
52,0,13696,Diamond Street,Bosworth St & Diamond St,100.0,37.733488,-122.43408,52,EXCELSIOR
52,0,13759,Athens Street,Brazil Ave & Athens St,100.0,37.72166,-122.42857,52,EXCELSIOR
52,0,13759,Brazil Avenue,Brazil Ave & Athens St,100.0,37.72166,-122.42857,52,EXCELSIOR
52,0,13763,Brazil Avenue,Brazil Ave & Moscow St,100.0,37.72128,-122.42776,52,EXCELSIOR
52,0,13763,Moscow Street,Brazil Ave & Moscow St,100.0,37.72128,-122.42776,52,EXCELSIOR
52,0,13764,Brazil Avenue,Brazil Ave & Munich St,100.0,37.7209,-122.42699,52,EXCELSIOR
52,0,13764,Munich Street,Brazil Ave & Munich St,100.0,37.7209,-122.42699,52,EXCELSIOR
52,0,13767,Brazil Avenue,Brazil Ave & Prague St,100.0,37.72052,-122.42616,52,EXCELSIOR
52,0,13767,Prague Street,Brazil Ave & Prague St,100.0,37.72052,-122.42616,52,EXCELSIOR
52,0,14072,Clipper Street,Clipper St & Portola Dr,100.0,37.7467,-122.445,52,EXCELSIOR
52,0,14072,Portola Drive,Clipper St & Portola Dr,100.0,37.7467,-122.445,52,EXCELSIOR
52,0,14362,Berkeley Way,Diamond Heights Blvd & Berkeley Way,100.0,37.7386,-122.4369,52,EXCELSIOR
52,0,14362,Diamond Heights Boulevard,Diamond Heights Blvd & Berkeley Way,100.0,37.7386,-122.4369,52,EXCELSIOR
52,0,14364,Diamond Heights Boulevard,Diamond Heights Blvd & Diamond St,100.0,37.741697,-122.435773,52,EXCELSIOR
52,0,14364,Diamond Street,Diamond Heights Blvd & Diamond St,100.0,37.741697,-122.435773,52,EXCELSIOR
52,0,14368,Diamond Heights Boulevard,Diamond Heights Blvd & Gold Mine Dr,100.0,37.74029,-122.43588,52,EXCELSIOR
52,0,14369,Diamond Heights Boulevard,Diamond Heights Blvd & Gold Mine Dr,100.0,37.74359,-122.43786,52,EXCELSIOR
52,0,14368,Gold Mine Drive,Diamond Heights Blvd & Gold Mine Dr,100.0,37.74029,-122.43588,52,EXCELSIOR
52,0,14369,Gold Mine Drive,Diamond Heights Blvd & Gold Mine Dr,100.0,37.74359,-122.43786,52,EXCELSIOR
52,0,14383,Arbor Street,Diamond St & Arbor St,100.0,37.738262,-122.434674,52,EXCELSIOR
52,0,14383,Diamond Street,Diamond St & Arbor St,100.0,37.738262,-122.434674,52,EXCELSIOR
52,0,14389,Chenery Street,Diamond St & Chenery St,100.0,37.734469,-122.433953,52,EXCELSIOR
52,0,14389,Diamond Street,Diamond St & Chenery St,100.0,37.734469,-122.433953,52,EXCELSIOR
52,0,14393,Conrad Street,Diamond St & Conrad St,100.0,37.73841,-122.43593,52,EXCELSIOR
52,0,14393,Diamond Street,Diamond St & Conrad St,100.0,37.73841,-122.43593,52,EXCELSIOR
52,0,14400,Diamond Street,Diamond St & Moffitt St,100.0,37.7388,-122.43463,52,EXCELSIOR
52,0,14400,Moffitt Street,Diamond St & Moffitt St,100.0,37.7388,-122.43463,52,EXCELSIOR
52,0,14402,Diamond Street,Diamond St & Surrey St,100.0,37.73623,-122.43444,52,EXCELSIOR
52,0,14402,Surrey Street,Diamond St & Surrey St,100.0,37.73623,-122.43444,52,EXCELSIOR
52,0,14405,Diamond Street,Diamond St & Sussex St,100.0,37.73731,-122.43475,52,EXCELSIOR
52,0,14405,Sussex Street,Diamond St & Sussex St,100.0,37.73731,-122.43475,52,EXCELSIOR
52,0,17251,Diamond St (South)/Diamond Hts,Diamond St (South)/Diamond Hts,100.0,37.738199,-122.437424,52,EXCELSIOR
52,0,10913,Dublin Street,Dublin St & La Grande Ave,100.0,37.719192,-122.425802,52,EXCELSIOR
52,0,10913,La Grande Avenue,Dublin St & La Grande Ave,100.0,37.719192,-122.425802,52,EXCELSIOR
52,0,14453,Amber Drive,Duncan St & Amber Dr,100.0,37.7452,-122.44141,52,EXCELSIOR
52,0,17228,Amber Drive,Duncan St & Amber Dr,100.0,37.746016,-122.443483,52,EXCELSIOR
52,0,14453,Duncan Street,Duncan St & Amber Dr,100.0,37.7452,-122.44141,52,EXCELSIOR
52,0,17228,Duncan Street,Duncan St & Amber Dr,100.0,37.746016,-122.443483,52,EXCELSIOR
52,0,14454,Cameo Way,Duncan St & Cameo Way,100.0,37.74519,-122.44304,52,EXCELSIOR
52,0,14454,Duncan Street,Duncan St & Cameo Way,100.0,37.74519,-122.44304,52,EXCELSIOR
52,0,14455,Diamond Heights Boulevard,Duncan St & Diamond Heights Blvd,100.0,37.74526,-122.44029,52,EXCELSIOR
52,0,14455,Duncan Street,Duncan St & Diamond Heights Blvd,100.0,37.74526,-122.44029,52,EXCELSIOR
52,0,14571,Excelsior Avenue,Excelsior Ave & Madrid St,100.0,37.72475,-122.43059,52,EXCELSIOR
52,0,14571,Madrid Street,Excelsior Ave & Madrid St,100.0,37.72475,-122.43059,52,EXCELSIOR
52,0,14572,Excelsior Avenue,Excelsior Ave & Mission St,100.0,37.726162,-122.433577,52,EXCELSIOR
52,0,14572,Mission Street,Excelsior Ave & Mission St,100.0,37.726162,-122.433577,52,EXCELSIOR
52,0,14573,Excelsior Avenue,Excelsior Ave & Naples St,100.0,37.72399,-122.42899,52,EXCELSIOR
52,0,14573,Naples Street,Excelsior Ave & Naples St,100.0,37.72399,-122.42899,52,EXCELSIOR
52,0,14574,Excelsior Avenue,Excelsior Ave & Paris St,100.0,37.72552,-122.43219,52,EXCELSIOR
52,0,14574,Paris Street,Excelsior Ave & Paris St,100.0,37.72552,-122.43219,52,EXCELSIOR
52,0,15247,Laguna Honda Blvd/Forest Hill Sta,Laguna Honda Blvd/Forest Hill Sta,100.0,37.748121,-122.45887,52,EXCELSIOR
52,0,15330,Alemany Boulevard,Lyell St & Alemany Blvd,100.0,37.730641,-122.431331,52,EXCELSIOR
52,0,15330,Lyell Street,Lyell St & Alemany Blvd,100.0,37.730641,-122.431331,52,EXCELSIOR
52,0,15621,Mission Street,Mission St & Silver Ave,100.0,37.728723,-122.431354,52,EXCELSIOR
52,0,15621,Silver Avenue,Mission St & Silver Ave,100.0,37.728723,-122.431354,52,EXCELSIOR
52,0,15476,Brazil Avenue,Naples St & Brazil Ave,100.0,37.72251,-122.43002,52,EXCELSIOR
52,0,15476,Naples Street,Naples St & Brazil Ave,100.0,37.72251,-122.43002,52,EXCELSIOR
52,0,16112,Glenview Drive,Portola Dr & Glenview Dr,100.0,37.74636,-122.44764,52,EXCELSIOR
52,0,16112,Portola Drive,Portola Dr & Glenview Dr,100.0,37.74636,-122.44764,52,EXCELSIOR
52,0,16082,Persia Avenue,Prague St & Persia Ave,100.0,37.71903,-122.42718,52,EXCELSIOR
52,0,16082,Prague Street,Prague St & Persia Ave,100.0,37.71903,-122.42718,52,EXCELSIOR
52,0,16394,Alemany Boulevard,Silver Ave & Alemany Blvd,100.0,37.729589,-122.433175,52,EXCELSIOR
52,0,16394,Silver Avenue,Silver Ave & Alemany Blvd,100.0,37.729589,-122.433175,52,EXCELSIOR
52,0,16933,Balceta Avenue,Woodside Ave & Balceta Ave,100.0,37.746489,-122.456441,52,EXCELSIOR
52,0,16933,Woodside Avenue,Woodside Ave & Balceta Ave,100.0,37.746489,-122.456441,52,EXCELSIOR
52,0,16935,Hernandez Avenue,Woodside Ave & Hernandez Ave,100.0,37.746283,-122.455593,52,EXCELSIOR
52,0,16935,Woodside Avenue,Woodside Ave & Hernandez Ave,100.0,37.746283,-122.455593,52,EXCELSIOR
52,0,16938,Portola Drive,Woodside Ave & Portola Dr,100.0,37.745623,-122.452225,52,EXCELSIOR
52,0,16938,Woodside Avenue,Woodside Ave & Portola Dr,100.0,37.745623,-122.452225,52,EXCELSIOR
52,0,16940,Ulloa Street,Woodside Ave & Ulloa St,100.0,37.745695,-122.454058,52,EXCELSIOR
52,0,16940,Woodside Avenue,Woodside Ave & Ulloa St,100.0,37.745695,-122.454058,52,EXCELSIOR
52,1,14359,5157 Diamond Heights Boulevard,5157 Diamond Heights Blvd,100.0,37.74693,-122.4402,52,EXCELSIOR
52,1,13695,Bosworth Street,Bosworth St & Diamond St,100.0,37.733595,-122.434011,52,EXCELSIOR
52,1,13695,Diamond Street,Bosworth St & Diamond St,100.0,37.733595,-122.434011,52,EXCELSIOR
52,1,13758,Athens Street,Brazil Ave & Athens St,100.0,37.72162,-122.42829,52,EXCELSIOR
52,1,13758,Brazil Avenue,Brazil Ave & Athens St,100.0,37.72162,-122.42829,52,EXCELSIOR
52,1,13760,Brazil Avenue,Brazil Ave & Madrid St,100.0,37.72314,-122.43151,52,EXCELSIOR
52,1,13760,Madrid Street,Brazil Ave & Madrid St,100.0,37.72314,-122.43151,52,EXCELSIOR
52,1,13761,Brazil Avenue,Brazil Ave & Mission St,100.0,37.724717,-122.434654,52,EXCELSIOR
52,1,13761,Mission Street,Brazil Ave & Mission St,100.0,37.724717,-122.434654,52,EXCELSIOR
52,1,13762,Brazil Avenue,Brazil Ave & Moscow St,100.0,37.72122,-122.42748,52,EXCELSIOR
52,1,13762,Moscow Street,Brazil Ave & Moscow St,100.0,37.72122,-122.42748,52,EXCELSIOR
52,1,13765,Brazil Avenue,Brazil Ave & Naples St,100.0,37.72238,-122.4299,52,EXCELSIOR
52,1,13765,Naples Street,Brazil Ave & Naples St,100.0,37.72238,-122.4299,52,EXCELSIOR
52,1,13766,Brazil Avenue,Brazil Ave & Paris St,100.0,37.723958,-122.433085,52,EXCELSIOR
52,1,13766,Paris Street,Brazil Ave & Paris St,100.0,37.723958,-122.433085,52,EXCELSIOR
52,1,17248,Brazil Avenue,Brazil Ave & Prague St,100.0,37.720522,-122.425882,52,EXCELSIOR
52,1,17248,Prague Street,Brazil Ave & Prague St,100.0,37.720522,-122.425882,52,EXCELSIOR
52,1,14360,Addison Street,Diamond Heights Blvd & Addison St,100.0,37.740198,-122.435762,52,EXCELSIOR
52,1,14360,Diamond Heights Boulevard,Diamond Heights Blvd & Addison St,100.0,37.740198,-122.435762,52,EXCELSIOR
52,1,14361,Berkeley,Diamond Heights Blvd & Berkeley,100.0,37.73867,-122.43668,52,EXCELSIOR
52,1,14361,Diamond Heights Boulevard,Diamond Heights Blvd & Berkeley,100.0,37.73867,-122.43668,52,EXCELSIOR
52,1,14363,Diamond Heights Boulevard,Diamond Heights Blvd & Diamond St,100.0,37.74185,-122.43566,52,EXCELSIOR
52,1,14363,Diamond Street,Diamond Heights Blvd & Diamond St,100.0,37.74185,-122.43566,52,EXCELSIOR
52,1,14366,Diamond Heights Boulevard,Diamond Heights Blvd & Duncan St,100.0,37.745239,-122.439852,52,EXCELSIOR
52,1,17229,Diamond Heights Boulevard,Diamond Heights Blvd & Duncan St,100.0,37.746676,-122.443208,52,EXCELSIOR
52,1,14366,Duncan Street,Diamond Heights Blvd & Duncan St,100.0,37.745239,-122.439852,52,EXCELSIOR
52,1,17229,Duncan Street,Diamond Heights Blvd & Duncan St,100.0,37.746676,-122.443208,52,EXCELSIOR
52,1,14367,Diamond Heights Boulevard,Diamond Heights Blvd & Gold Mine Dr,100.0,37.74363,-122.43751,52,EXCELSIOR
52,1,14367,Gold Mine Drive,Diamond Heights Blvd & Gold Mine Dr,100.0,37.74363,-122.43751,52,EXCELSIOR
52,1,14382,Arbor Street,Diamond St & Arbor St,100.0,37.738681,-122.434468,52,EXCELSIOR
52,1,14382,Diamond Street,Diamond St & Arbor St,100.0,37.738681,-122.434468,52,EXCELSIOR
52,1,14388,Chenery Street,Diamond St & Chenery St,100.0,37.73446,-122.433839,52,EXCELSIOR
52,1,14388,Diamond Street,Diamond St & Chenery St,100.0,37.73446,-122.433839,52,EXCELSIOR
52,1,14392,Conrad Street,Diamond St & Conrad St,100.0,37.7383,-122.4363,52,EXCELSIOR
52,1,14392,Diamond Street,Diamond St & Conrad St,100.0,37.7383,-122.4363,52,EXCELSIOR
52,1,14395,Diamond Heights Boulevard,Diamond St & Diamond Heights Blvd,100.0,37.73822,-122.43726,52,EXCELSIOR
52,1,14395,Diamond Street,Diamond St & Diamond Heights Blvd,100.0,37.73822,-122.43726,52,EXCELSIOR
52,1,14401,Diamond Street,Diamond St & Moffitt St,100.0,37.73889,-122.4346,52,EXCELSIOR
52,1,14401,Moffitt Street,Diamond St & Moffitt St,100.0,37.73889,-122.4346,52,EXCELSIOR
52,1,14403,Diamond Street,Diamond St & Surrey St,100.0,37.73608,-122.43433,52,EXCELSIOR
52,1,14403,Surrey Street,Diamond St & Surrey St,100.0,37.73608,-122.43433,52,EXCELSIOR
52,1,14404,Diamond Street,Diamond St & Sussex St,100.0,37.737262,-122.434652,52,EXCELSIOR
52,1,14404,Sussex Street,Diamond St & Sussex St,100.0,37.737262,-122.434652,52,EXCELSIOR
52,1,10913,Dublin Street,Dublin St & La Grande Ave,100.0,37.719192,-122.425802,52,EXCELSIOR
52,1,10913,La Grande Avenue,Dublin St & La Grande Ave,100.0,37.719192,-122.425802,52,EXCELSIOR
52,1,15244,Dewey Boulevard,Laguna Honda Blvd & Dewey Blvd,100.0,37.747229,-122.459076,52,EXCELSIOR
52,1,15244,Laguna Honda Boulevard,Laguna Honda Blvd & Dewey Blvd,100.0,37.747229,-122.459076,52,EXCELSIOR
52,1,15247,Laguna Honda Blvd/Forest Hill Sta,Laguna Honda Blvd/Forest Hill Sta,100.0,37.748121,-122.45887,52,EXCELSIOR
52,1,15586,Excelsior Avenue,Mission St & Excelsior Ave,100.0,37.726355,-122.43351,52,EXCELSIOR
52,1,15586,Mission Street,Mission St & Excelsior Ave,100.0,37.726355,-122.43351,52,EXCELSIOR
52,1,16015,Glenview Drive,Portola Dr & Glenview Dr,100.0,37.746462,-122.447917,52,EXCELSIOR
52,1,16015,Portola Drive,Portola Dr & Glenview Dr,100.0,37.746462,-122.447917,52,EXCELSIOR
52,1,16212,Cayuga Avenue,Rousseau St & Cayuga Ave,100.0,37.731399,-122.429647,52,EXCELSIOR
52,1,16212,Rousseau Street,Rousseau St & Cayuga Ave,100.0,37.731399,-122.429647,52,EXCELSIOR
52,1,16393,Alemany Boulevard,Silver Ave & Alemany Blvd,100.0,37.729794,-122.433256,52,EXCELSIOR
52,1,16393,Silver Avenue,Silver Ave & Alemany Blvd,100.0,37.729794,-122.433256,52,EXCELSIOR
52,1,16413,Mission Street,Silver Ave & Mission St,100.0,37.728901,-122.4314,52,EXCELSIOR
52,1,16413,Silver Avenue,Silver Ave & Mission St,100.0,37.728901,-122.4314,52,EXCELSIOR
52,1,16509,Lyell Street,Still St & Lyell St,100.0,37.731823,-122.431509,52,EXCELSIOR
52,1,16509,Still Street,Still St & Lyell St,100.0,37.731823,-122.431509,52,EXCELSIOR
52,1,16934,Hernandez Avenue,Woodside Ave & Hernandez Ave,100.0,37.74638,-122.45535,52,EXCELSIOR
52,1,16934,Woodside Avenue,Woodside Ave & Hernandez Ave,100.0,37.74638,-122.45535,52,EXCELSIOR
52,1,16937,Portola Drive,Woodside Ave & Portola Dr,100.0,37.745766,-122.452431,52,EXCELSIOR
52,1,16937,Woodside Avenue,Woodside Ave & Portola Dr,100.0,37.745766,-122.452431,52,EXCELSIOR
52,1,16939,Ulloa Street,Woodside Ave & Ulloa St,100.0,37.745766,-122.453829,52,EXCELSIOR
52,1,16939,Woodside Avenue,Woodside Ave & Ulloa St,100.0,37.745766,-122.453829,52,EXCELSIOR
54,0,16321,274 Sagamore Street,274 Sagamore St,100.0,37.71144,-122.46156,54,FELTON
54,0,13129,3rd Street,3rd St & Innes Ave,100.0,37.73932,-122.38926,54,FELTON
54,0,13129,Innes Avenue,3rd St & Innes Ave,100.0,37.73932,-122.38926,54,FELTON
54,0,13135,3rd Street,3rd St & Kirkwood Ave,100.0,37.737927,-122.389619,54,FELTON
54,0,13135,Kirkwood Avenue,3rd St & Kirkwood Ave,100.0,37.737927,-122.389619,54,FELTON
54,0,13143,3rd Street,3rd St & Oakdale Ave,100.0,37.734787,-122.390721,54,FELTON
54,0,13143,Oakdale Avenue,3rd St & Oakdale Ave,100.0,37.734787,-122.390721,54,FELTON
54,0,13621,Alemany Boulevard,Alemany Blvd & Arch St,100.0,37.71163,-122.4669,54,FELTON
54,0,13621,Arch Street,Alemany Blvd & Arch St,100.0,37.71163,-122.4669,54,FELTON
54,0,13630,Alemany Boulevard,Alemany Blvd & Victoria St,100.0,37.71183,-122.46507,54,FELTON
54,0,13630,Victoria Street,Alemany Blvd & Victoria St,100.0,37.71183,-122.46507,54,FELTON
54,0,13681,Avalon Avenue,Avalon Ave & La Grande Ave,100.0,37.724867,-122.424128,54,FELTON
54,0,13681,La Grande Avenue,Avalon Ave & La Grande Ave,100.0,37.724867,-122.424128,54,FELTON
54,0,13685,Bacon Street,Bacon St & Girard St,100.0,37.72744,-122.40451,54,FELTON
54,0,13685,Girard Street,Bacon St & Girard St,100.0,37.72744,-122.40451,54,FELTON
54,0,13687,Bacon Street,Bacon St & Goettingen St,100.0,37.72691,-122.40648,54,FELTON
54,0,13687,Goettingen Street,Bacon St & Goettingen St,100.0,37.72691,-122.40648,54,FELTON
54,0,13018,Bacon Street,Bacon St & San Bruno Ave,100.0,37.727859,-122.402994,54,FELTON
54,0,13018,San Bruno Avenue,Bacon St & San Bruno Ave,100.0,37.727859,-122.402994,54,FELTON
54,0,13020,Bacon Street,Bacon St & Somerset St,100.0,37.72667,-122.40746,54,FELTON
54,0,13020,Somerset Street,Bacon St & Somerset St,100.0,37.72667,-122.40746,54,FELTON
54,0,13721,Bridge View Drive,Bridge View Dr & Scotia Ave,100.0,37.73184,-122.3994,54,FELTON
54,0,13721,Scotia Avenue,Bridge View Dr & Scotia Ave,100.0,37.73184,-122.3994,54,FELTON
54,0,17606,Daly City BART West Station Road,Daly City BART West Station Rd,100.0,37.706431,-122.46916,54,FELTON
54,0,14581,Amherst Street,Felton St & Amherst St,100.0,37.72702,-122.41634,54,FELTON
54,0,14581,Felton Street,Felton St & Amherst St,100.0,37.72702,-122.41634,54,FELTON
54,0,14583,Cambridge Street,Felton St & Cambridge St,100.0,37.7264,-122.41874,54,FELTON
54,0,14583,Felton Street,Felton St & Cambridge St,100.0,37.7264,-122.41874,54,FELTON
54,0,14587,Felton Street,Felton St & Harvard St,100.0,37.72597,-122.42028,54,FELTON
54,0,14587,Harvard Street,Felton St & Harvard St,100.0,37.72597,-122.42028,54,FELTON
54,0,14589,Felton Street,Felton St & Madison St,100.0,37.725598,-122.422043,54,FELTON
54,0,14589,Madison Street,Felton St & Madison St,100.0,37.725598,-122.422043,54,FELTON
54,0,14593,Felton Street,Felton St & Peru Ave,100.0,37.7252,-122.42324,54,FELTON
54,0,14593,Peru Avenue,Felton St & Peru Ave,100.0,37.7252,-122.42324,54,FELTON
54,0,14810,Cayuga Avenue,Geneva Ave & Cayuga Ave,100.0,37.718927,-122.443554,54,FELTON
54,0,14810,Geneva Avenue,Geneva Ave & Cayuga Ave,100.0,37.718927,-122.443554,54,FELTON
54,0,14884,Geneva Avenue,Geneva Ave & Madrid St,100.0,37.715143,-122.438034,54,FELTON
54,0,14884,Madrid Street,Geneva Ave & Madrid St,100.0,37.715143,-122.438034,54,FELTON
54,0,14886,Geneva Avenue,Geneva Ave & Mission St,100.0,37.716473,-122.440874,54,FELTON
54,0,14886,Mission Street,Geneva Ave & Mission St,100.0,37.716473,-122.440874,54,FELTON
54,0,14889,Geneva Avenue,Geneva Ave & Moscow St,100.0,37.713332,-122.433957,54,FELTON
54,0,14889,Moscow Street,Geneva Ave & Moscow St,100.0,37.713332,-122.433957,54,FELTON
54,0,14890,Geneva Avenue,Geneva Ave & Naples St,100.0,37.714358,-122.436339,54,FELTON
54,0,14890,Naples Street,Geneva Ave & Naples St,100.0,37.714358,-122.436339,54,FELTON
54,0,14803,Geneva Ave/Balboa Park BART,Geneva Ave/Balboa Park BART,100.0,37.720801,-122.446738,54,FELTON
54,0,14911,Grafton Avenue,Grafton Ave & Harold Ave,100.0,37.72008,-122.453,54,FELTON
54,0,14911,Harold Avenue,Grafton Ave & Harold Ave,100.0,37.72008,-122.453,54,FELTON
54,0,17249,Grafton Avenue,Grafton Ave At Plymouth Ave,100.0,37.72014,-122.455923,54,FELTON
54,0,17249,Plymouth Avenue,Grafton Ave At Plymouth Ave,100.0,37.72014,-122.455923,54,FELTON
54,0,15029,Holyoke Street,Holyoke St & Wayland St,100.0,37.72522,-122.40812,54,FELTON
54,0,15029,Wayland Street,Holyoke St & Wayland St,100.0,37.72522,-122.40812,54,FELTON
54,0,15038,Geneva Avenue,Howth St & Geneva Ave,100.0,37.72193,-122.45028,54,FELTON
54,0,15038,Howth Street,Howth St & Geneva Ave,100.0,37.72193,-122.45028,54,FELTON
54,0,15039,Howth Street,Howth St & Mt Vernon Ave,100.0,37.71978,-122.45164,54,FELTON
54,0,15039,Mt Vernon Avenue,Howth St & Mt Vernon Ave,100.0,37.71978,-122.45164,54,FELTON
54,0,15040,Howth Street,Howth St & Niagra Ave,100.0,37.72063,-122.4511,54,FELTON
54,0,15040,Niagra Avenue,Howth St & Niagra Ave,100.0,37.72063,-122.4511,54,FELTON
54,0,15111,Ingalls Street,Ingalls St & Thomas Ave,100.0,37.72735,-122.38563,54,FELTON
54,0,15111,Thomas Avenue,Ingalls St & Thomas Ave,100.0,37.72735,-122.38563,54,FELTON
54,0,15114,Ingalls Street,Ingalls St & Van Dyke Ave,100.0,37.72611,-122.38677,54,FELTON
54,0,15114,Van Dyke Avenue,Ingalls St & Van Dyke Ave,100.0,37.72611,-122.38677,54,FELTON
54,0,15698,Brazil Avenue,Moscow St & Brazil Ave,100.0,37.72136,-122.42762,54,FELTON
54,0,15698,Moscow Street,Moscow St & Brazil Ave,100.0,37.72136,-122.42762,54,FELTON
54,0,15699,Excelsior Avenue,Moscow St & Excelsior Ave,100.0,37.7229,-122.42647,54,FELTON
54,0,15699,Moscow Street,Moscow St & Excelsior Ave,100.0,37.7229,-122.42647,54,FELTON
54,0,15700,France Avenue,Moscow St & France Ave,100.0,37.71669,-122.43113,54,FELTON
54,0,15700,Moscow Street,Moscow St & France Ave,100.0,37.71669,-122.43113,54,FELTON
54,0,15702,Italy Avenue,Moscow St & Italy Ave,100.0,37.71513,-122.4323,54,FELTON
54,0,15702,Moscow Street,Moscow St & Italy Ave,100.0,37.71513,-122.4323,54,FELTON
54,0,15703,Moscow Street,Moscow St & Persia Ave,100.0,37.719823,-122.42876,54,FELTON
54,0,15703,Persia Avenue,Moscow St & Persia Ave,100.0,37.719823,-122.42876,54,FELTON
54,0,17772,Hudson,Newhall St & Hudson,100.0,37.73997,-122.388403,54,FELTON
54,0,17772,Newhall Street,Newhall St & Hudson,100.0,37.73997,-122.388403,54,FELTON
54,0,15921,Persia Avenue,Persia Ave & Prague St,100.0,37.718934,-122.427348,54,FELTON
54,0,15921,Prague Street,Persia Ave & Prague St,100.0,37.718934,-122.427348,54,FELTON
54,0,15931,Carroll Avenue,Phelps St & Carroll Ave,100.0,37.72912,-122.40101,54,FELTON
54,0,15931,Phelps Street,Phelps St & Carroll Ave,100.0,37.72912,-122.40101,54,FELTON
54,0,15933,Egbert Avenue,Phelps St & Egbert Ave,100.0,37.72808,-122.40193,54,FELTON
54,0,15933,Phelps Street,Phelps St & Egbert Ave,100.0,37.72808,-122.40193,54,FELTON
54,0,17230,Broad Street,Plymouth Ave & Broad St,100.0,37.713279,-122.456174,54,FELTON
54,0,17230,Plymouth Avenue,Plymouth Ave & Broad St,100.0,37.713279,-122.456174,54,FELTON
54,0,15964,Lakeview Avenue,Plymouth Ave & Lakeview Ave,100.0,37.718454,-122.456209,54,FELTON
54,0,15964,Plymouth Avenue,Plymouth Ave & Lakeview Ave,100.0,37.718454,-122.456209,54,FELTON
54,0,15965,Lobos Street,Plymouth Ave & Lobos St,100.0,37.71501,-122.45613,54,FELTON
54,0,15965,Plymouth Avenue,Plymouth Ave & Lobos St,100.0,37.71501,-122.45613,54,FELTON
54,0,15972,Montana Street,Plymouth Ave & Montana St,100.0,37.71666,-122.456129,54,FELTON
54,0,15972,Plymouth Avenue,Plymouth Ave & Montana St,100.0,37.71666,-122.456129,54,FELTON
54,0,15977,Plymouth Avenue,Plymouth Ave & Sagamore St,100.0,37.71155,-122.45608,54,FELTON
54,0,15977,Sagamore Street,Plymouth Ave & Sagamore St,100.0,37.71155,-122.45608,54,FELTON
54,0,15978,Plymouth Avenue,Plymouth Ave & Thrift St,100.0,37.71757,-122.45614,54,FELTON
54,0,15978,Thrift Street,Plymouth Ave & Thrift St,100.0,37.71757,-122.45614,54,FELTON
54,0,16085,Prague Street,Prague St & Russia Ave,100.0,37.71748,-122.42835,54,FELTON
54,0,16085,Russia Avenue,Prague St & Russia Ave,100.0,37.71748,-122.42835,54,FELTON
54,0,16184,Reddy Street,Reddy St & Thornton Ave,100.0,37.73098,-122.39504,54,FELTON
54,0,16184,Thornton Avenue,Reddy St & Thornton Ave,100.0,37.73098,-122.39504,54,FELTON
54,0,16249,3rd Street,Revere Ave & 3rd St,100.0,37.7322,-122.39123,54,FELTON
54,0,16249,Revere Avenue,Revere Ave & 3rd St,100.0,37.7322,-122.39123,54,FELTON
54,0,16250,Ingalls Street,Revere Ave & Ingalls St,100.0,37.7285,-122.38469,54,FELTON
54,0,16250,Revere Avenue,Revere Ave & Ingalls St,100.0,37.7285,-122.38469,54,FELTON
54,0,16252,Jennings Street,Revere Ave & Jennings St,100.0,37.72956,-122.38656,54,FELTON
54,0,16252,Revere Avenue,Revere Ave & Jennings St,100.0,37.72956,-122.38656,54,FELTON
54,0,16254,Lane Street,Revere Ave & Lane St,100.0,37.73169,-122.39029,54,FELTON
54,0,16254,Revere Avenue,Revere Ave & Lane St,100.0,37.73169,-122.39029,54,FELTON
54,0,16241,Moscow Street,Russia Ave & Moscow St,100.0,37.71814,-122.42985,54,FELTON
54,0,16241,Russia Avenue,Russia Ave & Moscow St,100.0,37.71814,-122.42985,54,FELTON
54,0,16322,Capitol Avenue,Sagamore St & Capitol Ave,100.0,37.71149,-122.45888,54,FELTON
54,0,16322,Sagamore Street,Sagamore St & Capitol Ave,100.0,37.71149,-122.45888,54,FELTON
54,0,16484,Alemany Boulevard,St Charles Ave & Alemany Blvd,100.0,37.71028,-122.46933,54,FELTON
54,0,16484,St Charles Avenue,St Charles Ave & Alemany Blvd,100.0,37.71028,-122.46933,54,FELTON
54,0,16485,Belle Avenue,St Charles Ave & Belle Ave,100.0,37.70874,-122.46932,54,FELTON
54,0,16485,St Charles Avenue,St Charles Ave & Belle Ave,100.0,37.70874,-122.46932,54,FELTON
54,0,16702,Bridge View Drive,Topeka Ave & Bridge View Dr,100.0,37.7333,-122.39762,54,FELTON
54,0,16702,Topeka Avenue,Topeka Ave & Bridge View Dr,100.0,37.7333,-122.39762,54,FELTON
54,0,16703,Newhall Street,Topeka Ave & Newhall St,100.0,37.7318,-122.39555,54,FELTON
54,0,16703,Topeka Avenue,Topeka Ave & Newhall St,100.0,37.7318,-122.39555,54,FELTON
54,0,16789,Bacon Street,University St & Bacon St,100.0,37.72499,-122.41339,54,FELTON
54,0,16789,University Street,University St & Bacon St,100.0,37.72499,-122.41339,54,FELTON
54,0,16792,Felton Street,University St & Felton St,100.0,37.72739,-122.41439,54,FELTON
54,0,16792,University Street,University St & Felton St,100.0,37.72739,-122.41439,54,FELTON
54,0,16839,Jennings Street,Van Dyke Ave & Jennings St,100.0,37.72703,-122.38854,54,FELTON
54,0,16839,Van Dyke Avenue,Van Dyke Ave & Jennings St,100.0,37.72703,-122.38854,54,FELTON
54,0,16841,Keith Street,Van Dyke Ave & Keith St,100.0,37.72808,-122.39042,54,FELTON
54,0,16841,Van Dyke Avenue,Van Dyke Ave & Keith St,100.0,37.72808,-122.39042,54,FELTON
54,0,16844,Phelps Street,Vesta St & Phelps St,100.0,37.73037,-122.39991,54,FELTON
54,0,16844,Vesta Street,Vesta St & Phelps St,100.0,37.73037,-122.39991,54,FELTON
54,0,16968,3rd Street,Williams Ave & 3rd St,100.0,37.72938,-122.39295,54,FELTON
54,0,16968,Williams Avenue,Williams Ave & 3rd St,100.0,37.72938,-122.39295,54,FELTON
54,0,16970,Reddy Street,Williams Ave & Reddy St,100.0,37.72973,-122.39525,54,FELTON
54,0,16970,Williams Avenue,Williams Ave & Reddy St,100.0,37.72973,-122.39525,54,FELTON
54,0,16971,Bowdoin Street,Woolsey St & Bowdoin St,100.0,37.72349,-122.40941,54,FELTON
54,0,16971,Woolsey Street,Woolsey St & Bowdoin St,100.0,37.72349,-122.40941,54,FELTON
54,0,16978,Hamilton Street,Woolsey St & Hamilton St,100.0,37.72374,-122.40841,54,FELTON
54,0,16978,Woolsey Street,Woolsey St & Hamilton St,100.0,37.72374,-122.40841,54,FELTON
54,0,16980,University Street,Woolsey St & University St,100.0,37.72271,-122.41238,54,FELTON
54,0,16980,Woolsey Street,Woolsey St & University St,100.0,37.72271,-122.41238,54,FELTON
54,1,13127,3rd Street,3rd St & Hudson Ave,100.0,37.74012,-122.3887,54,FELTON
54,1,13127,Hudson Avenue,3rd St & Hudson Ave,100.0,37.74012,-122.3887,54,FELTON
54,1,13134,3rd Street,3rd St & La Salle Ave,100.0,37.737213,-122.389803,54,FELTON
54,1,13134,La Salle Avenue,3rd St & La Salle Ave,100.0,37.737213,-122.389803,54,FELTON
54,1,13141,3rd Street,3rd St & Palou Ave,100.0,37.734091,-122.390928,54,FELTON
54,1,13141,Palou Avenue,3rd St & Palou Ave,100.0,37.734091,-122.390928,54,FELTON
54,1,13622,Alemany Boulevard,Alemany Blvd & Arch St,99.44,37.711418,-122.46717,54,FELTON
54,1,13622,Arch Street,Alemany Blvd & Arch St,99.44,37.711418,-122.46717,54,FELTON
54,1,13628,Alemany Boulevard,Alemany Blvd & St Charles Ave,99.44,37.710359,-122.469458,54,FELTON
54,1,13628,St Charles Avenue,Alemany Blvd & St Charles Ave,99.44,37.710359,-122.469458,54,FELTON
54,1,13631,Alemany Boulevard,Alemany Blvd & Victoria St,99.44,37.711698,-122.465186,54,FELTON
54,1,13631,Victoria Street,Alemany Blvd & Victoria St,99.44,37.711698,-122.465186,54,FELTON
54,1,13680,Avalon Avenue,Avalon Ave & La Grande Ave,99.44,37.72474,-122.42422,54,FELTON
54,1,13680,La Grande Avenue,Avalon Ave & La Grande Ave,99.44,37.72474,-122.42422,54,FELTON
54,1,13682,Avalon Avenue,Avalon Ave & Peru Ave,99.44,37.72508,-122.42342,54,FELTON
54,1,13682,Peru Avenue,Avalon Ave & Peru Ave,99.44,37.72508,-122.42342,54,FELTON
54,1,13686,Bacon Street,Bacon St & Girard St,99.44,37.72732,-122.4047,54,FELTON
54,1,13686,Girard Street,Bacon St & Girard St,99.44,37.72732,-122.4047,54,FELTON
54,1,13688,Bacon Street,Bacon St & Goettingen St,99.44,37.7268,-122.40667,54,FELTON
54,1,13688,Goettingen Street,Bacon St & Goettingen St,99.44,37.7268,-122.40667,54,FELTON
54,1,13019,Bacon Street,Bacon St & San Bruno Ave,100.0,37.727645,-122.403269,54,FELTON
54,1,13019,San Bruno Avenue,Bacon St & San Bruno Ave,100.0,37.727645,-122.403269,54,FELTON
54,1,13021,Bacon Street,Bacon St & Somerset St,99.44,37.72654,-122.40766,54,FELTON
54,1,13021,Somerset Street,Bacon St & Somerset St,99.44,37.72654,-122.40766,54,FELTON
54,1,13722,Bridge View Drive,Bridge View Dr & Topeka Ave,100.0,37.7332,-122.39769,54,FELTON
54,1,13722,Topeka Avenue,Bridge View Dr & Topeka Ave,100.0,37.7332,-122.39769,54,FELTON
54,1,13920,Cashmere Street,Cashmere St & Hudson Ave,100.0,37.73573,-122.38354,54,FELTON
54,1,13920,Hudson Avenue,Cashmere St & Hudson Ave,100.0,37.73573,-122.38354,54,FELTON
54,1,13921,Cashmere Street,Cashmere St & La Salle Ave,100.0,37.73585,-122.38695,54,FELTON
54,1,13921,La Salle Avenue,Cashmere St & La Salle Ave,100.0,37.73585,-122.38695,54,FELTON
54,1,13922,Cashmere Street,Cashmere St & Whitney Young Cir,100.0,37.7366,-122.38588,54,FELTON
54,1,13922,Whitney Young Circle,Cashmere St & Whitney Young Cir,100.0,37.7366,-122.38588,54,FELTON
54,1,17606,Daly City BART West Station Road,Daly City BART West Station Rd,99.44,37.706431,-122.46916,54,FELTON
54,1,14456,Earl Street,Earl St & Kirkwood Ave,100.0,37.728779,-122.37313,54,FELTON
54,1,14456,Kirkwood Avenue,Earl St & Kirkwood Ave,100.0,37.728779,-122.37313,54,FELTON
54,1,14582,Amherst Street,Felton St & Amherst St,99.44,37.72688,-122.41653,54,FELTON
54,1,14582,Felton Street,Felton St & Amherst St,99.44,37.72688,-122.41653,54,FELTON
54,1,14584,Cambridge Street,Felton St & Cambridge St,99.44,37.72637,-122.41851,54,FELTON
54,1,14584,Felton Street,Felton St & Cambridge St,99.44,37.72637,-122.41851,54,FELTON
54,1,14588,Felton Street,Felton St & Harvard St,99.44,37.72586,-122.42046,54,FELTON
54,1,14588,Harvard Street,Felton St & Harvard St,99.44,37.72586,-122.42046,54,FELTON
54,1,14590,Felton Street,Felton St & Madison St,99.44,37.72543,-122.42211,54,FELTON
54,1,14590,Madison Street,Felton St & Madison St,99.44,37.72543,-122.42211,54,FELTON
54,1,14596,Felton Street,Felton St & University St,99.44,37.7274,-122.41457,54,FELTON
54,1,14596,University Street,Felton St & University St,99.44,37.7274,-122.41457,54,FELTON
54,1,14811,Cayuga Avenue,Geneva Ave & Cayuga Ave,99.44,37.718722,-122.443554,54,FELTON
54,1,14811,Geneva Avenue,Geneva Ave & Cayuga Ave,99.44,37.718722,-122.443554,54,FELTON
54,1,14883,Geneva Avenue,Geneva Ave & Madrid St,99.44,37.714768,-122.437587,54,FELTON
54,1,14883,Madrid Street,Geneva Ave & Madrid St,99.44,37.714768,-122.437587,54,FELTON
54,1,17671,Geneva Avenue,Geneva Ave & Mission St,99.44,37.716419,-122.441012,54,FELTON
54,1,17671,Mission Street,Geneva Ave & Mission St,99.44,37.716419,-122.441012,54,FELTON
54,1,14891,Geneva Avenue,Geneva Ave & Naples St,99.44,37.714028,-122.435961,54,FELTON
54,1,14891,Naples Street,Geneva Ave & Naples St,99.44,37.714028,-122.435961,54,FELTON
54,1,14805,Geneva Ave/Balboa Park BART,Geneva Ave/Balboa Park BART,99.44,37.720952,-122.447379,54,FELTON
54,1,17838,Burrows Street,Girard St & Burrows St,0.56,37.727994,-122.404941,54,FELTON
54,1,17838,Girard Street,Girard St & Burrows St,0.56,37.727994,-122.404941,54,FELTON
54,1,14913,Grafton Avenue,Grafton Ave & Lee St,99.44,37.71999,-122.45421,54,FELTON
54,1,14913,Lee Street,Grafton Ave & Lee St,99.44,37.71999,-122.45421,54,FELTON
54,1,15030,Holyoke Street,Holyoke St & Wayland St,99.44,37.72507,-122.40798,54,FELTON
54,1,15030,Wayland Street,Holyoke St & Wayland St,99.44,37.72507,-122.40798,54,FELTON
54,1,15042,Ardath Court,Hudson Ave & Ardath Ct,100.0,37.734537,-122.383,54,FELTON
54,1,15042,Hudson Avenue,Hudson Ave & Ardath Ct,100.0,37.734537,-122.383,54,FELTON
54,1,15043,Cashmere Street,Hudson Ave & Cashmere St,100.0,37.735958,-122.383545,54,FELTON
54,1,15043,Hudson Avenue,Hudson Ave & Cashmere St,100.0,37.735958,-122.383545,54,FELTON
54,1,15045,Hudson Avenue,Hudson Ave & Ingalls St,100.0,37.73239,-122.379692,54,FELTON
54,1,15045,Ingalls Street,Hudson Ave & Ingalls St,100.0,37.73239,-122.379692,54,FELTON
54,1,15046,Hudson Avenue,Hudson Ave & Keith St,100.0,37.7377,-122.38412,54,FELTON
54,1,15047,Hudson Avenue,Hudson Ave & Keith St,100.0,37.73759,-122.38416,54,FELTON
54,1,15046,Keith Street,Hudson Ave & Keith St,100.0,37.7377,-122.38412,54,FELTON
54,1,15047,Keith Street,Hudson Ave & Keith St,100.0,37.73759,-122.38416,54,FELTON
54,1,15048,Hudson Avenue,Hudson Ave & Mendell St,100.0,37.73896,-122.38628,54,FELTON
54,1,15049,Hudson Avenue,Hudson Ave & Mendell St,100.0,37.739,-122.38654,54,FELTON
54,1,15048,Mendell Street,Hudson Ave & Mendell St,100.0,37.73896,-122.38628,54,FELTON
54,1,15049,Mendell Street,Hudson Ave & Mendell St,100.0,37.739,-122.38654,54,FELTON
54,1,15051,Hudson Avenue,Hudson Ave & Whitney Young Cir,100.0,37.733355,-122.38212,54,FELTON
54,1,15051,Whitney Young Circle,Hudson Ave & Whitney Young Cir,100.0,37.733355,-122.38212,54,FELTON
54,1,15106,Beatrice Lane,Ingalls St & Beatrice Ln,100.0,37.73058,-122.38034,54,FELTON
54,1,15106,Ingalls Street,Ingalls St & Beatrice Ln,100.0,37.73058,-122.38034,54,FELTON
54,1,15110,Ingalls Street,Ingalls St & Revere Ave,100.0,37.72837,-122.3846,54,FELTON
54,1,15110,Revere Avenue,Ingalls St & Revere Ave,100.0,37.72837,-122.3846,54,FELTON
54,1,15112,Ingalls Street,Ingalls St & Thomas Ave,100.0,37.72711,-122.38572,54,FELTON
54,1,15112,Thomas Avenue,Ingalls St & Thomas Ave,100.0,37.72711,-122.38572,54,FELTON
54,1,15113,Ingalls Street,Ingalls St & Van Dyke Ave,100.0,37.726041,-122.386685,54,FELTON
54,1,15113,Van Dyke Avenue,Ingalls St & Van Dyke Ave,100.0,37.726041,-122.386685,54,FELTON
54,1,14827,Dormitory Road,Kiska Rd & Dormitory Rd,100.0,37.72988,-122.37527,54,FELTON
54,1,14827,Kiska Road,Kiska Rd & Dormitory Rd,100.0,37.72988,-122.37527,54,FELTON
54,1,15242,Ingalls Street,Kiska Rd & Ingalls St,100.0,37.731131,-122.379487,54,FELTON
54,1,15242,Kiska Road,Kiska Rd & Ingalls St,100.0,37.731131,-122.379487,54,FELTON
54,1,14817,Kiska Road,Kiska Rd & Reardon Rd,100.0,37.73004,-122.37711,54,FELTON
54,1,14817,Reardon Road,Kiska Rd & Reardon Rd,100.0,37.73004,-122.37711,54,FELTON
54,1,15288,Ingalls Street,La Salle Ave & Ingalls St,100.0,37.73077,-122.3814,54,FELTON
54,1,15288,La Salle Avenue,La Salle Ave & Ingalls St,100.0,37.73077,-122.3814,54,FELTON
54,1,15289,La Salle Avenue,La Salle Ave & Newcomb Ave,100.0,37.73298,-122.38479,54,FELTON
54,1,15289,Newcomb Avenue,La Salle Ave & Newcomb Ave,100.0,37.73298,-122.38479,54,FELTON
54,1,15290,La Salle Avenue,La Salle Ave & Osceola Dr,100.0,37.732463,-122.383736,54,FELTON
54,1,15290,Osceola Drive,La Salle Ave & Osceola Dr,100.0,37.732463,-122.383736,54,FELTON
54,1,15291,Geneva Avenue,Louisburg St & Geneva Ave,99.44,37.72163,-122.44935,54,FELTON
54,1,15291,Louisburg Street,Louisburg St & Geneva Ave,99.44,37.72163,-122.44935,54,FELTON
54,1,15292,Louisburg Street,Louisburg St & Niagra Ave,99.44,37.72039,-122.45013,54,FELTON
54,1,15292,Niagra Avenue,Louisburg St & Niagra Ave,99.44,37.72039,-122.45013,54,FELTON
54,1,17985,Avalon Avenue,Moscow St & Avalon Ave,99.44,37.724278,-122.425285,54,FELTON
54,1,17985,Moscow Street,Moscow St & Avalon Ave,99.44,37.724278,-122.425285,54,FELTON
54,1,17983,Brazil Street,Moscow St & Brazil St,99.44,37.721138,-122.427622,54,FELTON
54,1,17983,Moscow Street,Moscow St & Brazil St,99.44,37.721138,-122.427622,54,FELTON
54,1,17984,Excelsior Avenue,Moscow St & Excelsior Ave,99.44,37.722717,-122.426454,54,FELTON
54,1,17984,Moscow Street,Moscow St & Excelsior Ave,99.44,37.722717,-122.426454,54,FELTON
54,1,17981,France Avenue,Moscow St & France Ave,99.44,37.716481,-122.43114,54,FELTON
54,1,17981,Moscow Street,Moscow St & France Ave,99.44,37.716481,-122.43114,54,FELTON
54,1,17979,Geneva Avenue,Moscow St & Geneva Ave,99.44,37.713233,-122.433557,54,FELTON
54,1,17979,Moscow Street,Moscow St & Geneva Ave,99.44,37.713233,-122.433557,54,FELTON
54,1,17980,Italy Avenue,Moscow St & Italy Ave,99.44,37.714928,-122.432308,54,FELTON
54,1,17980,Moscow Street,Moscow St & Italy Ave,99.44,37.714928,-122.432308,54,FELTON
54,1,17982,Moscow Street,Moscow St & Russia Ave,99.44,37.718042,-122.42996,54,FELTON
54,1,17982,Russia Avenue,Moscow St & Russia Ave,99.44,37.718042,-122.42996,54,FELTON
54,1,15446,Howth Street,Mt Vernon Ave & Howth St,99.44,37.71969,-122.45177,54,FELTON
54,1,15446,Mt Vernon Avenue,Mt Vernon Ave & Howth St,99.44,37.71969,-122.45177,54,FELTON
54,1,15447,Louisburg Street,Mt Vernon Ave & Louisburg St,99.44,37.71937,-122.45094,54,FELTON
54,1,15447,Mt Vernon Avenue,Mt Vernon Ave & Louisburg St,99.44,37.71937,-122.45094,54,FELTON
54,1,17772,Hudson,Newhall St & Hudson,100.0,37.73997,-122.388403,54,FELTON
54,1,17772,Newhall Street,Newhall St & Hudson,100.0,37.73997,-122.388403,54,FELTON
54,1,15766,Dormitory Road,Northridge Rd & Dormitory Rd,100.0,37.73025,-122.37448,54,FELTON
54,1,15766,Northridge Road,Northridge Rd & Dormitory Rd,100.0,37.73025,-122.37448,54,FELTON
54,1,15767,Harbor Road,Northridge Rd & Harbor Rd,100.0,37.730978,-122.377013,54,FELTON
54,1,15767,Northridge Road,Northridge Rd & Harbor Rd,100.0,37.730978,-122.377013,54,FELTON
54,1,15768,Ingalls Street,Northridge Rd & Ingalls St,100.0,37.73163,-122.37896,54,FELTON
54,1,15768,Northridge Road,Northridge Rd & Ingalls St,100.0,37.73163,-122.37896,54,FELTON
54,1,15914,Moscow Street,Persia Ave & Moscow St,99.44,37.719728,-122.428676,54,FELTON
54,1,15914,Persia Avenue,Persia Ave & Moscow St,99.44,37.719728,-122.428676,54,FELTON
54,1,15930,Carroll Avenue,Phelps St & Carroll Ave,100.0,37.7291,-122.40088,54,FELTON
54,1,15930,Phelps Street,Phelps St & Carroll Ave,100.0,37.7291,-122.40088,54,FELTON
54,1,15932,Donner Avenue,Phelps St & Donner Ave,100.0,37.72847,-122.40144,54,FELTON
54,1,15932,Phelps Street,Phelps St & Donner Ave,100.0,37.72847,-122.40144,54,FELTON
54,1,15940,Phelps Street,Phelps St & Williams Ave,100.0,37.73019,-122.39988,54,FELTON
54,1,15940,Williams Avenue,Phelps St & Williams Ave,100.0,37.73019,-122.39988,54,FELTON
54,1,15954,Broad Street,Plymouth Ave & Broad St,99.44,37.71334,-122.45601,54,FELTON
54,1,15954,Plymouth Avenue,Plymouth Ave & Broad St,99.44,37.71334,-122.45601,54,FELTON
54,1,15958,Grafton Avenue,Plymouth Ave & Grafton Ave,99.44,37.719881,-122.456015,54,FELTON
54,1,15958,Plymouth Avenue,Plymouth Ave & Grafton Ave,99.44,37.719881,-122.456015,54,FELTON
54,1,15963,Lakeview Avenue,Plymouth Ave & Lakeview Ave,99.44,37.71817,-122.45606,54,FELTON
54,1,15963,Plymouth Avenue,Plymouth Ave & Lakeview Ave,99.44,37.71817,-122.45606,54,FELTON
54,1,15966,Lobos Street,Plymouth Ave & Lobos St,99.44,37.71484,-122.45605,54,FELTON
54,1,15966,Plymouth Avenue,Plymouth Ave & Lobos St,99.44,37.71484,-122.45605,54,FELTON
54,1,15971,Montana Street,Plymouth Ave & Montana St,99.44,37.71655,-122.45605,54,FELTON
54,1,15971,Plymouth Avenue,Plymouth Ave & Montana St,99.44,37.71655,-122.45605,54,FELTON
54,1,15976,Plymouth Avenue,Plymouth Ave & Sagamore St,99.44,37.7117,-122.45599,54,FELTON
54,1,15976,Sagamore Street,Plymouth Ave & Sagamore St,99.44,37.7117,-122.45599,54,FELTON
54,1,15979,Plymouth Avenue,Plymouth Ave & Thrift St,99.44,37.71773,-122.45607,54,FELTON
54,1,15979,Thrift Street,Plymouth Ave & Thrift St,99.44,37.71773,-122.45607,54,FELTON
54,1,16083,Persia Avenue,Prague St & Persia Ave,99.44,37.71884,-122.42722,54,FELTON
54,1,16083,Prague Street,Prague St & Persia Ave,99.44,37.71884,-122.42722,54,FELTON
54,1,16084,Prague Street,Prague St & Russia Ave,99.44,37.71756,-122.4282,54,FELTON
54,1,16084,Russia Avenue,Prague St & Russia Ave,99.44,37.71756,-122.4282,54,FELTON
54,1,16185,Reddy Street,Reddy St & Williams Ave,100.0,37.72979,-122.3954,54,FELTON
54,1,16185,Williams Avenue,Reddy St & Williams Ave,100.0,37.72979,-122.3954,54,FELTON
54,1,16248,3rd Street,Revere Ave & 3rd St,100.0,37.73241,-122.39135,54,FELTON
54,1,16248,Revere Avenue,Revere Ave & 3rd St,100.0,37.73241,-122.39135,54,FELTON
54,1,16251,Jennings Street,Revere Ave & Jennings St,100.0,37.72953,-122.3863,54,FELTON
54,1,16251,Revere Avenue,Revere Ave & Jennings St,100.0,37.72953,-122.3863,54,FELTON
54,1,16253,Lane Street,Revere Ave & Lane St,100.0,37.73165,-122.39004,54,FELTON
54,1,16253,Revere Avenue,Revere Ave & Lane St,100.0,37.73165,-122.39004,54,FELTON
54,1,16323,Capitol Avenue,Sagamore St & Capitol Ave,99.44,37.71129,-122.45913,54,FELTON
54,1,16323,Sagamore Street,Sagamore St & Capitol Ave,99.44,37.71129,-122.45913,54,FELTON
54,1,16324,Orizaba Avenue,Sagamore St & Orizaba Ave,99.44,37.71128,-122.46198,54,FELTON
54,1,16324,Sagamore Street,Sagamore St & Orizaba Ave,99.44,37.71128,-122.46198,54,FELTON
54,1,17760,Scotia Avenue,Thornton Dr & Scotia Ave,100.0,37.731668,-122.399464,54,FELTON
54,1,17760,Thornton Drive,Thornton Dr & Scotia Ave,100.0,37.731668,-122.399464,54,FELTON
54,1,16704,Thornton Avenue,Topeka Ave & Thornton Ave,100.0,37.73117,-122.39527,54,FELTON
54,1,16704,Topeka Avenue,Topeka Ave & Thornton Ave,100.0,37.73117,-122.39527,54,FELTON
54,1,16705,Topeka Avenue,Topeka Ave & Venus St,100.0,37.73201,-122.39592,54,FELTON
54,1,16705,Venus Street,Topeka Ave & Venus St,100.0,37.73201,-122.39592,54,FELTON
54,1,16788,Bacon Street,University St & Bacon St,99.44,37.72514,-122.41354,54,FELTON
54,1,16788,University Street,University St & Bacon St,99.44,37.72514,-122.41354,54,FELTON
54,1,16793,University Street,University St & Woolsey St,99.44,37.72273,-122.41253,54,FELTON
54,1,16793,Woolsey Street,University St & Woolsey St,99.44,37.72273,-122.41253,54,FELTON
54,1,16840,Jennings Street,Van Dyke Ave & Jennings St,100.0,37.72707,-122.38883,54,FELTON
54,1,16840,Van Dyke Avenue,Van Dyke Ave & Jennings St,100.0,37.72707,-122.38883,54,FELTON
54,1,16842,Keith Street,Van Dyke Ave & Keith St,100.0,37.72789,-122.39027,54,FELTON
54,1,16842,Van Dyke Avenue,Van Dyke Ave & Keith St,100.0,37.72789,-122.39027,54,FELTON
54,1,16969,3rd Street,Williams Ave & 3rd St,100.0,37.72925,-122.39285,54,FELTON
54,1,16969,Williams Avenue,Williams Ave & 3rd St,100.0,37.72925,-122.39285,54,FELTON
54,1,16972,Bowdoin Street,Woolsey St & Bowdoin St,99.44,37.72338,-122.40961,54,FELTON
54,1,16972,Woolsey Street,Woolsey St & Bowdoin St,99.44,37.72338,-122.40961,54,FELTON
54,1,16979,Hamilton Street,Woolsey St & Hamilton St,99.44,37.72362,-122.40864,54,FELTON
54,1,16979,Woolsey Street,Woolsey St & Hamilton St,99.44,37.72362,-122.40864,54,FELTON
55,0,13282,16th Street,16th St & Bryant St,100.0,37.765595,-122.410408,55,DOGPATCH
55,0,13282,Bryant Street,16th St & Bryant St,100.0,37.765595,-122.410408,55,DOGPATCH
55,0,13293,16th Street,16th St & Mission St,100.0,37.764983,-122.419835,55,DOGPATCH
55,0,13293,Mission Street,16th St & Mission St,100.0,37.764983,-122.419835,55,DOGPATCH
55,0,13296,16th Street,16th St & Potrero Ave,100.0,37.765764,-122.407612,55,DOGPATCH
55,0,13296,Potrero Avenue,16th St & Potrero Ave,100.0,37.765764,-122.407612,55,DOGPATCH
55,0,13299,16th Street,16th St & Shotwell St,100.0,37.765218,-122.416048,55,DOGPATCH
55,0,13299,Shotwell Street,16th St & Shotwell St,100.0,37.765218,-122.416048,55,DOGPATCH
55,0,17762,16th Street,16th St & Wisconsin St,100.0,37.766198,-122.399911,55,DOGPATCH
55,0,17762,Wisconsin Street,16th St & Wisconsin St,100.0,37.766198,-122.399911,55,DOGPATCH
55,0,17761,16th St& Rhode Island Street,16th St& Rhode Island St,100.0,37.765994,-122.402856,55,DOGPATCH
55,0,13410,20th Street,20th St & 3rd St,100.0,37.760536,-122.388707,55,DOGPATCH
55,0,13410,3rd Street,20th St & 3rd St,100.0,37.760536,-122.388707,55,DOGPATCH
55,0,18045,20th Street,20th St & Missouri St,100.0,37.759951,-122.396408,55,DOGPATCH
55,0,18045,Missouri Street,20th St & Missouri St,100.0,37.759951,-122.396408,55,DOGPATCH
55,0,18046,20th Street,20th St & Pennsylvania Ave,100.0,37.760146,-122.393532,55,DOGPATCH
55,0,18046,Pennsylvania Avenue,20th St & Pennsylvania Ave,100.0,37.760146,-122.393532,55,DOGPATCH
55,0,13439,22nd Street,22nd St & Iowa St,100.0,37.757674,-122.392308,55,DOGPATCH
55,0,13439,Iowa Street,22nd St & Iowa St,100.0,37.757674,-122.392308,55,DOGPATCH
55,0,13437,22nd Street,22nd St & Minnesota St,100.0,37.757807,-122.390268,55,DOGPATCH
55,0,13437,Minnesota Street,22nd St & Minnesota St,100.0,37.757807,-122.390268,55,DOGPATCH
55,0,17473,22nd Street,3rd St & 22nd St,100.0,37.758074,-122.388239,55,DOGPATCH
55,0,17473,3rd Street,3rd St & 22nd St,100.0,37.758074,-122.388239,55,DOGPATCH
55,0,14124,17th Street,Connecticut St & 17th St,100.0,37.764749,-122.397785,55,DOGPATCH
55,0,14124,Connecticut Street,Connecticut St & 17th St,100.0,37.764749,-122.397785,55,DOGPATCH
55,0,14125,18th Street,Connecticut St & 18th St,100.0,37.762614,-122.397569,55,DOGPATCH
55,0,14125,Connecticut Street,Connecticut St & 18th St,100.0,37.762614,-122.397569,55,DOGPATCH
55,0,17544,19th Street,Connecticut St & 19th St,100.0,37.761326,-122.397473,55,DOGPATCH
55,0,17544,Connecticut Street,Connecticut St & 19th St,100.0,37.761326,-122.397473,55,DOGPATCH
55,1,13281,16th Street,16th St & Bryant St,100.0,37.765658,-122.410294,55,DOGPATCH
55,1,13281,Bryant Street,16th St & Bryant St,100.0,37.765658,-122.410294,55,DOGPATCH
55,1,17289,16th Street,16th St & Folsom St,100.0,37.7654,-122.415428,55,DOGPATCH
55,1,17289,Folsom Street,16th St & Folsom St,100.0,37.7654,-122.415428,55,DOGPATCH
55,1,13291,16th Street,16th St & Mission St,100.0,37.765152,-122.419611,55,DOGPATCH
55,1,13293,16th Street,16th St & Mission St,100.0,37.764983,-122.419835,55,DOGPATCH
55,1,13291,Mission Street,16th St & Mission St,100.0,37.765152,-122.419611,55,DOGPATCH
55,1,13293,Mission Street,16th St & Mission St,100.0,37.764983,-122.419835,55,DOGPATCH
55,1,13295,16th Street,16th St & Potrero Ave,100.0,37.7658,-122.407624,55,DOGPATCH
55,1,13295,Potrero Avenue,16th St & Potrero Ave,100.0,37.7658,-122.407624,55,DOGPATCH
55,1,17770,16th Street,16th Street & Rhode Island St,100.0,37.76611,-122.402822,55,DOGPATCH
55,1,17770,Rhode Island Street,16th Street & Rhode Island St,100.0,37.76611,-122.402822,55,DOGPATCH
55,1,17769,16th Street,16th Street & Wisconsin St,100.0,37.766287,-122.399842,55,DOGPATCH
55,1,17769,Wisconsin Street,16th Street & Wisconsin St,100.0,37.766287,-122.399842,55,DOGPATCH
55,1,13410,20th Street,20th St & 3rd St,100.0,37.760536,-122.388707,55,DOGPATCH
55,1,13410,3rd Street,20th St & 3rd St,100.0,37.760536,-122.388707,55,DOGPATCH
55,1,18064,20th Street,20th St & Missouri St,100.0,37.760094,-122.396167,55,DOGPATCH
55,1,18064,Missouri Street,20th St & Missouri St,100.0,37.760094,-122.396167,55,DOGPATCH
55,1,13435,22nd Street,22nd St & Iowa St,100.0,37.757754,-122.392273,55,DOGPATCH
55,1,13435,Iowa Street,22nd St & Iowa St,100.0,37.757754,-122.392273,55,DOGPATCH
55,1,13436,22nd Street,22nd St & Minnesota St,100.0,37.75787,-122.39008,55,DOGPATCH
55,1,13436,Minnesota Street,22nd St & Minnesota St,100.0,37.75787,-122.39008,55,DOGPATCH
55,1,14123,17th Street,Connecticut St & 17th St,100.0,37.76498,-122.397661,55,DOGPATCH
55,1,14123,Connecticut Street,Connecticut St & 17th St,100.0,37.76498,-122.397661,55,DOGPATCH
55,1,14126,18th Street,Connecticut St & 18th St,100.0,37.76243,-122.39741,55,DOGPATCH
55,1,14126,Connecticut Street,Connecticut St & 18th St,100.0,37.76243,-122.39741,55,DOGPATCH
55,1,14127,19th Street,Connecticut St & 19th St,100.0,37.76115,-122.39733,55,DOGPATCH
55,1,14127,Connecticut Street,Connecticut St & 19th St,100.0,37.76115,-122.39733,55,DOGPATCH
55,1,17849,20th Street,Pennslvania Ave & 20th St,100.0,37.760182,-122.393348,55,DOGPATCH
55,1,17849,Pennslvania Avenue,Pennslvania Ave & 20th St,100.0,37.760182,-122.393348,55,DOGPATCH
56,0,14575,50 Thomas Mellon Drive,50 Thomas Mellon Dr,100.0,37.709831,-122.392893,56,RUTLAND
56,0,13619,Alana Way,Alana Way & Thomas Mellon Cir,23.81,37.709141,-122.393294,56,RUTLAND
56,0,13619,Thomas Mellon Circle,Alana Way & Thomas Mellon Cir,23.81,37.709141,-122.393294,56,RUTLAND
56,0,17334,Bayshore Boulevard,Bayshore Blvd & Blanken Ave,100.0,37.712226,-122.402179,56,RUTLAND
56,0,17334,Blanken Avenue,Bayshore Blvd & Blanken Ave,100.0,37.712226,-122.402179,56,RUTLAND
56,0,17006,Blanken Avenue,Blanken Ave & Gillette Ave,100.0,37.71097,-122.39661,56,RUTLAND
56,0,17007,Blanken Avenue,Blanken Ave & Gillette Ave,23.81,37.711,-122.39636,56,RUTLAND
56,0,17006,Gillette Avenue,Blanken Ave & Gillette Ave,100.0,37.71097,-122.39661,56,RUTLAND
56,0,17007,Gillette Avenue,Blanken Ave & Gillette Ave,23.81,37.711,-122.39636,56,RUTLAND
56,0,17008,Blanken Avenue,Blanken Ave & Nueva Ave,23.81,37.71121,-122.39723,56,RUTLAND
56,0,17009,Blanken Avenue,Blanken Ave & Nueva Ave,100.0,37.71119,-122.39747,56,RUTLAND
56,0,17008,Nueva Avenue,Blanken Ave & Nueva Ave,23.81,37.71121,-122.39723,56,RUTLAND
56,0,17009,Nueva Avenue,Blanken Ave & Nueva Ave,100.0,37.71119,-122.39747,56,RUTLAND
56,0,17010,Blanken Avenue,Blanken Ave & Peninsula Ave,100.0,37.71159,-122.39919,56,RUTLAND
56,0,17011,Blanken Avenue,Blanken Ave & Peninsula Ave,23.81,37.71162,-122.39896,56,RUTLAND
56,0,17010,Peninsula Avenue,Blanken Ave & Peninsula Ave,100.0,37.71159,-122.39919,56,RUTLAND
56,0,17011,Peninsula Avenue,Blanken Ave & Peninsula Ave,23.81,37.71162,-122.39896,56,RUTLAND
56,0,13692,Blanken Avenue,Blanken Ave & Tunnel Ave,23.81,37.71202,-122.40068,56,RUTLAND
56,0,17012,Blanken Avenue,Blanken Ave & Tunnel Ave,100.0,37.71201,-122.40092,56,RUTLAND
56,0,13692,Tunnel Avenue,Blanken Ave & Tunnel Ave,23.81,37.71202,-122.40068,56,RUTLAND
56,0,17012,Tunnel Avenue,Blanken Ave & Tunnel Ave,100.0,37.71201,-122.40092,56,RUTLAND
56,0,14576,Blanken Avenue,Executive Park Blvd & Blanken Ave,23.81,37.71088,-122.39476,56,RUTLAND
56,0,14576,Executive Park Boulevard,Executive Park Blvd & Blanken Ave,23.81,37.71088,-122.39476,56,RUTLAND
56,0,17747,Executive Park Boulevard,Executive Park Blvd & Thomas Mellon Dr,100.0,37.711241,-122.39358,56,RUTLAND
56,0,17747,Thomas Mellon Drive,Executive Park Blvd & Thomas Mellon Dr,100.0,37.711241,-122.39358,56,RUTLAND
56,0,14938,Hahn Street,Hahn St & Sunnydale Ave,100.0,37.712025,-122.416047,56,RUTLAND
56,0,14938,Sunnydale Avenue,Hahn St & Sunnydale Ave,100.0,37.712025,-122.416047,56,RUTLAND
56,0,17026,Hahn Street,Hahn St & Visitacion Ave,100.0,37.713301,-122.415486,56,RUTLAND
56,0,17026,Visitacion Avenue,Hahn St & Visitacion Ave,100.0,37.713301,-122.415486,56,RUTLAND
56,0,17328,Alpha Street,Leland Ave & Alpha St,100.0,37.711897,-122.405775,56,RUTLAND
56,0,17328,Leland Avenue,Leland Ave & Alpha St,100.0,37.711897,-122.405775,56,RUTLAND
56,0,17329,Bayshore Boulevard,Leland Ave & Bayshore Blvd,100.0,37.711138,-122.403794,56,RUTLAND
56,0,17329,Leland Avenue,Leland Ave & Bayshore Blvd,100.0,37.711138,-122.403794,56,RUTLAND
56,0,15339,Dartmouth Street,Mansell St & Dartmouth St,100.0,37.719581,-122.408886,56,RUTLAND
56,0,15340,Dartmouth Street,Mansell St & Dartmouth St,100.0,37.719376,-122.409058,56,RUTLAND
56,0,15339,Mansell Street,Mansell St & Dartmouth St,100.0,37.719581,-122.408886,56,RUTLAND
56,0,15340,Mansell Street,Mansell St & Dartmouth St,100.0,37.719376,-122.409058,56,RUTLAND
56,0,15343,Hamilton Street,Mansell St & Hamilton St,100.0,37.720098,-122.406916,56,RUTLAND
56,0,15344,Hamilton Street,Mansell St & Hamilton St,100.0,37.719892,-122.407088,56,RUTLAND
56,0,15343,Mansell Street,Mansell St & Hamilton St,100.0,37.720098,-122.406916,56,RUTLAND
56,0,15344,Mansell Street,Mansell St & Hamilton St,100.0,37.719892,-122.407088,56,RUTLAND
56,0,15351,Mansell Street,Mansell St & Somerset St,100.0,37.720418,-122.405094,56,RUTLAND
56,0,15352,Mansell Street,Mansell St & Somerset St,100.0,37.72057,-122.405152,56,RUTLAND
56,0,15351,Somerset Street,Mansell St & Somerset St,100.0,37.720418,-122.405094,56,RUTLAND
56,0,15352,Somerset Street,Mansell St & Somerset St,100.0,37.72057,-122.405152,56,RUTLAND
56,0,15353,Mansell Street,Mansell St & University St,100.0,37.718957,-122.411257,56,RUTLAND
56,0,15353,University Street,Mansell St & University St,100.0,37.718957,-122.411257,56,RUTLAND
56,0,15354,Mansell Street,Mansell St & Visitacion Ave,100.0,37.71877,-122.41136,56,RUTLAND
56,0,15354,Visitacion Avenue,Mansell St & Visitacion Ave,100.0,37.71877,-122.41136,56,RUTLAND
56,0,16243,Leland Avenue,Rutland St & Leland Ave,100.0,37.712451,-122.407389,56,RUTLAND
56,0,16243,Rutland Street,Rutland St & Leland Ave,100.0,37.712451,-122.407389,56,RUTLAND
56,0,17044,Rutland Street,Rutland St & Sunnydale Ave,100.0,37.7099,-122.408536,56,RUTLAND
56,0,17044,Sunnydale Avenue,Rutland St & Sunnydale Ave,100.0,37.7099,-122.408536,56,RUTLAND
56,0,17046,Rutland Street,Rutland St & Visitacion Ave,100.0,37.71135,-122.40793,56,RUTLAND
56,0,17046,Visitacion Avenue,Rutland St & Visitacion Ave,100.0,37.71135,-122.40793,56,RUTLAND
56,0,16352,Arleta Avenue,San Bruno Ave & Arleta Ave,23.81,37.71246,-122.4023,56,RUTLAND
56,0,16352,San Bruno Avenue,San Bruno Ave & Arleta Ave,23.81,37.71246,-122.4023,56,RUTLAND
56,0,16570,Cora Street,Sunnydale Ave & Cora St,100.0,37.70996,-122.40937,56,RUTLAND
56,0,16570,Sunnydale Avenue,Sunnydale Ave & Cora St,100.0,37.70996,-122.40937,56,RUTLAND
56,0,16573,Garrison Avenue,Sunnydale Ave & Garrison Ave,100.0,37.710981,-122.413024,56,RUTLAND
56,0,16573,Sunnydale Avenue,Sunnydale Ave & Garrison Ave,100.0,37.710981,-122.413024,56,RUTLAND
56,0,16580,Sawyer Street,Sunnydale Ave & Sawyer St,100.0,37.71163,-122.41521,56,RUTLAND
56,0,16580,Sunnydale Avenue,Sunnydale Ave & Sawyer St,100.0,37.71163,-122.41521,56,RUTLAND
56,0,16582,Schwerin Street,Sunnydale Ave & Schwerin St,100.0,37.71059,-122.4115,56,RUTLAND
56,0,16582,Sunnydale Avenue,Sunnydale Ave & Schwerin St,100.0,37.71059,-122.4115,56,RUTLAND
56,0,17057,[UNKNOWN],Visitacion Valley Middle School,100.0,37.71621,-122.413938,56,RUTLAND
56,1,16942,356 Wilde Avenue,356 Wilde Ave,100.0,37.71705,-122.40438,56,RUTLAND
56,1,16350,3801 San Bruno Avenue,3801 San Bruno Ave,100.0,37.71482,-122.39994,56,RUTLAND
56,1,14575,50 Thomas Mellon Drive,50 Thomas Mellon Dr,79.07,37.709831,-122.392893,56,RUTLAND
56,1,13619,Alana Way,Alana Way & Thomas Mellon Cir,79.07,37.709141,-122.393294,56,RUTLAND
56,1,13619,Thomas Mellon Circle,Alana Way & Thomas Mellon Cir,79.07,37.709141,-122.393294,56,RUTLAND
56,1,17007,Blanken Avenue,Blanken Ave & Gillette Ave,79.07,37.711,-122.39636,56,RUTLAND
56,1,17007,Gillette Avenue,Blanken Ave & Gillette Ave,79.07,37.711,-122.39636,56,RUTLAND
56,1,17008,Blanken Avenue,Blanken Ave & Nueva Ave,79.07,37.71121,-122.39723,56,RUTLAND
56,1,17008,Nueva Avenue,Blanken Ave & Nueva Ave,79.07,37.71121,-122.39723,56,RUTLAND
56,1,17011,Blanken Avenue,Blanken Ave & Peninsula Ave,79.07,37.71162,-122.39896,56,RUTLAND
56,1,17011,Peninsula Avenue,Blanken Ave & Peninsula Ave,79.07,37.71162,-122.39896,56,RUTLAND
56,1,13692,Blanken Avenue,Blanken Ave & Tunnel Ave,79.07,37.71202,-122.40068,56,RUTLAND
56,1,13692,Tunnel Avenue,Blanken Ave & Tunnel Ave,79.07,37.71202,-122.40068,56,RUTLAND
56,1,14439,Delta Street,Delta St & Tioga Ave,100.0,37.71729,-122.40773,56,RUTLAND
56,1,14439,Tioga Avenue,Delta St & Tioga Ave,100.0,37.71729,-122.40773,56,RUTLAND
56,1,14576,Blanken Avenue,Executive Park Blvd & Blanken Ave,79.07,37.71088,-122.39476,56,RUTLAND
56,1,14576,Executive Park Boulevard,Executive Park Blvd & Blanken Ave,79.07,37.71088,-122.39476,56,RUTLAND
56,1,17331,Delta Street,Raymond Ave & Delta St,100.0,37.713844,-122.409049,56,RUTLAND
56,1,17331,Raymond Avenue,Raymond Ave & Delta St,100.0,37.713844,-122.409049,56,RUTLAND
56,1,17335,Elliot Street,Raymond Ave & Elliot St,100.0,37.714424,-122.411213,56,RUTLAND
56,1,17335,Raymond Avenue,Raymond Ave & Elliot St,100.0,37.714424,-122.411213,56,RUTLAND
56,1,17330,Raymond Avenue,Raymond Ave & Rutland St,100.0,37.713343,-122.407148,56,RUTLAND
56,1,17330,Rutland Street,Raymond Ave & Rutland St,100.0,37.713343,-122.407148,56,RUTLAND
56,1,17332,Raymond Avenue,Raymond Ave & Sawyer St,100.0,37.715032,-122.413469,56,RUTLAND
56,1,17332,Sawyer Street,Raymond Ave & Sawyer St,100.0,37.715032,-122.413469,56,RUTLAND
56,1,17039,Arleta Avenue,Rutland St & Arleta Ave,100.0,37.713852,-122.406724,56,RUTLAND
56,1,17039,Rutland Street,Rutland St & Arleta Ave,100.0,37.713852,-122.406724,56,RUTLAND
56,1,17041,Campbell Avenue,Rutland St & Campbell Ave,100.0,37.71534,-122.40619,56,RUTLAND
56,1,17041,Rutland Street,Rutland St & Campbell Ave,100.0,37.71534,-122.40619,56,RUTLAND
56,1,16352,Arleta Avenue,San Bruno Ave & Arleta Ave,100.0,37.71246,-122.4023,56,RUTLAND
56,1,16352,San Bruno Avenue,San Bruno Ave & Arleta Ave,100.0,37.71246,-122.4023,56,RUTLAND
56,1,17191,San Bruno Avenue,San Bruno Ave & Somerset St,100.0,37.713395,-122.401995,56,RUTLAND
56,1,17191,Somerset Street,San Bruno Ave & Somerset St,100.0,37.713395,-122.401995,56,RUTLAND
56,1,17333,Sawyer Street,Sawyer St & Visitacion Ave,100.0,37.713345,-122.414443,56,RUTLAND
56,1,17333,Visitacion Avenue,Sawyer St & Visitacion Ave,100.0,37.713345,-122.414443,56,RUTLAND
56,1,17128,Rutland Street,Tioga Ave & Rutland St,100.0,37.7166,-122.40572,56,RUTLAND
56,1,17128,Tioga Avenue,Tioga Ave & Rutland St,100.0,37.7166,-122.40572,56,RUTLAND
56,1,17057,[UNKNOWN],Visitacion Valley Middle School,100.0,37.71621,-122.413938,56,RUTLAND
56,1,16944,Brussels Street,Wilde Ave & Brussels St,100.0,37.716357,-122.401237,56,RUTLAND
56,1,16944,Wilde Avenue,Wilde Ave & Brussels St,100.0,37.716357,-122.401237,56,RUTLAND
56,1,16945,Delta Street,Wilde Ave & Delta St,100.0,37.71782,-122.40718,56,RUTLAND
56,1,16945,Wilde Avenue,Wilde Ave & Delta St,100.0,37.71782,-122.40718,56,RUTLAND
56,1,16946,Girard Street,Wilde Ave & Girard St,100.0,37.716615,-122.400252,56,RUTLAND
56,1,16946,Wilde Avenue,Wilde Ave & Girard St,100.0,37.716615,-122.400252,56,RUTLAND
56,1,16949,Goettingen Street,Wilde Ave & Goettingen St,100.0,37.716286,-122.402302,56,RUTLAND
56,1,16949,Wilde Avenue,Wilde Ave & Goettingen St,100.0,37.716286,-122.402302,56,RUTLAND
56,1,17061,Rutland Street,Wilde Ave & Rutland St,100.0,37.717349,-122.405211,56,RUTLAND
56,1,17061,Wilde Avenue,Wilde Ave & Rutland St,100.0,37.717349,-122.405211,56,RUTLAND
57,0,13270,15th Avenue,15th Ave & West Portal Ave,100.0,37.736387,-122.470381,57,PARKMERCED
57,0,13270,West Portal Avenue,15th Ave & West Portal Ave,100.0,37.736387,-122.470381,57,PARKMERCED
57,0,13799,170 Buckingham Way,170 Buckingham Way,100.0,37.725936,-122.478889,57,PARKMERCED
57,0,13409,20th Avenue,20th Ave & Winston Dr,100.0,37.72634,-122.47613,57,PARKMERCED
57,0,13409,Winston Drive,20th Ave & Winston Dr,100.0,37.72634,-122.47613,57,PARKMERCED
57,0,17211,20th Ave/Stonestown Mall,20th Ave/Stonestown Mall,100.0,37.729247,-122.4761,57,PARKMERCED
57,0,13802,281 Buckingham Way,281 Buckingham Way,100.0,37.72748,-122.480035,57,PARKMERCED
57,0,13797,90 Buckingham Way,90 Buckingham Way,100.0,37.72599,-122.476873,57,PARKMERCED
57,0,13641,Alemany Boulevard,Arch St & Alemany Blvd,100.0,37.71166,-122.46711,57,PARKMERCED
57,0,13641,Arch Street,Arch St & Alemany Blvd,100.0,37.71166,-122.46711,57,PARKMERCED
57,0,17807,Buckingham Way,Buckingham Way & Winston Dr,100.0,37.728551,-122.479096,57,PARKMERCED
57,0,17807,Winston Drive,Buckingham Way & Winston Dr,100.0,37.728551,-122.479096,57,PARKMERCED
57,0,13979,Brotherhood Way,Chumasero Dr & Brotherhood Way,100.0,37.7131,-122.47278,57,PARKMERCED
57,0,13979,Chumasero Drive,Chumasero Dr & Brotherhood Way,100.0,37.7131,-122.47278,57,PARKMERCED
57,0,13981,Chumasero Drive,Chumasero Dr & Font Blvd,100.0,37.714954,-122.473135,57,PARKMERCED
57,0,13981,Font Boulevard,Chumasero Dr & Font Blvd,100.0,37.714954,-122.473135,57,PARKMERCED
57,0,14341,[UNKNOWN],Daly City BART Station,100.0,37.705964,-122.469023,57,PARKMERCED
57,0,14544,19th Avenue,Eucalyptus Dr & 19th Ave,100.0,37.731157,-122.474744,57,PARKMERCED
57,0,14544,Eucalyptus Drive,Eucalyptus Dr & 19th Ave,100.0,37.731157,-122.474744,57,PARKMERCED
57,0,14703,Arballo Drive,Font Blvd & Arballo Dr,100.0,37.72184,-122.48254,57,PARKMERCED
57,0,14703,Font Boulevard,Font Blvd & Arballo Dr,100.0,37.72184,-122.48254,57,PARKMERCED
57,0,14706,Cambon Drive,Font Blvd & Cambon Dr,100.0,37.715899,-122.474578,57,PARKMERCED
57,0,14706,Font Boulevard,Font Blvd & Cambon Dr,100.0,37.715899,-122.474578,57,PARKMERCED
57,0,17236,Font Boulevard,Font Blvd & Gonzalez Dr,100.0,37.716711,-122.476033,57,PARKMERCED
57,0,17236,Gonzalez Drive,Font Blvd & Gonzalez Dr,100.0,37.716711,-122.476033,57,PARKMERCED
57,0,17790,Font Boulevard,Font Blvd & Juan Bautisa Cir,100.0,37.718477,-122.478691,57,PARKMERCED
57,0,17790,Juan Bautisa Circle,Font Blvd & Juan Bautisa Cir,100.0,37.718477,-122.478691,57,PARKMERCED
57,0,17808,Font Boulevard,Font Blvd & Mary Ward Hall,100.0,37.722759,-122.483629,57,PARKMERCED
57,0,17808,Mary Ward Hall,Font Blvd & Mary Ward Hall,100.0,37.722759,-122.483629,57,PARKMERCED
57,0,17789,Font Boulevard,Font Blvd & Serrano Dr,100.0,37.719592,-122.479905,57,PARKMERCED
57,0,17789,Serrano Drive,Font Blvd & Serrano Dr,100.0,37.719592,-122.479905,57,PARKMERCED
57,0,17788,Font Boulevard,Font Blvd & Tapia Dr,100.0,37.720734,-122.481234,57,PARKMERCED
57,0,17788,Tapia Drive,Font Blvd & Tapia Dr,100.0,37.720734,-122.481234,57,PARKMERCED
57,0,17078,Font Boulevard,Juan Bautista Cir & Font Blvd,100.0,37.71749,-122.47744,57,PARKMERCED
57,0,17078,Juan Bautista Circle,Juan Bautista Cir & Font Blvd,100.0,37.71749,-122.47744,57,PARKMERCED
57,0,15139,Junipero Serra Boulevard,Junipero Serra Blvd & Ocean Ave,100.0,37.731238,-122.471858,57,PARKMERCED
57,0,15139,Ocean Avenue,Junipero Serra Blvd & Ocean Ave,100.0,37.731238,-122.471858,57,PARKMERCED
57,0,15141,Junipero Serra Boulevard,Junipero Serra Blvd & Sloat Blvd,100.0,37.734307,-122.471675,57,PARKMERCED
57,0,15141,Sloat Boulevard,Junipero Serra Blvd & Sloat Blvd,100.0,37.734307,-122.471675,57,PARKMERCED
57,0,14840,Lake Merced Blvd/Sfsu,Lake Merced Blvd/Sfsu,100.0,37.72606,-122.48434,57,PARKMERCED
57,0,16744,Ulloa Street,Ulloa St & West Portal Ave,100.0,37.741009,-122.466167,57,PARKMERCED
57,0,16744,West Portal Avenue,Ulloa St & West Portal Ave,100.0,37.741009,-122.466167,57,PARKMERCED
57,0,17306,14th Avenue,West Portal Ave & 14th Ave,100.0,37.738091,-122.469042,57,PARKMERCED
57,0,17306,West Portal Avenue,West Portal Ave & 14th Ave,100.0,37.738091,-122.469042,57,PARKMERCED
57,0,16904,Vicente Street,West Portal Ave & Vicente St,100.0,37.73984,-122.46698,57,PARKMERCED
57,0,16904,West Portal Avenue,West Portal Ave & Vicente St,100.0,37.73984,-122.46698,57,PARKMERCED
57,0,16954,Lake Merced Boulevard,Winston Dr & Lake Merced Blvd,100.0,37.727122,-122.483299,57,PARKMERCED
57,0,16954,Winston Drive,Winston Dr & Lake Merced Blvd,100.0,37.727122,-122.483299,57,PARKMERCED
57,1,13800,190 Buckingham Way,190 Buckingham Way,100.0,37.72587,-122.47879,57,PARKMERCED
57,1,13406,[UNKNOWN],20th Av/Stonestown Mall,100.0,37.729558,-122.475947,57,PARKMERCED
57,1,13408,20th Avenue,20th Ave & Winston Dr,100.0,37.726874,-122.475945,57,PARKMERCED
57,1,13408,Winston Drive,20th Ave & Winston Dr,100.0,37.726874,-122.475945,57,PARKMERCED
57,1,13801,280 Buckingham Way,280 Buckingham Way,100.0,37.72691,-122.48004,57,PARKMERCED
57,1,13798,91 Buckingham Way,91 Buckingham Way,100.0,37.72597,-122.47714,57,PARKMERCED
57,1,13628,Alemany Boulevard,Alemany Blvd & St Charles Ave,100.0,37.710359,-122.469458,57,PARKMERCED
57,1,13628,St Charles Avenue,Alemany Blvd & St Charles Ave,100.0,37.710359,-122.469458,57,PARKMERCED
57,1,17820,Alemany Street,Arch St & Alemany St,100.0,37.711591,-122.466996,57,PARKMERCED
57,1,17820,Arch Street,Arch St & Alemany St,100.0,37.711591,-122.466996,57,PARKMERCED
57,1,13978,Brotherhood Way,Brotherhood Way & Chumasero Dr,100.0,37.712964,-122.472676,57,PARKMERCED
57,1,13978,Chumasero Drive,Brotherhood Way & Chumasero Dr,100.0,37.712964,-122.472676,57,PARKMERCED
57,1,13803,Buckingham Way,Buckingham Way & Winston Dr,100.0,37.72803,-122.47913,57,PARKMERCED
57,1,13803,Winston Drive,Buckingham Way & Winston Dr,100.0,37.72803,-122.47913,57,PARKMERCED
57,1,17805,Chumasero Drive,Chumasero Dr & Galindo Ave,100.0,37.714151,-122.473158,57,PARKMERCED
57,1,17805,Galindo Avenue,Chumasero Dr & Galindo Ave,100.0,37.714151,-122.473158,57,PARKMERCED
57,1,14341,[UNKNOWN],Daly City BART Station,100.0,37.705964,-122.469023,57,PARKMERCED
57,1,14545,19th Avenue,Eucalyptus Dr & 19th Ave,100.0,37.731041,-122.474538,57,PARKMERCED
57,1,14545,Eucalyptus Drive,Eucalyptus Dr & 19th Ave,100.0,37.731041,-122.474538,57,PARKMERCED
57,1,14546,Eucalyptus Drive,Eucalyptus Dr & Junipero Serra Blvd,100.0,37.730988,-122.472442,57,PARKMERCED
57,1,14546,Junipero Serra Boulevard,Eucalyptus Dr & Junipero Serra Blvd,100.0,37.730988,-122.472442,57,PARKMERCED
57,1,14702,Arballo Drive,Font Blvd & Arballo Dr,100.0,37.72176,-122.482151,57,PARKMERCED
57,1,14702,Font Boulevard,Font Blvd & Arballo Dr,100.0,37.72176,-122.482151,57,PARKMERCED
57,1,14705,Cambon Drive,Font Blvd & Cambon Dr,100.0,37.715899,-122.474292,57,PARKMERCED
57,1,14705,Font Boulevard,Font Blvd & Cambon Dr,100.0,37.715899,-122.474292,57,PARKMERCED
57,1,14704,Chumasero Drive,Font Blvd & Chumasero Dr,100.0,37.715213,-122.473169,57,PARKMERCED
57,1,14704,Font Boulevard,Font Blvd & Chumasero Dr,100.0,37.715213,-122.473169,57,PARKMERCED
57,1,14707,Font Boulevard,Font Blvd & Gonzalez Dr,100.0,37.716782,-122.475758,57,PARKMERCED
57,1,14707,Gonzalez Drive,Font Blvd & Gonzalez Dr,100.0,37.716782,-122.475758,57,PARKMERCED
57,1,14709,Font Boulevard,Font Blvd & Juan Bautista Cir,100.0,37.717701,-122.477076,57,PARKMERCED
57,1,14709,Juan Bautista Circle,Font Blvd & Juan Bautista Cir,100.0,37.717701,-122.477076,57,PARKMERCED
57,1,17806,Font Boulevard,Font Blvd & Mary Ward Hall,100.0,37.722491,-122.483056,57,PARKMERCED
57,1,17806,Mary Ward Hall,Font Blvd & Mary Ward Hall,100.0,37.722491,-122.483056,57,PARKMERCED
57,1,14710,Font Boulevard,Font Blvd & Serrano Dr,100.0,37.719601,-122.479607,57,PARKMERCED
57,1,14710,Serrano Drive,Font Blvd & Serrano Dr,100.0,37.719601,-122.479607,57,PARKMERCED
57,1,14712,Font Boulevard,Font Blvd & Tapia Dr,100.0,37.72068,-122.480902,57,PARKMERCED
57,1,14712,Tapia Drive,Font Blvd & Tapia Dr,100.0,37.72068,-122.480902,57,PARKMERCED
57,1,15170,Font Boulevard,Juan Bautista Cir & Font Blvd,100.0,37.718691,-122.478427,57,PARKMERCED
57,1,15170,Juan Bautista Circle,Juan Bautista Cir & Font Blvd,100.0,37.718691,-122.478427,57,PARKMERCED
57,1,15138,Junipero Serra Boulevard,Junipero Serra Blvd & Ocean Ave,100.0,37.731363,-122.471674,57,PARKMERCED
57,1,15138,Ocean Avenue,Junipero Serra Blvd & Ocean Ave,100.0,37.731363,-122.471674,57,PARKMERCED
57,1,14833,Font Boulevard,Lake Merced Blvd & Font Blvd,100.0,37.724542,-122.484758,57,PARKMERCED
57,1,14833,Lake Merced Boulevard,Lake Merced Blvd & Font Blvd,100.0,37.724542,-122.484758,57,PARKMERCED
57,1,16744,Ulloa Street,Ulloa St & West Portal Ave,100.0,37.741009,-122.466167,57,PARKMERCED
57,1,16744,West Portal Avenue,Ulloa St & West Portal Ave,100.0,37.741009,-122.466167,57,PARKMERCED
57,1,16896,14th Avenue,West Portal Ave & 14th Ave,100.0,37.73785,-122.469145,57,PARKMERCED
57,1,16896,West Portal Avenue,West Portal Ave & 14th Ave,100.0,37.73785,-122.469145,57,PARKMERCED
57,1,16899,15th Avenue,West Portal Ave & 15th Ave,100.0,37.736485,-122.470519,57,PARKMERCED
57,1,16899,West Portal Avenue,West Portal Ave & 15th Ave,100.0,37.736485,-122.470519,57,PARKMERCED
57,1,17205,Sloat Boulevard,West Portal Ave & Sloat Blvd,100.0,37.735039,-122.471343,57,PARKMERCED
57,1,17205,West Portal Avenue,West Portal Ave & Sloat Blvd,100.0,37.735039,-122.471343,57,PARKMERCED
57,1,16955,Lake Merced Boulevard,Winston Dr & Lake Merced Blvd,100.0,37.726979,-122.48331,57,PARKMERCED
57,1,16955,Winston Drive,Winston Dr & Lake Merced Blvd,100.0,37.726979,-122.48331,57,PARKMERCED
58,0,13352,19th Avenue,19th Ave & Buckingham Way,100.0,37.725901,-122.475235,58,LAKE MERCED
58,0,13352,Buckingham Way,19th Ave & Buckingham Way,100.0,37.725901,-122.475235,58,LAKE MERCED
58,0,13408,20th Avenue,20th Ave & Winston Dr,100.0,37.726874,-122.475945,58,LAKE MERCED
58,0,13408,Winston Drive,20th Ave & Winston Dr,100.0,37.726874,-122.475945,58,LAKE MERCED
58,0,15126,515 John Muir Drive,515 John Muir Dr,100.0,37.71607,-122.49539,58,LAKE MERCED
58,0,15130,655 John Muir Avenue,655 John Muir Ave,100.0,37.71677,-122.49766,58,LAKE MERCED
58,0,13641,Alemany Boulevard,Arch St & Alemany Blvd,100.0,37.71166,-122.46711,58,LAKE MERCED
58,0,13641,Arch Street,Arch St & Alemany Blvd,100.0,37.71166,-122.46711,58,LAKE MERCED
58,0,17797,Brotherhood Way,Brotherhood Way & Church Access Rd,100.0,37.714132,-122.475574,58,LAKE MERCED
58,0,17797,Church Access Road,Brotherhood Way & Church Access Rd,100.0,37.714132,-122.475574,58,LAKE MERCED
58,0,17796,Brotherhood Way,Brotherhood Way & Grace Community Church,100.0,37.714488,-122.480224,58,LAKE MERCED
58,0,17796,Grace Community Church,Brotherhood Way & Grace Community Church,100.0,37.714488,-122.480224,58,LAKE MERCED
58,0,17798,Brotherhood Way,Brotherhood Way & Summit Way,100.0,37.713588,-122.474474,58,LAKE MERCED
58,0,17798,Summit Way,Brotherhood Way & Summit Way,100.0,37.713588,-122.474474,58,LAKE MERCED
58,0,17842,[UNKNOWN],Daly City BART Station,100.0,37.706273,-122.468632,58,LAKE MERCED
58,0,15132,John Muir Drive,John Muir Dr & Skyline Blvd,100.0,37.718738,-122.499913,58,LAKE MERCED
58,0,15132,Skyline Boulevard,John Muir Dr & Skyline Blvd,100.0,37.718738,-122.499913,58,LAKE MERCED
58,0,14828,John Muir,Lake Merced & John Muir,100.0,37.708219,-122.485533,58,LAKE MERCED
58,0,14828,Lake Merced,Lake Merced & John Muir,100.0,37.708219,-122.485533,58,LAKE MERCED
58,0,14838,Lake Merced,Lake Merced & Middlefield Dr,100.0,37.729628,-122.486404,58,LAKE MERCED
58,0,14838,Middlefield Drive,Lake Merced & Middlefield Dr,100.0,37.729628,-122.486404,58,LAKE MERCED
58,0,14836,Lake Merced Boulevard,Lake Merced Blvd & Lake Merced Hills Blvd,100.0,37.711872,-122.485238,58,LAKE MERCED
58,0,14836,Lake Merced Hills Boulevard,Lake Merced Blvd & Lake Merced Hills Blvd,100.0,37.711872,-122.485238,58,LAKE MERCED
58,0,17554,Flournoy,Mission St & Flournoy,100.0,37.706622,-122.459265,58,LAKE MERCED
58,0,17554,Mission Street,Mission St & Flournoy,100.0,37.706622,-122.459265,58,LAKE MERCED
58,0,16434,Skyline Boulevard,Skyline Blvd & Sloat Blvd,100.0,37.733128,-122.497522,58,LAKE MERCED
58,0,16434,Sloat Boulevard,Skyline Blvd & Sloat Blvd,100.0,37.733128,-122.497522,58,LAKE MERCED
58,0,16442,36th Avenue,Sloat Blvd & 36th Ave,100.0,37.734051,-122.493417,58,LAKE MERCED
58,0,16442,Sloat Boulevard,Sloat Blvd & 36th Ave,100.0,37.734051,-122.493417,58,LAKE MERCED
58,0,16542,Ocean Avenue,Sunset Blvd & Ocean Ave,100.0,37.73183,-122.493622,58,LAKE MERCED
58,0,16542,Sunset Boulevard,Sunset Blvd & Ocean Ave,100.0,37.73183,-122.493622,58,LAKE MERCED
58,0,16563,Sunset Boulevard,Sunset Blvd & Yorba St,100.0,37.734854,-122.493784,58,LAKE MERCED
58,0,16563,Yorba Street,Sunset Blvd & Yorba St,100.0,37.734854,-122.493784,58,LAKE MERCED
58,0,16952,Buckingham Way,Winston Dr & Buckingham Way,100.0,37.72806,-122.478488,58,LAKE MERCED
58,0,16952,Winston Drive,Winston Dr & Buckingham Way,100.0,37.72806,-122.478488,58,LAKE MERCED
58,0,16954,Lake Merced Boulevard,Winston Dr & Lake Merced Blvd,100.0,37.727122,-122.483299,58,LAKE MERCED
58,0,16954,Winston Drive,Winston Dr & Lake Merced Blvd,100.0,37.727122,-122.483299,58,LAKE MERCED
58,0,17624,Amory Road,Zoo Rd & Amory Rd,100.0,37.730704,-122.50159,58,LAKE MERCED
58,0,17624,Zoo Road,Zoo Rd & Amory Rd,100.0,37.730704,-122.50159,58,LAKE MERCED
58,0,17951,Skyline Boulevard,Zoo Rd & Skyline Blvd,100.0,37.728567,-122.501853,58,LAKE MERCED
58,0,17951,Zoo Road,Zoo Rd & Skyline Blvd,100.0,37.728567,-122.501853,58,LAKE MERCED
58,1,13352,19th Avenue,19th Ave & Buckingham Way,100.0,37.725901,-122.475235,58,LAKE MERCED
58,1,13352,Buckingham Way,19th Ave & Buckingham Way,100.0,37.725901,-122.475235,58,LAKE MERCED
58,1,15125,515 John Muir Drive,515 John Muir Dr,100.0,37.716241,-122.495342,58,LAKE MERCED
58,1,15129,655 John Muir Avenue,655 John Muir Ave,100.0,37.717007,-122.49777,58,LAKE MERCED
58,1,13628,Alemany Boulevard,Alemany Blvd & St Charles Ave,100.0,37.710359,-122.469458,58,LAKE MERCED
58,1,13628,St Charles Avenue,Alemany Blvd & St Charles Ave,100.0,37.710359,-122.469458,58,LAKE MERCED
58,1,17820,Alemany Street,Arch St & Alemany St,100.0,37.711591,-122.466996,58,LAKE MERCED
58,1,17820,Arch Street,Arch St & Alemany St,100.0,37.711591,-122.466996,58,LAKE MERCED
58,1,17792,Brotherhood Way,Brotherhood Way & Chumasero Dr,100.0,37.713,-122.472779,58,LAKE MERCED
58,1,17792,Chumasero Drive,Brotherhood Way & Chumasero Dr,100.0,37.713,-122.472779,58,LAKE MERCED
58,1,17801,Brotherhood Way,Brotherhood Way & Grace Community Church,100.0,37.714595,-122.480189,58,LAKE MERCED
58,1,17801,Grace Community Church,Brotherhood Way & Grace Community Church,100.0,37.714595,-122.480189,58,LAKE MERCED
58,1,17793,Brotherhood Way,Brotherhood Way & Summit Way,100.0,37.713758,-122.474566,58,LAKE MERCED
58,1,17793,Summit Way,Brotherhood Way & Summit Way,100.0,37.713758,-122.474566,58,LAKE MERCED
58,1,14341,[UNKNOWN],Daly City BART Station,100.0,37.705964,-122.469023,58,LAKE MERCED
58,1,14829,John Muir,John Muir & Lake Merced,100.0,37.708541,-122.485805,58,LAKE MERCED
58,1,14829,Lake Merced,John Muir & Lake Merced,100.0,37.708541,-122.485805,58,LAKE MERCED
58,1,15131,John Muir Drive,John Muir Dr & Skyline Blvd,100.0,37.718996,-122.500028,58,LAKE MERCED
58,1,15131,Skyline Boulevard,John Muir Dr & Skyline Blvd,100.0,37.718996,-122.500028,58,LAKE MERCED
58,1,14839,Lake Merced,Lake Merced & Middlefield Dr,100.0,37.729441,-122.48629,58,LAKE MERCED
58,1,14839,Middlefield Drive,Lake Merced & Middlefield Dr,100.0,37.729441,-122.48629,58,LAKE MERCED
58,1,14837,Lake Merced Boulevard,Lake Merced Blvd & Lake Merced Hills Blvd,100.0,37.711081,-122.485506,58,LAKE MERCED
58,1,14837,Lake Merced Hills Boulevard,Lake Merced Blvd & Lake Merced Hills Blvd,100.0,37.711081,-122.485506,58,LAKE MERCED
58,1,17554,Flournoy,Mission St & Flournoy,100.0,37.706622,-122.459265,58,LAKE MERCED
58,1,17554,Mission Street,Mission St & Flournoy,100.0,37.706622,-122.459265,58,LAKE MERCED
58,1,16431,Harding Road,Skyline Blvd & Harding Rd,100.0,37.726392,-122.502449,58,LAKE MERCED
58,1,16431,Skyline Boulevard,Skyline Blvd & Harding Rd,100.0,37.726392,-122.502449,58,LAKE MERCED
58,1,16432,Lake Merced Boulevard,Skyline Blvd & Lake Merced Blvd,100.0,37.731149,-122.499223,58,LAKE MERCED
58,1,16432,Skyline Boulevard,Skyline Blvd & Lake Merced Blvd,100.0,37.731149,-122.499223,58,LAKE MERCED
58,1,17815,Skyline Boulevard,Skyline Blvd & Sloat Blvd,100.0,37.733515,-122.496485,58,LAKE MERCED
58,1,17815,Sloat Boulevard,Skyline Blvd & Sloat Blvd,100.0,37.733515,-122.496485,58,LAKE MERCED
58,1,16429,Skyline Boulevard,Skyline Blvd & Zoo Rd,100.0,37.728222,-122.501695,58,LAKE MERCED
58,1,16429,Zoo Road,Skyline Blvd & Zoo Rd,100.0,37.728222,-122.501695,58,LAKE MERCED
58,1,16541,Ocean Avenue,Sunset Blvd & Ocean Ave,100.0,37.731709,-122.493874,58,LAKE MERCED
58,1,16541,Sunset Boulevard,Sunset Blvd & Ocean Ave,100.0,37.731709,-122.493874,58,LAKE MERCED
58,1,16951,20th Avenue,Winston Dr & 20th Ave,100.0,37.726883,-122.475739,58,LAKE MERCED
58,1,16951,Winston Drive,Winston Dr & 20th Ave,100.0,37.726883,-122.475739,58,LAKE MERCED
58,1,16953,Buckingham Way,Winston Dr & Buckingham Way,100.0,37.728294,-122.478929,58,LAKE MERCED
58,1,16953,Winston Drive,Winston Dr & Buckingham Way,100.0,37.728294,-122.478929,58,LAKE MERCED
58,1,16955,Lake Merced Boulevard,Winston Dr & Lake Merced Blvd,100.0,37.726979,-122.48331,58,LAKE MERCED
58,1,16955,Winston Drive,Winston Dr & Lake Merced Blvd,100.0,37.726979,-122.48331,58,LAKE MERCED
5R,0,13927,Cabrillo Street,Cabrillo St & La Playa St,100.0,37.773562,-122.50998,5R,FULTON RAPID
5R,0,13927,La Playa Street,Cabrillo St & La Playa St,100.0,37.773562,-122.50998,5R,FULTON RAPID
5R,0,14725,Fremont Street,Fremont St & Market St,96.341,37.791645,-122.398151,5R,FULTON RAPID
5R,0,14725,Market Street,Fremont St & Market St,96.341,37.791645,-122.398151,5R,FULTON RAPID
5R,0,17727,Fulton S T& 28th Avenue,Fulton S T& 28th Ave,100.0,37.772474,-122.487504,5R,FULTON RAPID
5R,0,17728,Fulton S T& 30th Avenue,Fulton S T& 30th Ave,100.0,37.772375,-122.489624,5R,FULTON RAPID
5R,0,14736,10th Avenue,Fulton St & 10th Ave,100.0,37.77335,-122.46839,5R,FULTON RAPID
5R,0,14736,Fulton Street,Fulton St & 10th Ave,100.0,37.77335,-122.46839,5R,FULTON RAPID
5R,0,14742,18th Avenue,Fulton St & 18th Ave,100.0,37.772959,-122.476776,5R,FULTON RAPID
5R,0,14742,Fulton Street,Fulton St & 18th Ave,100.0,37.772959,-122.476776,5R,FULTON RAPID
5R,0,14746,22nd Avenue,Fulton St & 22nd Ave,100.0,37.77276,-122.48134,5R,FULTON RAPID
5R,0,14746,Fulton Street,Fulton St & 22nd Ave,100.0,37.77276,-122.48134,5R,FULTON RAPID
5R,0,14748,25th Avenue,Fulton St & 25th Ave,100.0,37.772591,-122.484306,5R,FULTON RAPID
5R,0,14748,Fulton Street,Fulton St & 25th Ave,100.0,37.772591,-122.484306,5R,FULTON RAPID
5R,0,14211,33rd Avenue,Fulton St & 33rd Ave,100.0,37.77223,-122.49318,5R,FULTON RAPID
5R,0,14211,Fulton Street,Fulton St & 33rd Ave,100.0,37.77223,-122.49318,5R,FULTON RAPID
5R,0,14213,36th Avenue,Fulton St & 36th Ave,100.0,37.77208,-122.49634,5R,FULTON RAPID
5R,0,14213,Fulton Street,Fulton St & 36th Ave,100.0,37.77208,-122.49634,5R,FULTON RAPID
5R,0,17729,40th Avenue,Fulton St & 40th Ave,100.0,37.77188,-122.50034,5R,FULTON RAPID
5R,0,17729,Fulton Street,Fulton St & 40th Ave,100.0,37.77188,-122.50034,5R,FULTON RAPID
5R,0,17730,43rd Avenue,Fulton St & 43rd Ave,100.0,37.771736,-122.503537,5R,FULTON RAPID
5R,0,17730,Fulton Street,Fulton St & 43rd Ave,100.0,37.771736,-122.503537,5R,FULTON RAPID
5R,0,14221,46th Avenue,Fulton St & 46th Ave,100.0,37.77159,-122.50704,5R,FULTON RAPID
5R,0,14221,Fulton Street,Fulton St & 46th Ave,100.0,37.77159,-122.50704,5R,FULTON RAPID
5R,0,14732,6th Avenue,Fulton St & 6th Ave,100.0,37.773639,-122.463848,5R,FULTON RAPID
5R,0,14732,Fulton Street,Fulton St & 6th Ave,100.0,37.773639,-122.463848,5R,FULTON RAPID
5R,0,14734,8th Avenue,Fulton St & 8th Ave,100.0,37.77347,-122.466049,5R,FULTON RAPID
5R,0,14734,Fulton Street,Fulton St & 8th Ave,100.0,37.77347,-122.466049,5R,FULTON RAPID
5R,0,14223,Arguello Boulevard,Fulton St & Arguello Blvd,96.341,37.774354,-122.458416,5R,FULTON RAPID
5R,0,14223,Fulton Street,Fulton St & Arguello Blvd,96.341,37.774354,-122.458416,5R,FULTON RAPID
5R,0,14229,Fulton Street,Fulton St & Masonic Ave,96.341,37.775844,-122.446404,5R,FULTON RAPID
5R,0,14229,Masonic Avenue,Fulton St & Masonic Ave,96.341,37.775844,-122.446404,5R,FULTON RAPID
5R,0,14231,Fulton Street,Fulton St & Park Presidio Blvd,100.0,37.77319,-122.47218,5R,FULTON RAPID
5R,0,14231,Park Presidio Boulevard,Fulton St & Park Presidio Blvd,100.0,37.77319,-122.47218,5R,FULTON RAPID
5R,0,14233,Fulton Street,Fulton St & Parker Ave,96.341,37.775014,-122.452868,5R,FULTON RAPID
5R,0,14233,Parker Avenue,Fulton St & Parker Ave,96.341,37.775014,-122.452868,5R,FULTON RAPID
5R,0,14842,Cabrillo Street,La Playa St & Cabrillo St,100.0,37.773214,-122.509991,5R,FULTON RAPID
5R,0,14842,La Playa Street,La Playa St & Cabrillo St,100.0,37.773214,-122.509991,5R,FULTON RAPID
5R,0,14844,Fulton Street,La Playa St & Fulton St,100.0,37.77169,-122.50984,5R,FULTON RAPID
5R,0,14844,La Playa Street,La Playa St & Fulton St,100.0,37.77169,-122.50984,5R,FULTON RAPID
5R,0,15674,Grant Avenue,Market St & Grant Ave,96.341,37.78639,-122.40516,5R,FULTON RAPID
5R,0,15674,Market Street,Market St & Grant Ave,96.341,37.78639,-122.40516,5R,FULTON RAPID
5R,0,15683,Market Street,Market St & Mason St,96.341,37.78285,-122.40964,5R,FULTON RAPID
5R,0,15683,Mason Street,Market St & Mason St,96.341,37.78285,-122.40964,5R,FULTON RAPID
5R,0,15684,Market Street,Market St & Montgomery St,96.341,37.78849,-122.40248,5R,FULTON RAPID
5R,0,15684,Montgomery Street,Market St & Montgomery St,96.341,37.78849,-122.40248,5R,FULTON RAPID
5R,0,15688,Market Street,Market St & Powell St,96.341,37.784474,-122.407544,5R,FULTON RAPID
5R,0,15688,Powell Street,Market St & Powell St,96.341,37.784474,-122.407544,5R,FULTON RAPID
5R,0,15689,Market Street,Market St & Sansome St,96.341,37.790013,-122.400491,5R,FULTON RAPID
5R,0,15689,Sansome Street,Market St & Sansome St,96.341,37.790013,-122.400491,5R,FULTON RAPID
5R,0,15389,Divisadero Street,Mcallister St & Divisadero St,96.341,37.777825,-122.438289,5R,FULTON RAPID
5R,0,15389,Mcallister Street,Mcallister St & Divisadero St,96.341,37.777825,-122.438289,5R,FULTON RAPID
5R,0,15391,Fillmore Street,Mcallister St & Fillmore St,96.341,37.77864,-122.43207,5R,FULTON RAPID
5R,0,15391,Mcallister Street,Mcallister St & Fillmore St,96.341,37.77864,-122.43207,5R,FULTON RAPID
5R,0,17563,Jones Street,Mcallister St & Jones St,96.341,37.781166,-122.412189,5R,FULTON RAPID
5R,0,17563,Mcallister Street,Mcallister St & Jones St,96.341,37.781166,-122.412189,5R,FULTON RAPID
5R,0,15398,Laguna Street,Mcallister St & Laguna St,96.341,37.779304,-122.42717,5R,FULTON RAPID
5R,0,15398,Mcallister Street,Mcallister St & Laguna St,96.341,37.779304,-122.42717,5R,FULTON RAPID
5R,0,15404,Mcallister Street,Mcallister St & Van Ness Ave,96.341,37.78009,-122.42071,5R,FULTON RAPID
5R,0,15404,Van Ness Avenue,Mcallister St & Van Ness Ave,96.341,37.78009,-122.42071,5R,FULTON RAPID
5R,0,17914,[UNKNOWN],Transit Center Bay B,96.341,37.790091,-122.395688,5R,FULTON RAPID
5R,1,13089,Beale Street,Beale St & Mission St,100.0,37.791939,-122.396879,5R,FULTON RAPID
5R,1,13089,Mission Street,Beale St & Mission St,100.0,37.791939,-122.396879,5R,FULTON RAPID
5R,1,13927,Cabrillo Street,Cabrillo St & La Playa St,91.86,37.773562,-122.50998,5R,FULTON RAPID
5R,1,13927,La Playa Street,Cabrillo St & La Playa St,91.86,37.773562,-122.50998,5R,FULTON RAPID
5R,1,14737,10th Avenue,Fulton St & 10th Ave,91.86,37.77325,-122.46761,5R,FULTON RAPID
5R,1,14737,Fulton Street,Fulton St & 10th Ave,91.86,37.77325,-122.46761,5R,FULTON RAPID
5R,1,17721,18th Avenue,Fulton St & 18th Ave,91.86,37.772834,-122.476524,5R,FULTON RAPID
5R,1,17721,Fulton Street,Fulton St & 18th Ave,91.86,37.772834,-122.476524,5R,FULTON RAPID
5R,1,14747,22nd Avenue,Fulton St & 22nd Ave,91.86,37.77266,-122.48061,5R,FULTON RAPID
5R,1,14747,Fulton Street,Fulton St & 22nd Ave,91.86,37.77266,-122.48061,5R,FULTON RAPID
5R,1,14749,25th Avenue,Fulton St & 25th Ave,91.86,37.772547,-122.4841,5R,FULTON RAPID
5R,1,14749,Fulton Street,Fulton St & 25th Ave,91.86,37.772547,-122.4841,5R,FULTON RAPID
5R,1,14751,28th Avenue,Fulton St & 28th Ave,91.86,37.77235,-122.48717,5R,FULTON RAPID
5R,1,14751,Fulton Street,Fulton St & 28th Ave,91.86,37.77235,-122.48717,5R,FULTON RAPID
5R,1,14753,30th Avenue,Fulton St & 30th Ave,91.86,37.77224,-122.48919,5R,FULTON RAPID
5R,1,14753,Fulton Street,Fulton St & 30th Ave,91.86,37.77224,-122.48919,5R,FULTON RAPID
5R,1,14212,33rd Avenue,Fulton St & 33rd Ave,91.86,37.7721,-122.49288,5R,FULTON RAPID
5R,1,14212,Fulton Street,Fulton St & 33rd Ave,91.86,37.7721,-122.49288,5R,FULTON RAPID
5R,1,14215,37th Avenue,Fulton St & 37th Ave,91.86,37.77192,-122.49679,5R,FULTON RAPID
5R,1,14215,Fulton Street,Fulton St & 37th Ave,91.86,37.77192,-122.49679,5R,FULTON RAPID
5R,1,14218,40th Avenue,Fulton St & 40th Ave,91.86,37.77179,-122.49991,5R,FULTON RAPID
5R,1,14218,Fulton Street,Fulton St & 40th Ave,91.86,37.77179,-122.49991,5R,FULTON RAPID
5R,1,17720,43rd Avenue,Fulton St & 43rd Ave,91.86,37.771612,-122.503296,5R,FULTON RAPID
5R,1,17720,Fulton Street,Fulton St & 43rd Ave,91.86,37.771612,-122.503296,5R,FULTON RAPID
5R,1,14222,46th Avenue,Fulton St & 46th Ave,91.86,37.77148,-122.50631,5R,FULTON RAPID
5R,1,14222,Fulton Street,Fulton St & 46th Ave,91.86,37.77148,-122.50631,5R,FULTON RAPID
5R,1,14733,6th Avenue,Fulton St & 6th Ave,98.837,37.773532,-122.463837,5R,FULTON RAPID
5R,1,14733,Fulton Street,Fulton St & 6th Ave,98.837,37.773532,-122.463837,5R,FULTON RAPID
5R,1,14735,8th Avenue,Fulton St & 8th Ave,91.86,37.773318,-122.465739,5R,FULTON RAPID
5R,1,14735,Fulton Street,Fulton St & 8th Ave,91.86,37.773318,-122.465739,5R,FULTON RAPID
5R,1,14224,Arguello Boulevard,Fulton St & Arguello Blvd,98.837,37.774282,-122.458003,5R,FULTON RAPID
5R,1,14224,Fulton Street,Fulton St & Arguello Blvd,98.837,37.774282,-122.458003,5R,FULTON RAPID
5R,1,14228,Fulton Street,Fulton St & La Playa St,91.86,37.77134,-122.50939,5R,FULTON RAPID
5R,1,14228,La Playa Street,Fulton St & La Playa St,91.86,37.77134,-122.50939,5R,FULTON RAPID
5R,1,14230,Fulton Street,Fulton St & Masonic Ave,98.837,37.775773,-122.446289,5R,FULTON RAPID
5R,1,14230,Masonic Avenue,Fulton St & Masonic Ave,98.837,37.775773,-122.446289,5R,FULTON RAPID
5R,1,14232,Fulton Street,Fulton St & Park Presidio Blvd,91.86,37.773067,-122.471699,5R,FULTON RAPID
5R,1,14232,Park Presidio Boulevard,Fulton St & Park Presidio Blvd,91.86,37.773067,-122.471699,5R,FULTON RAPID
5R,1,14234,Fulton Street,Fulton St & Shrader St,98.837,37.77499,-122.45238,5R,FULTON RAPID
5R,1,14234,Shrader Street,Fulton St & Shrader St,98.837,37.77499,-122.45238,5R,FULTON RAPID
5R,1,14843,Cabrillo Street,La Playa St & Cabrillo St,91.86,37.773214,-122.51006,5R,FULTON RAPID
5R,1,14843,La Playa Street,La Playa St & Cabrillo St,91.86,37.773214,-122.51006,5R,FULTON RAPID
5R,1,15638,1st Street,Market St & 1st St,100.0,37.790485,-122.399723,5R,FULTON RAPID
5R,1,15638,Market Street,Market St & 1st St,100.0,37.790485,-122.399723,5R,FULTON RAPID
5R,1,15641,3rd Street,Market St & 3rd St,100.0,37.787667,-122.403359,5R,FULTON RAPID
5R,1,15641,Market Street,Market St & 3rd St,100.0,37.787667,-122.403359,5R,FULTON RAPID
5R,1,15646,5th Street,Market St & 5th St,98.837,37.783395,-122.408657,5R,FULTON RAPID
5R,1,15646,Market Street,Market St & 5th St,98.837,37.783395,-122.408657,5R,FULTON RAPID
5R,1,15642,3rd Street,Market St Between 4th & 3rd St,98.837,37.786597,-122.404586,5R,FULTON RAPID
5R,1,15642,Market St Between 4th,Market St Between 4th & 3rd St,98.837,37.786597,-122.404586,5R,FULTON RAPID
5R,1,15644,4th Street,Market St Between 5th & 4th St,98.837,37.78484,-122.406834,5R,FULTON RAPID
5R,1,15644,Market St Between 5th,Market St Between 5th & 4th St,98.837,37.78484,-122.406834,5R,FULTON RAPID
5R,1,15390,Divisadero Street,Mcallister St & Divisadero St,98.837,37.77773,-122.43851,5R,FULTON RAPID
5R,1,15390,Mcallister Street,Mcallister St & Divisadero St,98.837,37.77773,-122.43851,5R,FULTON RAPID
5R,1,15392,Fillmore Street,Mcallister St & Fillmore St,98.837,37.778618,-122.431744,5R,FULTON RAPID
5R,1,15392,Mcallister Street,Mcallister St & Fillmore St,98.837,37.778618,-122.431744,5R,FULTON RAPID
5R,1,15399,Laguna Street,Mcallister St & Laguna St,98.837,37.779206,-122.42701,5R,FULTON RAPID
5R,1,15399,Mcallister Street,Mcallister St & Laguna St,98.837,37.779206,-122.42701,5R,FULTON RAPID
5R,1,17635,Leavenworth Street,Mcallister St & Leavenworth St,98.837,37.780889,-122.413587,5R,FULTON RAPID
5R,1,17635,Mcallister Street,Mcallister St & Leavenworth St,98.837,37.780889,-122.413587,5R,FULTON RAPID
5R,1,15405,Mcallister Street,Mcallister St & Van Ness Ave,98.837,37.780052,-122.420178,5R,FULTON RAPID
5R,1,15405,Van Ness Avenue,Mcallister St & Van Ness Ave,98.837,37.780052,-122.420178,5R,FULTON RAPID
5R,1,17914,[UNKNOWN],Transit Center Bay B,100.0,37.790091,-122.395688,5R,FULTON RAPID
6,0,13232,10th Avenue,10th Ave & Pacheco St,97.594,37.750699,-122.466547,6,HAYES-PARNASSUS
6,0,13232,Pacheco Street,10th Ave & Pacheco St,97.594,37.750699,-122.466547,6,HAYES-PARNASSUS
6,0,13234,10th Avenue,10th Ave & Quintara St,97.594,37.749164,-122.466432,6,HAYES-PARNASSUS
6,0,13234,Quintara Street,10th Ave & Quintara St,97.594,37.749164,-122.466432,6,HAYES-PARNASSUS
6,0,13247,14th Avenue,14th Ave & Quintara St,97.594,37.748878,-122.470706,6,HAYES-PARNASSUS
6,0,13247,Quintara Street,14th Ave & Quintara St,97.594,37.748878,-122.470706,6,HAYES-PARNASSUS
6,0,15887,500 Parnassus Avenue,500 Parnassus Ave,97.594,37.763308,-122.458746,6,HAYES-PARNASSUS
6,0,13215,9th Avenue,9th Ave & Judah St,97.594,37.76204,-122.466241,6,HAYES-PARNASSUS
6,0,13215,Judah Street,9th Ave & Judah St,97.594,37.76204,-122.466241,6,HAYES-PARNASSUS
6,0,13216,9th Avenue,9th Ave & Kirkham St,97.594,37.760407,-122.466149,6,HAYES-PARNASSUS
6,0,13216,Kirkham Street,9th Ave & Kirkham St,97.594,37.760407,-122.466149,6,HAYES-PARNASSUS
6,0,13218,9th Avenue,9th Ave & Lawton St,97.594,37.758533,-122.466022,6,HAYES-PARNASSUS
6,0,13218,Lawton Street,9th Ave & Lawton St,97.594,37.758533,-122.466022,6,HAYES-PARNASSUS
6,0,13222,9th Avenue,9th Ave & Moraga St,97.594,37.756677,-122.465884,6,HAYES-PARNASSUS
6,0,13222,Moraga Street,9th Ave & Moraga St,97.594,37.756677,-122.465884,6,HAYES-PARNASSUS
6,0,13224,9th Avenue,9th Ave & Noriega St,97.594,37.754804,-122.465758,6,HAYES-PARNASSUS
6,0,13224,Noriega Street,9th Ave & Noriega St,97.594,37.754804,-122.465758,6,HAYES-PARNASSUS
6,0,13226,9th Avenue,9th Ave & Ortega St,97.594,37.752939,-122.465631,6,HAYES-PARNASSUS
6,0,13226,Ortega Street,9th Ave & Ortega St,97.594,37.752939,-122.465631,6,HAYES-PARNASSUS
6,0,14074,Carl Street,Clayton St & Carl St,97.594,37.766154,-122.44794,6,HAYES-PARNASSUS
6,0,14074,Clayton Street,Clayton St & Carl St,97.594,37.766154,-122.44794,6,HAYES-PARNASSUS
6,0,14082,Clayton Street,Clayton St & Parnassus Ave,97.594,37.765226,-122.447757,6,HAYES-PARNASSUS
6,0,14082,Parnassus Avenue,Clayton St & Parnassus Ave,97.594,37.765226,-122.447757,6,HAYES-PARNASSUS
6,0,14715,Ashbury Street,Frederick St & Ashbury St,97.594,37.767261,-122.446691,6,HAYES-PARNASSUS
6,0,14715,Frederick Street,Frederick St & Ashbury St,97.594,37.767261,-122.446691,6,HAYES-PARNASSUS
6,0,14717,Clayton Street,Frederick St & Clayton St,97.594,37.7671,-122.447917,6,HAYES-PARNASSUS
6,0,14717,Frederick Street,Frederick St & Clayton St,97.594,37.7671,-122.447917,6,HAYES-PARNASSUS
6,0,14979,Baker Street,Hayes St & Baker St,96.39,37.774573,-122.441501,6,HAYES-PARNASSUS
6,0,14979,Hayes Street,Hayes St & Baker St,96.39,37.774573,-122.441501,6,HAYES-PARNASSUS
6,0,14983,Buchanan Street,Hayes St & Buchanan St,96.39,37.776261,-122.428274,6,HAYES-PARNASSUS
6,0,14983,Hayes Street,Hayes St & Buchanan St,96.39,37.776261,-122.428274,6,HAYES-PARNASSUS
6,0,14985,Central Avenue,Hayes St & Central Ave,96.39,37.774195,-122.444298,6,HAYES-PARNASSUS
6,0,14985,Hayes Street,Hayes St & Central Ave,96.39,37.774195,-122.444298,6,HAYES-PARNASSUS
6,0,14991,Divisadero Street,Hayes St & Divisadero St,96.39,37.775005,-122.437945,6,HAYES-PARNASSUS
6,0,14991,Hayes Street,Hayes St & Divisadero St,96.39,37.775005,-122.437945,6,HAYES-PARNASSUS
6,0,14993,Fillmore Street,Hayes St & Fillmore St,96.39,37.775838,-122.431561,6,HAYES-PARNASSUS
6,0,14993,Hayes Street,Hayes St & Fillmore St,96.39,37.775838,-122.431561,6,HAYES-PARNASSUS
6,0,14996,Gough Street,Hayes St & Gough St,96.39,37.776893,-122.423326,6,HAYES-PARNASSUS
6,0,14996,Hayes Street,Hayes St & Gough St,96.39,37.776893,-122.423326,6,HAYES-PARNASSUS
6,0,14998,Hayes Street,Hayes St & Laguna St,96.39,37.77653,-122.426146,6,HAYES-PARNASSUS
6,0,14998,Laguna Street,Hayes St & Laguna St,96.39,37.77653,-122.426146,6,HAYES-PARNASSUS
6,0,14997,Hayes Street,Hayes St & Larkin St,96.39,37.777709,-122.416852,6,HAYES-PARNASSUS
6,0,14997,Larkin Street,Hayes St & Larkin St,96.39,37.777709,-122.416852,6,HAYES-PARNASSUS
6,0,15001,Hayes Street,Hayes St & Masonic Ave,93.984,37.773979,-122.445991,6,HAYES-PARNASSUS
6,0,15001,Masonic Avenue,Hayes St & Masonic Ave,93.984,37.773979,-122.445991,6,HAYES-PARNASSUS
6,0,15003,Hayes Street,Hayes St & Pierce St,96.39,37.775472,-122.434443,6,HAYES-PARNASSUS
6,0,15003,Pierce Street,Hayes St & Pierce St,96.39,37.775472,-122.434443,6,HAYES-PARNASSUS
6,0,15011,Hayes Street,Hayes St & Steiner St,96.39,37.775627,-122.433203,6,HAYES-PARNASSUS
6,0,15011,Steiner Street,Hayes St & Steiner St,96.39,37.775627,-122.433203,6,HAYES-PARNASSUS
6,0,15013,Hayes Street,Hayes St & Van Ness Ave,96.39,37.777286,-122.42019,6,HAYES-PARNASSUS
6,0,15013,Van Ness Avenue,Hayes St & Van Ness Ave,96.39,37.777286,-122.42019,6,HAYES-PARNASSUS
6,0,15014,Hayes Street,Hayes St & Webster St,96.39,37.776056,-122.429879,6,HAYES-PARNASSUS
6,0,15014,Webster Street,Hayes St & Webster St,96.39,37.776056,-122.429879,6,HAYES-PARNASSUS
6,0,15071,Grove Street,Hyde St & Grove St,96.39,37.779346,-122.415158,6,HAYES-PARNASSUS
6,0,15071,Hyde Street,Hyde St & Grove St,96.39,37.779346,-122.415158,6,HAYES-PARNASSUS
6,0,15190,6th Avenue,Judah St & 6th Ave,97.594,37.762397,-122.462849,6,HAYES-PARNASSUS
6,0,15190,Judah Street,Judah St & 6th Ave,97.594,37.762397,-122.462849,6,HAYES-PARNASSUS
6,0,15191,7th Avenue,Judah St & 7th Ave,97.594,37.762334,-122.46435,6,HAYES-PARNASSUS
6,0,15191,Judah Street,Judah St & 7th Ave,97.594,37.762334,-122.46435,6,HAYES-PARNASSUS
6,0,15704,Frederick Street,Masonic Ave & Frederick St,97.594,37.767511,-122.444846,6,HAYES-PARNASSUS
6,0,15704,Masonic Avenue,Masonic Ave & Frederick St,97.594,37.767511,-122.444846,6,HAYES-PARNASSUS
6,0,15711,Haight Street,Masonic Ave & Haight St,97.594,37.770152,-122.445384,6,HAYES-PARNASSUS
6,0,15711,Masonic Avenue,Masonic Ave & Haight St,97.594,37.770152,-122.445384,6,HAYES-PARNASSUS
6,0,15717,Masonic Avenue,Masonic Ave & Oak St,93.984,37.77173,-122.44573,6,HAYES-PARNASSUS
6,0,15717,Oak Street,Masonic Ave & Oak St,93.984,37.77173,-122.44573,6,HAYES-PARNASSUS
6,0,15827,10th Avenue,Ortega St & 10th Ave,97.594,37.752885,-122.466479,6,HAYES-PARNASSUS
6,0,15827,Ortega Street,Ortega St & 10th Ave,97.594,37.752885,-122.466479,6,HAYES-PARNASSUS
6,0,15885,4th Avenue,Parnassus Ave & 4th Ave,97.594,37.762727,-122.46074,6,HAYES-PARNASSUS
6,0,15885,Parnassus Avenue,Parnassus Ave & 4th Ave,97.594,37.762727,-122.46074,6,HAYES-PARNASSUS
6,0,15889,Cole Street,Parnassus Ave & Cole St,97.594,37.764905,-122.450083,6,HAYES-PARNASSUS
6,0,15889,Parnassus Avenue,Parnassus Ave & Cole St,97.594,37.764905,-122.450083,6,HAYES-PARNASSUS
6,0,15891,Hillway Avenue,Parnassus Ave & Hillway Ave,97.594,37.763807,-122.45697,6,HAYES-PARNASSUS
6,0,15891,Parnassus Avenue,Parnassus Ave & Hillway Ave,97.594,37.763807,-122.45697,6,HAYES-PARNASSUS
6,0,15893,Parnassus Avenue,Parnassus Ave & Shrader St,97.594,37.764771,-122.451103,6,HAYES-PARNASSUS
6,0,15893,Shrader Street,Parnassus Ave & Shrader St,97.594,37.764771,-122.451103,6,HAYES-PARNASSUS
6,0,15895,Parnassus Avenue,Parnassus Ave & Stanyan St,97.594,37.764548,-122.452879,6,HAYES-PARNASSUS
6,0,15895,Stanyan Street,Parnassus Ave & Stanyan St,97.594,37.764548,-122.452879,6,HAYES-PARNASSUS
6,0,15897,Parnassus Avenue,Parnassus Ave & Willard St,97.594,37.764352,-122.454529,6,HAYES-PARNASSUS
6,0,15897,Willard Street,Parnassus Ave & Willard St,97.594,37.764352,-122.454529,6,HAYES-PARNASSUS
6,0,16135,12th Avenue,Quintara St & 12th Ave,97.594,37.749039,-122.468369,6,HAYES-PARNASSUS
6,0,16135,Quintara Street,Quintara St & 12th Ave,97.594,37.749039,-122.468369,6,HAYES-PARNASSUS
6,0,16168,Cragmont Avenue,Quintara St & Cragmont Ave,97.594,37.749093,-122.467681,6,HAYES-PARNASSUS
6,0,16168,Quintara Street,Quintara St & Cragmont Ave,97.594,37.749093,-122.467681,6,HAYES-PARNASSUS
6,0,16170,Funston Avenue,Quintara St & Funston Ave,97.594,37.748985,-122.469423,6,HAYES-PARNASSUS
6,0,16170,Quintara Street,Quintara St & Funston Ave,97.594,37.748985,-122.469423,6,HAYES-PARNASSUS
6,1,13230,10th Avenue,10th Ave & Ortega St,97.604,37.752724,-122.466502,6,HAYES-PARNASSUS
6,1,13230,Ortega Street,10th Ave & Ortega St,97.604,37.752724,-122.466502,6,HAYES-PARNASSUS
6,1,13231,10th Avenue,10th Ave & Pacheco St,97.604,37.75086,-122.466376,6,HAYES-PARNASSUS
6,1,13231,Pacheco Street,10th Ave & Pacheco St,97.604,37.75086,-122.466376,6,HAYES-PARNASSUS
6,1,13233,10th Avenue,10th Ave & Quintara St,97.604,37.749325,-122.466261,6,HAYES-PARNASSUS
6,1,13233,Quintara Street,10th Ave & Quintara St,97.604,37.749325,-122.466261,6,HAYES-PARNASSUS
6,1,13247,14th Avenue,14th Ave & Quintara St,97.604,37.748878,-122.470706,6,HAYES-PARNASSUS
6,1,13247,Quintara Street,14th Ave & Quintara St,97.604,37.748878,-122.470706,6,HAYES-PARNASSUS
6,1,17688,513 Parnassus Avenue,513 Parnassus Ave,97.604,37.763299,-122.458208,6,HAYES-PARNASSUS
6,1,13214,9th Avenue,9th Ave & Judah St,97.604,37.762093,-122.46608,6,HAYES-PARNASSUS
6,1,13214,Judah Street,9th Ave & Judah St,97.604,37.762093,-122.46608,6,HAYES-PARNASSUS
6,1,13217,9th Avenue,9th Ave & Kirkham St,97.604,37.760237,-122.465954,6,HAYES-PARNASSUS
6,1,13217,Kirkham Street,9th Ave & Kirkham St,97.604,37.760237,-122.465954,6,HAYES-PARNASSUS
6,1,13219,9th Avenue,9th Ave & Lawton St,97.604,37.758364,-122.465827,6,HAYES-PARNASSUS
6,1,13219,Lawton Street,9th Ave & Lawton St,97.604,37.758364,-122.465827,6,HAYES-PARNASSUS
6,1,13223,9th Avenue,9th Ave & Moraga St,97.604,37.756508,-122.465689,6,HAYES-PARNASSUS
6,1,13223,Moraga Street,9th Ave & Moraga St,97.604,37.756508,-122.465689,6,HAYES-PARNASSUS
6,1,13225,9th Avenue,9th Ave & Noriega St,97.604,37.754634,-122.465551,6,HAYES-PARNASSUS
6,1,13225,Noriega Street,9th Ave & Noriega St,97.604,37.754634,-122.465551,6,HAYES-PARNASSUS
6,1,14073,Carl Street,Clayton St & Carl St,97.604,37.766288,-122.447779,6,HAYES-PARNASSUS
6,1,14073,Clayton Street,Clayton St & Carl St,97.604,37.766288,-122.447779,6,HAYES-PARNASSUS
6,1,14078,Clayton Street,Clayton St & Frederick St,97.604,37.76694,-122.447917,6,HAYES-PARNASSUS
6,1,14078,Frederick Street,Clayton St & Frederick St,97.604,37.76694,-122.447917,6,HAYES-PARNASSUS
6,1,14081,Clayton Street,Clayton St & Parnassus Ave,97.604,37.765405,-122.447608,6,HAYES-PARNASSUS
6,1,14081,Parnassus Avenue,Clayton St & Parnassus Ave,97.604,37.765405,-122.447608,6,HAYES-PARNASSUS
6,1,14716,Ashbury Street,Frederick St & Ashbury St,97.604,37.767145,-122.446462,6,HAYES-PARNASSUS
6,1,14716,Frederick Street,Frederick St & Ashbury St,97.604,37.767145,-122.446462,6,HAYES-PARNASSUS
6,1,17025,Frederick Street,Frederick St & Masonic St,97.604,37.76735,-122.444823,6,HAYES-PARNASSUS
6,1,17025,Masonic Street,Frederick St & Masonic St,97.604,37.76735,-122.444823,6,HAYES-PARNASSUS
6,1,14920,Gough Street,Grove St & Gough St,96.406,37.777748,-122.423306,6,HAYES-PARNASSUS
6,1,14920,Grove Street,Grove St & Gough St,96.406,37.777748,-122.423306,6,HAYES-PARNASSUS
6,1,14921,Grove Street,Grove St & Laguna St,96.406,37.777382,-122.426324,6,HAYES-PARNASSUS
6,1,14921,Laguna Street,Grove St & Laguna St,96.406,37.777382,-122.426324,6,HAYES-PARNASSUS
6,1,14923,Grove Street,Grove St & Van Ness Ave,96.406,37.778188,-122.419743,6,HAYES-PARNASSUS
6,1,14923,Van Ness Avenue,Grove St & Van Ness Ave,96.406,37.778188,-122.419743,6,HAYES-PARNASSUS
6,1,14980,Baker Street,Hayes St & Baker St,96.406,37.774509,-122.441259,6,HAYES-PARNASSUS
6,1,14980,Hayes Street,Hayes St & Baker St,96.406,37.774509,-122.441259,6,HAYES-PARNASSUS
6,1,14984,Buchanan Street,Hayes St & Buchanan St,96.406,37.776244,-122.427555,6,HAYES-PARNASSUS
6,1,14984,Hayes Street,Hayes St & Buchanan St,96.406,37.776244,-122.427555,6,HAYES-PARNASSUS
6,1,14992,Divisadero Street,Hayes St & Divisadero St,96.406,37.774898,-122.437911,6,HAYES-PARNASSUS
6,1,14992,Hayes Street,Hayes St & Divisadero St,96.406,37.774898,-122.437911,6,HAYES-PARNASSUS
6,1,14994,Fillmore Street,Hayes St & Fillmore St,96.406,37.775804,-122.430834,6,HAYES-PARNASSUS
6,1,14994,Hayes Street,Hayes St & Fillmore St,96.406,37.775804,-122.430834,6,HAYES-PARNASSUS
6,1,15000,Hayes Street,Hayes St & Lyon St,96.406,37.77429,-122.442862,6,HAYES-PARNASSUS
6,1,15000,Lyon Street,Hayes St & Lyon St,96.406,37.77429,-122.442862,6,HAYES-PARNASSUS
6,1,15002,Hayes Street,Hayes St & Masonic Ave,100.0,37.773926,-122.446003,6,HAYES-PARNASSUS
6,1,15002,Masonic Avenue,Hayes St & Masonic Ave,100.0,37.773926,-122.446003,6,HAYES-PARNASSUS
6,1,15004,Hayes Street,Hayes St & Pierce St,96.406,37.775413,-122.434177,6,HAYES-PARNASSUS
6,1,15004,Pierce Street,Hayes St & Pierce St,96.406,37.775413,-122.434177,6,HAYES-PARNASSUS
6,1,15012,Hayes Street,Hayes St & Steiner St,96.406,37.775627,-122.432476,6,HAYES-PARNASSUS
6,1,15012,Steiner Street,Hayes St & Steiner St,96.406,37.775627,-122.432476,6,HAYES-PARNASSUS
6,1,15015,Hayes Street,Hayes St & Webster St,96.406,37.776035,-122.42919,6,HAYES-PARNASSUS
6,1,15015,Webster Street,Hayes St & Webster St,96.406,37.776035,-122.42919,6,HAYES-PARNASSUS
6,1,15071,Grove Street,Hyde St & Grove St,96.406,37.779346,-122.415158,6,HAYES-PARNASSUS
6,1,15071,Hyde Street,Hyde St & Grove St,96.406,37.779346,-122.415158,6,HAYES-PARNASSUS
6,1,15189,5th Avenue,Judah St & 5th Ave,97.604,37.762299,-122.462001,6,HAYES-PARNASSUS
6,1,15189,Judah Street,Judah St & 5th Ave,97.604,37.762299,-122.462001,6,HAYES-PARNASSUS
6,1,15192,7th Avenue,Judah St & 7th Ave,97.604,37.762201,-122.464144,6,HAYES-PARNASSUS
6,1,15192,Judah Street,Judah St & 7th Ave,97.604,37.762201,-122.464144,6,HAYES-PARNASSUS
6,1,15260,Hayes Street,Laguna St & Hayes St,96.406,37.776752,-122.42627,6,HAYES-PARNASSUS
6,1,15260,Laguna Street,Laguna St & Hayes St,96.406,37.776752,-122.42627,6,HAYES-PARNASSUS
6,1,15713,Haight Street,Masonic Ave & Haight St,97.604,37.770348,-122.445304,6,HAYES-PARNASSUS
6,1,15713,Masonic Avenue,Masonic Ave & Haight St,97.604,37.770348,-122.445304,6,HAYES-PARNASSUS
6,1,15716,Masonic Avenue,Masonic Ave & Oak St,97.604,37.771963,-122.445625,6,HAYES-PARNASSUS
6,1,15716,Oak Street,Masonic Ave & Oak St,97.604,37.771963,-122.445625,6,HAYES-PARNASSUS
6,1,15396,Hyde Street,Mcallister St & Hyde St,96.406,37.78061,-122.41587,6,HAYES-PARNASSUS
6,1,15396,Mcallister Street,Mcallister St & Hyde St,96.406,37.78061,-122.41587,6,HAYES-PARNASSUS
6,1,15826,9th Avenue,Ortega St & 9th Ave,97.604,37.752778,-122.465631,6,HAYES-PARNASSUS
6,1,15826,Ortega Street,Ortega St & 9th Ave,97.604,37.752778,-122.465631,6,HAYES-PARNASSUS
6,1,15890,Cole Street,Parnassus Ave & Cole St,97.604,37.764789,-122.449854,6,HAYES-PARNASSUS
6,1,15890,Parnassus Avenue,Parnassus Ave & Cole St,97.604,37.764789,-122.449854,6,HAYES-PARNASSUS
6,1,15894,Parnassus Avenue,Parnassus Ave & Shrader St,97.604,37.764602,-122.451298,6,HAYES-PARNASSUS
6,1,15894,Shrader Street,Parnassus Ave & Shrader St,97.604,37.764602,-122.451298,6,HAYES-PARNASSUS
6,1,15896,Parnassus Avenue,Parnassus Ave & Stanyan St,97.604,37.764432,-122.45265,6,HAYES-PARNASSUS
6,1,15896,Stanyan Street,Parnassus Ave & Stanyan St,97.604,37.764432,-122.45265,6,HAYES-PARNASSUS
6,1,15898,Parnassus Avenue,Parnassus Ave & Willard St,97.604,37.764236,-122.4543,6,HAYES-PARNASSUS
6,1,15898,Willard Street,Parnassus Ave & Willard St,97.604,37.764236,-122.4543,6,HAYES-PARNASSUS
6,1,17687,Parnassus Ave &4th Avenue,Parnassus Ave &4th Ave,97.604,37.762522,-122.460947,6,HAYES-PARNASSUS
6,1,16136,12th Avenue,Quintara St & 12th Ave,97.604,37.74887,-122.468563,6,HAYES-PARNASSUS
6,1,16136,Quintara Street,Quintara St & 12th Ave,97.604,37.74887,-122.468563,6,HAYES-PARNASSUS
6,1,16169,Cragmont Avenue,Quintara St & Cragmont Ave,97.604,37.748977,-122.467051,6,HAYES-PARNASSUS
6,1,16169,Quintara Street,Quintara St & Cragmont Ave,97.604,37.748977,-122.467051,6,HAYES-PARNASSUS
6,1,16171,Funston Avenue,Quintara St & Funston Ave,97.604,37.748834,-122.46964,6,HAYES-PARNASSUS
6,1,16171,Quintara Street,Quintara St & Funston Ave,97.604,37.748834,-122.46964,6,HAYES-PARNASSUS
66,0,13262,15th Avenue,15th Ave & Noriega St,100.0,37.75411,-122.47217,66,QUINTARA
66,0,13262,Noriega Street,15th Ave & Noriega St,100.0,37.75411,-122.47217,66,QUINTARA
66,0,13263,15th Avenue,15th Ave & Ortega St,100.0,37.75268,-122.47206,66,QUINTARA
66,0,13263,Ortega Street,15th Ave & Ortega St,100.0,37.75268,-122.47206,66,QUINTARA
66,0,13264,15th Avenue,15th Ave & Pacheco St,100.0,37.75081,-122.47196,66,QUINTARA
66,0,13264,Pacheco Street,15th Ave & Pacheco St,100.0,37.75081,-122.47196,66,QUINTARA
66,0,13265,15th Avenue,15th Ave & Quintara St,100.0,37.74891,-122.47183,66,QUINTARA
66,0,13265,Quintara Street,15th Ave & Quintara St,100.0,37.74891,-122.47183,66,QUINTARA
66,0,13273,16th Avenue,16th Ave & Lawton St,100.0,37.7593,-122.4737,66,QUINTARA
66,0,13273,Lawton Street,16th Ave & Lawton St,100.0,37.7593,-122.4737,66,QUINTARA
66,0,13275,16th Avenue,16th Ave & Lomita Ave,100.0,37.75697,-122.47351,66,QUINTARA
66,0,13275,Lomita Avenue,16th Ave & Lomita Ave,100.0,37.75697,-122.47351,66,QUINTARA
66,0,13277,16th Avenue,16th Ave & Moraga St,100.0,37.75636,-122.47368,66,QUINTARA
66,0,13277,Moraga Street,16th Ave & Moraga St,100.0,37.75636,-122.47368,66,QUINTARA
66,0,17231,16th Avenue,16th Avenue & Lawton Street,100.0,37.758023,-122.473791,66,QUINTARA
66,0,17231,Lawton Street,16th Avenue & Lawton Street,100.0,37.758023,-122.473791,66,QUINTARA
66,0,13527,30th Avenue,30th Ave & Quintara St,100.0,37.74808,-122.487926,66,QUINTARA
66,0,13527,Quintara Street,30th Ave & Quintara St,100.0,37.74808,-122.487926,66,QUINTARA
66,0,13528,30th Avenue,30th Ave & Rivera St,100.0,37.74636,-122.4878,66,QUINTARA
66,0,13528,Rivera Street,30th Ave & Rivera St,100.0,37.74636,-122.4878,66,QUINTARA
66,0,13530,30th Avenue,30th Ave & Santiago St,100.0,37.74451,-122.48765,66,QUINTARA
66,0,13530,Santiago Street,30th Ave & Santiago St,100.0,37.74451,-122.48765,66,QUINTARA
66,0,13532,30th Avenue,30th Ave & Taraval St,100.0,37.742646,-122.487545,66,QUINTARA
66,0,13532,Taraval Street,30th Ave & Taraval St,100.0,37.742646,-122.487545,66,QUINTARA
66,0,13534,30th Avenue,30th Ave & Ulloa St,100.0,37.74077,-122.48739,66,QUINTARA
66,0,13534,Ulloa Street,30th Ave & Ulloa St,100.0,37.74077,-122.48739,66,QUINTARA
66,0,13215,9th Avenue,9th Ave & Judah St,100.0,37.76204,-122.466241,66,QUINTARA
66,0,13215,Judah Street,9th Ave & Judah St,100.0,37.76204,-122.466241,66,QUINTARA
66,0,13216,9th Avenue,9th Ave & Kirkham St,100.0,37.760407,-122.466149,66,QUINTARA
66,0,13216,Kirkham Street,9th Ave & Kirkham St,100.0,37.760407,-122.466149,66,QUINTARA
66,0,13218,9th Avenue,9th Ave & Lawton St,100.0,37.758533,-122.466022,66,QUINTARA
66,0,13218,Lawton Street,9th Ave & Lawton St,100.0,37.758533,-122.466022,66,QUINTARA
66,0,14856,11th Avenue,Lawton St & 11th Ave,100.0,37.7584,-122.46793,66,QUINTARA
66,0,14856,Lawton Street,Lawton St & 11th Ave,100.0,37.7584,-122.46793,66,QUINTARA
66,0,14858,Funston Avenue,Lawton St & Funston Ave,100.0,37.7583,-122.47008,66,QUINTARA
66,0,14858,Lawton Street,Lawton St & Funston Ave,100.0,37.7583,-122.47008,66,QUINTARA
66,0,14860,Lawton Street,Lawton St & Lomita Ave,100.0,37.75913,-122.47227,66,QUINTARA
66,0,14860,Lomita Avenue,Lawton St & Lomita Ave,100.0,37.75913,-122.47227,66,QUINTARA
66,0,15739,16th Avenue,Noriega St & 16th Ave,100.0,37.75526,-122.47312,66,QUINTARA
66,0,15739,Noriega Street,Noriega St & 16th Ave,100.0,37.75526,-122.47312,66,QUINTARA
66,0,17573,17th Avenue,Quintara St & 17th Ave,100.0,37.748833,-122.473799,66,QUINTARA
66,0,17573,Quintara Street,Quintara St & 17th Ave,100.0,37.748833,-122.473799,66,QUINTARA
66,0,16140,19th Avenue,Quintara St & 19th Ave,100.0,37.74871,-122.47584,66,QUINTARA
66,0,16140,Quintara Street,Quintara St & 19th Ave,100.0,37.74871,-122.47584,66,QUINTARA
66,0,16142,22nd Avenue,Quintara St & 22nd Ave,100.0,37.74855,-122.47917,66,QUINTARA
66,0,16142,Quintara Street,Quintara St & 22nd Ave,100.0,37.74855,-122.47917,66,QUINTARA
66,0,16144,24th Avenue,Quintara St & 24th Ave,100.0,37.74846,-122.48131,66,QUINTARA
66,0,16144,Quintara Street,Quintara St & 24th Ave,100.0,37.74846,-122.48131,66,QUINTARA
66,0,16146,26th Avenue,Quintara St & 26th Ave,100.0,37.74838,-122.48345,66,QUINTARA
66,0,16146,Quintara Street,Quintara St & 26th Ave,100.0,37.74838,-122.48345,66,QUINTARA
66,0,16148,27th Avenue,Quintara St & 27th Ave,100.0,37.74832,-122.48458,66,QUINTARA
66,0,16148,Quintara Street,Quintara St & 27th Ave,100.0,37.74832,-122.48458,66,QUINTARA
66,0,16150,28th Avenue,Quintara St & 28th Ave,100.0,37.74827,-122.4856,66,QUINTARA
66,0,16150,Quintara Street,Quintara St & 28th Ave,100.0,37.74827,-122.4856,66,QUINTARA
66,0,16152,29th Avenue,Quintara St & 29th Ave,100.0,37.74822,-122.48666,66,QUINTARA
66,0,16152,Quintara Street,Quintara St & 29th Ave,100.0,37.74822,-122.48666,66,QUINTARA
66,0,16835,30th Avenue,Vicente St & 30th Ave,100.0,37.738765,-122.487131,66,QUINTARA
66,0,16835,Vicente Street,Vicente St & 30th Ave,100.0,37.738765,-122.487131,66,QUINTARA
66,1,13248,14th Avenue,14th Ave & Santiago St,0.567,37.74503,-122.4703,66,QUINTARA
66,1,13248,Santiago Street,14th Ave & Santiago St,0.567,37.74503,-122.4703,66,QUINTARA
66,1,13272,16th Avenue,16th Ave & Lawton St,100.0,37.75811,-122.47367,66,QUINTARA
66,1,13272,Lawton Street,16th Ave & Lawton St,100.0,37.75811,-122.47367,66,QUINTARA
66,1,13276,16th Avenue,16th Ave & Moraga St,100.0,37.7563,-122.47361,66,QUINTARA
66,1,13276,Moraga Street,16th Ave & Moraga St,100.0,37.7563,-122.47361,66,QUINTARA
66,1,13278,16th Avenue,16th Ave & Noriega St,100.0,37.75425,-122.47321,66,QUINTARA
66,1,13278,Noriega Street,16th Ave & Noriega St,100.0,37.75425,-122.47321,66,QUINTARA
66,1,13279,16th Avenue,16th Ave & Ortega St,100.0,37.7524,-122.47309,66,QUINTARA
66,1,13279,Ortega Street,16th Ave & Ortega St,100.0,37.7524,-122.47309,66,QUINTARA
66,1,13280,16th Avenue,16th Ave & Pacheco St,100.0,37.75054,-122.47295,66,QUINTARA
66,1,13280,Pacheco Street,16th Ave & Pacheco St,100.0,37.75054,-122.47295,66,QUINTARA
66,1,13525,29th Avenue,29th Ave & Vicente St,99.433,37.73896,-122.48611,66,QUINTARA
66,1,13525,Vicente Street,29th Ave & Vicente St,99.433,37.73896,-122.48611,66,QUINTARA
66,1,13526,30th Avenue,30th Ave & Quintara St,99.433,37.74799,-122.4878,66,QUINTARA
66,1,13526,Quintara Street,30th Ave & Quintara St,99.433,37.74799,-122.4878,66,QUINTARA
66,1,13529,30th Avenue,30th Ave & Rivera St,99.433,37.74616,-122.48767,66,QUINTARA
66,1,13529,Rivera Street,30th Ave & Rivera St,99.433,37.74616,-122.48767,66,QUINTARA
66,1,13531,30th Avenue,30th Ave & Santiago St,99.433,37.74427,-122.48756,66,QUINTARA
66,1,13531,Santiago Street,30th Ave & Santiago St,99.433,37.74427,-122.48756,66,QUINTARA
66,1,13533,30th Avenue,30th Ave & Taraval St,99.433,37.74241,-122.48743,66,QUINTARA
66,1,13533,Taraval Street,30th Ave & Taraval St,99.433,37.74241,-122.48743,66,QUINTARA
66,1,17926,8th Avenue,8th Ave & Judah Ave,100.0,37.762147,-122.465049,66,QUINTARA
66,1,17926,Judah Avenue,8th Ave & Judah Ave,100.0,37.762147,-122.465049,66,QUINTARA
66,1,13215,9th Avenue,9th Ave & Judah St,100.0,37.76204,-122.466241,66,QUINTARA
66,1,13215,Judah Street,9th Ave & Judah St,100.0,37.76204,-122.466241,66,QUINTARA
66,1,14857,11th Avenue,Lawton St & 11th Ave,100.0,37.75824,-122.46812,66,QUINTARA
66,1,14857,Lawton Street,Lawton St & 11th Ave,100.0,37.75824,-122.46812,66,QUINTARA
66,1,14855,9th Avenue,Lawton St & 9th Ave,100.0,37.75839,-122.46605,66,QUINTARA
66,1,14855,Lawton Street,Lawton St & 9th Ave,100.0,37.75839,-122.46605,66,QUINTARA
66,1,14859,Funston Avenue,Lawton St & Funston Ave,100.0,37.7582,-122.47003,66,QUINTARA
66,1,14859,Lawton Street,Lawton St & Funston Ave,100.0,37.7582,-122.47003,66,QUINTARA
66,1,14861,Lawton Street,Lawton St & Lomita Ave,100.0,37.75916,-122.47269,66,QUINTARA
66,1,14861,Lomita Avenue,Lawton St & Lomita Ave,100.0,37.75916,-122.47269,66,QUINTARA
66,1,16137,16th Avenue,Quintara St & 16th Ave,100.0,37.74872,-122.47298,66,QUINTARA
66,1,16137,Quintara Street,Quintara St & 16th Ave,100.0,37.74872,-122.47298,66,QUINTARA
66,1,16139,17th Avenue,Quintara St & 17th Ave,99.433,37.74867,-122.47408,66,QUINTARA
66,1,16139,Quintara Street,Quintara St & 17th Ave,99.433,37.74867,-122.47408,66,QUINTARA
66,1,16141,19th Avenue,Quintara St & 19th Ave,99.433,37.74858,-122.47622,66,QUINTARA
66,1,16141,Quintara Street,Quintara St & 19th Ave,99.433,37.74858,-122.47622,66,QUINTARA
66,1,16143,22nd Avenue,Quintara St & 22nd Ave,99.433,37.74845,-122.47943,66,QUINTARA
66,1,16143,Quintara Street,Quintara St & 22nd Ave,99.433,37.74845,-122.47943,66,QUINTARA
66,1,16145,24th Avenue,Quintara St & 24th Ave,99.433,37.74836,-122.48157,66,QUINTARA
66,1,16145,Quintara Street,Quintara St & 24th Ave,99.433,37.74836,-122.48157,66,QUINTARA
66,1,16147,26th Avenue,Quintara St & 26th Ave,99.433,37.748277,-122.483469,66,QUINTARA
66,1,16147,Quintara Street,Quintara St & 26th Ave,99.433,37.748277,-122.483469,66,QUINTARA
66,1,16149,27th Avenue,Quintara St & 27th Ave,99.433,37.74822,-122.48477,66,QUINTARA
66,1,16149,Quintara Street,Quintara St & 27th Ave,99.433,37.74822,-122.48477,66,QUINTARA
66,1,16151,28th Avenue,Quintara St & 28th Ave,99.433,37.74816,-122.48586,66,QUINTARA
66,1,16151,Quintara Street,Quintara St & 28th Ave,99.433,37.74816,-122.48586,66,QUINTARA
66,1,16153,29th Avenue,Quintara St & 29th Ave,99.433,37.74812,-122.48692,66,QUINTARA
66,1,16153,Quintara Street,Quintara St & 29th Ave,99.433,37.74812,-122.48692,66,QUINTARA
66,1,16735,30th Avenue,Ulloa St & 30th Ave,99.433,37.74072,-122.48722,66,QUINTARA
66,1,16735,Ulloa Street,Ulloa St & 30th Ave,99.433,37.74072,-122.48722,66,QUINTARA
66,1,16835,30th Avenue,Vicente St & 30th Ave,99.433,37.738765,-122.487131,66,QUINTARA
66,1,16835,Vicente Street,Vicente St & 30th Ave,99.433,37.738765,-122.487131,66,QUINTARA
67,0,13476,24th Street,24th St & Mission St,100.0,37.752321,-122.418333,67,BERNAL HEIGHTS
67,0,13476,Mission Street,24th St & Mission St,100.0,37.752321,-122.418333,67,BERNAL HEIGHTS
67,0,17023,831 Ellsworth Street,831 Ellsworth St,100.0,37.73327,-122.41526,67,BERNAL HEIGHTS
67,0,14565,909 Ellsworth Street,909 Ellsworth St,100.0,37.73284,-122.41679,67,BERNAL HEIGHTS
67,0,14566,945 Ellsworth Street,945 Ellsworth St,100.0,37.73281,-122.41776,67,BERNAL HEIGHTS
67,0,14567,989 Ellsworth Street,989 Ellsworth St,100.0,37.73262,-122.41893,67,BERNAL HEIGHTS
67,0,17626,Alemany Boulevard,Alemany Blvd & Flosom St,100.0,37.73327,-122.413919,67,BERNAL HEIGHTS
67,0,17626,Flosom Street,Alemany Blvd & Flosom St,100.0,37.73327,-122.413919,67,BERNAL HEIGHTS
67,0,13690,Bernal Heights Boulevard,Bernal Heights Blvd & Bradford St,100.0,37.74183,-122.40978,67,BERNAL HEIGHTS
67,0,17924,Bernal Heights Boulevard,Bernal Heights Blvd & Bradford St,100.0,37.742972,-122.409498,67,BERNAL HEIGHTS
67,0,13690,Bradford Street,Bernal Heights Blvd & Bradford St,100.0,37.74183,-122.40978,67,BERNAL HEIGHTS
67,0,17924,Bradford Street,Bernal Heights Blvd & Bradford St,100.0,37.742972,-122.409498,67,BERNAL HEIGHTS
67,0,17577,Bernal Heights Boulevard,Bernal Heights Blvd & Powhattan St,100.0,37.741451,-122.411223,67,BERNAL HEIGHTS
67,0,17577,Powhattan Street,Bernal Heights Blvd & Powhattan St,100.0,37.741451,-122.411223,67,BERNAL HEIGHTS
67,0,14158,Cortland Avenue,Cortland Ave & Prentiss St,100.0,37.73978,-122.41199,67,BERNAL HEIGHTS
67,0,14158,Prentiss Street,Cortland Ave & Prentiss St,100.0,37.73978,-122.41199,67,BERNAL HEIGHTS
67,0,14202,Crescent Avenue,Crescent Ave & Putnam St,100.0,37.734911,-122.411283,67,BERNAL HEIGHTS
67,0,14202,Putnam Street,Crescent Ave & Putnam St,100.0,37.734911,-122.411283,67,BERNAL HEIGHTS
67,0,14568,Crescent Avenue,Ellsworth St & Crescent Ave,100.0,37.73471,-122.41491,67,BERNAL HEIGHTS
67,0,14568,Ellsworth Street,Ellsworth St & Crescent Ave,100.0,37.73471,-122.41491,67,BERNAL HEIGHTS
67,0,17312,24th Street,Folsom St & 24th St,100.0,37.752444,-122.414128,67,BERNAL HEIGHTS
67,0,17312,Folsom Street,Folsom St & 24th St,100.0,37.752444,-122.414128,67,BERNAL HEIGHTS
67,0,14680,25th Street,Folsom St & 25th St,100.0,37.750999,-122.414048,67,BERNAL HEIGHTS
67,0,14680,Folsom Street,Folsom St & 25th St,100.0,37.750999,-122.414048,67,BERNAL HEIGHTS
67,0,14686,Bessie Street,Folsom St & Bessie St,100.0,37.74687,-122.41362,67,BERNAL HEIGHTS
67,0,14686,Folsom Street,Folsom St & Bessie St,100.0,37.74687,-122.41362,67,BERNAL HEIGHTS
67,0,17746,Cesar Chavez Street,Folsom St & Cesar Chavez St,100.0,37.748322,-122.413763,67,BERNAL HEIGHTS
67,0,17746,Folsom Street,Folsom St & Cesar Chavez St,100.0,37.748322,-122.413763,67,BERNAL HEIGHTS
67,0,14688,Cortland Avenue,Folsom St & Cortland Ave,100.0,37.7388,-122.41337,67,BERNAL HEIGHTS
67,0,14688,Folsom Street,Folsom St & Cortland Ave,100.0,37.7388,-122.41337,67,BERNAL HEIGHTS
67,0,14690,Crescent Avenue,Folsom St & Crescent Ave,100.0,37.73483,-122.41372,67,BERNAL HEIGHTS
67,0,14690,Folsom Street,Folsom St & Crescent Ave,100.0,37.73483,-122.41372,67,BERNAL HEIGHTS
67,0,14696,Folsom Street,Folsom St & Ogden St,100.0,37.73579,-122.41364,67,BERNAL HEIGHTS
67,0,14696,Ogden Street,Folsom St & Ogden St,100.0,37.73579,-122.41364,67,BERNAL HEIGHTS
67,0,17923,Folsom Street,Folsom St & Ripley St,100.0,37.744258,-122.41339,67,BERNAL HEIGHTS
67,0,17923,Ripley Street,Folsom St & Ripley St,100.0,37.744258,-122.41339,67,BERNAL HEIGHTS
67,0,14699,Folsom Street,Folsom St & Stoneman St,100.0,37.74521,-122.41345,67,BERNAL HEIGHTS
67,0,14699,Stoneman Street,Folsom St & Stoneman St,100.0,37.74521,-122.41345,67,BERNAL HEIGHTS
67,0,14701,Folsom Street,Folsom St & Tompkins St,100.0,37.73716,-122.41352,67,BERNAL HEIGHTS
67,0,14701,Tompkins Street,Folsom St & Tompkins St,100.0,37.73716,-122.41352,67,BERNAL HEIGHTS
67,0,15770,Cortland Avenue,Nevada St & Cortland Ave,100.0,37.73992,-122.41141,67,BERNAL HEIGHTS
67,0,15770,Nevada Street,Nevada St & Cortland Ave,100.0,37.73992,-122.41141,67,BERNAL HEIGHTS
67,0,17532,24th Street,South Van Ness Ave & 24th St,100.0,37.752275,-122.416167,67,BERNAL HEIGHTS
67,0,17532,Van Ness Avenue,South Van Ness Ave & 24th St,100.0,37.752275,-122.416167,67,BERNAL HEIGHTS
67,1,13469,24th Street,24th St & Folsom St,100.0,37.75256,-122.414242,67,BERNAL HEIGHTS
67,1,13469,Folsom Street,24th St & Folsom St,100.0,37.75256,-122.414242,67,BERNAL HEIGHTS
67,1,13476,24th Street,24th St & Mission St,100.0,37.752321,-122.418333,67,BERNAL HEIGHTS
67,1,13476,Mission Street,24th St & Mission St,100.0,37.752321,-122.418333,67,BERNAL HEIGHTS
67,1,13483,24th Street,24th St & South Van Ness Ave,100.0,37.752445,-122.416156,67,BERNAL HEIGHTS
67,1,13483,Van Ness Avenue,24th St & South Van Ness Ave,100.0,37.752445,-122.416156,67,BERNAL HEIGHTS
67,1,13691,Bernal Heights Boulevard,Bernal Heights Blvd & Powhattan Ave,100.0,37.74151,-122.41067,67,BERNAL HEIGHTS
67,1,13691,Powhattan Avenue,Bernal Heights Blvd & Powhattan Ave,100.0,37.74151,-122.41067,67,BERNAL HEIGHTS
67,1,13708,Bernal Heights Boulevard,Bradford St & Bernal Heights Blvd,100.0,37.74201,-122.4094,67,BERNAL HEIGHTS
67,1,13708,Bradford Street,Bradford St & Bernal Heights Blvd,100.0,37.74201,-122.4094,67,BERNAL HEIGHTS
67,1,13710,Bradford Street,Bradford St & Esmeralda Ave,100.0,37.742851,-122.409343,67,BERNAL HEIGHTS
67,1,13710,Esmeralda Avenue,Bradford St & Esmeralda Ave,100.0,37.742851,-122.409343,67,BERNAL HEIGHTS
67,1,14159,Cortland Avenue,Cortland Ave & Prentiss St,100.0,37.73957,-122.41211,67,BERNAL HEIGHTS
67,1,14159,Prentiss Street,Cortland Ave & Prentiss St,100.0,37.73957,-122.41211,67,BERNAL HEIGHTS
67,1,14568,Crescent Avenue,Ellsworth St & Crescent Ave,100.0,37.73471,-122.41491,67,BERNAL HEIGHTS
67,1,14568,Ellsworth Street,Ellsworth St & Crescent Ave,100.0,37.73471,-122.41491,67,BERNAL HEIGHTS
67,1,14681,25th Street,Folsom St & 25th St,100.0,37.750829,-122.413842,67,BERNAL HEIGHTS
67,1,14681,Folsom Street,Folsom St & 25th St,100.0,37.750829,-122.413842,67,BERNAL HEIGHTS
67,1,17552,Cesar Chavez Street,Folsom St & Cesar Chavez St,100.0,37.748483,-122.413637,67,BERNAL HEIGHTS
67,1,17552,Folsom Street,Folsom St & Cesar Chavez St,100.0,37.748483,-122.413637,67,BERNAL HEIGHTS
67,1,14687,Cortland Avenue,Folsom St & Cortland Ave,100.0,37.73888,-122.4133,67,BERNAL HEIGHTS
67,1,14687,Folsom Street,Folsom St & Cortland Ave,100.0,37.73888,-122.4133,67,BERNAL HEIGHTS
67,1,14689,Crescent Avenue,Folsom St & Crescent Ave,100.0,37.73494,-122.41365,67,BERNAL HEIGHTS
67,1,14689,Folsom Street,Folsom St & Crescent Ave,100.0,37.73494,-122.41365,67,BERNAL HEIGHTS
67,1,14695,Folsom Street,Folsom St & Ogden St,100.0,37.73605,-122.41352,67,BERNAL HEIGHTS
67,1,14695,Ogden Street,Folsom St & Ogden St,100.0,37.73605,-122.41352,67,BERNAL HEIGHTS
67,1,14697,Folsom Street,Folsom St & Precita Ave,100.0,37.7471,-122.41349,67,BERNAL HEIGHTS
67,1,14697,Precita Avenue,Folsom St & Precita Ave,100.0,37.7471,-122.41349,67,BERNAL HEIGHTS
67,1,14698,Folsom Street,Folsom St & Stoneman St,100.0,37.74532,-122.41336,67,BERNAL HEIGHTS
67,1,14698,Stoneman Street,Folsom St & Stoneman St,100.0,37.74532,-122.41336,67,BERNAL HEIGHTS
67,1,14700,Folsom Street,Folsom St & Tompkins St,100.0,37.73718,-122.41344,67,BERNAL HEIGHTS
67,1,14700,Tompkins Street,Folsom St & Tompkins St,100.0,37.73718,-122.41344,67,BERNAL HEIGHTS
67,1,15769,Cortland Avenue,Nevada St & Cortland Ave,100.0,37.74007,-122.41131,67,BERNAL HEIGHTS
67,1,15769,Nevada Street,Nevada St & Cortland Ave,100.0,37.74007,-122.41131,67,BERNAL HEIGHTS
67,1,16208,Alabama Street,Ripley St & Alabama St,100.0,37.744368,-122.410465,67,BERNAL HEIGHTS
67,1,16208,Ripley Street,Ripley St & Alabama St,100.0,37.744368,-122.410465,67,BERNAL HEIGHTS
67,1,16210,Folsom Street,Ripley St & Folsom St,100.0,37.74418,-122.41315,67,BERNAL HEIGHTS
67,1,16210,Ripley Street,Ripley St & Folsom St,100.0,37.74418,-122.41315,67,BERNAL HEIGHTS
7,0,13441,23rd Avenue,23rd Ave & Irving St,100.0,37.763134,-122.481482,7,HAIGHT-NORIEGA
7,0,13441,Irving Street,23rd Ave & Irving St,100.0,37.763134,-122.481482,7,HAIGHT-NORIEGA
7,0,13442,23rd Avenue,23rd Ave & Judah St,100.0,37.761608,-122.481378,7,HAIGHT-NORIEGA
7,0,13442,Judah Street,23rd Ave & Judah St,100.0,37.761608,-122.481378,7,HAIGHT-NORIEGA
7,0,13443,23rd Avenue,23rd Ave & Kirkham St,100.0,37.759735,-122.48124,7,HAIGHT-NORIEGA
7,0,13443,Kirkham Street,23rd Ave & Kirkham St,100.0,37.759735,-122.48124,7,HAIGHT-NORIEGA
7,0,13444,23rd Avenue,23rd Ave & Lawton St,100.0,37.75787,-122.481113,7,HAIGHT-NORIEGA
7,0,13444,Lawton Street,23rd Ave & Lawton St,100.0,37.75787,-122.481113,7,HAIGHT-NORIEGA
7,0,13445,23rd Avenue,23rd Ave & Lincoln Way,100.0,37.765026,-122.481609,7,HAIGHT-NORIEGA
7,0,13445,Lincoln Way,23rd Ave & Lincoln Way,100.0,37.765026,-122.481609,7,HAIGHT-NORIEGA
7,0,13446,23rd Avenue,23rd Ave & Moraga St,100.0,37.756014,-122.480986,7,HAIGHT-NORIEGA
7,0,13446,Moraga Street,23rd Ave & Moraga St,100.0,37.756014,-122.480986,7,HAIGHT-NORIEGA
7,0,13447,23rd Avenue,23rd Ave & Noriega St,100.0,37.75414,-122.48086,7,HAIGHT-NORIEGA
7,0,13447,Noriega Street,23rd Ave & Noriega St,100.0,37.75414,-122.48086,7,HAIGHT-NORIEGA
7,0,14714,Arguello Boulevard,Frederick St & Arguello Blvd,100.0,37.766056,-122.457601,7,HAIGHT-NORIEGA
7,0,14714,Frederick Street,Frederick St & Arguello Blvd,100.0,37.766056,-122.457601,7,HAIGHT-NORIEGA
7,0,14718,Frederick Street,Frederick St & Stanyan St,100.0,37.766413,-122.453257,7,HAIGHT-NORIEGA
7,0,14718,Stanyan Street,Frederick St & Stanyan St,100.0,37.766413,-122.453257,7,HAIGHT-NORIEGA
7,0,14719,Frederick Street,Frederick St & Willard St,100.0,37.766208,-122.454908,7,HAIGHT-NORIEGA
7,0,14719,Willard Street,Frederick St & Willard St,100.0,37.766208,-122.454908,7,HAIGHT-NORIEGA
7,0,14725,Fremont Street,Fremont St & Market St,100.0,37.791645,-122.398151,7,HAIGHT-NORIEGA
7,0,14725,Market Street,Fremont St & Market St,100.0,37.791645,-122.398151,7,HAIGHT-NORIEGA
7,0,14940,Baker Street,Haight St & Baker St,100.0,37.770892,-122.440685,7,HAIGHT-NORIEGA
7,0,14940,Haight Street,Haight St & Baker St,100.0,37.770892,-122.440685,7,HAIGHT-NORIEGA
7,0,14941,Buchanan Street,Haight St & Buchanan St,100.0,37.772559,-122.427356,7,HAIGHT-NORIEGA
7,0,14941,Haight Street,Haight St & Buchanan St,100.0,37.772559,-122.427356,7,HAIGHT-NORIEGA
7,0,14946,Clayton Street,Haight St & Clayton St,100.0,37.769839,-122.448731,7,HAIGHT-NORIEGA
7,0,14946,Haight Street,Haight St & Clayton St,100.0,37.769839,-122.448731,7,HAIGHT-NORIEGA
7,0,14950,Divisadero Street,Haight St & Divisadero St,100.0,37.771293,-122.437373,7,HAIGHT-NORIEGA
7,0,14950,Haight Street,Haight St & Divisadero St,100.0,37.771293,-122.437373,7,HAIGHT-NORIEGA
7,0,14952,Fillmore Street,Haight St & Fillmore St,100.0,37.77214,-122.43076,7,HAIGHT-NORIEGA
7,0,14952,Haight Street,Haight St & Fillmore St,100.0,37.77214,-122.43076,7,HAIGHT-NORIEGA
7,0,14954,Gough Street,Haight St & Gough St,100.0,37.773183,-122.422553,7,HAIGHT-NORIEGA
7,0,14954,Haight Street,Haight St & Gough St,100.0,37.773183,-122.422553,7,HAIGHT-NORIEGA
7,0,14955,Haight Street,Haight St & Laguna St,100.0,37.772764,-122.425843,7,HAIGHT-NORIEGA
7,0,14955,Laguna Street,Haight St & Laguna St,100.0,37.772764,-122.425843,7,HAIGHT-NORIEGA
7,0,14957,Haight Street,Haight St & Masonic Ave,100.0,37.770232,-122.445476,7,HAIGHT-NORIEGA
7,0,14957,Masonic Avenue,Haight St & Masonic Ave,100.0,37.770232,-122.445476,7,HAIGHT-NORIEGA
7,0,14960,Haight Street,Haight St & Pierce St,100.0,37.771721,-122.434038,7,HAIGHT-NORIEGA
7,0,14960,Pierce Street,Haight St & Pierce St,100.0,37.771721,-122.434038,7,HAIGHT-NORIEGA
7,0,14962,Haight Street,Haight St & Stanyan St,100.0,37.769331,-122.452845,7,HAIGHT-NORIEGA
7,0,14962,Stanyan Street,Haight St & Stanyan St,100.0,37.769331,-122.452845,7,HAIGHT-NORIEGA
7,0,15304,15th Avenue,Lincoln Way & 15th Ave,100.0,37.765715,-122.473221,7,HAIGHT-NORIEGA
7,0,15304,Lincoln Way,Lincoln Way & 15th Ave,100.0,37.765715,-122.473221,7,HAIGHT-NORIEGA
7,0,15306,17th Avenue,Lincoln Way & 17th Ave,100.0,37.765616,-122.475421,7,HAIGHT-NORIEGA
7,0,15306,Lincoln Way,Lincoln Way & 17th Ave,100.0,37.765616,-122.475421,7,HAIGHT-NORIEGA
7,0,15309,19th Avenue,Lincoln Way & 19th Ave,100.0,37.765526,-122.47761,7,HAIGHT-NORIEGA
7,0,15309,Lincoln Way,Lincoln Way & 19th Ave,100.0,37.765526,-122.47761,7,HAIGHT-NORIEGA
7,0,15310,21st Avenue,Lincoln Way & 21st Ave,100.0,37.765428,-122.479696,7,HAIGHT-NORIEGA
7,0,15310,Lincoln Way,Lincoln Way & 21st Ave,100.0,37.765428,-122.479696,7,HAIGHT-NORIEGA
7,0,15296,5th Avenue,Lincoln Way & 5th Ave,100.0,37.76618,-122.46246,7,HAIGHT-NORIEGA
7,0,15296,Lincoln Way,Lincoln Way & 5th Ave,100.0,37.76618,-122.46246,7,HAIGHT-NORIEGA
7,0,15300,9th Avenue,Lincoln Way & 9th Ave,100.0,37.766001,-122.466746,7,HAIGHT-NORIEGA
7,0,15300,Lincoln Way,Lincoln Way & 9th Ave,100.0,37.766001,-122.466746,7,HAIGHT-NORIEGA
7,0,15326,Funston Avenue,Lincoln Way & Funston Ave,100.0,37.765813,-122.471032,7,HAIGHT-NORIEGA
7,0,15326,Lincoln Way,Lincoln Way & Funston Ave,100.0,37.765813,-122.471032,7,HAIGHT-NORIEGA
7,0,15639,2nd Street,Market St & 2nd St,100.0,37.789353,-122.401306,7,HAIGHT-NORIEGA
7,0,15639,Market Street,Market St & 2nd St,100.0,37.789353,-122.401306,7,HAIGHT-NORIEGA
7,0,15655,5th Street,Market St & 5th  St,100.0,37.784082,-122.407992,7,HAIGHT-NORIEGA
7,0,15655,Market Street,Market St & 5th  St,100.0,37.784082,-122.407992,7,HAIGHT-NORIEGA
7,0,15656,7th Street,Market St & 7th St,100.0,37.780568,-122.412441,7,HAIGHT-NORIEGA
7,0,15656,Market Street,Market St & 7th St,100.0,37.780568,-122.412441,7,HAIGHT-NORIEGA
7,0,15657,Battery Street,Market St & Battery St,100.0,37.79111,-122.399069,7,HAIGHT-NORIEGA
7,0,15657,Market Street,Market St & Battery St,100.0,37.79111,-122.399069,7,HAIGHT-NORIEGA
7,0,15676,Hyde Street,Market St & Hyde St,100.0,37.779105,-122.414379,7,HAIGHT-NORIEGA
7,0,15676,Market Street,Market St & Hyde St,100.0,37.779105,-122.414379,7,HAIGHT-NORIEGA
7,0,15678,Kearny Street,Market St & Kearny St,100.0,37.78773,-122.40337,7,HAIGHT-NORIEGA
7,0,15678,Market Street,Market St & Kearny St,100.0,37.78773,-122.40337,7,HAIGHT-NORIEGA
7,0,15680,Larkin Street,Market St & Larkin St,100.0,37.777598,-122.416236,7,HAIGHT-NORIEGA
7,0,15680,Market Street,Market St & Larkin St,100.0,37.777598,-122.416236,7,HAIGHT-NORIEGA
7,0,15694,Market Street,Market St & Stockton St,100.0,37.785777,-122.405859,7,HAIGHT-NORIEGA
7,0,15694,Stockton Street,Market St & Stockton St,100.0,37.785777,-122.405859,7,HAIGHT-NORIEGA
7,0,15695,Market Street,Market St & Taylor St,100.0,37.782316,-122.410228,7,HAIGHT-NORIEGA
7,0,15695,Taylor Street,Market St & Taylor St,100.0,37.782316,-122.410228,7,HAIGHT-NORIEGA
7,0,15696,Market Street,Market St & Van Ness Ave,100.0,37.775198,-122.419252,7,HAIGHT-NORIEGA
7,0,15696,Van Ness Avenue,Market St & Van Ness Ave,100.0,37.775198,-122.419252,7,HAIGHT-NORIEGA
7,0,15741,24th Avenue,Noriega St & 24th Ave,100.0,37.754042,-122.482773,7,HAIGHT-NORIEGA
7,0,15741,Noriega Street,Noriega St & 24th Ave,100.0,37.754042,-122.482773,7,HAIGHT-NORIEGA
7,0,15745,28th Avenue,Noriega St & 28th Ave,100.0,37.753898,-122.485993,7,HAIGHT-NORIEGA
7,0,15745,Noriega Street,Noriega St & 28th Ave,100.0,37.753898,-122.485993,7,HAIGHT-NORIEGA
7,0,15747,30th Avenue,Noriega St & 30th Ave,100.0,37.753754,-122.489201,7,HAIGHT-NORIEGA
7,0,15747,Noriega Street,Noriega St & 30th Ave,100.0,37.753754,-122.489201,7,HAIGHT-NORIEGA
7,0,15751,34th Avenue,Noriega St & 34th Ave,100.0,37.753619,-122.492432,7,HAIGHT-NORIEGA
7,0,15751,Noriega Street,Noriega St & 34th Ave,100.0,37.753619,-122.492432,7,HAIGHT-NORIEGA
7,0,15753,38th Avenue,Noriega St & 38th Ave,100.0,37.75343,-122.496717,7,HAIGHT-NORIEGA
7,0,15753,Noriega Street,Noriega St & 38th Ave,100.0,37.75343,-122.496717,7,HAIGHT-NORIEGA
7,0,15755,40th Avenue,Noriega St & 40th Ave,100.0,37.753331,-122.498848,7,HAIGHT-NORIEGA
7,0,15755,Noriega Street,Noriega St & 40th Ave,100.0,37.753331,-122.498848,7,HAIGHT-NORIEGA
7,0,15757,42nd Avenue,Noriega St & 42nd Ave,100.0,37.753241,-122.501002,7,HAIGHT-NORIEGA
7,0,15757,Noriega Street,Noriega St & 42nd Ave,100.0,37.753241,-122.501002,7,HAIGHT-NORIEGA
7,0,15759,44th Avenue,Noriega St & 44th Ave,100.0,37.75316,-122.503088,7,HAIGHT-NORIEGA
7,0,15759,Noriega Street,Noriega St & 44th Ave,100.0,37.75316,-122.503088,7,HAIGHT-NORIEGA
7,0,15761,46th Avenue,Noriega St & 46th Ave,100.0,37.753034,-122.505712,7,HAIGHT-NORIEGA
7,0,15761,Noriega Street,Noriega St & 46th Ave,100.0,37.753034,-122.505712,7,HAIGHT-NORIEGA
7,0,15763,48th Avenue,Noriega St & 48th Ave,100.0,37.752934,-122.507854,7,HAIGHT-NORIEGA
7,0,15763,Noriega Street,Noriega St & 48th Ave,100.0,37.752934,-122.507854,7,HAIGHT-NORIEGA
7,0,15764,Noriega Street,Noriega St & Sunset Blvd,100.0,37.753493,-122.495056,7,HAIGHT-NORIEGA
7,0,15764,Sunset Boulevard,Noriega St & Sunset Blvd,100.0,37.753493,-122.495056,7,HAIGHT-NORIEGA
7,0,15828,48th Avenue,Ortega St & 48th Ave,100.0,37.750981,-122.507497,7,HAIGHT-NORIEGA
7,0,15828,Ortega Street,Ortega St & 48th Ave,100.0,37.750981,-122.507497,7,HAIGHT-NORIEGA
7,0,16483,Stanyan Street,Stanyan St & Waller St,100.0,37.768331,-122.453464,7,HAIGHT-NORIEGA
7,0,16483,Waller Street,Stanyan St & Waller St,100.0,37.768331,-122.453464,7,HAIGHT-NORIEGA
7,0,17917,[UNKNOWN],Transit Center Bay E,100.0,37.790073,-122.395493,7,HAIGHT-NORIEGA
7,1,13425,22nd Avenue,22nd Ave & Irving St,100.0,37.763679,-122.480268,7,HAIGHT-NORIEGA
7,1,13425,Irving Street,22nd Ave & Irving St,100.0,37.763679,-122.480268,7,HAIGHT-NORIEGA
7,1,13426,22nd Avenue,22nd Ave & Judah St,100.0,37.761457,-122.480106,7,HAIGHT-NORIEGA
7,1,13426,Judah Street,22nd Ave & Judah St,100.0,37.761457,-122.480106,7,HAIGHT-NORIEGA
7,1,13427,22nd Avenue,22nd Ave & Kirkham St,100.0,37.759592,-122.47998,7,HAIGHT-NORIEGA
7,1,13427,Kirkham Street,22nd Ave & Kirkham St,100.0,37.759592,-122.47998,7,HAIGHT-NORIEGA
7,1,13428,22nd Avenue,22nd Ave & Lawton St,100.0,37.757754,-122.479853,7,HAIGHT-NORIEGA
7,1,13428,Lawton Street,22nd Ave & Lawton St,100.0,37.757754,-122.479853,7,HAIGHT-NORIEGA
7,1,13429,22nd Avenue,22nd Ave & Lincoln Way,100.0,37.765186,-122.480372,7,HAIGHT-NORIEGA
7,1,13429,Lincoln Way,22nd Ave & Lincoln Way,100.0,37.765186,-122.480372,7,HAIGHT-NORIEGA
7,1,13430,22nd Avenue,22nd Ave & Moraga St,100.0,37.755898,-122.479714,7,HAIGHT-NORIEGA
7,1,13430,Moraga Street,22nd Ave & Moraga St,100.0,37.755898,-122.479714,7,HAIGHT-NORIEGA
7,1,13431,22nd Avenue,22nd Ave & Noriega St,100.0,37.754337,-122.479611,7,HAIGHT-NORIEGA
7,1,13431,Noriega Street,22nd Ave & Noriega St,100.0,37.754337,-122.479611,7,HAIGHT-NORIEGA
7,1,13089,Beale Street,Beale St & Mission St,100.0,37.791939,-122.396879,7,HAIGHT-NORIEGA
7,1,13089,Mission Street,Beale St & Mission St,100.0,37.791939,-122.396879,7,HAIGHT-NORIEGA
7,1,14720,Frederick Street,Frederick St & Willard St,100.0,37.766092,-122.454701,7,HAIGHT-NORIEGA
7,1,14720,Willard Street,Frederick St & Willard St,100.0,37.766092,-122.454701,7,HAIGHT-NORIEGA
7,1,14942,Buchanan Street,Haight St & Buchanan St,100.0,37.772434,-122.427321,7,HAIGHT-NORIEGA
7,1,14942,Haight Street,Haight St & Buchanan St,100.0,37.772434,-122.427321,7,HAIGHT-NORIEGA
7,1,14943,Buena Vista East Avenue,Haight St & Buena Vista East Ave,100.0,37.770749,-122.440548,7,HAIGHT-NORIEGA
7,1,14943,Haight Street,Haight St & Buena Vista East Ave,100.0,37.770749,-122.440548,7,HAIGHT-NORIEGA
7,1,14947,Clayton Street,Haight St & Clayton St,100.0,37.769777,-122.448433,7,HAIGHT-NORIEGA
7,1,14947,Haight Street,Haight St & Clayton St,100.0,37.769777,-122.448433,7,HAIGHT-NORIEGA
7,1,14951,Divisadero Street,Haight St & Divisadero St,100.0,37.771231,-122.436743,7,HAIGHT-NORIEGA
7,1,14951,Haight Street,Haight St & Divisadero St,100.0,37.771231,-122.436743,7,HAIGHT-NORIEGA
7,1,14953,Fillmore Street,Haight St & Fillmore St,100.0,37.772095,-122.430347,7,HAIGHT-NORIEGA
7,1,14953,Haight Street,Haight St & Fillmore St,100.0,37.772095,-122.430347,7,HAIGHT-NORIEGA
7,1,17757,Gough Street,Haight St & Gough St,100.0,37.773084,-122.422301,7,HAIGHT-NORIEGA
7,1,17757,Haight Street,Haight St & Gough St,100.0,37.773084,-122.422301,7,HAIGHT-NORIEGA
7,1,14958,Haight Street,Haight St & Masonic Ave,100.0,37.770196,-122.445292,7,HAIGHT-NORIEGA
7,1,14958,Masonic Avenue,Haight St & Masonic Ave,100.0,37.770196,-122.445292,7,HAIGHT-NORIEGA
7,1,14961,Haight Street,Haight St & Pierce St,100.0,37.771632,-122.433545,7,HAIGHT-NORIEGA
7,1,14961,Pierce Street,Haight St & Pierce St,100.0,37.771632,-122.433545,7,HAIGHT-NORIEGA
7,1,14963,Haight Street,Haight St & Stanyan St,100.0,37.76917,-122.453075,7,HAIGHT-NORIEGA
7,1,14963,Stanyan Street,Haight St & Stanyan St,100.0,37.76917,-122.453075,7,HAIGHT-NORIEGA
7,1,15305,15th Avenue,Lincoln Way & 15th Ave,100.0,37.76556,-122.47305,7,HAIGHT-NORIEGA
7,1,15305,Lincoln Way,Lincoln Way & 15th Ave,100.0,37.76556,-122.47305,7,HAIGHT-NORIEGA
7,1,15307,17th Avenue,Lincoln Way & 17th Ave,100.0,37.76546,-122.47524,7,HAIGHT-NORIEGA
7,1,15307,Lincoln Way,Lincoln Way & 17th Ave,100.0,37.76546,-122.47524,7,HAIGHT-NORIEGA
7,1,17186,19th Avenue,Lincoln Way & 19th Ave,100.0,37.765437,-122.477209,7,HAIGHT-NORIEGA
7,1,17186,Lincoln Way,Lincoln Way & 19th Ave,100.0,37.765437,-122.477209,7,HAIGHT-NORIEGA
7,1,15311,21st Avenue,Lincoln Way & 21st Ave,100.0,37.765285,-122.479489,7,HAIGHT-NORIEGA
7,1,15311,Lincoln Way,Lincoln Way & 21st Ave,100.0,37.765285,-122.479489,7,HAIGHT-NORIEGA
7,1,15295,3rd Avenue,Lincoln Way & 3rd Ave,100.0,37.76612,-122.46014,7,HAIGHT-NORIEGA
7,1,15295,Lincoln Way,Lincoln Way & 3rd Ave,100.0,37.76612,-122.46014,7,HAIGHT-NORIEGA
7,1,15297,5th Avenue,Lincoln Way & 5th Ave,100.0,37.766047,-122.461887,7,HAIGHT-NORIEGA
7,1,15297,Lincoln Way,Lincoln Way & 5th Ave,100.0,37.766047,-122.461887,7,HAIGHT-NORIEGA
7,1,15301,9th Avenue,Lincoln Way & 9th Ave,100.0,37.765859,-122.46623,7,HAIGHT-NORIEGA
7,1,15301,Lincoln Way,Lincoln Way & 9th Ave,100.0,37.765859,-122.46623,7,HAIGHT-NORIEGA
7,1,15325,Arguello Boulevard,Lincoln Way & Arguello Blvd,100.0,37.765984,-122.457956,7,HAIGHT-NORIEGA
7,1,15325,Lincoln Way,Lincoln Way & Arguello Blvd,100.0,37.765984,-122.457956,7,HAIGHT-NORIEGA
7,1,15327,Funston Avenue,Lincoln Way & Funston Ave,100.0,37.76565,-122.47086,7,HAIGHT-NORIEGA
7,1,15327,Lincoln Way,Lincoln Way & Funston Ave,100.0,37.76565,-122.47086,7,HAIGHT-NORIEGA
7,1,15638,1st Street,Market St & 1st St,100.0,37.790485,-122.399723,7,HAIGHT-NORIEGA
7,1,15638,Market Street,Market St & 1st St,100.0,37.790485,-122.399723,7,HAIGHT-NORIEGA
7,1,15641,3rd Street,Market St & 3rd St,100.0,37.787667,-122.403359,7,HAIGHT-NORIEGA
7,1,15641,Market Street,Market St & 3rd St,100.0,37.787667,-122.403359,7,HAIGHT-NORIEGA
7,1,15646,5th Street,Market St & 5th St,100.0,37.783395,-122.408657,7,HAIGHT-NORIEGA
7,1,15646,Market Street,Market St & 5th St,100.0,37.783395,-122.408657,7,HAIGHT-NORIEGA
7,1,15648,6th Street,Market St & 6th St,100.0,37.78129,-122.411329,7,HAIGHT-NORIEGA
7,1,15648,Market Street,Market St & 6th St,100.0,37.78129,-122.411329,7,HAIGHT-NORIEGA
7,1,15649,7th Street,Market St & 7th St,100.0,37.77981,-122.413186,7,HAIGHT-NORIEGA
7,1,15649,Market Street,Market St & 7th St,100.0,37.77981,-122.413186,7,HAIGHT-NORIEGA
7,1,15651,8th Street,Market St & 8th St,100.0,37.778606,-122.414826,7,HAIGHT-NORIEGA
7,1,15651,Market Street,Market St & 8th St,100.0,37.778606,-122.414826,7,HAIGHT-NORIEGA
7,1,15652,9th Street,Market St & 9th St,100.0,37.77741,-122.41634,7,HAIGHT-NORIEGA
7,1,15652,Market Street,Market St & 9th St,100.0,37.77741,-122.41634,7,HAIGHT-NORIEGA
7,1,15692,Market Street,Market St & South Van Ness Ave,100.0,37.775056,-122.419321,7,HAIGHT-NORIEGA
7,1,15692,Van Ness Avenue,Market St & South Van Ness Ave,100.0,37.775056,-122.419321,7,HAIGHT-NORIEGA
7,1,15642,3rd Street,Market St Between 4th & 3rd St,100.0,37.786597,-122.404586,7,HAIGHT-NORIEGA
7,1,15642,Market St Between 4th,Market St Between 4th & 3rd St,100.0,37.786597,-122.404586,7,HAIGHT-NORIEGA
7,1,15644,4th Street,Market St Between 5th & 4th St,100.0,37.78484,-122.406834,7,HAIGHT-NORIEGA
7,1,15644,Market St Between 5th,Market St Between 5th & 4th St,100.0,37.78484,-122.406834,7,HAIGHT-NORIEGA
7,1,15742,25th Avenue,Noriega St & 25th Ave,100.0,37.753881,-122.483014,7,HAIGHT-NORIEGA
7,1,15742,Noriega Street,Noriega St & 25th Ave,100.0,37.753881,-122.483014,7,HAIGHT-NORIEGA
7,1,15744,27th Avenue,Noriega St & 27th Ave,100.0,37.753782,-122.485168,7,HAIGHT-NORIEGA
7,1,15744,Noriega Street,Noriega St & 27th Ave,100.0,37.753782,-122.485168,7,HAIGHT-NORIEGA
7,1,15746,29th Avenue,Noriega St & 29th Ave,100.0,37.753692,-122.48731,7,HAIGHT-NORIEGA
7,1,15746,Noriega Street,Noriega St & 29th Ave,100.0,37.753692,-122.48731,7,HAIGHT-NORIEGA
7,1,15748,31st Avenue,Noriega St & 31st Ave,100.0,37.753593,-122.489453,7,HAIGHT-NORIEGA
7,1,15748,Noriega Street,Noriega St & 31st Ave,100.0,37.753593,-122.489453,7,HAIGHT-NORIEGA
7,1,15752,34th Avenue,Noriega St & 34th Ave,100.0,37.753458,-122.49265,7,HAIGHT-NORIEGA
7,1,15752,Noriega Street,Noriega St & 34th Ave,100.0,37.753458,-122.49265,7,HAIGHT-NORIEGA
7,1,15754,39th Avenue,Noriega St & 39th Ave,100.0,37.753215,-122.498012,7,HAIGHT-NORIEGA
7,1,15754,Noriega Street,Noriega St & 39th Ave,100.0,37.753215,-122.498012,7,HAIGHT-NORIEGA
7,1,15756,41st Avenue,Noriega St & 41st Ave,100.0,37.753125,-122.500166,7,HAIGHT-NORIEGA
7,1,15756,Noriega Street,Noriega St & 41st Ave,100.0,37.753125,-122.500166,7,HAIGHT-NORIEGA
7,1,15758,43rd Avenue,Noriega St & 43rd Ave,100.0,37.753026,-122.502309,7,HAIGHT-NORIEGA
7,1,15758,Noriega Street,Noriega St & 43rd Ave,100.0,37.753026,-122.502309,7,HAIGHT-NORIEGA
7,1,15762,46th Avenue,Noriega St & 46th Ave,100.0,37.752891,-122.505574,7,HAIGHT-NORIEGA
7,1,15762,Noriega Street,Noriega St & 46th Ave,100.0,37.752891,-122.505574,7,HAIGHT-NORIEGA
7,1,15765,Noriega Street,Noriega St & Sunset Blvd,100.0,37.753395,-122.495274,7,HAIGHT-NORIEGA
7,1,15765,Sunset Boulevard,Noriega St & Sunset Blvd,100.0,37.753395,-122.495274,7,HAIGHT-NORIEGA
7,1,15828,48th Avenue,Ortega St & 48th Ave,100.0,37.750981,-122.507497,7,HAIGHT-NORIEGA
7,1,15828,Ortega Street,Ortega St & 48th Ave,100.0,37.750981,-122.507497,7,HAIGHT-NORIEGA
7,1,16478,Frederick Street,Stanyan St & Frederick St,100.0,37.766449,-122.452914,7,HAIGHT-NORIEGA
7,1,16478,Stanyan Street,Stanyan St & Frederick St,100.0,37.766449,-122.452914,7,HAIGHT-NORIEGA
7,1,17917,[UNKNOWN],Transit Center Bay E,100.0,37.790073,-122.395493,7,HAIGHT-NORIEGA
714,0,14341,[UNKNOWN],Daly City BART Station,100.0,37.705964,-122.469023,714,BART EARLY BIRD
714,0,14387,Bosworth Street,Diamond St & Bosworth St,100.0,37.733452,-122.434217,714,BART EARLY BIRD
714,0,14387,Diamond Street,Diamond St & Bosworth St,100.0,37.733452,-122.434217,714,BART EARLY BIRD
714,0,15552,16th Street,Mission St & 16th St,100.0,37.764804,-122.419737,714,BART EARLY BIRD
714,0,15552,Mission Street,Mission St & 16th St,100.0,37.764804,-122.419737,714,BART EARLY BIRD
714,0,15566,24th Street,Mission St & 24th St,100.0,37.751964,-122.418528,714,BART EARLY BIRD
714,0,15566,Mission Street,Mission St & 24th St,100.0,37.751964,-122.418528,714,BART EARLY BIRD
714,0,15536,5th Street,Mission St & 5th St,100.0,37.782725,-122.40664,714,BART EARLY BIRD
714,0,15536,Mission Street,Mission St & 5th St,100.0,37.782725,-122.40664,714,BART EARLY BIRD
714,0,15540,8th Street,Mission St & 8th St,100.0,37.77723,-122.41355,714,BART EARLY BIRD
714,0,15540,Mission Street,Mission St & 8th St,100.0,37.77723,-122.41355,714,BART EARLY BIRD
714,0,18080,Geneva Avenue,San Jose Ave & Geneva Ave,100.0,37.721024,-122.446509,714,BART EARLY BIRD
714,0,18080,San Jose Avenue,San Jose Ave & Geneva Ave,100.0,37.721024,-122.446509,714,BART EARLY BIRD
714,0,17915,[UNKNOWN],Transit Center Bay C,100.0,37.789957,-122.395493,714,BART EARLY BIRD
714,1,14341,[UNKNOWN],Daly City BART Station,100.0,37.705964,-122.469023,714,BART EARLY BIRD
714,1,14386,Bosworth Street,Diamond St & Bosworth St,100.0,37.733506,-122.434148,714,BART EARLY BIRD
714,1,14386,Diamond Street,Diamond St & Bosworth St,100.0,37.733506,-122.434148,714,BART EARLY BIRD
714,1,14805,Geneva Ave/Balboa Park BART,Geneva Ave/Balboa Park BART,100.0,37.720952,-122.447379,714,BART EARLY BIRD
714,1,15551,16th Street,Mission St & 16th St,100.0,37.765125,-122.419668,714,BART EARLY BIRD
714,1,15551,Mission Street,Mission St & 16th St,100.0,37.765125,-122.419668,714,BART EARLY BIRD
714,1,15565,24th Street,Mission St & 24th St,100.0,37.752356,-122.418401,714,BART EARLY BIRD
714,1,15565,Mission Street,Mission St & 24th St,100.0,37.752356,-122.418401,714,BART EARLY BIRD
714,1,15535,5th Street,Mission St & 5th St,100.0,37.782716,-122.406525,714,BART EARLY BIRD
714,1,15535,Mission Street,Mission St & 5th St,100.0,37.782716,-122.406525,714,BART EARLY BIRD
714,1,15541,8th Street,Mission St & 8th St,100.0,37.7777,-122.41273,714,BART EARLY BIRD
714,1,15541,Mission Street,Mission St & 8th St,100.0,37.7777,-122.41273,714,BART EARLY BIRD
714,1,17915,[UNKNOWN],Transit Center Bay C,100.0,37.789957,-122.395493,714,BART EARLY BIRD
8,0,14795,1650 Geneva Avenue,1650 Geneva Ave,99.754,37.71187,-122.42819,8,BAYSHORE
8,0,14798,1721 Geneva Avenue,1721 Geneva Ave,99.754,37.71108,-122.42627,8,BAYSHORE
8,0,16348,3800 San Bruno Avenue,3800 San Bruno Ave,99.754,37.71479,-122.40061,8,BAYSHORE
8,0,13158,4th Street,4th St & Folsom St,99.754,37.782081,-122.401333,8,BAYSHORE
8,0,13158,Folsom Street,4th St & Folsom St,99.754,37.782081,-122.401333,8,BAYSHORE
8,0,13161,4th Street,4th St & Market St,100.0,37.785411,-122.405531,8,BAYSHORE
8,0,13161,Market Street,4th St & Market St,100.0,37.785411,-122.405531,8,BAYSHORE
8,0,13160,4th Street,4th St & Mission St,99.754,37.784259,-122.404117,8,BAYSHORE
8,0,13160,Mission Street,4th St & Mission St,99.754,37.784259,-122.404117,8,BAYSHORE
8,0,13772,Arleta Avenue,Bayshore Blvd & Arleta Ave,99.754,37.712125,-122.403167,8,BAYSHORE
8,0,13772,Bayshore Boulevard,Bayshore Blvd & Arleta Ave,99.754,37.712125,-122.403167,8,BAYSHORE
8,0,18040,Bayshore Blvd &L Eland Avenue,Bayshore Blvd &L Eland Ave,99.754,37.711299,-122.40368,8,BAYSHORE
8,0,15926,[UNKNOWN],City College Terminal,99.754,37.723718,-122.45259,8,BAYSHORE
8,0,14120,Columbus Avenue,Columbus Ave & Union St,100.0,37.800384,-122.410505,8,BAYSHORE
8,0,14120,Union Street,Columbus Ave & Union St,100.0,37.800384,-122.410505,8,BAYSHORE
8,0,17300,Carter Street,Geneva Ave & Carter St,99.754,37.709306,-122.423217,8,BAYSHORE
8,0,17300,Geneva Avenue,Geneva Ave & Carter St,99.754,37.709306,-122.423217,8,BAYSHORE
8,0,14810,Cayuga Avenue,Geneva Ave & Cayuga Ave,99.754,37.718927,-122.443554,8,BAYSHORE
8,0,14810,Geneva Avenue,Geneva Ave & Cayuga Ave,99.754,37.718927,-122.443554,8,BAYSHORE
8,0,14881,Geneva Avenue,Geneva Ave & Howth St,99.754,37.722121,-122.449979,8,BAYSHORE
8,0,14881,Howth Street,Geneva Ave & Howth St,99.754,37.722121,-122.449979,8,BAYSHORE
8,0,14884,Geneva Avenue,Geneva Ave & Madrid St,99.754,37.715143,-122.438034,8,BAYSHORE
8,0,14884,Madrid Street,Geneva Ave & Madrid St,99.754,37.715143,-122.438034,8,BAYSHORE
8,0,14886,Geneva Avenue,Geneva Ave & Mission St,99.754,37.716473,-122.440874,8,BAYSHORE
8,0,14886,Mission Street,Geneva Ave & Mission St,99.754,37.716473,-122.440874,8,BAYSHORE
8,0,14889,Geneva Avenue,Geneva Ave & Moscow St,99.754,37.713332,-122.433957,8,BAYSHORE
8,0,14889,Moscow Street,Geneva Ave & Moscow St,99.754,37.713332,-122.433957,8,BAYSHORE
8,0,14890,Geneva Avenue,Geneva Ave & Naples St,99.754,37.714358,-122.436339,8,BAYSHORE
8,0,14890,Naples Street,Geneva Ave & Naples St,99.754,37.714358,-122.436339,8,BAYSHORE
8,0,14894,Geneva Avenue,Geneva Ave & Prague St,99.754,37.712885,-122.432068,8,BAYSHORE
8,0,14894,Prague Street,Geneva Ave & Prague St,99.754,37.712885,-122.432068,8,BAYSHORE
8,0,14900,Geneva Avenue,Geneva Ave & Santos St,99.754,37.708484,-122.420354,8,BAYSHORE
8,0,14900,Santos Street,Geneva Ave & Santos St,99.754,37.708484,-122.420354,8,BAYSHORE
8,0,14803,Geneva Ave/Balboa Park BART,Geneva Ave/Balboa Park BART,99.754,37.720801,-122.446738,8,BAYSHORE
8,0,14938,Hahn Street,Hahn St & Sunnydale Ave,99.754,37.712025,-122.416047,8,BAYSHORE
8,0,14938,Sunnydale Avenue,Hahn St & Sunnydale Ave,99.754,37.712025,-122.416047,8,BAYSHORE
8,0,17026,Hahn Street,Hahn St & Visitacion Ave,99.754,37.713301,-122.415486,8,BAYSHORE
8,0,17026,Visitacion Avenue,Hahn St & Visitacion Ave,99.754,37.713301,-122.415486,8,BAYSHORE
8,0,14968,4th Street,Harrison St & 4th St,99.754,37.780671,-122.399913,8,BAYSHORE
8,0,14968,Harrison Street,Harrison St & 4th St,99.754,37.780671,-122.399913,8,BAYSHORE
8,0,14969,5th Street,Harrison St & 5th St,99.754,37.778914,-122.402137,8,BAYSHORE
8,0,14969,Harrison Street,Harrison St & 5th St,99.754,37.778914,-122.402137,8,BAYSHORE
8,0,14970,6th Street,Harrison St & 6th St,99.754,37.777148,-122.404362,8,BAYSHORE
8,0,14970,Harrison Street,Harrison St & 6th St,99.754,37.777148,-122.404362,8,BAYSHORE
8,0,14823,Kearny Street,Kearny St & North Point St,99.754,37.807182,-122.407211,8,BAYSHORE
8,0,14823,North Point Street,Kearny St & North Point St,99.754,37.807182,-122.407211,8,BAYSHORE
8,0,15462,Kearny Street,North Point St & Kearny St,99.754,37.80735,-122.4079,8,BAYSHORE
8,0,15462,North Point Street,North Point St & Kearny St,99.754,37.80735,-122.4079,8,BAYSHORE
8,0,15470,North Point Street,North Point St & Stockton St,99.754,37.80704,-122.41038,8,BAYSHORE
8,0,15470,Stockton Street,North Point St & Stockton St,99.754,37.80704,-122.41038,8,BAYSHORE
8,0,16054,Filbert Street,Powell St & Filbert St,100.0,37.80131,-122.4111,8,BAYSHORE
8,0,16054,Powell Street,Powell St & Filbert St,100.0,37.80131,-122.4111,8,BAYSHORE
8,0,16055,Francisco Street,Powell St & Francisco St,100.0,37.80506,-122.41191,8,BAYSHORE
8,0,16055,Powell Street,Powell St & Francisco St,100.0,37.80506,-122.41191,8,BAYSHORE
8,0,16061,Lombard Street,Powell St & Lombard St,100.0,37.80281,-122.41146,8,BAYSHORE
8,0,16061,Powell Street,Powell St & Lombard St,100.0,37.80281,-122.41146,8,BAYSHORE
8,0,16066,North Point Street,Powell St & North Point St,99.754,37.806497,-122.412176,8,BAYSHORE
8,0,16066,Powell Street,Powell St & North Point St,99.754,37.806497,-122.412176,8,BAYSHORE
8,0,16357,Bacon Street,San Bruno Ave & Bacon St,99.754,37.72754,-122.40368,8,BAYSHORE
8,0,16357,San Bruno Avenue,San Bruno Ave & Bacon St,99.754,37.72754,-122.40368,8,BAYSHORE
8,0,16358,Dwight Street,San Bruno Ave & Dwight St,99.754,37.7241,-122.40226,8,BAYSHORE
8,0,16358,San Bruno Avenue,San Bruno Ave & Dwight St,99.754,37.7241,-122.40226,8,BAYSHORE
8,0,17900,Felton Street,San Bruno Ave & Felton St,99.754,37.729912,-122.404631,8,BAYSHORE
8,0,17900,San Bruno Avenue,San Bruno Ave & Felton St,99.754,37.729912,-122.404631,8,BAYSHORE
8,0,16361,Mansell Street,San Bruno Ave & Mansell St,99.754,37.72175,-122.40127,8,BAYSHORE
8,0,16361,San Bruno Avenue,San Bruno Ave & Mansell St,99.754,37.72175,-122.40127,8,BAYSHORE
8,0,16366,San Bruno Avenue,San Bruno Ave & Somerset St,99.754,37.71385,-122.40216,8,BAYSHORE
8,0,16366,Somerset Street,San Bruno Ave & Somerset St,99.754,37.71385,-122.40216,8,BAYSHORE
8,0,16369,San Bruno Avenue,San Bruno Ave & Ward St,99.754,37.71907,-122.40054,8,BAYSHORE
8,0,16369,Ward Street,San Bruno Ave & Ward St,99.754,37.71907,-122.40054,8,BAYSHORE
8,0,16371,San Bruno Avenue,San Bruno Ave & Wilde Ave,99.754,37.71677,-122.39995,8,BAYSHORE
8,0,16371,Wilde Avenue,San Bruno Ave & Wilde Ave,99.754,37.71677,-122.39995,8,BAYSHORE
8,0,16387,Schwerin Street,Schwerin St & Sunnydale Ave,99.754,37.71034,-122.4116,8,BAYSHORE
8,0,16387,Sunnydale Avenue,Schwerin St & Sunnydale Ave,99.754,37.71034,-122.4116,8,BAYSHORE
8,0,16513,Columbus Avenue,Stockton St & Columbus Ave,100.0,37.799277,-122.40905,8,BAYSHORE
8,0,16513,Stockton Street,Stockton St & Columbus Ave,100.0,37.799277,-122.40905,8,BAYSHORE
8,0,16516,Geary Boulevard,Stockton St & Geary St,100.0,37.787704,-122.406729,8,BAYSHORE
8,0,16516,Stockton Street,Stockton St & Geary St,100.0,37.787704,-122.406729,8,BAYSHORE
8,0,16521,Pacific Avenue,Stockton St & Pacific Ave,100.0,37.79716,-122.40862,8,BAYSHORE
8,0,16521,Stockton Street,Stockton St & Pacific Ave,100.0,37.79716,-122.40862,8,BAYSHORE
8,0,16522,Sacramento Street,Stockton St & Sacramento St,100.0,37.79348,-122.40788,8,BAYSHORE
8,0,16522,Stockton Street,Stockton St & Sacramento St,100.0,37.79348,-122.40788,8,BAYSHORE
8,0,16524,Stockton Street,Stockton St & Sutter St,100.0,37.78997,-122.40716,8,BAYSHORE
8,0,16524,Sutter Street,Stockton St & Sutter St,100.0,37.78997,-122.40716,8,BAYSHORE
8,0,16526,Stockton Street,Stockton St & Washington St,100.0,37.794707,-122.408118,8,BAYSHORE
8,0,16526,Washington Street,Stockton St & Washington St,100.0,37.794707,-122.408118,8,BAYSHORE
8,0,16573,Garrison Avenue,Sunnydale Ave & Garrison Ave,99.754,37.710981,-122.413024,8,BAYSHORE
8,0,16573,Sunnydale Avenue,Sunnydale Ave & Garrison Ave,99.754,37.710981,-122.413024,8,BAYSHORE
8,0,16580,Sawyer Street,Sunnydale Ave & Sawyer St,99.754,37.71163,-122.41521,8,BAYSHORE
8,0,16580,Sunnydale Avenue,Sunnydale Ave & Sawyer St,99.754,37.71163,-122.41521,8,BAYSHORE
8,0,16847,Bay Shore Boulevard,Visitacion Ave & Bay Shore Blvd,99.754,37.710567,-122.404493,8,BAYSHORE
8,0,16847,Visitacion Avenue,Visitacion Ave & Bay Shore Blvd,99.754,37.710567,-122.404493,8,BAYSHORE
8,0,16845,Britton Street,Visitacion Ave & Britton St,99.754,37.712765,-122.412371,8,BAYSHORE
8,0,16845,Visitacion Avenue,Visitacion Ave & Britton St,99.754,37.712765,-122.412371,8,BAYSHORE
8,0,16850,Rutland Street,Visitacion Ave & Rutland St,99.754,37.711488,-122.407791,8,BAYSHORE
8,0,16850,Visitacion Avenue,Visitacion Ave & Rutland St,99.754,37.711488,-122.407791,8,BAYSHORE
8,0,16852,Sawyer Street,Visitacion Ave & Sawyer St,99.754,37.713283,-122.414237,8,BAYSHORE
8,0,16852,Visitacion Avenue,Visitacion Ave & Sawyer St,99.754,37.713283,-122.414237,8,BAYSHORE
8,0,16854,Schwerin Street,Visitacion Ave & Schwerin St,99.754,37.712247,-122.410504,8,BAYSHORE
8,0,16854,Visitacion Avenue,Visitacion Ave & Schwerin St,99.754,37.712247,-122.410504,8,BAYSHORE
8,1,14796,1650 Geneva Avenue,1650 Geneva Ave,100.0,37.71174,-122.42829,8,BAYSHORE
8,1,14799,1750 Geneva Avenue,1750 Geneva Ave,100.0,37.71072,-122.42576,8,BAYSHORE
8,1,16350,3801 San Bruno Avenue,3801 San Bruno Ave,99.758,37.71482,-122.39994,8,BAYSHORE
8,1,13144,3rd Street,3rd St & Bryant St,99.758,37.781651,-122.396198,8,BAYSHORE
8,1,13144,Bryant Street,3rd St & Bryant St,99.758,37.781651,-122.396198,8,BAYSHORE
8,1,13124,3rd Street,3rd St & Folsom St,99.758,37.784204,-122.399326,8,BAYSHORE
8,1,13124,Folsom Street,3rd St & Folsom St,99.758,37.784204,-122.399326,8,BAYSHORE
8,1,13136,3rd Street,3rd St & Mission St,99.758,37.786373,-122.40211,8,BAYSHORE
8,1,13136,Mission Street,3rd St & Mission St,99.758,37.786373,-122.40211,8,BAYSHORE
8,1,13031,Bay Street,Bay St & Midway St,99.758,37.806094,-122.409161,8,BAYSHORE
8,1,13031,Midway Street,Bay St & Midway St,99.758,37.806094,-122.409161,8,BAYSHORE
8,1,17334,Bayshore Boulevard,Bayshore Blvd & Blanken Ave,0.242,37.712226,-122.402179,8,BAYSHORE
8,1,17334,Blanken Avenue,Bayshore Blvd & Blanken Ave,0.242,37.712226,-122.402179,8,BAYSHORE
8,1,13793,Bayshore Boulevard,Bayshore Blvd & Visitacion Ave,99.758,37.71062,-122.40389,8,BAYSHORE
8,1,13793,Visitacion Avenue,Bayshore Blvd & Visitacion Ave,99.758,37.71062,-122.40389,8,BAYSHORE
8,1,13723,4th Street,Bryant St & 4th St,99.758,37.779003,-122.398667,8,BAYSHORE
8,1,13723,Bryant Street,Bryant St & 4th St,99.758,37.779003,-122.398667,8,BAYSHORE
8,1,13724,5th Street,Bryant St & 5th St,99.758,37.77795,-122.39995,8,BAYSHORE
8,1,13724,Bryant Street,Bryant St & 5th St,99.758,37.77795,-122.39995,8,BAYSHORE
8,1,13725,6th Street,Bryant St & 6th St,99.758,37.776157,-122.402231,8,BAYSHORE
8,1,13725,Bryant Street,Bryant St & 6th St,99.758,37.776157,-122.402231,8,BAYSHORE
8,1,17067,Cayuga Avenue,Cayuga Ave & Onondaga Ave,0.242,37.722076,-122.439957,8,BAYSHORE
8,1,17067,Onondaga Avenue,Cayuga Ave & Onondaga Ave,0.242,37.722076,-122.439957,8,BAYSHORE
8,1,15926,[UNKNOWN],City College Terminal,99.758,37.723718,-122.45259,8,BAYSHORE
8,1,14101,Broadway,Columbus Ave & Broadway,99.758,37.798123,-122.406897,8,BAYSHORE
8,1,14101,Columbus Avenue,Columbus Ave & Broadway,99.758,37.798123,-122.406897,8,BAYSHORE
8,1,14108,Columbus Avenue,Columbus Ave & Green St,99.758,37.799386,-122.408723,8,BAYSHORE
8,1,14108,Green Street,Columbus Ave & Green St,99.758,37.799386,-122.408723,8,BAYSHORE
8,1,14111,Columbus Avenue,Columbus Ave & Kearny St,99.758,37.797319,-122.405742,8,BAYSHORE
8,1,14111,Kearny Street,Columbus Ave & Kearny St,99.758,37.797319,-122.405742,8,BAYSHORE
8,1,14119,Columbus Avenue,Columbus Ave & Union St,99.758,37.8005,-122.410356,8,BAYSHORE
8,1,14119,Union Street,Columbus Ave & Union St,99.758,37.8005,-122.410356,8,BAYSHORE
8,1,14811,Cayuga Avenue,Geneva Ave & Cayuga Ave,100.0,37.718722,-122.443554,8,BAYSHORE
8,1,14811,Geneva Avenue,Geneva Ave & Cayuga Ave,100.0,37.718722,-122.443554,8,BAYSHORE
8,1,14882,Geneva Avenue,Geneva Ave & Howth St,99.758,37.721978,-122.45007,8,BAYSHORE
8,1,14882,Howth Street,Geneva Ave & Howth St,99.758,37.721978,-122.45007,8,BAYSHORE
8,1,14883,Geneva Avenue,Geneva Ave & Madrid St,100.0,37.714768,-122.437587,8,BAYSHORE
8,1,14883,Madrid Street,Geneva Ave & Madrid St,100.0,37.714768,-122.437587,8,BAYSHORE
8,1,17671,Geneva Avenue,Geneva Ave & Mission St,100.0,37.716419,-122.441012,8,BAYSHORE
8,1,17671,Mission Street,Geneva Ave & Mission St,100.0,37.716419,-122.441012,8,BAYSHORE
8,1,14888,Geneva Avenue,Geneva Ave & Munich St,100.0,37.712948,-122.43303,8,BAYSHORE
8,1,14888,Munich Street,Geneva Ave & Munich St,100.0,37.712948,-122.43303,8,BAYSHORE
8,1,14891,Geneva Avenue,Geneva Ave & Naples St,100.0,37.714028,-122.435961,8,BAYSHORE
8,1,14891,Naples Street,Geneva Ave & Naples St,100.0,37.714028,-122.435961,8,BAYSHORE
8,1,14901,Geneva Avenue,Geneva Ave & Santos St,100.0,37.708207,-122.420022,8,BAYSHORE
8,1,14901,Santos Street,Geneva Ave & Santos St,100.0,37.708207,-122.420022,8,BAYSHORE
8,1,17304,Geneva Ave&Carter Street,Geneva Ave&Carter St,100.0,37.709083,-122.423102,8,BAYSHORE
8,1,14805,Geneva Ave/Balboa Park BART,Geneva Ave/Balboa Park BART,99.758,37.720952,-122.447379,8,BAYSHORE
8,1,14818,Bush Street,Kearny St & Bush St,99.758,37.791004,-122.403976,8,BAYSHORE
8,1,14818,Kearny Street,Kearny St & Bush St,99.758,37.791004,-122.403976,8,BAYSHORE
8,1,14819,California Street,Kearny St & California St,99.758,37.792878,-122.404364,8,BAYSHORE
8,1,14819,Kearny Street,Kearny St & California St,99.758,37.792878,-122.404364,8,BAYSHORE
8,1,14820,Clay Street,Kearny St & Clay St,99.758,37.794699,-122.404741,8,BAYSHORE
8,1,14820,Kearny Street,Kearny St & Clay St,99.758,37.794699,-122.404741,8,BAYSHORE
8,1,14821,Geary Boulevard,Kearny St & Geary St,99.758,37.788051,-122.403461,8,BAYSHORE
8,1,14821,Kearny Street,Kearny St & Geary St,99.758,37.788051,-122.403461,8,BAYSHORE
8,1,14822,Jackson Street,Kearny St & Jackson St,99.758,37.796126,-122.405027,8,BAYSHORE
8,1,14822,Kearny Street,Kearny St & Jackson St,99.758,37.796126,-122.405027,8,BAYSHORE
8,1,14823,Kearny Street,Kearny St & North Point St,99.758,37.807182,-122.407211,8,BAYSHORE
8,1,14823,North Point Street,Kearny St & North Point St,99.758,37.807182,-122.407211,8,BAYSHORE
8,1,14826,Kearny Street,Kearny St & Sutter St,99.758,37.789746,-122.403724,8,BAYSHORE
8,1,14826,Sutter Street,Kearny St & Sutter St,99.758,37.789746,-122.403724,8,BAYSHORE
8,1,16045,Bay Street,Powell St & Bay St,99.758,37.805738,-122.411833,8,BAYSHORE
8,1,16045,Powell Street,Powell St & Bay St,99.758,37.805738,-122.411833,8,BAYSHORE
8,1,16056,Francisco Street,Powell St & Francisco St,99.758,37.80477,-122.41166,8,BAYSHORE
8,1,16056,Powell Street,Powell St & Francisco St,99.758,37.80477,-122.41166,8,BAYSHORE
8,1,16060,Lombard Street,Powell St & Lombard St,99.758,37.802945,-122.411272,8,BAYSHORE
8,1,16060,Powell Street,Powell St & Lombard St,99.758,37.802945,-122.411272,8,BAYSHORE
8,1,16352,Arleta Avenue,San Bruno Ave & Arleta Ave,99.758,37.71246,-122.4023,8,BAYSHORE
8,1,16352,San Bruno Avenue,San Bruno Ave & Arleta Ave,99.758,37.71246,-122.4023,8,BAYSHORE
8,1,16355,Bacon Street,San Bruno Ave & Bacon St,99.758,37.72797,-122.40367,8,BAYSHORE
8,1,16355,San Bruno Avenue,San Bruno Ave & Bacon St,99.758,37.72797,-122.40367,8,BAYSHORE
8,1,17899,Harkness Avenue,San Bruno Ave & Harkness Ave,99.758,37.718043,-122.400114,8,BAYSHORE
8,1,17899,San Bruno Avenue,San Bruno Ave & Harkness Ave,99.758,37.718043,-122.400114,8,BAYSHORE
8,1,16360,Mansell Street,San Bruno Ave & Mansell St,99.758,37.7211,-122.40083,8,BAYSHORE
8,1,16360,San Bruno Avenue,San Bruno Ave & Mansell St,99.758,37.7211,-122.40083,8,BAYSHORE
8,1,16362,Paul Avenue,San Bruno Ave & Paul Ave,99.758,37.72418,-122.4021,8,BAYSHORE
8,1,16362,San Bruno Avenue,San Bruno Ave & Paul Ave,99.758,37.72418,-122.4021,8,BAYSHORE
8,1,16364,San Bruno Avenue,San Bruno Ave & Silver Ave,99.758,37.73202,-122.40535,8,BAYSHORE
8,1,16364,Silver Avenue,San Bruno Ave & Silver Ave,99.758,37.73202,-122.40535,8,BAYSHORE
8,1,17191,San Bruno Avenue,San Bruno Ave & Somerset St,99.758,37.713395,-122.401995,8,BAYSHORE
8,1,17191,Somerset Street,San Bruno Ave & Somerset St,99.758,37.713395,-122.401995,8,BAYSHORE
8,1,16367,San Bruno Avenue,San Bruno Ave & Thornton Ave,99.758,37.73026,-122.40462,8,BAYSHORE
8,1,16367,Thornton Avenue,San Bruno Ave & Thornton Ave,99.758,37.73026,-122.40462,8,BAYSHORE
8,1,16373,San Bruno Avenue,San Bruno Ave & Wayland St,99.758,37.72637,-122.40301,8,BAYSHORE
8,1,16373,Wayland Street,San Bruno Ave & Wayland St,99.758,37.72637,-122.40301,8,BAYSHORE
8,1,16386,Schwerin Street,Schwerin St & Sunnydale Ave,100.0,37.71049,-122.41136,8,BAYSHORE
8,1,16386,Sunnydale Avenue,Schwerin St & Sunnydale Ave,100.0,37.71049,-122.41136,8,BAYSHORE
8,1,16848,Cora Street,Visitacion Ave & Cora St,100.0,37.71168,-122.40898,8,BAYSHORE
8,1,16848,Visitacion Avenue,Visitacion Ave & Cora St,100.0,37.71168,-122.40898,8,BAYSHORE
8,1,16851,Rutland Street,Visitacion Ave & Rutland St,100.0,37.71147,-122.40827,8,BAYSHORE
8,1,16851,Visitacion Avenue,Visitacion Ave & Rutland St,100.0,37.71147,-122.40827,8,BAYSHORE
8,1,16855,Schwerin Street,Visitacion Ave & Schwerin St,100.0,37.71218,-122.41085,8,BAYSHORE
8,1,16855,Visitacion Avenue,Visitacion Ave & Schwerin St,100.0,37.71218,-122.41085,8,BAYSHORE
8AX,0,16348,3800 San Bruno Avenue,3800 San Bruno Ave,100.0,37.71479,-122.40061,8AX,BAYSHORE A EXPRESS
8AX,0,13158,4th Street,4th St & Folsom St,100.0,37.782081,-122.401333,8AX,BAYSHORE A EXPRESS
8AX,0,13158,Folsom Street,4th St & Folsom St,100.0,37.782081,-122.401333,8AX,BAYSHORE A EXPRESS
8AX,0,13161,4th Street,4th St & Market St,100.0,37.785411,-122.405531,8AX,BAYSHORE A EXPRESS
8AX,0,13161,Market Street,4th St & Market St,100.0,37.785411,-122.405531,8AX,BAYSHORE A EXPRESS
8AX,0,13160,4th Street,4th St & Mission St,100.0,37.784259,-122.404117,8AX,BAYSHORE A EXPRESS
8AX,0,13160,Mission Street,4th St & Mission St,100.0,37.784259,-122.404117,8AX,BAYSHORE A EXPRESS
8AX,0,13772,Arleta Avenue,Bayshore Blvd & Arleta Ave,100.0,37.712125,-122.403167,8AX,BAYSHORE A EXPRESS
8AX,0,13772,Bayshore Boulevard,Bayshore Blvd & Arleta Ave,100.0,37.712125,-122.403167,8AX,BAYSHORE A EXPRESS
8AX,0,17185,Broadway,Broadway & Grant Ave,100.0,37.797849,-122.407342,8AX,BAYSHORE A EXPRESS
8AX,0,17185,Grant Avenue,Broadway & Grant Ave,100.0,37.797849,-122.407342,8AX,BAYSHORE A EXPRESS
8AX,0,17522,Geneva Street,Geneva Street & Schwerin Street,100.0,37.706296,-122.413084,8AX,BAYSHORE A EXPRESS
8AX,0,17522,Schwerin Street,Geneva Street & Schwerin Street,100.0,37.706296,-122.413084,8AX,BAYSHORE A EXPRESS
8AX,0,14968,4th Street,Harrison St & 4th St,100.0,37.780671,-122.399913,8AX,BAYSHORE A EXPRESS
8AX,0,14968,Harrison Street,Harrison St & 4th St,100.0,37.780671,-122.399913,8AX,BAYSHORE A EXPRESS
8AX,0,14969,5th Street,Harrison St & 5th St,100.0,37.778914,-122.402137,8AX,BAYSHORE A EXPRESS
8AX,0,14969,Harrison Street,Harrison St & 5th St,100.0,37.778914,-122.402137,8AX,BAYSHORE A EXPRESS
8AX,0,14970,6th Street,Harrison St & 6th St,100.0,37.777148,-122.404362,8AX,BAYSHORE A EXPRESS
8AX,0,14970,Harrison Street,Harrison St & 6th St,100.0,37.777148,-122.404362,8AX,BAYSHORE A EXPRESS
8AX,0,14824,Kearny Street,Kearny St & Pacific Ave,100.0,37.797331,-122.405267,8AX,BAYSHORE A EXPRESS
8AX,0,14824,Pacific Avenue,Kearny St & Pacific Ave,100.0,37.797331,-122.405267,8AX,BAYSHORE A EXPRESS
8AX,0,16357,Bacon Street,San Bruno Ave & Bacon St,100.0,37.72754,-122.40368,8AX,BAYSHORE A EXPRESS
8AX,0,16357,San Bruno Avenue,San Bruno Ave & Bacon St,100.0,37.72754,-122.40368,8AX,BAYSHORE A EXPRESS
8AX,0,16358,Dwight Street,San Bruno Ave & Dwight St,100.0,37.7241,-122.40226,8AX,BAYSHORE A EXPRESS
8AX,0,16358,San Bruno Avenue,San Bruno Ave & Dwight St,100.0,37.7241,-122.40226,8AX,BAYSHORE A EXPRESS
8AX,0,17900,Felton Street,San Bruno Ave & Felton St,100.0,37.729912,-122.404631,8AX,BAYSHORE A EXPRESS
8AX,0,17900,San Bruno Avenue,San Bruno Ave & Felton St,100.0,37.729912,-122.404631,8AX,BAYSHORE A EXPRESS
8AX,0,16361,Mansell Street,San Bruno Ave & Mansell St,100.0,37.72175,-122.40127,8AX,BAYSHORE A EXPRESS
8AX,0,16361,San Bruno Avenue,San Bruno Ave & Mansell St,100.0,37.72175,-122.40127,8AX,BAYSHORE A EXPRESS
8AX,0,16366,San Bruno Avenue,San Bruno Ave & Somerset St,100.0,37.71385,-122.40216,8AX,BAYSHORE A EXPRESS
8AX,0,16366,Somerset Street,San Bruno Ave & Somerset St,100.0,37.71385,-122.40216,8AX,BAYSHORE A EXPRESS
8AX,0,16369,San Bruno Avenue,San Bruno Ave & Ward St,100.0,37.71907,-122.40054,8AX,BAYSHORE A EXPRESS
8AX,0,16369,Ward Street,San Bruno Ave & Ward St,100.0,37.71907,-122.40054,8AX,BAYSHORE A EXPRESS
8AX,0,16371,San Bruno Avenue,San Bruno Ave & Wilde Ave,100.0,37.71677,-122.39995,8AX,BAYSHORE A EXPRESS
8AX,0,16371,Wilde Avenue,San Bruno Ave & Wilde Ave,100.0,37.71677,-122.39995,8AX,BAYSHORE A EXPRESS
8AX,0,16516,Geary Boulevard,Stockton St & Geary St,100.0,37.787704,-122.406729,8AX,BAYSHORE A EXPRESS
8AX,0,16516,Stockton Street,Stockton St & Geary St,100.0,37.787704,-122.406729,8AX,BAYSHORE A EXPRESS
8AX,0,16521,Pacific Avenue,Stockton St & Pacific Ave,100.0,37.79716,-122.40862,8AX,BAYSHORE A EXPRESS
8AX,0,16521,Stockton Street,Stockton St & Pacific Ave,100.0,37.79716,-122.40862,8AX,BAYSHORE A EXPRESS
8AX,0,16522,Sacramento Street,Stockton St & Sacramento St,100.0,37.79348,-122.40788,8AX,BAYSHORE A EXPRESS
8AX,0,16522,Stockton Street,Stockton St & Sacramento St,100.0,37.79348,-122.40788,8AX,BAYSHORE A EXPRESS
8AX,0,16524,Stockton Street,Stockton St & Sutter St,100.0,37.78997,-122.40716,8AX,BAYSHORE A EXPRESS
8AX,0,16524,Sutter Street,Stockton St & Sutter St,100.0,37.78997,-122.40716,8AX,BAYSHORE A EXPRESS
8AX,0,16526,Stockton Street,Stockton St & Washington St,100.0,37.794707,-122.408118,8AX,BAYSHORE A EXPRESS
8AX,0,16526,Washington Street,Stockton St & Washington St,100.0,37.794707,-122.408118,8AX,BAYSHORE A EXPRESS
8AX,1,16350,3801 San Bruno Avenue,3801 San Bruno Ave,100.0,37.71482,-122.39994,8AX,BAYSHORE A EXPRESS
8AX,1,13144,3rd Street,3rd St & Bryant St,100.0,37.781651,-122.396198,8AX,BAYSHORE A EXPRESS
8AX,1,13144,Bryant Street,3rd St & Bryant St,100.0,37.781651,-122.396198,8AX,BAYSHORE A EXPRESS
8AX,1,13124,3rd Street,3rd St & Folsom St,100.0,37.784204,-122.399326,8AX,BAYSHORE A EXPRESS
8AX,1,13124,Folsom Street,3rd St & Folsom St,100.0,37.784204,-122.399326,8AX,BAYSHORE A EXPRESS
8AX,1,13136,3rd Street,3rd St & Mission St,100.0,37.786373,-122.40211,8AX,BAYSHORE A EXPRESS
8AX,1,13136,Mission Street,3rd St & Mission St,100.0,37.786373,-122.40211,8AX,BAYSHORE A EXPRESS
8AX,1,13723,4th Street,Bryant St & 4th St,100.0,37.779003,-122.398667,8AX,BAYSHORE A EXPRESS
8AX,1,13723,Bryant Street,Bryant St & 4th St,100.0,37.779003,-122.398667,8AX,BAYSHORE A EXPRESS
8AX,1,13724,5th Street,Bryant St & 5th St,100.0,37.77795,-122.39995,8AX,BAYSHORE A EXPRESS
8AX,1,13724,Bryant Street,Bryant St & 5th St,100.0,37.77795,-122.39995,8AX,BAYSHORE A EXPRESS
8AX,1,13725,6th Street,Bryant St & 6th St,100.0,37.776157,-122.402231,8AX,BAYSHORE A EXPRESS
8AX,1,13725,Bryant Street,Bryant St & 6th St,100.0,37.776157,-122.402231,8AX,BAYSHORE A EXPRESS
8AX,1,17522,Geneva Street,Geneva Street & Schwerin Street,100.0,37.706296,-122.413084,8AX,BAYSHORE A EXPRESS
8AX,1,17522,Schwerin Street,Geneva Street & Schwerin Street,100.0,37.706296,-122.413084,8AX,BAYSHORE A EXPRESS
8AX,1,14818,Bush Street,Kearny St & Bush St,100.0,37.791004,-122.403976,8AX,BAYSHORE A EXPRESS
8AX,1,14818,Kearny Street,Kearny St & Bush St,100.0,37.791004,-122.403976,8AX,BAYSHORE A EXPRESS
8AX,1,14819,California Street,Kearny St & California St,100.0,37.792878,-122.404364,8AX,BAYSHORE A EXPRESS
8AX,1,14819,Kearny Street,Kearny St & California St,100.0,37.792878,-122.404364,8AX,BAYSHORE A EXPRESS
8AX,1,14820,Clay Street,Kearny St & Clay St,100.0,37.794699,-122.404741,8AX,BAYSHORE A EXPRESS
8AX,1,14820,Kearny Street,Kearny St & Clay St,100.0,37.794699,-122.404741,8AX,BAYSHORE A EXPRESS
8AX,1,14821,Geary Boulevard,Kearny St & Geary St,100.0,37.788051,-122.403461,8AX,BAYSHORE A EXPRESS
8AX,1,14821,Kearny Street,Kearny St & Geary St,100.0,37.788051,-122.403461,8AX,BAYSHORE A EXPRESS
8AX,1,14822,Jackson Street,Kearny St & Jackson St,100.0,37.796126,-122.405027,8AX,BAYSHORE A EXPRESS
8AX,1,14822,Kearny Street,Kearny St & Jackson St,100.0,37.796126,-122.405027,8AX,BAYSHORE A EXPRESS
8AX,1,14824,Kearny Street,Kearny St & Pacific Ave,100.0,37.797331,-122.405267,8AX,BAYSHORE A EXPRESS
8AX,1,14824,Pacific Avenue,Kearny St & Pacific Ave,100.0,37.797331,-122.405267,8AX,BAYSHORE A EXPRESS
8AX,1,14826,Kearny Street,Kearny St & Sutter St,100.0,37.789746,-122.403724,8AX,BAYSHORE A EXPRESS
8AX,1,14826,Sutter Street,Kearny St & Sutter St,100.0,37.789746,-122.403724,8AX,BAYSHORE A EXPRESS
8AX,1,16352,Arleta Avenue,San Bruno Ave & Arleta Ave,100.0,37.71246,-122.4023,8AX,BAYSHORE A EXPRESS
8AX,1,16352,San Bruno Avenue,San Bruno Ave & Arleta Ave,100.0,37.71246,-122.4023,8AX,BAYSHORE A EXPRESS
8AX,1,16355,Bacon Street,San Bruno Ave & Bacon St,100.0,37.72797,-122.40367,8AX,BAYSHORE A EXPRESS
8AX,1,16355,San Bruno Avenue,San Bruno Ave & Bacon St,100.0,37.72797,-122.40367,8AX,BAYSHORE A EXPRESS
8AX,1,17899,Harkness Avenue,San Bruno Ave & Harkness Ave,100.0,37.718043,-122.400114,8AX,BAYSHORE A EXPRESS
8AX,1,17899,San Bruno Avenue,San Bruno Ave & Harkness Ave,100.0,37.718043,-122.400114,8AX,BAYSHORE A EXPRESS
8AX,1,16360,Mansell Street,San Bruno Ave & Mansell St,100.0,37.7211,-122.40083,8AX,BAYSHORE A EXPRESS
8AX,1,16360,San Bruno Avenue,San Bruno Ave & Mansell St,100.0,37.7211,-122.40083,8AX,BAYSHORE A EXPRESS
8AX,1,16362,Paul Avenue,San Bruno Ave & Paul Ave,100.0,37.72418,-122.4021,8AX,BAYSHORE A EXPRESS
8AX,1,16362,San Bruno Avenue,San Bruno Ave & Paul Ave,100.0,37.72418,-122.4021,8AX,BAYSHORE A EXPRESS
8AX,1,16364,San Bruno Avenue,San Bruno Ave & Silver Ave,100.0,37.73202,-122.40535,8AX,BAYSHORE A EXPRESS
8AX,1,16364,Silver Avenue,San Bruno Ave & Silver Ave,100.0,37.73202,-122.40535,8AX,BAYSHORE A EXPRESS
8AX,1,17191,San Bruno Avenue,San Bruno Ave & Somerset St,100.0,37.713395,-122.401995,8AX,BAYSHORE A EXPRESS
8AX,1,17191,Somerset Street,San Bruno Ave & Somerset St,100.0,37.713395,-122.401995,8AX,BAYSHORE A EXPRESS
8AX,1,16367,San Bruno Avenue,San Bruno Ave & Thornton Ave,100.0,37.73026,-122.40462,8AX,BAYSHORE A EXPRESS
8AX,1,16367,Thornton Avenue,San Bruno Ave & Thornton Ave,100.0,37.73026,-122.40462,8AX,BAYSHORE A EXPRESS
8AX,1,16373,San Bruno Avenue,San Bruno Ave & Wayland St,100.0,37.72637,-122.40301,8AX,BAYSHORE A EXPRESS
8AX,1,16373,Wayland Street,San Bruno Ave & Wayland St,100.0,37.72637,-122.40301,8AX,BAYSHORE A EXPRESS
8BX,0,14795,1650 Geneva Avenue,1650 Geneva Ave,100.0,37.71187,-122.42819,8BX,BAYSHORE B EXPRESS
8BX,0,14798,1721 Geneva Avenue,1721 Geneva Ave,100.0,37.71108,-122.42627,8BX,BAYSHORE B EXPRESS
8BX,0,13158,4th Street,4th St & Folsom St,100.0,37.782081,-122.401333,8BX,BAYSHORE B EXPRESS
8BX,0,13158,Folsom Street,4th St & Folsom St,100.0,37.782081,-122.401333,8BX,BAYSHORE B EXPRESS
8BX,0,13161,4th Street,4th St & Market St,100.0,37.785411,-122.405531,8BX,BAYSHORE B EXPRESS
8BX,0,13161,Market Street,4th St & Market St,100.0,37.785411,-122.405531,8BX,BAYSHORE B EXPRESS
8BX,0,13160,4th Street,4th St & Mission St,100.0,37.784259,-122.404117,8BX,BAYSHORE B EXPRESS
8BX,0,13160,Mission Street,4th St & Mission St,100.0,37.784259,-122.404117,8BX,BAYSHORE B EXPRESS
8BX,0,13772,Arleta Avenue,Bayshore Blvd & Arleta Ave,100.0,37.712125,-122.403167,8BX,BAYSHORE B EXPRESS
8BX,0,13772,Bayshore Boulevard,Bayshore Blvd & Arleta Ave,100.0,37.712125,-122.403167,8BX,BAYSHORE B EXPRESS
8BX,0,18040,Bayshore Blvd &L Eland Avenue,Bayshore Blvd &L Eland Ave,100.0,37.711299,-122.40368,8BX,BAYSHORE B EXPRESS
8BX,0,15926,[UNKNOWN],City College Terminal,100.0,37.723718,-122.45259,8BX,BAYSHORE B EXPRESS
8BX,0,14120,Columbus Avenue,Columbus Ave & Union St,100.0,37.800384,-122.410505,8BX,BAYSHORE B EXPRESS
8BX,0,14120,Union Street,Columbus Ave & Union St,100.0,37.800384,-122.410505,8BX,BAYSHORE B EXPRESS
8BX,0,17300,Carter Street,Geneva Ave & Carter St,100.0,37.709306,-122.423217,8BX,BAYSHORE B EXPRESS
8BX,0,17300,Geneva Avenue,Geneva Ave & Carter St,100.0,37.709306,-122.423217,8BX,BAYSHORE B EXPRESS
8BX,0,14810,Cayuga Avenue,Geneva Ave & Cayuga Ave,100.0,37.718927,-122.443554,8BX,BAYSHORE B EXPRESS
8BX,0,14810,Geneva Avenue,Geneva Ave & Cayuga Ave,100.0,37.718927,-122.443554,8BX,BAYSHORE B EXPRESS
8BX,0,14881,Geneva Avenue,Geneva Ave & Howth St,100.0,37.722121,-122.449979,8BX,BAYSHORE B EXPRESS
8BX,0,14881,Howth Street,Geneva Ave & Howth St,100.0,37.722121,-122.449979,8BX,BAYSHORE B EXPRESS
8BX,0,14884,Geneva Avenue,Geneva Ave & Madrid St,100.0,37.715143,-122.438034,8BX,BAYSHORE B EXPRESS
8BX,0,14884,Madrid Street,Geneva Ave & Madrid St,100.0,37.715143,-122.438034,8BX,BAYSHORE B EXPRESS
8BX,0,14886,Geneva Avenue,Geneva Ave & Mission St,100.0,37.716473,-122.440874,8BX,BAYSHORE B EXPRESS
8BX,0,14886,Mission Street,Geneva Ave & Mission St,100.0,37.716473,-122.440874,8BX,BAYSHORE B EXPRESS
8BX,0,14889,Geneva Avenue,Geneva Ave & Moscow St,100.0,37.713332,-122.433957,8BX,BAYSHORE B EXPRESS
8BX,0,14889,Moscow Street,Geneva Ave & Moscow St,100.0,37.713332,-122.433957,8BX,BAYSHORE B EXPRESS
8BX,0,14890,Geneva Avenue,Geneva Ave & Naples St,100.0,37.714358,-122.436339,8BX,BAYSHORE B EXPRESS
8BX,0,14890,Naples Street,Geneva Ave & Naples St,100.0,37.714358,-122.436339,8BX,BAYSHORE B EXPRESS
8BX,0,14894,Geneva Avenue,Geneva Ave & Prague St,100.0,37.712885,-122.432068,8BX,BAYSHORE B EXPRESS
8BX,0,14894,Prague Street,Geneva Ave & Prague St,100.0,37.712885,-122.432068,8BX,BAYSHORE B EXPRESS
8BX,0,14900,Geneva Avenue,Geneva Ave & Santos St,100.0,37.708484,-122.420354,8BX,BAYSHORE B EXPRESS
8BX,0,14900,Santos Street,Geneva Ave & Santos St,100.0,37.708484,-122.420354,8BX,BAYSHORE B EXPRESS
8BX,0,14803,Geneva Ave/Balboa Park BART,Geneva Ave/Balboa Park BART,100.0,37.720801,-122.446738,8BX,BAYSHORE B EXPRESS
8BX,0,14938,Hahn Street,Hahn St & Sunnydale Ave,100.0,37.712025,-122.416047,8BX,BAYSHORE B EXPRESS
8BX,0,14938,Sunnydale Avenue,Hahn St & Sunnydale Ave,100.0,37.712025,-122.416047,8BX,BAYSHORE B EXPRESS
8BX,0,17026,Hahn Street,Hahn St & Visitacion Ave,100.0,37.713301,-122.415486,8BX,BAYSHORE B EXPRESS
8BX,0,17026,Visitacion Avenue,Hahn St & Visitacion Ave,100.0,37.713301,-122.415486,8BX,BAYSHORE B EXPRESS
8BX,0,14968,4th Street,Harrison St & 4th St,100.0,37.780671,-122.399913,8BX,BAYSHORE B EXPRESS
8BX,0,14968,Harrison Street,Harrison St & 4th St,100.0,37.780671,-122.399913,8BX,BAYSHORE B EXPRESS
8BX,0,14969,5th Street,Harrison St & 5th St,100.0,37.778914,-122.402137,8BX,BAYSHORE B EXPRESS
8BX,0,14969,Harrison Street,Harrison St & 5th St,100.0,37.778914,-122.402137,8BX,BAYSHORE B EXPRESS
8BX,0,14970,6th Street,Harrison St & 6th St,100.0,37.777148,-122.404362,8BX,BAYSHORE B EXPRESS
8BX,0,14970,Harrison Street,Harrison St & 6th St,100.0,37.777148,-122.404362,8BX,BAYSHORE B EXPRESS
8BX,0,14823,Kearny Street,Kearny St & North Point St,100.0,37.807182,-122.407211,8BX,BAYSHORE B EXPRESS
8BX,0,14823,North Point Street,Kearny St & North Point St,100.0,37.807182,-122.407211,8BX,BAYSHORE B EXPRESS
8BX,0,15462,Kearny Street,North Point St & Kearny St,100.0,37.80735,-122.4079,8BX,BAYSHORE B EXPRESS
8BX,0,15462,North Point Street,North Point St & Kearny St,100.0,37.80735,-122.4079,8BX,BAYSHORE B EXPRESS
8BX,0,15470,North Point Street,North Point St & Stockton St,100.0,37.80704,-122.41038,8BX,BAYSHORE B EXPRESS
8BX,0,15470,Stockton Street,North Point St & Stockton St,100.0,37.80704,-122.41038,8BX,BAYSHORE B EXPRESS
8BX,0,16054,Filbert Street,Powell St & Filbert St,100.0,37.80131,-122.4111,8BX,BAYSHORE B EXPRESS
8BX,0,16054,Powell Street,Powell St & Filbert St,100.0,37.80131,-122.4111,8BX,BAYSHORE B EXPRESS
8BX,0,16055,Francisco Street,Powell St & Francisco St,100.0,37.80506,-122.41191,8BX,BAYSHORE B EXPRESS
8BX,0,16055,Powell Street,Powell St & Francisco St,100.0,37.80506,-122.41191,8BX,BAYSHORE B EXPRESS
8BX,0,16061,Lombard Street,Powell St & Lombard St,100.0,37.80281,-122.41146,8BX,BAYSHORE B EXPRESS
8BX,0,16061,Powell Street,Powell St & Lombard St,100.0,37.80281,-122.41146,8BX,BAYSHORE B EXPRESS
8BX,0,16066,North Point Street,Powell St & North Point St,100.0,37.806497,-122.412176,8BX,BAYSHORE B EXPRESS
8BX,0,16066,Powell Street,Powell St & North Point St,100.0,37.806497,-122.412176,8BX,BAYSHORE B EXPRESS
8BX,0,16387,Schwerin Street,Schwerin St & Sunnydale Ave,100.0,37.71034,-122.4116,8BX,BAYSHORE B EXPRESS
8BX,0,16387,Sunnydale Avenue,Schwerin St & Sunnydale Ave,100.0,37.71034,-122.4116,8BX,BAYSHORE B EXPRESS
8BX,0,16513,Columbus Avenue,Stockton St & Columbus Ave,100.0,37.799277,-122.40905,8BX,BAYSHORE B EXPRESS
8BX,0,16513,Stockton Street,Stockton St & Columbus Ave,100.0,37.799277,-122.40905,8BX,BAYSHORE B EXPRESS
8BX,0,16516,Geary Boulevard,Stockton St & Geary St,100.0,37.787704,-122.406729,8BX,BAYSHORE B EXPRESS
8BX,0,16516,Stockton Street,Stockton St & Geary St,100.0,37.787704,-122.406729,8BX,BAYSHORE B EXPRESS
8BX,0,16521,Pacific Avenue,Stockton St & Pacific Ave,100.0,37.79716,-122.40862,8BX,BAYSHORE B EXPRESS
8BX,0,16521,Stockton Street,Stockton St & Pacific Ave,100.0,37.79716,-122.40862,8BX,BAYSHORE B EXPRESS
8BX,0,16522,Sacramento Street,Stockton St & Sacramento St,100.0,37.79348,-122.40788,8BX,BAYSHORE B EXPRESS
8BX,0,16522,Stockton Street,Stockton St & Sacramento St,100.0,37.79348,-122.40788,8BX,BAYSHORE B EXPRESS
8BX,0,16524,Stockton Street,Stockton St & Sutter St,100.0,37.78997,-122.40716,8BX,BAYSHORE B EXPRESS
8BX,0,16524,Sutter Street,Stockton St & Sutter St,100.0,37.78997,-122.40716,8BX,BAYSHORE B EXPRESS
8BX,0,16526,Stockton Street,Stockton St & Washington St,100.0,37.794707,-122.408118,8BX,BAYSHORE B EXPRESS
8BX,0,16526,Washington Street,Stockton St & Washington St,100.0,37.794707,-122.408118,8BX,BAYSHORE B EXPRESS
8BX,0,16573,Garrison Avenue,Sunnydale Ave & Garrison Ave,100.0,37.710981,-122.413024,8BX,BAYSHORE B EXPRESS
8BX,0,16573,Sunnydale Avenue,Sunnydale Ave & Garrison Ave,100.0,37.710981,-122.413024,8BX,BAYSHORE B EXPRESS
8BX,0,16580,Sawyer Street,Sunnydale Ave & Sawyer St,100.0,37.71163,-122.41521,8BX,BAYSHORE B EXPRESS
8BX,0,16580,Sunnydale Avenue,Sunnydale Ave & Sawyer St,100.0,37.71163,-122.41521,8BX,BAYSHORE B EXPRESS
8BX,0,16847,Bay Shore Boulevard,Visitacion Ave & Bay Shore Blvd,100.0,37.710567,-122.404493,8BX,BAYSHORE B EXPRESS
8BX,0,16847,Visitacion Avenue,Visitacion Ave & Bay Shore Blvd,100.0,37.710567,-122.404493,8BX,BAYSHORE B EXPRESS
8BX,0,16845,Britton Street,Visitacion Ave & Britton St,100.0,37.712765,-122.412371,8BX,BAYSHORE B EXPRESS
8BX,0,16845,Visitacion Avenue,Visitacion Ave & Britton St,100.0,37.712765,-122.412371,8BX,BAYSHORE B EXPRESS
8BX,0,16850,Rutland Street,Visitacion Ave & Rutland St,100.0,37.711488,-122.407791,8BX,BAYSHORE B EXPRESS
8BX,0,16850,Visitacion Avenue,Visitacion Ave & Rutland St,100.0,37.711488,-122.407791,8BX,BAYSHORE B EXPRESS
8BX,0,16852,Sawyer Street,Visitacion Ave & Sawyer St,100.0,37.713283,-122.414237,8BX,BAYSHORE B EXPRESS
8BX,0,16852,Visitacion Avenue,Visitacion Ave & Sawyer St,100.0,37.713283,-122.414237,8BX,BAYSHORE B EXPRESS
8BX,0,16854,Schwerin Street,Visitacion Ave & Schwerin St,100.0,37.712247,-122.410504,8BX,BAYSHORE B EXPRESS
8BX,0,16854,Visitacion Avenue,Visitacion Ave & Schwerin St,100.0,37.712247,-122.410504,8BX,BAYSHORE B EXPRESS
8BX,1,14796,1650 Geneva Avenue,1650 Geneva Ave,100.0,37.71174,-122.42829,8BX,BAYSHORE B EXPRESS
8BX,1,14799,1750 Geneva Avenue,1750 Geneva Ave,100.0,37.71072,-122.42576,8BX,BAYSHORE B EXPRESS
8BX,1,13144,3rd Street,3rd St & Bryant St,100.0,37.781651,-122.396198,8BX,BAYSHORE B EXPRESS
8BX,1,13144,Bryant Street,3rd St & Bryant St,100.0,37.781651,-122.396198,8BX,BAYSHORE B EXPRESS
8BX,1,13124,3rd Street,3rd St & Folsom St,100.0,37.784204,-122.399326,8BX,BAYSHORE B EXPRESS
8BX,1,13124,Folsom Street,3rd St & Folsom St,100.0,37.784204,-122.399326,8BX,BAYSHORE B EXPRESS
8BX,1,13136,3rd Street,3rd St & Mission St,100.0,37.786373,-122.40211,8BX,BAYSHORE B EXPRESS
8BX,1,13136,Mission Street,3rd St & Mission St,100.0,37.786373,-122.40211,8BX,BAYSHORE B EXPRESS
8BX,1,13031,Bay Street,Bay St & Midway St,100.0,37.806094,-122.409161,8BX,BAYSHORE B EXPRESS
8BX,1,13031,Midway Street,Bay St & Midway St,100.0,37.806094,-122.409161,8BX,BAYSHORE B EXPRESS
8BX,1,17334,Bayshore Boulevard,Bayshore Blvd & Blanken Ave,100.0,37.712226,-122.402179,8BX,BAYSHORE B EXPRESS
8BX,1,17334,Blanken Avenue,Bayshore Blvd & Blanken Ave,100.0,37.712226,-122.402179,8BX,BAYSHORE B EXPRESS
8BX,1,13793,Bayshore Boulevard,Bayshore Blvd & Visitacion Ave,100.0,37.71062,-122.40389,8BX,BAYSHORE B EXPRESS
8BX,1,13793,Visitacion Avenue,Bayshore Blvd & Visitacion Ave,100.0,37.71062,-122.40389,8BX,BAYSHORE B EXPRESS
8BX,1,13723,4th Street,Bryant St & 4th St,100.0,37.779003,-122.398667,8BX,BAYSHORE B EXPRESS
8BX,1,13723,Bryant Street,Bryant St & 4th St,100.0,37.779003,-122.398667,8BX,BAYSHORE B EXPRESS
8BX,1,13724,5th Street,Bryant St & 5th St,100.0,37.77795,-122.39995,8BX,BAYSHORE B EXPRESS
8BX,1,13724,Bryant Street,Bryant St & 5th St,100.0,37.77795,-122.39995,8BX,BAYSHORE B EXPRESS
8BX,1,13725,6th Street,Bryant St & 6th St,100.0,37.776157,-122.402231,8BX,BAYSHORE B EXPRESS
8BX,1,13725,Bryant Street,Bryant St & 6th St,100.0,37.776157,-122.402231,8BX,BAYSHORE B EXPRESS
8BX,1,15926,[UNKNOWN],City College Terminal,100.0,37.723718,-122.45259,8BX,BAYSHORE B EXPRESS
8BX,1,14101,Broadway,Columbus Ave & Broadway,100.0,37.798123,-122.406897,8BX,BAYSHORE B EXPRESS
8BX,1,14101,Columbus Avenue,Columbus Ave & Broadway,100.0,37.798123,-122.406897,8BX,BAYSHORE B EXPRESS
8BX,1,14108,Columbus Avenue,Columbus Ave & Green St,100.0,37.799386,-122.408723,8BX,BAYSHORE B EXPRESS
8BX,1,14108,Green Street,Columbus Ave & Green St,100.0,37.799386,-122.408723,8BX,BAYSHORE B EXPRESS
8BX,1,14111,Columbus Avenue,Columbus Ave & Kearny St,100.0,37.797319,-122.405742,8BX,BAYSHORE B EXPRESS
8BX,1,14111,Kearny Street,Columbus Ave & Kearny St,100.0,37.797319,-122.405742,8BX,BAYSHORE B EXPRESS
8BX,1,14119,Columbus Avenue,Columbus Ave & Union St,100.0,37.8005,-122.410356,8BX,BAYSHORE B EXPRESS
8BX,1,14119,Union Street,Columbus Ave & Union St,100.0,37.8005,-122.410356,8BX,BAYSHORE B EXPRESS
8BX,1,14811,Cayuga Avenue,Geneva Ave & Cayuga Ave,100.0,37.718722,-122.443554,8BX,BAYSHORE B EXPRESS
8BX,1,14811,Geneva Avenue,Geneva Ave & Cayuga Ave,100.0,37.718722,-122.443554,8BX,BAYSHORE B EXPRESS
8BX,1,14882,Geneva Avenue,Geneva Ave & Howth St,100.0,37.721978,-122.45007,8BX,BAYSHORE B EXPRESS
8BX,1,14882,Howth Street,Geneva Ave & Howth St,100.0,37.721978,-122.45007,8BX,BAYSHORE B EXPRESS
8BX,1,14883,Geneva Avenue,Geneva Ave & Madrid St,100.0,37.714768,-122.437587,8BX,BAYSHORE B EXPRESS
8BX,1,14883,Madrid Street,Geneva Ave & Madrid St,100.0,37.714768,-122.437587,8BX,BAYSHORE B EXPRESS
8BX,1,17671,Geneva Avenue,Geneva Ave & Mission St,100.0,37.716419,-122.441012,8BX,BAYSHORE B EXPRESS
8BX,1,17671,Mission Street,Geneva Ave & Mission St,100.0,37.716419,-122.441012,8BX,BAYSHORE B EXPRESS
8BX,1,14888,Geneva Avenue,Geneva Ave & Munich St,100.0,37.712948,-122.43303,8BX,BAYSHORE B EXPRESS
8BX,1,14888,Munich Street,Geneva Ave & Munich St,100.0,37.712948,-122.43303,8BX,BAYSHORE B EXPRESS
8BX,1,14891,Geneva Avenue,Geneva Ave & Naples St,100.0,37.714028,-122.435961,8BX,BAYSHORE B EXPRESS
8BX,1,14891,Naples Street,Geneva Ave & Naples St,100.0,37.714028,-122.435961,8BX,BAYSHORE B EXPRESS
8BX,1,14901,Geneva Avenue,Geneva Ave & Santos St,100.0,37.708207,-122.420022,8BX,BAYSHORE B EXPRESS
8BX,1,14901,Santos Street,Geneva Ave & Santos St,100.0,37.708207,-122.420022,8BX,BAYSHORE B EXPRESS
8BX,1,17304,Geneva Ave&Carter Street,Geneva Ave&Carter St,100.0,37.709083,-122.423102,8BX,BAYSHORE B EXPRESS
8BX,1,14805,Geneva Ave/Balboa Park BART,Geneva Ave/Balboa Park BART,100.0,37.720952,-122.447379,8BX,BAYSHORE B EXPRESS
8BX,1,14818,Bush Street,Kearny St & Bush St,100.0,37.791004,-122.403976,8BX,BAYSHORE B EXPRESS
8BX,1,14818,Kearny Street,Kearny St & Bush St,100.0,37.791004,-122.403976,8BX,BAYSHORE B EXPRESS
8BX,1,14819,California Street,Kearny St & California St,100.0,37.792878,-122.404364,8BX,BAYSHORE B EXPRESS
8BX,1,14819,Kearny Street,Kearny St & California St,100.0,37.792878,-122.404364,8BX,BAYSHORE B EXPRESS
8BX,1,14820,Clay Street,Kearny St & Clay St,100.0,37.794699,-122.404741,8BX,BAYSHORE B EXPRESS
8BX,1,14820,Kearny Street,Kearny St & Clay St,100.0,37.794699,-122.404741,8BX,BAYSHORE B EXPRESS
8BX,1,14821,Geary Boulevard,Kearny St & Geary St,100.0,37.788051,-122.403461,8BX,BAYSHORE B EXPRESS
8BX,1,14821,Kearny Street,Kearny St & Geary St,100.0,37.788051,-122.403461,8BX,BAYSHORE B EXPRESS
8BX,1,14822,Jackson Street,Kearny St & Jackson St,100.0,37.796126,-122.405027,8BX,BAYSHORE B EXPRESS
8BX,1,14822,Kearny Street,Kearny St & Jackson St,100.0,37.796126,-122.405027,8BX,BAYSHORE B EXPRESS
8BX,1,14823,Kearny Street,Kearny St & North Point St,100.0,37.807182,-122.407211,8BX,BAYSHORE B EXPRESS
8BX,1,14823,North Point Street,Kearny St & North Point St,100.0,37.807182,-122.407211,8BX,BAYSHORE B EXPRESS
8BX,1,14826,Kearny Street,Kearny St & Sutter St,100.0,37.789746,-122.403724,8BX,BAYSHORE B EXPRESS
8BX,1,14826,Sutter Street,Kearny St & Sutter St,100.0,37.789746,-122.403724,8BX,BAYSHORE B EXPRESS
8BX,1,16045,Bay Street,Powell St & Bay St,100.0,37.805738,-122.411833,8BX,BAYSHORE B EXPRESS
8BX,1,16045,Powell Street,Powell St & Bay St,100.0,37.805738,-122.411833,8BX,BAYSHORE B EXPRESS
8BX,1,16056,Francisco Street,Powell St & Francisco St,100.0,37.80477,-122.41166,8BX,BAYSHORE B EXPRESS
8BX,1,16056,Powell Street,Powell St & Francisco St,100.0,37.80477,-122.41166,8BX,BAYSHORE B EXPRESS
8BX,1,16060,Lombard Street,Powell St & Lombard St,100.0,37.802945,-122.411272,8BX,BAYSHORE B EXPRESS
8BX,1,16060,Powell Street,Powell St & Lombard St,100.0,37.802945,-122.411272,8BX,BAYSHORE B EXPRESS
8BX,1,16386,Schwerin Street,Schwerin St & Sunnydale Ave,100.0,37.71049,-122.41136,8BX,BAYSHORE B EXPRESS
8BX,1,16386,Sunnydale Avenue,Schwerin St & Sunnydale Ave,100.0,37.71049,-122.41136,8BX,BAYSHORE B EXPRESS
8BX,1,16848,Cora Street,Visitacion Ave & Cora St,100.0,37.71168,-122.40898,8BX,BAYSHORE B EXPRESS
8BX,1,16848,Visitacion Avenue,Visitacion Ave & Cora St,100.0,37.71168,-122.40898,8BX,BAYSHORE B EXPRESS
8BX,1,16851,Rutland Street,Visitacion Ave & Rutland St,100.0,37.71147,-122.40827,8BX,BAYSHORE B EXPRESS
8BX,1,16851,Visitacion Avenue,Visitacion Ave & Rutland St,100.0,37.71147,-122.40827,8BX,BAYSHORE B EXPRESS
8BX,1,16855,Schwerin Street,Visitacion Ave & Schwerin St,100.0,37.71218,-122.41085,8BX,BAYSHORE B EXPRESS
8BX,1,16855,Visitacion Avenue,Visitacion Ave & Schwerin St,100.0,37.71218,-122.41085,8BX,BAYSHORE B EXPRESS
9,0,13239,11th Street,11th St & Harrison St,100.0,37.770557,-122.412492,9,SAN BRUNO
9,0,13239,Harrison Street,11th St & Harrison St,100.0,37.770557,-122.412492,9,SAN BRUNO
9,0,13241,11th Street,11th St & Howard St,100.0,37.77283,-122.41538,9,SAN BRUNO
9,0,13241,Howard Street,11th St & Howard St,100.0,37.77283,-122.41538,9,SAN BRUNO
9,0,13245,11th Street,11th St & Market St,100.0,37.775368,-122.418575,9,SAN BRUNO
9,0,13245,Market Street,11th St & Market St,100.0,37.775368,-122.418575,9,SAN BRUNO
9,0,13243,11th Street,11th St & Mission St,100.0,37.774038,-122.416891,9,SAN BRUNO
9,0,13243,Mission Street,11th St & Mission St,100.0,37.774038,-122.416891,9,SAN BRUNO
9,0,13768,240 Bayshore Boulevard,240 Bayshore Blvd,100.0,37.74435,-122.40458,9,SAN BRUNO
9,0,16348,3800 San Bruno Avenue,3800 San Bruno Ave,100.0,37.71479,-122.40061,9,SAN BRUNO
9,0,13771,Alemany Boulevard,Bayshore Blvd & Alemany Blvd,100.0,37.737729,-122.406997,9,SAN BRUNO
9,0,13771,Bayshore Boulevard,Bayshore Blvd & Alemany Blvd,100.0,37.737729,-122.406997,9,SAN BRUNO
9,0,13772,Arleta Avenue,Bayshore Blvd & Arleta Ave,100.0,37.712125,-122.403167,9,SAN BRUNO
9,0,13772,Bayshore Boulevard,Bayshore Blvd & Arleta Ave,100.0,37.712125,-122.403167,9,SAN BRUNO
9,0,13773,Augusta Street,Bayshore Blvd & Augusta St,100.0,37.73425,-122.40558,9,SAN BRUNO
9,0,13773,Bayshore Boulevard,Bayshore Blvd & Augusta St,100.0,37.73425,-122.40558,9,SAN BRUNO
9,0,13779,Bayshore Boulevard,Bayshore Blvd & Cortland Ave,100.0,37.73946,-122.407122,9,SAN BRUNO
9,0,13779,Cortland Avenue,Bayshore Blvd & Cortland Ave,100.0,37.73946,-122.407122,9,SAN BRUNO
9,0,13783,Bayshore Boulevard,Bayshore Blvd & Leland Ave,100.0,37.710991,-122.404041,9,SAN BRUNO
9,0,13783,Leland Avenue,Bayshore Blvd & Leland Ave,100.0,37.710991,-122.404041,9,SAN BRUNO
9,0,17888,Bayshore Boulevard,Bayshore Blvd & Oakdale Ave,100.0,37.743046,-122.405402,9,SAN BRUNO
9,0,17888,Oakdale Avenue,Bayshore Blvd & Oakdale Ave,100.0,37.743046,-122.405402,9,SAN BRUNO
9,0,13789,Bayshore Boulevard,Bayshore Blvd & Silver Ave,100.0,37.732963,-122.404789,9,SAN BRUNO
9,0,13789,Silver Avenue,Bayshore Blvd & Silver Ave,100.0,37.732963,-122.404789,9,SAN BRUNO
9,0,17520,Bayshore Boulevard,Bayshore Blvd & Visitacion Ave,45.691,37.709622,-122.404654,9,SAN BRUNO
9,0,17520,Visitacion Avenue,Bayshore Blvd & Visitacion Ave,45.691,37.709622,-122.404654,9,SAN BRUNO
9,0,18162,Blythdale Avenue,Brookdale Ave & Blythdale Ave,54.309,37.711304,-122.422231,9,SAN BRUNO
9,0,18162,Brookdale Avenue,Brookdale Ave & Blythdale Ave,54.309,37.711304,-122.422231,9,SAN BRUNO
9,0,14436,Bryant Street,Division St & Bryant St,100.0,37.76934,-122.41074,9,SAN BRUNO
9,0,14436,Division Street,Division St & Bryant St,100.0,37.76934,-122.41074,9,SAN BRUNO
9,0,14808,Castillo Street,Geneva Ave & Castillo St,54.309,37.707944,-122.41827,9,SAN BRUNO
9,0,14808,Geneva Avenue,Geneva Ave & Castillo St,54.309,37.707944,-122.41827,9,SAN BRUNO
9,0,17127,Geneva Avenue,Geneva Ave & Rio Verde St,54.309,37.707136,-122.415706,9,SAN BRUNO
9,0,17127,Rio Verde Street,Geneva Ave & Rio Verde St,54.309,37.707136,-122.415706,9,SAN BRUNO
9,0,14899,Geneva Avenue,Geneva Ave & Santos St,54.309,37.708371,-122.419887,9,SAN BRUNO
9,0,14899,Santos Street,Geneva Ave & Santos St,54.309,37.708371,-122.419887,9,SAN BRUNO
9,0,15639,2nd Street,Market St & 2nd St,53.463,37.789353,-122.401306,9,SAN BRUNO
9,0,15639,Market Street,Market St & 2nd St,53.463,37.789353,-122.401306,9,SAN BRUNO
9,0,15655,5th Street,Market St & 5th  St,53.463,37.784082,-122.407992,9,SAN BRUNO
9,0,15655,Market Street,Market St & 5th  St,53.463,37.784082,-122.407992,9,SAN BRUNO
9,0,15656,7th Street,Market St & 7th St,53.463,37.780568,-122.412441,9,SAN BRUNO
9,0,15656,Market Street,Market St & 7th St,53.463,37.780568,-122.412441,9,SAN BRUNO
9,0,15657,Battery Street,Market St & Battery St,53.463,37.79111,-122.399069,9,SAN BRUNO
9,0,15657,Market Street,Market St & Battery St,53.463,37.79111,-122.399069,9,SAN BRUNO
9,0,15669,Drumm Street,Market St & Drumm St,53.463,37.793473,-122.396178,9,SAN BRUNO
9,0,15669,Market Street,Market St & Drumm St,53.463,37.793473,-122.396178,9,SAN BRUNO
9,0,15676,Hyde Street,Market St & Hyde St,53.463,37.779105,-122.414379,9,SAN BRUNO
9,0,15676,Market Street,Market St & Hyde St,53.463,37.779105,-122.414379,9,SAN BRUNO
9,0,15678,Kearny Street,Market St & Kearny St,53.463,37.78773,-122.40337,9,SAN BRUNO
9,0,15678,Market Street,Market St & Kearny St,53.463,37.78773,-122.40337,9,SAN BRUNO
9,0,15680,Larkin Street,Market St & Larkin St,53.463,37.777598,-122.416236,9,SAN BRUNO
9,0,15680,Market Street,Market St & Larkin St,53.463,37.777598,-122.416236,9,SAN BRUNO
9,0,17227,Market Street,Market St & Steuart St,53.463,37.794454,-122.394917,9,SAN BRUNO
9,0,17227,Steuart Street,Market St & Steuart St,53.463,37.794454,-122.394917,9,SAN BRUNO
9,0,15694,Market Street,Market St & Stockton St,53.463,37.785777,-122.405859,9,SAN BRUNO
9,0,15694,Stockton Street,Market St & Stockton St,53.463,37.785777,-122.405859,9,SAN BRUNO
9,0,15695,Market Street,Market St & Taylor St,53.463,37.782316,-122.410228,9,SAN BRUNO
9,0,15695,Taylor Street,Market St & Taylor St,53.463,37.782316,-122.410228,9,SAN BRUNO
9,0,16027,16th Street,Potrero Ave & 16th St,100.0,37.76549,-122.40769,9,SAN BRUNO
9,0,16027,Potrero Avenue,Potrero Ave & 16th St,100.0,37.76549,-122.40769,9,SAN BRUNO
9,0,17912,19th Street,Potrero Ave & 19th St,100.0,37.760606,-122.407168,9,SAN BRUNO
9,0,17912,Potrero Avenue,Potrero Ave & 19th St,100.0,37.760606,-122.407168,9,SAN BRUNO
9,0,16034,21st Street,Potrero Ave & 21st St,100.0,37.7575,-122.40694,9,SAN BRUNO
9,0,16034,Potrero Avenue,Potrero Ave & 21st St,100.0,37.7575,-122.40694,9,SAN BRUNO
9,0,16037,23rd Street,Potrero Ave & 23rd St,100.0,37.75506,-122.4067,9,SAN BRUNO
9,0,16037,Potrero Avenue,Potrero Ave & 23rd St,100.0,37.75506,-122.4067,9,SAN BRUNO
9,0,16039,24th Street,Potrero Ave & 24th St,100.0,37.75267,-122.40649,9,SAN BRUNO
9,0,16039,Potrero Avenue,Potrero Ave & 24th St,100.0,37.75267,-122.40649,9,SAN BRUNO
9,0,16043,Alameda Street,Potrero Ave & Alameda St,100.0,37.76826,-122.40797,9,SAN BRUNO
9,0,16043,Potrero Avenue,Potrero Ave & Alameda St,100.0,37.76826,-122.40797,9,SAN BRUNO
9,0,17911,Mariposa Street,Potrero Ave & Mariposa St,100.0,37.763132,-122.407407,9,SAN BRUNO
9,0,17911,Potrero Avenue,Potrero Ave & Mariposa St,100.0,37.763132,-122.407407,9,SAN BRUNO
9,0,16357,Bacon Street,San Bruno Ave & Bacon St,100.0,37.72754,-122.40368,9,SAN BRUNO
9,0,16357,San Bruno Avenue,San Bruno Ave & Bacon St,100.0,37.72754,-122.40368,9,SAN BRUNO
9,0,16358,Dwight Street,San Bruno Ave & Dwight St,100.0,37.7241,-122.40226,9,SAN BRUNO
9,0,16358,San Bruno Avenue,San Bruno Ave & Dwight St,100.0,37.7241,-122.40226,9,SAN BRUNO
9,0,17900,Felton Street,San Bruno Ave & Felton St,100.0,37.729912,-122.404631,9,SAN BRUNO
9,0,17900,San Bruno Avenue,San Bruno Ave & Felton St,100.0,37.729912,-122.404631,9,SAN BRUNO
9,0,16361,Mansell Street,San Bruno Ave & Mansell St,100.0,37.72175,-122.40127,9,SAN BRUNO
9,0,16361,San Bruno Avenue,San Bruno Ave & Mansell St,100.0,37.72175,-122.40127,9,SAN BRUNO
9,0,16365,San Bruno Avenue,San Bruno Ave & Silver Ave,100.0,37.73223,-122.40563,9,SAN BRUNO
9,0,16365,Silver Avenue,San Bruno Ave & Silver Ave,100.0,37.73223,-122.40563,9,SAN BRUNO
9,0,16366,San Bruno Avenue,San Bruno Ave & Somerset St,100.0,37.71385,-122.40216,9,SAN BRUNO
9,0,16366,Somerset Street,San Bruno Ave & Somerset St,100.0,37.71385,-122.40216,9,SAN BRUNO
9,0,16369,San Bruno Avenue,San Bruno Ave & Ward St,100.0,37.71907,-122.40054,9,SAN BRUNO
9,0,16369,Ward Street,San Bruno Ave & Ward St,100.0,37.71907,-122.40054,9,SAN BRUNO
9,0,16371,San Bruno Avenue,San Bruno Ave & Wilde Ave,100.0,37.71677,-122.39995,9,SAN BRUNO
9,0,16371,Wilde Avenue,San Bruno Ave & Wilde Ave,100.0,37.71677,-122.39995,9,SAN BRUNO
9,0,16372,San Bruno Avenue,San Bruno Ave & Woolsey St,100.0,37.72531,-122.40275,9,SAN BRUNO
9,0,16372,Woolsey Street,San Bruno Ave & Woolsey St,100.0,37.72531,-122.40275,9,SAN BRUNO
9,0,16382,Garrison Avenue,Schwerin St & Garrison Ave,54.309,37.70934,-122.41204,9,SAN BRUNO
9,0,16382,Schwerin Street,Schwerin St & Garrison Ave,54.309,37.70934,-122.41204,9,SAN BRUNO
9,0,16384,Geneva Avenue,Schwerin St & Geneva Ave,54.309,37.70657,-122.41326,9,SAN BRUNO
9,0,16384,Schwerin Street,Schwerin St & Geneva Ave,54.309,37.70657,-122.41326,9,SAN BRUNO
9,0,16387,Schwerin Street,Schwerin St & Sunnydale Ave,54.309,37.71034,-122.4116,9,SAN BRUNO
9,0,16387,Sunnydale Avenue,Schwerin St & Sunnydale Ave,54.309,37.71034,-122.4116,9,SAN BRUNO
9,0,16389,Schwerin Street,Schwerin St & Velasco Ave,54.309,37.70815,-122.41257,9,SAN BRUNO
9,0,16389,Velasco Avenue,Schwerin St & Velasco Ave,54.309,37.70815,-122.41257,9,SAN BRUNO
9,0,16569,Bay Shore Boulevard,Sunnydale Ave & Bay Shore Blvd,54.309,37.70901,-122.40545,9,SAN BRUNO
9,0,16569,Sunnydale Avenue,Sunnydale Ave & Bay Shore Blvd,54.309,37.70901,-122.40545,9,SAN BRUNO
9,0,16571,Cora Street,Sunnydale Ave & Cora St,54.309,37.710203,-122.409612,9,SAN BRUNO
9,0,16571,Sunnydale Avenue,Sunnydale Ave & Cora St,54.309,37.710203,-122.409612,9,SAN BRUNO
9,0,16576,Rutland Street,Sunnydale Ave & Rutland St,54.309,37.70986,-122.40851,9,SAN BRUNO
9,0,16576,Sunnydale Avenue,Sunnydale Ave & Rutland St,54.309,37.70986,-122.40851,9,SAN BRUNO
9,0,16583,Sunnydale Avenue,Sunnydale Ave & Talbert St,54.309,37.70935,-122.40669,9,SAN BRUNO
9,0,16583,Talbert Street,Sunnydale Ave & Talbert St,54.309,37.70935,-122.40669,9,SAN BRUNO
9,0,16574,Sunnydale Avenue / Mclaren School,Sunnydale Ave / Mclaren School,54.309,37.714133,-122.423673,9,SAN BRUNO
9,0,18163,Sunnyvale Avenue,Western Access Road & Sunnyvale Ave,54.309,37.713461,-122.421912,9,SAN BRUNO
9,0,18163,Western Access Road,Western Access Road & Sunnyvale Ave,54.309,37.713461,-122.421912,9,SAN BRUNO
9,1,13235,11th Street,11th St & Bryant St,99.687,37.769807,-122.4113,9,SAN BRUNO
9,1,13235,Bryant Street,11th St & Bryant St,99.687,37.769807,-122.4113,9,SAN BRUNO
9,1,13238,11th Street,11th St & Harrison St,99.687,37.770691,-122.412526,9,SAN BRUNO
9,1,13238,Harrison Street,11th St & Harrison St,99.687,37.770691,-122.412526,9,SAN BRUNO
9,1,13240,11th Street,11th St & Howard St,99.687,37.77333,-122.41573,9,SAN BRUNO
9,1,13240,Howard Street,11th St & Howard St,99.687,37.77333,-122.41573,9,SAN BRUNO
9,1,13244,11th Street,11th St & Market St,99.687,37.7755,-122.41852,9,SAN BRUNO
9,1,13244,Market Street,11th St & Market St,99.687,37.7755,-122.41852,9,SAN BRUNO
9,1,17887,201 Bayshore Blvd E,201 Bayshore Blvd E,99.687,37.744616,-122.404187,9,SAN BRUNO
9,1,16350,3801 San Bruno Avenue,3801 San Bruno Ave,99.687,37.71482,-122.39994,9,SAN BRUNO
9,1,13775,Bayshore Boulevard,Bayshore Blvd & Boutwell St,99.687,37.73488,-122.40588,9,SAN BRUNO
9,1,13775,Boutwell Street,Bayshore Blvd & Boutwell St,99.687,37.73488,-122.40588,9,SAN BRUNO
9,1,13778,Bayshore Boulevard,Bayshore Blvd & Cortland Ave,99.687,37.73986,-122.40677,9,SAN BRUNO
9,1,13778,Cortland Avenue,Bayshore Blvd & Cortland Ave,99.687,37.73986,-122.40677,9,SAN BRUNO
9,1,17886,Bayshore Boulevard,Bayshore Blvd & Flower St,99.687,37.742377,-122.405609,9,SAN BRUNO
9,1,17886,Flower Street,Bayshore Blvd & Flower St,99.687,37.742377,-122.405609,9,SAN BRUNO
9,1,13788,Bayshore Boulevard,Bayshore Blvd & Silver Ave,99.687,37.733213,-122.40472,9,SAN BRUNO
9,1,13788,Silver Avenue,Bayshore Blvd & Silver Ave,99.687,37.733213,-122.40472,9,SAN BRUNO
9,1,13793,Bayshore Boulevard,Bayshore Blvd & Visitacion Ave,99.687,37.71062,-122.40389,9,SAN BRUNO
9,1,17520,Bayshore Boulevard,Bayshore Blvd & Visitacion Ave,47.28,37.709622,-122.404654,9,SAN BRUNO
9,1,13793,Visitacion Avenue,Bayshore Blvd & Visitacion Ave,99.687,37.71062,-122.40389,9,SAN BRUNO
9,1,17520,Visitacion Avenue,Bayshore Blvd & Visitacion Ave,47.28,37.709622,-122.404654,9,SAN BRUNO
9,1,18161,Blythdale Avenue,Brookdale Ave & Blythdale Ave,52.408,37.711331,-122.422289,9,SAN BRUNO
9,1,18161,Brookdale Avenue,Brookdale Ave & Blythdale Ave,52.408,37.711331,-122.422289,9,SAN BRUNO
9,1,14809,Castillo Street,Geneva Ave & Castillo St,52.408,37.7077,-122.418409,9,SAN BRUNO
9,1,14809,Geneva Avenue,Geneva Ave & Castillo St,52.408,37.7077,-122.418409,9,SAN BRUNO
9,1,14895,Geneva Avenue,Geneva Ave & Rio Verde St,52.408,37.706939,-122.415534,9,SAN BRUNO
9,1,14895,Rio Verde Street,Geneva Ave & Rio Verde St,52.408,37.706939,-122.415534,9,SAN BRUNO
9,1,14901,Geneva Avenue,Geneva Ave & Santos St,52.408,37.708207,-122.420022,9,SAN BRUNO
9,1,14901,Santos Street,Geneva Ave & Santos St,52.408,37.708207,-122.420022,9,SAN BRUNO
9,1,15351,Mansell Street,Mansell St & Somerset St,0.313,37.720418,-122.405094,9,SAN BRUNO
9,1,15351,Somerset Street,Mansell St & Somerset St,0.313,37.720418,-122.405094,9,SAN BRUNO
9,1,17264,1st Street,Market St & 1st St,53.252,37.79094,-122.399195,9,SAN BRUNO
9,1,17264,Market Street,Market St & 1st St,53.252,37.79094,-122.399195,9,SAN BRUNO
9,1,15640,3rd Street,Market St & 3rd St,53.252,37.787525,-122.403519,9,SAN BRUNO
9,1,15640,Market Street,Market St & 3rd St,53.252,37.787525,-122.403519,9,SAN BRUNO
9,1,15643,4th Street,Market St & 4th St,53.252,37.785705,-122.405847,9,SAN BRUNO
9,1,15643,Market Street,Market St & 4th St,53.252,37.785705,-122.405847,9,SAN BRUNO
9,1,15645,5th Street,Market St & 5th St,53.252,37.783886,-122.408141,9,SAN BRUNO
9,1,15645,Market Street,Market St & 5th St,53.252,37.783886,-122.408141,9,SAN BRUNO
9,1,15647,6th Street,Market St & 6th St,53.252,37.782102,-122.4104,9,SAN BRUNO
9,1,15647,Market Street,Market St & 6th St,53.252,37.782102,-122.4104,9,SAN BRUNO
9,1,15650,7th Street,Market St & 7th St,53.252,37.780363,-122.412613,9,SAN BRUNO
9,1,15650,Market Street,Market St & 7th St,53.252,37.780363,-122.412613,9,SAN BRUNO
9,1,15651,8th Street,Market St & 8th St,53.252,37.778606,-122.414826,9,SAN BRUNO
9,1,15651,Market Street,Market St & 8th St,53.252,37.778606,-122.414826,9,SAN BRUNO
9,1,15652,9th Street,Market St & 9th St,53.252,37.77741,-122.41634,9,SAN BRUNO
9,1,15652,Market Street,Market St & 9th St,53.252,37.77741,-122.41634,9,SAN BRUNO
9,1,15658,Beale Street,Market St & Beale St,53.252,37.792572,-122.397016,9,SAN BRUNO
9,1,15658,Market Street,Market St & Beale St,53.252,37.792572,-122.397016,9,SAN BRUNO
9,1,15685,Market Street,Market St & New Montgomery St,53.252,37.788613,-122.402163,9,SAN BRUNO
9,1,15685,New Montgomery Street,Market St & New Montgomery St,53.252,37.788613,-122.402163,9,SAN BRUNO
9,1,17227,Market Street,Market St & Steuart St,53.252,37.794454,-122.394917,9,SAN BRUNO
9,1,17227,Steuart Street,Market St & Steuart St,53.252,37.794454,-122.394917,9,SAN BRUNO
9,1,16026,16th Street,Potrero Ave & 16th St,99.687,37.766031,-122.407474,9,SAN BRUNO
9,1,16026,Potrero Avenue,Potrero Ave & 16th St,99.687,37.766031,-122.407474,9,SAN BRUNO
9,1,17909,19th Street,Potrero Ave & 19th St,99.687,37.76074,-122.407019,9,SAN BRUNO
9,1,17909,Potrero Avenue,Potrero Ave & 19th St,99.687,37.76074,-122.407019,9,SAN BRUNO
9,1,17908,21st Street,Potrero Ave & 21st St,99.687,37.757858,-122.406723,9,SAN BRUNO
9,1,17908,Potrero Avenue,Potrero Ave & 21st St,99.687,37.757858,-122.406723,9,SAN BRUNO
9,1,16038,24th Street,Potrero Ave & 24th St,99.687,37.75342,-122.40625,9,SAN BRUNO
9,1,16038,Potrero Avenue,Potrero Ave & 24th St,99.687,37.75342,-122.40625,9,SAN BRUNO
9,1,16040,25th Street,Potrero Ave & 25th St,99.687,37.75164,-122.40608,9,SAN BRUNO
9,1,16040,Potrero Avenue,Potrero Ave & 25th St,99.687,37.75164,-122.40608,9,SAN BRUNO
9,1,17910,Mariposa Street,Potrero Ave & Mariposa St,99.687,37.763283,-122.407258,9,SAN BRUNO
9,1,17910,Potrero Avenue,Potrero Ave & Mariposa St,99.687,37.763283,-122.407258,9,SAN BRUNO
9,1,16119,Potrero Avenue,Potrero Ave At Sf General Hospital,99.687,37.755413,-122.406472,9,SAN BRUNO
9,1,16119,Sf General Hospital,Potrero Ave At Sf General Hospital,99.687,37.755413,-122.406472,9,SAN BRUNO
9,1,17298,Potrero Ave&15th Street,Potrero Ave&15th St,99.687,37.767334,-122.407623,9,SAN BRUNO
9,1,16352,Arleta Avenue,San Bruno Ave & Arleta Ave,99.687,37.71246,-122.4023,9,SAN BRUNO
9,1,16352,San Bruno Avenue,San Bruno Ave & Arleta Ave,99.687,37.71246,-122.4023,9,SAN BRUNO
9,1,16355,Bacon Street,San Bruno Ave & Bacon St,100.0,37.72797,-122.40367,9,SAN BRUNO
9,1,16355,San Bruno Avenue,San Bruno Ave & Bacon St,100.0,37.72797,-122.40367,9,SAN BRUNO
9,1,17899,Harkness Avenue,San Bruno Ave & Harkness Ave,99.687,37.718043,-122.400114,9,SAN BRUNO
9,1,17899,San Bruno Avenue,San Bruno Ave & Harkness Ave,99.687,37.718043,-122.400114,9,SAN BRUNO
9,1,16360,Mansell Street,San Bruno Ave & Mansell St,99.687,37.7211,-122.40083,9,SAN BRUNO
9,1,16360,San Bruno Avenue,San Bruno Ave & Mansell St,99.687,37.7211,-122.40083,9,SAN BRUNO
9,1,16362,Paul Avenue,San Bruno Ave & Paul Ave,100.0,37.72418,-122.4021,9,SAN BRUNO
9,1,16362,San Bruno Avenue,San Bruno Ave & Paul Ave,100.0,37.72418,-122.4021,9,SAN BRUNO
9,1,16364,San Bruno Avenue,San Bruno Ave & Silver Ave,100.0,37.73202,-122.40535,9,SAN BRUNO
9,1,16364,Silver Avenue,San Bruno Ave & Silver Ave,100.0,37.73202,-122.40535,9,SAN BRUNO
9,1,17191,San Bruno Avenue,San Bruno Ave & Somerset St,99.687,37.713395,-122.401995,9,SAN BRUNO
9,1,17191,Somerset Street,San Bruno Ave & Somerset St,99.687,37.713395,-122.401995,9,SAN BRUNO
9,1,16367,San Bruno Avenue,San Bruno Ave & Thornton Ave,100.0,37.73026,-122.40462,9,SAN BRUNO
9,1,16367,Thornton Avenue,San Bruno Ave & Thornton Ave,100.0,37.73026,-122.40462,9,SAN BRUNO
9,1,16373,San Bruno Avenue,San Bruno Ave & Wayland St,100.0,37.72637,-122.40301,9,SAN BRUNO
9,1,16373,Wayland Street,San Bruno Ave & Wayland St,100.0,37.72637,-122.40301,9,SAN BRUNO
9,1,16383,Garrison Avenue,Schwerin St & Garrison Ave,52.408,37.70916,-122.41193,9,SAN BRUNO
9,1,16383,Schwerin Street,Schwerin St & Garrison Ave,52.408,37.70916,-122.41193,9,SAN BRUNO
9,1,16385,Macdonald Avenue,Schwerin St & Macdonald Ave,52.408,37.7069,-122.41294,9,SAN BRUNO
9,1,16385,Schwerin Street,Schwerin St & Macdonald Ave,52.408,37.7069,-122.41294,9,SAN BRUNO
9,1,16386,Schwerin Street,Schwerin St & Sunnydale Ave,52.408,37.71049,-122.41136,9,SAN BRUNO
9,1,16386,Sunnydale Avenue,Schwerin St & Sunnydale Ave,52.408,37.71049,-122.41136,9,SAN BRUNO
9,1,16388,Schwerin Street,Schwerin St & Velasco Ave,52.408,37.70826,-122.41234,9,SAN BRUNO
9,1,16388,Velasco Avenue,Schwerin St & Velasco Ave,52.408,37.70826,-122.41234,9,SAN BRUNO
9,1,16475,Market Street,Spear St & Market St,53.252,37.7934,-122.39528,9,SAN BRUNO
9,1,16475,Spear Street,Spear St & Market St,53.252,37.7934,-122.39528,9,SAN BRUNO
9,1,17297,Bay Shore Boulevard,Sunnydale Ave & Bay Shore Blvd,52.408,37.708801,-122.40525,9,SAN BRUNO
9,1,17297,Sunnydale Avenue,Sunnydale Ave & Bay Shore Blvd,52.408,37.708801,-122.40525,9,SAN BRUNO
9,1,16570,Cora Street,Sunnydale Ave & Cora St,52.408,37.70996,-122.40937,9,SAN BRUNO
9,1,16570,Sunnydale Avenue,Sunnydale Ave & Cora St,52.408,37.70996,-122.40937,9,SAN BRUNO
9,1,16584,Sunnydale Avenue,Sunnydale Ave & Talbert St,52.408,37.70935,-122.407,9,SAN BRUNO
9,1,16584,Talbert Street,Sunnydale Ave & Talbert St,52.408,37.70935,-122.407,9,SAN BRUNO
9,1,16575,Sunnydale Avenue / Mclaren School,Sunnydale Ave / Mclaren School,52.408,37.7141,-122.4241,9,SAN BRUNO
9,1,18160,Sunnyvale Avenue,Sunnyvale Ave & W.Access Rd,52.408,37.713588,-122.42215,9,SAN BRUNO
9,1,18160,W.Access Road,Sunnyvale Ave & W.Access Rd,52.408,37.713588,-122.42215,9,SAN BRUNO
90,0,13239,11th Street,11th St & Harrison St,100.0,37.770557,-122.412492,90,SAN BRUNO OWL
90,0,13239,Harrison Street,11th St & Harrison St,100.0,37.770557,-122.412492,90,SAN BRUNO OWL
90,0,13241,11th Street,11th St & Howard St,100.0,37.77283,-122.41538,90,SAN BRUNO OWL
90,0,13241,Howard Street,11th St & Howard St,100.0,37.77283,-122.41538,90,SAN BRUNO OWL
90,0,13243,11th Street,11th St & Mission St,100.0,37.774038,-122.416891,90,SAN BRUNO OWL
90,0,13243,Mission Street,11th St & Mission St,100.0,37.774038,-122.416891,90,SAN BRUNO OWL
90,0,13768,240 Bayshore Boulevard,240 Bayshore Blvd,100.0,37.74435,-122.40458,90,SAN BRUNO OWL
90,0,16348,3800 San Bruno Avenue,3800 San Bruno Ave,100.0,37.71479,-122.40061,90,SAN BRUNO OWL
90,0,13771,Alemany Boulevard,Bayshore Blvd & Alemany Blvd,100.0,37.737729,-122.406997,90,SAN BRUNO OWL
90,0,13771,Bayshore Boulevard,Bayshore Blvd & Alemany Blvd,100.0,37.737729,-122.406997,90,SAN BRUNO OWL
90,0,13772,Arleta Avenue,Bayshore Blvd & Arleta Ave,100.0,37.712125,-122.403167,90,SAN BRUNO OWL
90,0,13772,Bayshore Boulevard,Bayshore Blvd & Arleta Ave,100.0,37.712125,-122.403167,90,SAN BRUNO OWL
90,0,13773,Augusta Street,Bayshore Blvd & Augusta St,100.0,37.73425,-122.40558,90,SAN BRUNO OWL
90,0,13773,Bayshore Boulevard,Bayshore Blvd & Augusta St,100.0,37.73425,-122.40558,90,SAN BRUNO OWL
90,0,13779,Bayshore Boulevard,Bayshore Blvd & Cortland Ave,100.0,37.73946,-122.407122,90,SAN BRUNO OWL
90,0,13779,Cortland Avenue,Bayshore Blvd & Cortland Ave,100.0,37.73946,-122.407122,90,SAN BRUNO OWL
90,0,17888,Bayshore Boulevard,Bayshore Blvd & Oakdale Ave,100.0,37.743046,-122.405402,90,SAN BRUNO OWL
90,0,17888,Oakdale Avenue,Bayshore Blvd & Oakdale Ave,100.0,37.743046,-122.405402,90,SAN BRUNO OWL
90,0,13789,Bayshore Boulevard,Bayshore Blvd & Silver Ave,100.0,37.732963,-122.404789,90,SAN BRUNO OWL
90,0,13789,Silver Avenue,Bayshore Blvd & Silver Ave,100.0,37.732963,-122.404789,90,SAN BRUNO OWL
90,0,14436,Bryant Street,Division St & Bryant St,100.0,37.76934,-122.41074,90,SAN BRUNO OWL
90,0,14436,Division Street,Division St & Bryant St,100.0,37.76934,-122.41074,90,SAN BRUNO OWL
90,0,16027,16th Street,Potrero Ave & 16th St,100.0,37.76549,-122.40769,90,SAN BRUNO OWL
90,0,16027,Potrero Avenue,Potrero Ave & 16th St,100.0,37.76549,-122.40769,90,SAN BRUNO OWL
90,0,17912,19th Street,Potrero Ave & 19th St,100.0,37.760606,-122.407168,90,SAN BRUNO OWL
90,0,17912,Potrero Avenue,Potrero Ave & 19th St,100.0,37.760606,-122.407168,90,SAN BRUNO OWL
90,0,16034,21st Street,Potrero Ave & 21st St,100.0,37.7575,-122.40694,90,SAN BRUNO OWL
90,0,16034,Potrero Avenue,Potrero Ave & 21st St,100.0,37.7575,-122.40694,90,SAN BRUNO OWL
90,0,16037,23rd Street,Potrero Ave & 23rd St,100.0,37.75506,-122.4067,90,SAN BRUNO OWL
90,0,16037,Potrero Avenue,Potrero Ave & 23rd St,100.0,37.75506,-122.4067,90,SAN BRUNO OWL
90,0,16039,24th Street,Potrero Ave & 24th St,100.0,37.75267,-122.40649,90,SAN BRUNO OWL
90,0,16039,Potrero Avenue,Potrero Ave & 24th St,100.0,37.75267,-122.40649,90,SAN BRUNO OWL
90,0,16043,Alameda Street,Potrero Ave & Alameda St,100.0,37.76826,-122.40797,90,SAN BRUNO OWL
90,0,16043,Potrero Avenue,Potrero Ave & Alameda St,100.0,37.76826,-122.40797,90,SAN BRUNO OWL
90,0,17911,Mariposa Street,Potrero Ave & Mariposa St,100.0,37.763132,-122.407407,90,SAN BRUNO OWL
90,0,17911,Potrero Avenue,Potrero Ave & Mariposa St,100.0,37.763132,-122.407407,90,SAN BRUNO OWL
90,0,16357,Bacon Street,San Bruno Ave & Bacon St,100.0,37.72754,-122.40368,90,SAN BRUNO OWL
90,0,16357,San Bruno Avenue,San Bruno Ave & Bacon St,100.0,37.72754,-122.40368,90,SAN BRUNO OWL
90,0,16358,Dwight Street,San Bruno Ave & Dwight St,100.0,37.7241,-122.40226,90,SAN BRUNO OWL
90,0,16358,San Bruno Avenue,San Bruno Ave & Dwight St,100.0,37.7241,-122.40226,90,SAN BRUNO OWL
90,0,17900,Felton Street,San Bruno Ave & Felton St,100.0,37.729912,-122.404631,90,SAN BRUNO OWL
90,0,17900,San Bruno Avenue,San Bruno Ave & Felton St,100.0,37.729912,-122.404631,90,SAN BRUNO OWL
90,0,16361,Mansell Street,San Bruno Ave & Mansell St,100.0,37.72175,-122.40127,90,SAN BRUNO OWL
90,0,16361,San Bruno Avenue,San Bruno Ave & Mansell St,100.0,37.72175,-122.40127,90,SAN BRUNO OWL
90,0,16365,San Bruno Avenue,San Bruno Ave & Silver Ave,100.0,37.73223,-122.40563,90,SAN BRUNO OWL
90,0,16365,Silver Avenue,San Bruno Ave & Silver Ave,100.0,37.73223,-122.40563,90,SAN BRUNO OWL
90,0,16366,San Bruno Avenue,San Bruno Ave & Somerset St,100.0,37.71385,-122.40216,90,SAN BRUNO OWL
90,0,16366,Somerset Street,San Bruno Ave & Somerset St,100.0,37.71385,-122.40216,90,SAN BRUNO OWL
90,0,16369,San Bruno Avenue,San Bruno Ave & Ward St,100.0,37.71907,-122.40054,90,SAN BRUNO OWL
90,0,16369,Ward Street,San Bruno Ave & Ward St,100.0,37.71907,-122.40054,90,SAN BRUNO OWL
90,0,16371,San Bruno Avenue,San Bruno Ave & Wilde Ave,100.0,37.71677,-122.39995,90,SAN BRUNO OWL
90,0,16371,Wilde Avenue,San Bruno Ave & Wilde Ave,100.0,37.71677,-122.39995,90,SAN BRUNO OWL
90,0,16372,San Bruno Avenue,San Bruno Ave & Woolsey St,100.0,37.72531,-122.40275,90,SAN BRUNO OWL
90,0,16372,Woolsey Street,San Bruno Ave & Woolsey St,100.0,37.72531,-122.40275,90,SAN BRUNO OWL
90,0,16801,Chestnut Street,Van Ness Ave & Chestnut St,100.0,37.802431,-122.424905,90,SAN BRUNO OWL
90,0,16801,Van Ness Avenue,Van Ness Ave & Chestnut St,100.0,37.802431,-122.424905,90,SAN BRUNO OWL
90,0,18103,Eddy Street,Van Ness Ave & Eddy St,100.0,37.782917,-122.420865,90,SAN BRUNO OWL
90,0,18103,Van Ness Avenue,Van Ness Ave & Eddy St,100.0,37.782917,-122.420865,90,SAN BRUNO OWL
90,0,18099,Jackson Street,Van Ness Ave & Jackson St,100.0,37.793963,-122.423096,90,SAN BRUNO OWL
90,0,18099,Van Ness Avenue,Van Ness Ave & Jackson St,100.0,37.793963,-122.423096,90,SAN BRUNO OWL
90,0,18105,Market Street,Van Ness Ave & Market St,100.0,37.775172,-122.419309,90,SAN BRUNO OWL
90,0,18105,Van Ness Avenue,Van Ness Ave & Market St,100.0,37.775172,-122.419309,90,SAN BRUNO OWL
90,0,18104,Mcallister Street,Van Ness Ave & Mcallister St,100.0,37.780097,-122.420304,90,SAN BRUNO OWL
90,0,18104,Van Ness Avenue,Van Ness Ave & Mcallister St,100.0,37.780097,-122.420304,90,SAN BRUNO OWL
90,0,17476,North Point Street,Van Ness Ave & North Point St,100.0,37.80484,-122.425352,90,SAN BRUNO OWL
90,0,17476,Van Ness Avenue,Van Ness Ave & North Point St,100.0,37.80484,-122.425352,90,SAN BRUNO OWL
90,0,18102,O'Farrell Street,Van Ness Ave & O'Farrell St,100.0,37.784782,-122.421208,90,SAN BRUNO OWL
90,0,18102,Van Ness Avenue,Van Ness Ave & O'Farrell St,100.0,37.784782,-122.421208,90,SAN BRUNO OWL
90,0,18100,Sacramento Street,Van Ness Ave & Sacramento St,100.0,37.791313,-122.42257,90,SAN BRUNO OWL
90,0,18100,Van Ness Avenue,Van Ness Ave & Sacramento St,100.0,37.791313,-122.42257,90,SAN BRUNO OWL
90,0,18101,Sutter Street,Van Ness Ave & Sutter St,100.0,37.787574,-122.42178,90,SAN BRUNO OWL
90,0,18101,Van Ness Avenue,Van Ness Ave & Sutter St,100.0,37.787574,-122.42178,90,SAN BRUNO OWL
90,0,18097,Union Street,Van Ness Ave & Union St,100.0,37.798576,-122.424035,90,SAN BRUNO OWL
90,0,18097,Van Ness Avenue,Van Ness Ave & Union St,100.0,37.798576,-122.424035,90,SAN BRUNO OWL
90,0,18098,Vallejo Street,Van Ness Ave & Vallejo St,100.0,37.79672,-122.423657,90,SAN BRUNO OWL
90,0,18098,Van Ness Avenue,Van Ness Ave & Vallejo St,100.0,37.79672,-122.423657,90,SAN BRUNO OWL
90,1,13235,11th Street,11th St & Bryant St,100.0,37.769807,-122.4113,90,SAN BRUNO OWL
90,1,13235,Bryant Street,11th St & Bryant St,100.0,37.769807,-122.4113,90,SAN BRUNO OWL
90,1,13238,11th Street,11th St & Harrison St,100.0,37.770691,-122.412526,90,SAN BRUNO OWL
90,1,13238,Harrison Street,11th St & Harrison St,100.0,37.770691,-122.412526,90,SAN BRUNO OWL
90,1,13240,11th Street,11th St & Howard St,100.0,37.77333,-122.41573,90,SAN BRUNO OWL
90,1,13240,Howard Street,11th St & Howard St,100.0,37.77333,-122.41573,90,SAN BRUNO OWL
90,1,17887,201 Bayshore Blvd E,201 Bayshore Blvd E,100.0,37.744616,-122.404187,90,SAN BRUNO OWL
90,1,16350,3801 San Bruno Avenue,3801 San Bruno Ave,100.0,37.71482,-122.39994,90,SAN BRUNO OWL
90,1,13775,Bayshore Boulevard,Bayshore Blvd & Boutwell St,100.0,37.73488,-122.40588,90,SAN BRUNO OWL
90,1,13775,Boutwell Street,Bayshore Blvd & Boutwell St,100.0,37.73488,-122.40588,90,SAN BRUNO OWL
90,1,13778,Bayshore Boulevard,Bayshore Blvd & Cortland Ave,100.0,37.73986,-122.40677,90,SAN BRUNO OWL
90,1,13778,Cortland Avenue,Bayshore Blvd & Cortland Ave,100.0,37.73986,-122.40677,90,SAN BRUNO OWL
90,1,17886,Bayshore Boulevard,Bayshore Blvd & Flower St,100.0,37.742377,-122.405609,90,SAN BRUNO OWL
90,1,17886,Flower Street,Bayshore Blvd & Flower St,100.0,37.742377,-122.405609,90,SAN BRUNO OWL
90,1,13788,Bayshore Boulevard,Bayshore Blvd & Silver Ave,100.0,37.733213,-122.40472,90,SAN BRUNO OWL
90,1,13788,Silver Avenue,Bayshore Blvd & Silver Ave,100.0,37.733213,-122.40472,90,SAN BRUNO OWL
90,1,15545,11th Street,Mission St & 11th St,100.0,37.774306,-122.417292,90,SAN BRUNO OWL
90,1,15545,Mission Street,Mission St & 11th St,100.0,37.774306,-122.417292,90,SAN BRUNO OWL
90,1,16026,16th Street,Potrero Ave & 16th St,100.0,37.766031,-122.407474,90,SAN BRUNO OWL
90,1,16026,Potrero Avenue,Potrero Ave & 16th St,100.0,37.766031,-122.407474,90,SAN BRUNO OWL
90,1,17909,19th Street,Potrero Ave & 19th St,100.0,37.76074,-122.407019,90,SAN BRUNO OWL
90,1,17909,Potrero Avenue,Potrero Ave & 19th St,100.0,37.76074,-122.407019,90,SAN BRUNO OWL
90,1,17908,21st Street,Potrero Ave & 21st St,100.0,37.757858,-122.406723,90,SAN BRUNO OWL
90,1,17908,Potrero Avenue,Potrero Ave & 21st St,100.0,37.757858,-122.406723,90,SAN BRUNO OWL
90,1,16038,24th Street,Potrero Ave & 24th St,100.0,37.75342,-122.40625,90,SAN BRUNO OWL
90,1,16038,Potrero Avenue,Potrero Ave & 24th St,100.0,37.75342,-122.40625,90,SAN BRUNO OWL
90,1,16040,25th Street,Potrero Ave & 25th St,100.0,37.75164,-122.40608,90,SAN BRUNO OWL
90,1,16040,Potrero Avenue,Potrero Ave & 25th St,100.0,37.75164,-122.40608,90,SAN BRUNO OWL
90,1,17910,Mariposa Street,Potrero Ave & Mariposa St,100.0,37.763283,-122.407258,90,SAN BRUNO OWL
90,1,17910,Potrero Avenue,Potrero Ave & Mariposa St,100.0,37.763283,-122.407258,90,SAN BRUNO OWL
90,1,16119,Potrero Avenue,Potrero Ave At Sf General Hospital,100.0,37.755413,-122.406472,90,SAN BRUNO OWL
90,1,16119,Sf General Hospital,Potrero Ave At Sf General Hospital,100.0,37.755413,-122.406472,90,SAN BRUNO OWL
90,1,17298,Potrero Ave&15th Street,Potrero Ave&15th St,100.0,37.767334,-122.407623,90,SAN BRUNO OWL
90,1,16352,Arleta Avenue,San Bruno Ave & Arleta Ave,100.0,37.71246,-122.4023,90,SAN BRUNO OWL
90,1,16352,San Bruno Avenue,San Bruno Ave & Arleta Ave,100.0,37.71246,-122.4023,90,SAN BRUNO OWL
90,1,16355,Bacon Street,San Bruno Ave & Bacon St,100.0,37.72797,-122.40367,90,SAN BRUNO OWL
90,1,16355,San Bruno Avenue,San Bruno Ave & Bacon St,100.0,37.72797,-122.40367,90,SAN BRUNO OWL
90,1,17899,Harkness Avenue,San Bruno Ave & Harkness Ave,100.0,37.718043,-122.400114,90,SAN BRUNO OWL
90,1,17899,San Bruno Avenue,San Bruno Ave & Harkness Ave,100.0,37.718043,-122.400114,90,SAN BRUNO OWL
90,1,16360,Mansell Street,San Bruno Ave & Mansell St,100.0,37.7211,-122.40083,90,SAN BRUNO OWL
90,1,16360,San Bruno Avenue,San Bruno Ave & Mansell St,100.0,37.7211,-122.40083,90,SAN BRUNO OWL
90,1,16362,Paul Avenue,San Bruno Ave & Paul Ave,100.0,37.72418,-122.4021,90,SAN BRUNO OWL
90,1,16362,San Bruno Avenue,San Bruno Ave & Paul Ave,100.0,37.72418,-122.4021,90,SAN BRUNO OWL
90,1,16364,San Bruno Avenue,San Bruno Ave & Silver Ave,100.0,37.73202,-122.40535,90,SAN BRUNO OWL
90,1,16364,Silver Avenue,San Bruno Ave & Silver Ave,100.0,37.73202,-122.40535,90,SAN BRUNO OWL
90,1,17191,San Bruno Avenue,San Bruno Ave & Somerset St,100.0,37.713395,-122.401995,90,SAN BRUNO OWL
90,1,17191,Somerset Street,San Bruno Ave & Somerset St,100.0,37.713395,-122.401995,90,SAN BRUNO OWL
90,1,16367,San Bruno Avenue,San Bruno Ave & Thornton Ave,100.0,37.73026,-122.40462,90,SAN BRUNO OWL
90,1,16367,Thornton Avenue,San Bruno Ave & Thornton Ave,100.0,37.73026,-122.40462,90,SAN BRUNO OWL
90,1,16373,San Bruno Avenue,San Bruno Ave & Wayland St,100.0,37.72637,-122.40301,90,SAN BRUNO OWL
90,1,16373,Wayland Street,San Bruno Ave & Wayland St,100.0,37.72637,-122.40301,90,SAN BRUNO OWL
90,1,18088,Market Street,South Van Ness Ave & Market St,100.0,37.7751,-122.41924,90,SAN BRUNO OWL
90,1,18088,Van Ness Avenue,South Van Ness Ave & Market St,100.0,37.7751,-122.41924,90,SAN BRUNO OWL
90,1,16806,Bay Street,Van Ness Ave & Bay St,100.0,37.804287,-122.424996,90,SAN BRUNO OWL
90,1,16806,Van Ness Avenue,Van Ness Ave & Bay St,100.0,37.804287,-122.424996,90,SAN BRUNO OWL
90,1,18092,Bush Street,Van Ness Ave & Bush St,100.0,37.788449,-122.421918,90,SAN BRUNO OWL
90,1,18092,Van Ness Avenue,Van Ness Ave & Bush St,100.0,37.788449,-122.421918,90,SAN BRUNO OWL
90,1,16800,Chestnut Street,Van Ness Ave & Chestnut St,100.0,37.80258,-122.42464,90,SAN BRUNO OWL
90,1,16800,Van Ness Avenue,Van Ness Ave & Chestnut St,100.0,37.80258,-122.42464,90,SAN BRUNO OWL
90,1,18093,Clay Street,Van Ness Ave & Clay St,100.0,37.792134,-122.422661,90,SAN BRUNO OWL
90,1,18093,Van Ness Avenue,Van Ness Ave & Clay St,100.0,37.792134,-122.422661,90,SAN BRUNO OWL
90,1,18090,Eddy Street,Van Ness Ave & Eddy St,100.0,37.782854,-122.420785,90,SAN BRUNO OWL
90,1,18090,Van Ness Avenue,Van Ness Ave & Eddy St,100.0,37.782854,-122.420785,90,SAN BRUNO OWL
90,1,18091,Geary Boulevard,Van Ness Ave & Geary Blvd,100.0,37.785647,-122.421368,90,SAN BRUNO OWL
90,1,18091,Van Ness Avenue,Van Ness Ave & Geary Blvd,100.0,37.785647,-122.421368,90,SAN BRUNO OWL
90,1,18089,Mcallister Street,Van Ness Ave & Mcallister St,100.0,37.780035,-122.420224,90,SAN BRUNO OWL
90,1,18089,Van Ness Avenue,Van Ness Ave & Mcallister St,100.0,37.780035,-122.420224,90,SAN BRUNO OWL
90,1,17476,North Point Street,Van Ness Ave & North Point St,100.0,37.80484,-122.425352,90,SAN BRUNO OWL
90,1,17476,Van Ness Avenue,Van Ness Ave & North Point St,100.0,37.80484,-122.425352,90,SAN BRUNO OWL
90,1,18094,Pacific Street,Van Ness Ave & Pacific St,100.0,37.794784,-122.423199,90,SAN BRUNO OWL
90,1,18094,Van Ness Avenue,Van Ness Ave & Pacific St,100.0,37.794784,-122.423199,90,SAN BRUNO OWL
90,1,18096,Union Street,Van Ness Ave & Union St,100.0,37.798514,-122.423955,90,SAN BRUNO OWL
90,1,18096,Van Ness Avenue,Van Ness Ave & Union St,100.0,37.798514,-122.423955,90,SAN BRUNO OWL
90,1,18095,Vallejo Street,Van Ness Ave & Vallejo St,100.0,37.796801,-122.4236,90,SAN BRUNO OWL
90,1,18095,Van Ness Avenue,Van Ness Ave & Vallejo St,100.0,37.796801,-122.4236,90,SAN BRUNO OWL
91,0,14795,1650 Geneva Avenue,1650 Geneva Ave,100.0,37.71187,-122.42819,91,3RD-19TH AVE OWL
91,0,14798,1721 Geneva Avenue,1721 Geneva Ave,100.0,37.71108,-122.42627,91,3RD-19TH AVE OWL
91,0,13355,19th Avenue,19th Ave & Eucalyptus Dr,84.615,37.7313,-122.474759,91,3RD-19TH AVE OWL
91,0,13355,Eucalyptus Drive,19th Ave & Eucalyptus Dr,84.615,37.7313,-122.474759,91,3RD-19TH AVE OWL
91,0,13360,19th Avenue,19th Ave & Irving St,84.615,37.76343,-122.47704,91,3RD-19TH AVE OWL
91,0,13360,Irving Street,19th Ave & Irving St,84.615,37.76343,-122.47704,91,3RD-19TH AVE OWL
91,0,13364,19th Avenue,19th Ave & Judah St,84.615,37.76177,-122.476955,91,3RD-19TH AVE OWL
91,0,13364,Judah Street,19th Ave & Judah St,84.615,37.76177,-122.476955,91,3RD-19TH AVE OWL
91,0,13368,19th Avenue,19th Ave & Lawton St,84.615,37.758076,-122.476633,91,3RD-19TH AVE OWL
91,0,13368,Lawton Street,19th Ave & Lawton St,84.615,37.758076,-122.476633,91,3RD-19TH AVE OWL
91,0,13374,19th Avenue,19th Ave & Noriega St,84.615,37.75432,-122.476368,91,3RD-19TH AVE OWL
91,0,13374,Noriega Street,19th Ave & Noriega St,84.615,37.75432,-122.476368,91,3RD-19TH AVE OWL
91,0,13379,19th Avenue,19th Ave & Ortega St,84.615,37.75272,-122.47619,91,3RD-19TH AVE OWL
91,0,13379,Ortega Street,19th Ave & Ortega St,84.615,37.75272,-122.47619,91,3RD-19TH AVE OWL
91,0,13383,19th Avenue,19th Ave & Quintara St,84.615,37.74853,-122.4759,91,3RD-19TH AVE OWL
91,0,13383,Quintara Street,19th Ave & Quintara St,84.615,37.74853,-122.4759,91,3RD-19TH AVE OWL
91,0,13388,19th Avenue,19th Ave & Rivera St,84.615,37.747152,-122.475834,91,3RD-19TH AVE OWL
91,0,13388,Rivera Street,19th Ave & Rivera St,84.615,37.747152,-122.475834,91,3RD-19TH AVE OWL
91,0,13391,19th Avenue,19th Ave & Sloat Blvd,84.615,37.734717,-122.474974,91,3RD-19TH AVE OWL
91,0,13391,Sloat Boulevard,19th Ave & Sloat Blvd,84.615,37.734717,-122.474974,91,3RD-19TH AVE OWL
91,0,13394,19th Avenue,19th Ave & Taraval St,84.615,37.74331,-122.47554,91,3RD-19TH AVE OWL
91,0,13394,Taraval Street,19th Ave & Taraval St,84.615,37.74331,-122.47554,91,3RD-19TH AVE OWL
91,0,13398,19th Avenue,19th Ave & Vicente St,84.615,37.739546,-122.47531,91,3RD-19TH AVE OWL
91,0,13398,Vicente Street,19th Ave & Vicente St,84.615,37.739546,-122.47531,91,3RD-19TH AVE OWL
91,0,13402,19th Avenue,19th Ave & Winston Dr,84.615,37.72719,-122.47468,91,3RD-19TH AVE OWL
91,0,13402,Winston Drive,19th Ave & Winston Dr,84.615,37.72719,-122.47468,91,3RD-19TH AVE OWL
91,0,10390,19th Avenue,19th Avenue & Holloway St,84.615,37.72119,-122.475153,91,3RD-19TH AVE OWL
91,0,10390,Holloway Street,19th Avenue & Holloway St,84.615,37.72119,-122.475153,91,3RD-19TH AVE OWL
91,0,13104,20th Street,3rd St & 20th St,100.0,37.760613,-122.388734,91,3RD-19TH AVE OWL
91,0,13104,3rd Street,3rd St & 20th St,100.0,37.760613,-122.388734,91,3RD-19TH AVE OWL
91,0,13108,23rd Street,3rd St & 23rd St,100.0,37.75506,-122.3881,91,3RD-19TH AVE OWL
91,0,13108,3rd Street,3rd St & 23rd St,100.0,37.75506,-122.3881,91,3RD-19TH AVE OWL
91,0,13016,3rd Street,3rd St & 4th St,100.0,37.772618,-122.389786,91,3RD-19TH AVE OWL
91,0,13016,4th Street,3rd St & 4th St,100.0,37.772618,-122.389786,91,3RD-19TH AVE OWL
91,0,13113,3rd Street,3rd St & Bayview St,100.0,37.7322,-122.391731,91,3RD-19TH AVE OWL
91,0,13113,Bayview Street,3rd St & Bayview St,100.0,37.7322,-122.391731,91,3RD-19TH AVE OWL
91,0,13115,3rd Street,3rd St & Carroll Ave,100.0,37.72567,-122.3943,91,3RD-19TH AVE OWL
91,0,13115,Carroll Avenue,3rd St & Carroll Ave,100.0,37.72567,-122.3943,91,3RD-19TH AVE OWL
91,0,13123,3rd Street,3rd St & Evans Ave,100.0,37.74244,-122.38815,91,3RD-19TH AVE OWL
91,0,13123,Evans Avenue,3rd St & Evans Ave,100.0,37.74244,-122.38815,91,3RD-19TH AVE OWL
91,0,17324,3rd Street,3rd St & Gene Friend Way,100.0,37.76871,-122.389377,91,3RD-19TH AVE OWL
91,0,17324,Gene Friend Way,3rd St & Gene Friend Way,100.0,37.76871,-122.389377,91,3RD-19TH AVE OWL
91,0,13129,3rd Street,3rd St & Innes Ave,100.0,37.73932,-122.38926,91,3RD-19TH AVE OWL
91,0,13129,Innes Avenue,3rd St & Innes Ave,100.0,37.73932,-122.38926,91,3RD-19TH AVE OWL
91,0,13135,3rd Street,3rd St & Kirkwood Ave,100.0,37.737927,-122.389619,91,3RD-19TH AVE OWL
91,0,13135,Kirkwood Avenue,3rd St & Kirkwood Ave,100.0,37.737927,-122.389619,91,3RD-19TH AVE OWL
91,0,13143,3rd Street,3rd St & Oakdale Ave,100.0,37.734787,-122.390721,91,3RD-19TH AVE OWL
91,0,13143,Oakdale Avenue,3rd St & Oakdale Ave,100.0,37.734787,-122.390721,91,3RD-19TH AVE OWL
91,0,17171,3rd Street,3rd St & Paul Ave,100.0,37.722262,-122.395839,91,3RD-19TH AVE OWL
91,0,17171,Paul Avenue,3rd St & Paul Ave,100.0,37.722262,-122.395839,91,3RD-19TH AVE OWL
91,0,13146,3rd Street,3rd St & Salinas Ave,100.0,37.720861,-122.396459,91,3RD-19TH AVE OWL
91,0,13146,Salinas Avenue,3rd St & Salinas Ave,100.0,37.720861,-122.396459,91,3RD-19TH AVE OWL
91,0,13150,3rd Street,3rd St & Williams Ave,100.0,37.729166,-122.392776,91,3RD-19TH AVE OWL
91,0,13150,Williams Avenue,3rd St & Williams Ave,100.0,37.729166,-122.392776,91,3RD-19TH AVE OWL
91,0,17366,4th Street,4th St & Berry St,100.0,37.775825,-122.393607,91,3RD-19TH AVE OWL
91,0,17366,Berry Street,4th St & Berry St,100.0,37.775825,-122.393607,91,3RD-19TH AVE OWL
91,0,13156,4th Street,4th St & Brannan St,84.615,37.778305,-122.396602,91,3RD-19TH AVE OWL
91,0,13156,Brannan Street,4th St & Brannan St,84.615,37.778305,-122.396602,91,3RD-19TH AVE OWL
91,0,13158,4th Street,4th St & Folsom St,84.615,37.782081,-122.401333,91,3RD-19TH AVE OWL
91,0,13158,Folsom Street,4th St & Folsom St,84.615,37.782081,-122.401333,91,3RD-19TH AVE OWL
91,0,13161,4th Street,4th St & Market St,84.615,37.785411,-122.405531,91,3RD-19TH AVE OWL
91,0,13161,Market Street,4th St & Market St,84.615,37.785411,-122.405531,91,3RD-19TH AVE OWL
91,0,13160,4th Street,4th St & Mission St,84.615,37.784259,-122.404117,91,3RD-19TH AVE OWL
91,0,13160,Mission Street,4th St & Mission St,84.615,37.784259,-122.404117,91,3RD-19TH AVE OWL
91,0,13164,4th Street,4th St & Townsend St,100.0,37.776894,-122.394895,91,3RD-19TH AVE OWL
91,0,13164,Townsend Street,4th St & Townsend St,100.0,37.776894,-122.394895,91,3RD-19TH AVE OWL
91,0,13772,Arleta Avenue,Bayshore Blvd & Arleta Ave,100.0,37.712125,-122.403167,91,3RD-19TH AVE OWL
91,0,13772,Bayshore Boulevard,Bayshore Blvd & Arleta Ave,100.0,37.712125,-122.403167,91,3RD-19TH AVE OWL
91,0,13792,Bayshore Boulevard,Bayshore Blvd & Tunnel Ave,100.0,37.7129,-122.40102,91,3RD-19TH AVE OWL
91,0,13792,Tunnel Avenue,Bayshore Blvd & Tunnel Ave,100.0,37.7129,-122.40102,91,3RD-19TH AVE OWL
91,0,18040,Bayshore Blvd &L Eland Avenue,Bayshore Blvd &L Eland Ave,100.0,37.711299,-122.40368,91,3RD-19TH AVE OWL
91,0,14338,3rd Street,Cargo Way & 3rd St,100.0,37.74577,-122.38665,91,3RD-19TH AVE OWL
91,0,14338,Cargo Way,Cargo Way & 3rd St,100.0,37.74577,-122.38665,91,3RD-19TH AVE OWL
91,0,14100,Bay Street,Columbus Ave & Bay St,84.615,37.80551,-122.41784,91,3RD-19TH AVE OWL
91,0,14100,Columbus Avenue,Columbus Ave & Bay St,84.615,37.80551,-122.41784,91,3RD-19TH AVE OWL
91,0,14105,Columbus Avenue,Columbus Ave & Filbert St,84.615,37.801188,-122.411605,91,3RD-19TH AVE OWL
91,0,14105,Filbert Street,Columbus Ave & Filbert St,84.615,37.801188,-122.411605,91,3RD-19TH AVE OWL
91,0,14107,Columbus Avenue,Columbus Ave & Francisco St,84.615,37.804205,-122.415973,91,3RD-19TH AVE OWL
91,0,14107,Francisco Street,Columbus Ave & Francisco St,84.615,37.804205,-122.415973,91,3RD-19TH AVE OWL
91,0,14114,Columbus Avenue,Columbus Ave & Lombard St,84.615,37.802598,-122.413646,91,3RD-19TH AVE OWL
91,0,14114,Lombard Street,Columbus Ave & Lombard St,84.615,37.802598,-122.413646,91,3RD-19TH AVE OWL
91,0,14118,Columbus Avenue,Columbus Ave & Taylor St,84.615,37.803285,-122.414643,91,3RD-19TH AVE OWL
91,0,14118,Taylor Street,Columbus Ave & Taylor St,84.615,37.803285,-122.414643,91,3RD-19TH AVE OWL
91,0,14120,Columbus Avenue,Columbus Ave & Union St,84.615,37.800384,-122.410505,91,3RD-19TH AVE OWL
91,0,14120,Union Street,Columbus Ave & Union St,84.615,37.800384,-122.410505,91,3RD-19TH AVE OWL
91,0,17758,Crossover Drive,Crossover Dr & Lincoln St,84.615,37.765544,-122.477243,91,3RD-19TH AVE OWL
91,0,17758,Lincoln Street,Crossover Dr & Lincoln St,84.615,37.765544,-122.477243,91,3RD-19TH AVE OWL
91,0,14555,Evans Avenue,Evans Ave & Newhall St,100.0,37.741949,-122.386408,91,3RD-19TH AVE OWL
91,0,14555,Newhall Street,Evans Ave & Newhall St,100.0,37.741949,-122.386408,91,3RD-19TH AVE OWL
91,0,17300,Carter Street,Geneva Ave & Carter St,100.0,37.709306,-122.423217,91,3RD-19TH AVE OWL
91,0,17300,Geneva Avenue,Geneva Ave & Carter St,100.0,37.709306,-122.423217,91,3RD-19TH AVE OWL
91,0,14810,Cayuga Avenue,Geneva Ave & Cayuga Ave,100.0,37.718927,-122.443554,91,3RD-19TH AVE OWL
91,0,14810,Geneva Avenue,Geneva Ave & Cayuga Ave,100.0,37.718927,-122.443554,91,3RD-19TH AVE OWL
91,0,14881,Geneva Avenue,Geneva Ave & Howth St,100.0,37.722121,-122.449979,91,3RD-19TH AVE OWL
91,0,14881,Howth Street,Geneva Ave & Howth St,100.0,37.722121,-122.449979,91,3RD-19TH AVE OWL
91,0,14884,Geneva Avenue,Geneva Ave & Madrid St,100.0,37.715143,-122.438034,91,3RD-19TH AVE OWL
91,0,14884,Madrid Street,Geneva Ave & Madrid St,100.0,37.715143,-122.438034,91,3RD-19TH AVE OWL
91,0,14886,Geneva Avenue,Geneva Ave & Mission St,100.0,37.716473,-122.440874,91,3RD-19TH AVE OWL
91,0,14886,Mission Street,Geneva Ave & Mission St,100.0,37.716473,-122.440874,91,3RD-19TH AVE OWL
91,0,14889,Geneva Avenue,Geneva Ave & Moscow St,100.0,37.713332,-122.433957,91,3RD-19TH AVE OWL
91,0,14889,Moscow Street,Geneva Ave & Moscow St,100.0,37.713332,-122.433957,91,3RD-19TH AVE OWL
91,0,14890,Geneva Avenue,Geneva Ave & Naples St,100.0,37.714358,-122.436339,91,3RD-19TH AVE OWL
91,0,14890,Naples Street,Geneva Ave & Naples St,100.0,37.714358,-122.436339,91,3RD-19TH AVE OWL
91,0,14894,Geneva Avenue,Geneva Ave & Prague St,100.0,37.712885,-122.432068,91,3RD-19TH AVE OWL
91,0,14894,Prague Street,Geneva Ave & Prague St,100.0,37.712885,-122.432068,91,3RD-19TH AVE OWL
91,0,14900,Geneva Avenue,Geneva Ave & Santos St,100.0,37.708484,-122.420354,91,3RD-19TH AVE OWL
91,0,14900,Santos Street,Geneva Ave & Santos St,100.0,37.708484,-122.420354,91,3RD-19TH AVE OWL
91,0,14803,Geneva Ave/Balboa Park BART,Geneva Ave/Balboa Park BART,100.0,37.720801,-122.446738,91,3RD-19TH AVE OWL
91,0,14938,Hahn Street,Hahn St & Sunnydale Ave,100.0,37.712025,-122.416047,91,3RD-19TH AVE OWL
91,0,14938,Sunnydale Avenue,Hahn St & Sunnydale Ave,100.0,37.712025,-122.416047,91,3RD-19TH AVE OWL
91,0,17026,Hahn Street,Hahn St & Visitacion Ave,100.0,37.713301,-122.415486,91,3RD-19TH AVE OWL
91,0,17026,Visitacion Avenue,Hahn St & Visitacion Ave,100.0,37.713301,-122.415486,91,3RD-19TH AVE OWL
91,0,15138,Junipero Serra Boulevard,Junipero Serra Blvd & Ocean Ave,100.0,37.731363,-122.471674,91,3RD-19TH AVE OWL
91,0,15138,Ocean Avenue,Junipero Serra Blvd & Ocean Ave,100.0,37.731363,-122.471674,91,3RD-19TH AVE OWL
91,0,15272,Divisadero Street,Lombard St & Divisadero St,84.615,37.798971,-122.442482,91,3RD-19TH AVE OWL
91,0,15272,Lombard Street,Lombard St & Divisadero St,84.615,37.798971,-122.442482,91,3RD-19TH AVE OWL
91,0,15274,Fillmore Street,Lombard St & Fillmore St,84.615,37.799818,-122.435878,91,3RD-19TH AVE OWL
91,0,15274,Lombard Street,Lombard St & Fillmore St,84.615,37.799818,-122.435878,91,3RD-19TH AVE OWL
91,0,17787,Gough Street,Lombard St & Gough St,84.615,37.800861,-122.42768,91,3RD-19TH AVE OWL
91,0,17787,Lombard Street,Lombard St & Gough St,84.615,37.800861,-122.42768,91,3RD-19TH AVE OWL
91,0,15281,Laguna Street,Lombard St & Laguna St,84.615,37.800442,-122.430937,91,3RD-19TH AVE OWL
91,0,15281,Lombard Street,Lombard St & Laguna St,84.615,37.800442,-122.430937,91,3RD-19TH AVE OWL
91,0,15284,Lombard Street,Lombard St & Pierce St,84.615,37.799399,-122.439157,91,3RD-19TH AVE OWL
91,0,15284,Pierce Street,Lombard St & Pierce St,84.615,37.799399,-122.439157,91,3RD-19TH AVE OWL
91,0,17632,Cargo Way,Mendell St & Cargo Way,100.0,37.743804,-122.383313,91,3RD-19TH AVE OWL
91,0,17632,Mendell Street,Mendell St & Cargo Way,100.0,37.743804,-122.383313,91,3RD-19TH AVE OWL
91,0,15508,Mendell Street,Mendell St & Newhall St,100.0,37.74253,-122.38393,91,3RD-19TH AVE OWL
91,0,15508,Newhall Street,Mendell St & Newhall St,100.0,37.74253,-122.38393,91,3RD-19TH AVE OWL
91,0,15510,Mendell St Opposite Us Post Office,Mendell St Opposite Us Post Office,100.0,37.741056,-122.384679,91,3RD-19TH AVE OWL
91,0,15459,Hyde Street,North Point St & Hyde St,84.615,37.805633,-122.420467,91,3RD-19TH AVE OWL
91,0,15459,North Point Street,North Point St & Hyde St,84.615,37.805633,-122.420467,91,3RD-19TH AVE OWL
91,0,15469,North Point Street,North Point St & Polk St,84.615,37.805241,-122.423494,91,3RD-19TH AVE OWL
91,0,15469,Polk Street,North Point St & Polk St,84.615,37.805241,-122.423494,91,3RD-19TH AVE OWL
91,0,15472,North Point Street,North Point St & Van Ness Ave,84.615,37.805045,-122.42495,91,3RD-19TH AVE OWL
91,0,15472,Van Ness Avenue,North Point St & Van Ness Ave,84.615,37.805045,-122.42495,91,3RD-19TH AVE OWL
91,0,15779,Aptos Avenue,Ocean Ave & Aptos Ave,100.0,37.728285,-122.467561,91,3RD-19TH AVE OWL
91,0,15779,Ocean Avenue,Ocean Ave & Aptos Ave,100.0,37.728285,-122.467561,91,3RD-19TH AVE OWL
91,0,15787,Dorado Terrace,Ocean Ave & Dorado Ter,100.0,37.724957,-122.461059,91,3RD-19TH AVE OWL
91,0,15787,Ocean Avenue,Ocean Ave & Dorado Ter,100.0,37.724957,-122.461059,91,3RD-19TH AVE OWL
91,0,15788,Fairfield Way,Ocean Ave & Fairfield Way,100.0,37.726008,-122.464072,91,3RD-19TH AVE OWL
91,0,15788,Ocean Avenue,Ocean Ave & Fairfield Way,100.0,37.726008,-122.464072,91,3RD-19TH AVE OWL
91,0,15794,Lee Street,Ocean Ave & Lee St,100.0,37.723459,-122.453999,91,3RD-19TH AVE OWL
91,0,15794,Ocean Avenue,Ocean Ave & Lee St,100.0,37.723459,-122.453999,91,3RD-19TH AVE OWL
91,0,15797,Miramar Avenue,Ocean Ave & Miramar Ave,100.0,37.724387,-122.458077,91,3RD-19TH AVE OWL
91,0,15797,Ocean Avenue,Ocean Ave & Miramar Ave,100.0,37.724387,-122.458077,91,3RD-19TH AVE OWL
91,0,15806,Ocean Avenue,Ocean Ave & San Leandro Way,100.0,37.729989,-122.469097,91,3RD-19TH AVE OWL
91,0,15806,San Leandro Way,Ocean Ave & San Leandro Way,100.0,37.729989,-122.469097,91,3RD-19TH AVE OWL
91,0,15946,Balboa Street,Park Presidio Blvd & Balboa St,84.615,37.77724,-122.47192,91,3RD-19TH AVE OWL
91,0,15946,Park Presidio Boulevard,Park Presidio Blvd & Balboa St,84.615,37.77724,-122.47192,91,3RD-19TH AVE OWL
91,0,15949,California Street,Park Presidio Blvd & California St,84.615,37.784497,-122.472528,91,3RD-19TH AVE OWL
91,0,15949,Park Presidio Boulevard,Park Presidio Blvd & California St,84.615,37.784497,-122.472528,91,3RD-19TH AVE OWL
91,0,15950,Fulton Street,Park Presidio Blvd & Fulton St,84.615,37.773219,-122.471653,91,3RD-19TH AVE OWL
91,0,15950,Park Presidio Boulevard,Park Presidio Blvd & Fulton St,84.615,37.773219,-122.471653,91,3RD-19TH AVE OWL
91,0,15953,Geary Boulevard,Park Presidio Blvd & Geary Blvd,84.615,37.780776,-122.472217,91,3RD-19TH AVE OWL
91,0,15953,Park Presidio Boulevard,Park Presidio Blvd & Geary Blvd,84.615,37.780776,-122.472217,91,3RD-19TH AVE OWL
91,0,16181,Francisco Street,Richardson Ave & Francisco St,84.615,37.800408,-122.447447,91,3RD-19TH AVE OWL
91,0,16181,Richardson Avenue,Richardson Ave & Francisco St,84.615,37.800408,-122.447447,91,3RD-19TH AVE OWL
91,0,16513,Columbus Avenue,Stockton St & Columbus Ave,84.615,37.799277,-122.40905,91,3RD-19TH AVE OWL
91,0,16513,Stockton Street,Stockton St & Columbus Ave,84.615,37.799277,-122.40905,91,3RD-19TH AVE OWL
91,0,16516,Geary Boulevard,Stockton St & Geary St,84.615,37.787704,-122.406729,91,3RD-19TH AVE OWL
91,0,16516,Stockton Street,Stockton St & Geary St,84.615,37.787704,-122.406729,91,3RD-19TH AVE OWL
91,0,16521,Pacific Avenue,Stockton St & Pacific Ave,84.615,37.79716,-122.40862,91,3RD-19TH AVE OWL
91,0,16521,Stockton Street,Stockton St & Pacific Ave,84.615,37.79716,-122.40862,91,3RD-19TH AVE OWL
91,0,16522,Sacramento Street,Stockton St & Sacramento St,84.615,37.79348,-122.40788,91,3RD-19TH AVE OWL
91,0,16522,Stockton Street,Stockton St & Sacramento St,84.615,37.79348,-122.40788,91,3RD-19TH AVE OWL
91,0,16524,Stockton Street,Stockton St & Sutter St,84.615,37.78997,-122.40716,91,3RD-19TH AVE OWL
91,0,16524,Sutter Street,Stockton St & Sutter St,84.615,37.78997,-122.40716,91,3RD-19TH AVE OWL
91,0,16526,Stockton Street,Stockton St & Washington St,84.615,37.794707,-122.408118,91,3RD-19TH AVE OWL
91,0,16526,Washington Street,Stockton St & Washington St,84.615,37.794707,-122.408118,91,3RD-19TH AVE OWL
91,0,17378,Marin Street,Third St & Marin St,100.0,37.749097,-122.387571,91,3RD-19TH AVE OWL
91,0,17378,Third Street,Third St & Marin St,100.0,37.749097,-122.387571,91,3RD-19TH AVE OWL
91,0,17382,Mariposa Street,Third St & Mariposa St,100.0,37.764177,-122.388945,91,3RD-19TH AVE OWL
91,0,17382,Third Street,Third St & Mariposa St,100.0,37.764177,-122.388945,91,3RD-19TH AVE OWL
91,0,17976,Ulloa Street,Ulloa St & West Portal Ave,100.0,37.740733,-122.46564,91,3RD-19TH AVE OWL
91,0,17976,West Portal Avenue,Ulloa St & West Portal Ave,100.0,37.740733,-122.46564,91,3RD-19TH AVE OWL
91,0,16806,Bay Street,Van Ness Ave & Bay St,84.615,37.804287,-122.424996,91,3RD-19TH AVE OWL
91,0,16806,Van Ness Avenue,Van Ness Ave & Bay St,84.615,37.804287,-122.424996,91,3RD-19TH AVE OWL
91,0,16800,Chestnut Street,Van Ness Ave & Chestnut St,84.615,37.80258,-122.42464,91,3RD-19TH AVE OWL
91,0,16800,Van Ness Avenue,Van Ness Ave & Chestnut St,84.615,37.80258,-122.42464,91,3RD-19TH AVE OWL
91,0,16847,Bay Shore Boulevard,Visitacion Ave & Bay Shore Blvd,100.0,37.710567,-122.404493,91,3RD-19TH AVE OWL
91,0,16847,Visitacion Avenue,Visitacion Ave & Bay Shore Blvd,100.0,37.710567,-122.404493,91,3RD-19TH AVE OWL
91,0,16845,Britton Street,Visitacion Ave & Britton St,100.0,37.712765,-122.412371,91,3RD-19TH AVE OWL
91,0,16845,Visitacion Avenue,Visitacion Ave & Britton St,100.0,37.712765,-122.412371,91,3RD-19TH AVE OWL
91,0,16850,Rutland Street,Visitacion Ave & Rutland St,100.0,37.711488,-122.407791,91,3RD-19TH AVE OWL
91,0,16850,Visitacion Avenue,Visitacion Ave & Rutland St,100.0,37.711488,-122.407791,91,3RD-19TH AVE OWL
91,0,16852,Sawyer Street,Visitacion Ave & Sawyer St,100.0,37.713283,-122.414237,91,3RD-19TH AVE OWL
91,0,16852,Visitacion Avenue,Visitacion Ave & Sawyer St,100.0,37.713283,-122.414237,91,3RD-19TH AVE OWL
91,0,16854,Schwerin Street,Visitacion Ave & Schwerin St,100.0,37.712247,-122.410504,91,3RD-19TH AVE OWL
91,0,16854,Visitacion Avenue,Visitacion Ave & Schwerin St,100.0,37.712247,-122.410504,91,3RD-19TH AVE OWL
91,0,16898,14th Avenue,West Portal Ave & 14th Ave,100.0,37.737859,-122.469042,91,3RD-19TH AVE OWL
91,0,16898,West Portal Avenue,West Portal Ave & 14th Ave,100.0,37.737859,-122.469042,91,3RD-19TH AVE OWL
91,0,17205,Sloat Boulevard,West Portal Ave & Sloat Blvd,100.0,37.735039,-122.471343,91,3RD-19TH AVE OWL
91,0,17205,West Portal Avenue,West Portal Ave & Sloat Blvd,100.0,37.735039,-122.471343,91,3RD-19TH AVE OWL
91,1,14796,1650 Geneva Avenue,1650 Geneva Ave,100.0,37.71174,-122.42829,91,3RD-19TH AVE OWL
91,1,14799,1750 Geneva Avenue,1750 Geneva Ave,100.0,37.71072,-122.42576,91,3RD-19TH AVE OWL
91,1,13354,19th Avenue,19th Ave & Eucalyptus Dr,100.0,37.730813,-122.475012,91,3RD-19TH AVE OWL
91,1,13354,Eucalyptus Drive,19th Ave & Eucalyptus Dr,100.0,37.730813,-122.475012,91,3RD-19TH AVE OWL
91,1,13356,19th Avenue,19th Ave & Holloway Ave,100.0,37.72111,-122.475302,91,3RD-19TH AVE OWL
91,1,13356,Holloway Avenue,19th Ave & Holloway Ave,100.0,37.72111,-122.475302,91,3RD-19TH AVE OWL
91,1,13359,19th Avenue,19th Ave & Irving St,100.0,37.76368,-122.47731,91,3RD-19TH AVE OWL
91,1,13359,Irving Street,19th Ave & Irving St,100.0,37.76368,-122.47731,91,3RD-19TH AVE OWL
91,1,13365,19th Avenue,19th Ave & Judah St,100.0,37.7614,-122.47711,91,3RD-19TH AVE OWL
91,1,13365,Judah Street,19th Ave & Judah St,100.0,37.7614,-122.47711,91,3RD-19TH AVE OWL
91,1,13369,19th Avenue,19th Ave & Lawton St,100.0,37.757889,-122.476782,91,3RD-19TH AVE OWL
91,1,13369,Lawton Street,19th Ave & Lawton St,100.0,37.757889,-122.476782,91,3RD-19TH AVE OWL
91,1,13371,19th Avenue,19th Ave & Lincoln Way,100.0,37.765375,-122.477404,91,3RD-19TH AVE OWL
91,1,13371,Lincoln Way,19th Ave & Lincoln Way,100.0,37.765375,-122.477404,91,3RD-19TH AVE OWL
91,1,13375,19th Avenue,19th Ave & Noriega St,100.0,37.75392,-122.47653,91,3RD-19TH AVE OWL
91,1,13375,Noriega Street,19th Ave & Noriega St,100.0,37.75392,-122.47653,91,3RD-19TH AVE OWL
91,1,13380,19th Avenue,19th Ave & Ortega St,100.0,37.75206,-122.4764,91,3RD-19TH AVE OWL
91,1,13380,Ortega Street,19th Ave & Ortega St,100.0,37.75206,-122.4764,91,3RD-19TH AVE OWL
91,1,13384,19th Avenue,19th Ave & Quintara St,100.0,37.7483,-122.47614,91,3RD-19TH AVE OWL
91,1,13384,Quintara Street,19th Ave & Quintara St,100.0,37.7483,-122.47614,91,3RD-19TH AVE OWL
91,1,13389,19th Avenue,19th Ave & Rivera St,100.0,37.74647,-122.47601,91,3RD-19TH AVE OWL
91,1,13389,Rivera Street,19th Ave & Rivera St,100.0,37.74647,-122.47601,91,3RD-19TH AVE OWL
91,1,13390,19th Avenue,19th Ave & Sloat Blvd,100.0,37.734556,-122.475203,91,3RD-19TH AVE OWL
91,1,13390,Sloat Boulevard,19th Ave & Sloat Blvd,100.0,37.734556,-122.475203,91,3RD-19TH AVE OWL
91,1,13395,19th Avenue,19th Ave & Taraval St,100.0,37.742586,-122.475737,91,3RD-19TH AVE OWL
91,1,13395,Taraval Street,19th Ave & Taraval St,100.0,37.742586,-122.475737,91,3RD-19TH AVE OWL
91,1,13399,19th Avenue,19th Ave & Vicente St,100.0,37.73901,-122.47553,91,3RD-19TH AVE OWL
91,1,13399,Vicente Street,19th Ave & Vicente St,100.0,37.73901,-122.47553,91,3RD-19TH AVE OWL
91,1,17448,19th Avenue,19th Ave & Winston Dr,100.0,37.727258,-122.475098,91,3RD-19TH AVE OWL
91,1,17448,Winston Drive,19th Ave & Winston Dr,100.0,37.727258,-122.475098,91,3RD-19TH AVE OWL
91,1,13103,20th Street,3rd St & 20th St,100.0,37.76079,-122.38846,91,3RD-19TH AVE OWL
91,1,13103,3rd Street,3rd St & 20th St,100.0,37.76079,-122.38846,91,3RD-19TH AVE OWL
91,1,13107,23rd Street,3rd St & 23rd St,100.0,37.75569,-122.3879,91,3RD-19TH AVE OWL
91,1,13107,3rd Street,3rd St & 23rd St,100.0,37.75569,-122.3879,91,3RD-19TH AVE OWL
91,1,13114,3rd Street,3rd St & Brannan St,100.0,37.779285,-122.393185,91,3RD-19TH AVE OWL
91,1,13114,Brannan Street,3rd St & Brannan St,100.0,37.779285,-122.393185,91,3RD-19TH AVE OWL
91,1,13144,3rd Street,3rd St & Bryant St,100.0,37.781651,-122.396198,91,3RD-19TH AVE OWL
91,1,13144,Bryant Street,3rd St & Bryant St,100.0,37.781651,-122.396198,91,3RD-19TH AVE OWL
91,1,13116,3rd Street,3rd St & Carroll Ave,100.0,37.7253,-122.3942,91,3RD-19TH AVE OWL
91,1,13116,Carroll Avenue,3rd St & Carroll Ave,100.0,37.7253,-122.3942,91,3RD-19TH AVE OWL
91,1,17320,3rd Street,3rd St & Fitzgerald Ave,100.0,37.723127,-122.395243,91,3RD-19TH AVE OWL
91,1,17320,Fitzgerald Avenue,3rd St & Fitzgerald Ave,100.0,37.723127,-122.395243,91,3RD-19TH AVE OWL
91,1,13124,3rd Street,3rd St & Folsom St,100.0,37.784204,-122.399326,91,3RD-19TH AVE OWL
91,1,13124,Folsom Street,3rd St & Folsom St,100.0,37.784204,-122.399326,91,3RD-19TH AVE OWL
91,1,13127,3rd Street,3rd St & Hudson Ave,100.0,37.74012,-122.3887,91,3RD-19TH AVE OWL
91,1,13127,Hudson Avenue,3rd St & Hudson Ave,100.0,37.74012,-122.3887,91,3RD-19TH AVE OWL
91,1,13134,3rd Street,3rd St & La Salle Ave,100.0,37.737213,-122.389803,91,3RD-19TH AVE OWL
91,1,13134,La Salle Avenue,3rd St & La Salle Ave,100.0,37.737213,-122.389803,91,3RD-19TH AVE OWL
91,1,13136,3rd Street,3rd St & Mission St,100.0,37.786373,-122.40211,91,3RD-19TH AVE OWL
91,1,13136,Mission Street,3rd St & Mission St,100.0,37.786373,-122.40211,91,3RD-19TH AVE OWL
91,1,13141,3rd Street,3rd St & Palou Ave,100.0,37.734091,-122.390928,91,3RD-19TH AVE OWL
91,1,13141,Palou Avenue,3rd St & Palou Ave,100.0,37.734091,-122.390928,91,3RD-19TH AVE OWL
91,1,13145,3rd Street,3rd St & Revere Ave,100.0,37.73225,-122.39146,91,3RD-19TH AVE OWL
91,1,13145,Revere Avenue,3rd St & Revere Ave,100.0,37.73225,-122.39146,91,3RD-19TH AVE OWL
91,1,13149,3rd Street,3rd St & Van Dyke Ave,100.0,37.729238,-122.392593,91,3RD-19TH AVE OWL
91,1,13149,Van Dyke Avenue,3rd St & Van Dyke Ave,100.0,37.729238,-122.392593,91,3RD-19TH AVE OWL
91,1,17321,3rd Street,3rd St & Warriors Way,100.0,37.769049,-122.389228,91,3RD-19TH AVE OWL
91,1,17321,Warriors Way,3rd St & Warriors Way,100.0,37.769049,-122.389228,91,3RD-19TH AVE OWL
91,1,13153,3rd Street,4th St & 3rd St,100.0,37.772966,-122.389694,91,3RD-19TH AVE OWL
91,1,13153,4th Street,4th St & 3rd St,100.0,37.772966,-122.389694,91,3RD-19TH AVE OWL
91,1,17405,4th Street,4th St & King St,100.0,37.776251,-122.393933,91,3RD-19TH AVE OWL
91,1,17405,King Street,4th St & King St,100.0,37.776251,-122.393933,91,3RD-19TH AVE OWL
91,1,17334,Bayshore Boulevard,Bayshore Blvd & Blanken Ave,100.0,37.712226,-122.402179,91,3RD-19TH AVE OWL
91,1,17334,Blanken Avenue,Bayshore Blvd & Blanken Ave,100.0,37.712226,-122.402179,91,3RD-19TH AVE OWL
91,1,13781,Bayshore Boulevard,Bayshore Blvd & Hester Ave,100.0,37.713546,-122.400071,91,3RD-19TH AVE OWL
91,1,13781,Hester Avenue,Bayshore Blvd & Hester Ave,100.0,37.713546,-122.400071,91,3RD-19TH AVE OWL
91,1,13793,Bayshore Boulevard,Bayshore Blvd & Visitacion Ave,100.0,37.71062,-122.40389,91,3RD-19TH AVE OWL
91,1,13793,Visitacion Avenue,Bayshore Blvd & Visitacion Ave,100.0,37.71062,-122.40389,91,3RD-19TH AVE OWL
91,1,14337,3rd Street,Cargo Way & 3rd St,100.0,37.74606,-122.38695,91,3RD-19TH AVE OWL
91,1,14337,Cargo Way,Cargo Way & 3rd St,100.0,37.74606,-122.38695,91,3RD-19TH AVE OWL
91,1,14103,Chestnut Street,Columbus Ave & Chestnut St,100.0,37.803794,-122.415136,91,3RD-19TH AVE OWL
91,1,14103,Columbus Avenue,Columbus Ave & Chestnut St,100.0,37.803794,-122.415136,91,3RD-19TH AVE OWL
91,1,14106,Columbus Avenue,Columbus Ave & Francisco St,100.0,37.804517,-122.416167,91,3RD-19TH AVE OWL
91,1,14106,Francisco Street,Columbus Ave & Francisco St,100.0,37.804517,-122.416167,91,3RD-19TH AVE OWL
91,1,14115,Columbus Avenue,Columbus Ave & Mason St,100.0,37.802089,-122.41266,91,3RD-19TH AVE OWL
91,1,14115,Mason Street,Columbus Ave & Mason St,100.0,37.802089,-122.41266,91,3RD-19TH AVE OWL
91,1,14116,Columbus Avenue,Columbus Ave & North Point St,100.0,37.80549,-122.417589,91,3RD-19TH AVE OWL
91,1,14116,North Point Street,Columbus Ave & North Point St,100.0,37.80549,-122.417589,91,3RD-19TH AVE OWL
91,1,14119,Columbus Avenue,Columbus Ave & Union St,100.0,37.8005,-122.410356,91,3RD-19TH AVE OWL
91,1,14119,Union Street,Columbus Ave & Union St,100.0,37.8005,-122.410356,91,3RD-19TH AVE OWL
91,1,14547,3rd Street,Evans Ave & 3rd St,100.0,37.742628,-122.387862,91,3RD-19TH AVE OWL
91,1,14547,Evans Avenue,Evans Ave & 3rd St,100.0,37.742628,-122.387862,91,3RD-19TH AVE OWL
91,1,14811,Cayuga Avenue,Geneva Ave & Cayuga Ave,100.0,37.718722,-122.443554,91,3RD-19TH AVE OWL
91,1,14811,Geneva Avenue,Geneva Ave & Cayuga Ave,100.0,37.718722,-122.443554,91,3RD-19TH AVE OWL
91,1,14882,Geneva Avenue,Geneva Ave & Howth St,100.0,37.721978,-122.45007,91,3RD-19TH AVE OWL
91,1,14882,Howth Street,Geneva Ave & Howth St,100.0,37.721978,-122.45007,91,3RD-19TH AVE OWL
91,1,14883,Geneva Avenue,Geneva Ave & Madrid St,100.0,37.714768,-122.437587,91,3RD-19TH AVE OWL
91,1,14883,Madrid Street,Geneva Ave & Madrid St,100.0,37.714768,-122.437587,91,3RD-19TH AVE OWL
91,1,17671,Geneva Avenue,Geneva Ave & Mission St,100.0,37.716419,-122.441012,91,3RD-19TH AVE OWL
91,1,17671,Mission Street,Geneva Ave & Mission St,100.0,37.716419,-122.441012,91,3RD-19TH AVE OWL
91,1,14888,Geneva Avenue,Geneva Ave & Munich St,100.0,37.712948,-122.43303,91,3RD-19TH AVE OWL
91,1,14888,Munich Street,Geneva Ave & Munich St,100.0,37.712948,-122.43303,91,3RD-19TH AVE OWL
91,1,14891,Geneva Avenue,Geneva Ave & Naples St,100.0,37.714028,-122.435961,91,3RD-19TH AVE OWL
91,1,14891,Naples Street,Geneva Ave & Naples St,100.0,37.714028,-122.435961,91,3RD-19TH AVE OWL
91,1,14901,Geneva Avenue,Geneva Ave & Santos St,100.0,37.708207,-122.420022,91,3RD-19TH AVE OWL
91,1,14901,Santos Street,Geneva Ave & Santos St,100.0,37.708207,-122.420022,91,3RD-19TH AVE OWL
91,1,17304,Geneva Ave&Carter Street,Geneva Ave&Carter St,100.0,37.709083,-122.423102,91,3RD-19TH AVE OWL
91,1,14805,Geneva Ave/Balboa Park BART,Geneva Ave/Balboa Park BART,100.0,37.720952,-122.447379,91,3RD-19TH AVE OWL
91,1,14937,Hahn Street,Hahn St & Sunnydale Ave,100.0,37.71201,-122.4159,91,3RD-19TH AVE OWL
91,1,14937,Sunnydale Avenue,Hahn St & Sunnydale Ave,100.0,37.71201,-122.4159,91,3RD-19TH AVE OWL
91,1,14821,Geary Boulevard,Kearny St & Geary St,100.0,37.788051,-122.403461,91,3RD-19TH AVE OWL
91,1,14821,Kearny Street,Kearny St & Geary St,100.0,37.788051,-122.403461,91,3RD-19TH AVE OWL
91,1,15273,Divisadero Street,Lombard St & Divisadero St,100.0,37.799078,-122.442861,91,3RD-19TH AVE OWL
91,1,15273,Lombard Street,Lombard St & Divisadero St,100.0,37.799078,-122.442861,91,3RD-19TH AVE OWL
91,1,15275,Fillmore Street,Lombard St & Fillmore St,100.0,37.799845,-122.436268,91,3RD-19TH AVE OWL
91,1,15275,Lombard Street,Lombard St & Fillmore St,100.0,37.799845,-122.436268,91,3RD-19TH AVE OWL
91,1,17800,Gough Street,Lombard St & Gough St,100.0,37.800942,-122.42807,91,3RD-19TH AVE OWL
91,1,17800,Lombard Street,Lombard St & Gough St,100.0,37.800942,-122.42807,91,3RD-19TH AVE OWL
91,1,15280,Laguna Street,Lombard St & Laguna St,100.0,37.800505,-122.431326,91,3RD-19TH AVE OWL
91,1,15280,Lombard Street,Lombard St & Laguna St,100.0,37.800505,-122.431326,91,3RD-19TH AVE OWL
91,1,15285,Lombard Street,Lombard St & Pierce St,100.0,37.79948,-122.439559,91,3RD-19TH AVE OWL
91,1,15285,Pierce Street,Lombard St & Pierce St,100.0,37.79948,-122.439559,91,3RD-19TH AVE OWL
91,1,15505,Cargo Way,Mendell St & Cargo Way,100.0,37.7437,-122.38317,91,3RD-19TH AVE OWL
91,1,15505,Mendell Street,Mendell St & Cargo Way,100.0,37.7437,-122.38317,91,3RD-19TH AVE OWL
91,1,15507,Mendell Street,Mendell St & Newhall St,100.0,37.74254,-122.3837,91,3RD-19TH AVE OWL
91,1,15507,Newhall Street,Mendell St & Newhall St,100.0,37.74254,-122.3837,91,3RD-19TH AVE OWL
91,1,15509,Mendell St/Us Post Office,Mendell St/Us Post Office,100.0,37.74106,-122.38444,91,3RD-19TH AVE OWL
91,1,15458,Hyde Street,North Point St & Hyde St,100.0,37.805803,-122.420226,91,3RD-19TH AVE OWL
91,1,15458,North Point Street,North Point St & Hyde St,100.0,37.805803,-122.420226,91,3RD-19TH AVE OWL
91,1,15468,North Point Street,North Point St & Polk St,100.0,37.805313,-122.423987,91,3RD-19TH AVE OWL
91,1,15468,Polk Street,North Point St & Polk St,100.0,37.805313,-122.423987,91,3RD-19TH AVE OWL
91,1,15780,Aptos Avenue,Ocean Ave & Aptos Ave,100.0,37.728383,-122.467871,91,3RD-19TH AVE OWL
91,1,15780,Ocean Avenue,Ocean Ave & Aptos Ave,100.0,37.728383,-122.467871,91,3RD-19TH AVE OWL
91,1,17036,Geneva Avenue,Ocean Ave & Geneva Ave,100.0,37.723031,-122.452453,91,3RD-19TH AVE OWL
91,1,17036,Ocean Avenue,Ocean Ave & Geneva Ave,100.0,37.723031,-122.452453,91,3RD-19TH AVE OWL
91,1,15793,Jules Avenue,Ocean Ave & Jules Ave,100.0,37.724955,-122.46139,91,3RD-19TH AVE OWL
91,1,15793,Ocean Avenue,Ocean Ave & Jules Ave,100.0,37.724955,-122.46139,91,3RD-19TH AVE OWL
91,1,15792,Junipero Serra Boulevard,Ocean Ave & Junipero Serra Blvd,100.0,37.730952,-122.471686,91,3RD-19TH AVE OWL
91,1,15792,Ocean Avenue,Ocean Ave & Junipero Serra Blvd,100.0,37.730952,-122.471686,91,3RD-19TH AVE OWL
91,1,15795,Lee Street,Ocean Ave & Lee St,100.0,37.723397,-122.454423,91,3RD-19TH AVE OWL
91,1,15795,Ocean Avenue,Ocean Ave & Lee St,100.0,37.723397,-122.454423,91,3RD-19TH AVE OWL
91,1,15798,Miramar Avenue,Ocean Ave & Miramar Ave,100.0,37.724262,-122.458306,91,3RD-19TH AVE OWL
91,1,15798,Ocean Avenue,Ocean Ave & Miramar Ave,100.0,37.724262,-122.458306,91,3RD-19TH AVE OWL
91,1,15807,Ocean Avenue,Ocean Ave & San Leandro Way,100.0,37.729945,-122.469475,91,3RD-19TH AVE OWL
91,1,15807,San Leandro Way,Ocean Ave & San Leandro Way,100.0,37.729945,-122.469475,91,3RD-19TH AVE OWL
91,1,15808,Ocean Avenue,Ocean Ave & Victoria St,100.0,37.726029,-122.464337,91,3RD-19TH AVE OWL
91,1,15808,Victoria Street,Ocean Ave & Victoria St,100.0,37.726029,-122.464337,91,3RD-19TH AVE OWL
91,1,15948,California Street,Park Presidio & California Street,100.0,37.7841,-122.47274,91,3RD-19TH AVE OWL
91,1,15948,Park Presidio,Park Presidio & California Street,100.0,37.7841,-122.47274,91,3RD-19TH AVE OWL
91,1,15947,Balboa Street,Park Presidio Blvd & Balboa St,100.0,37.77648,-122.47214,91,3RD-19TH AVE OWL
91,1,15947,Park Presidio Boulevard,Park Presidio Blvd & Balboa St,100.0,37.77648,-122.47214,91,3RD-19TH AVE OWL
91,1,15951,Fulton Street,Park Presidio Blvd & Fulton St,100.0,37.77327,-122.47191,91,3RD-19TH AVE OWL
91,1,15951,Park Presidio Boulevard,Park Presidio Blvd & Fulton St,100.0,37.77327,-122.47191,91,3RD-19TH AVE OWL
91,1,15952,Geary Boulevard,Park Presidio Blvd & Geary Blvd,100.0,37.78027,-122.47248,91,3RD-19TH AVE OWL
91,1,15952,Park Presidio Boulevard,Park Presidio Blvd & Geary Blvd,100.0,37.78027,-122.47248,91,3RD-19TH AVE OWL
91,1,16182,Francisco Street,Richardson Ave & Francisco St,100.0,37.800328,-122.446954,91,3RD-19TH AVE OWL
91,1,16182,Richardson Avenue,Richardson Ave & Francisco St,100.0,37.800328,-122.446954,91,3RD-19TH AVE OWL
91,1,16511,Clay Street,Stockton St & Clay St,100.0,37.79381,-122.40779,91,3RD-19TH AVE OWL
91,1,16511,Stockton Street,Stockton St & Clay St,100.0,37.79381,-122.40779,91,3RD-19TH AVE OWL
91,1,16512,Columbus Avenue,Stockton St & Columbus Ave,100.0,37.79913,-122.40887,91,3RD-19TH AVE OWL
91,1,16512,Stockton Street,Stockton St & Columbus Ave,100.0,37.79913,-122.40887,91,3RD-19TH AVE OWL
91,1,16520,Pacific Avenue,Stockton St & Pacific Ave,100.0,37.796306,-122.408295,91,3RD-19TH AVE OWL
91,1,16520,Stockton Street,Stockton St & Pacific Ave,100.0,37.796306,-122.408295,91,3RD-19TH AVE OWL
91,1,16523,Stockton Street,Stockton St & Sutter St,100.0,37.79013,-122.40705,91,3RD-19TH AVE OWL
91,1,16523,Sutter Street,Stockton St & Sutter St,100.0,37.79013,-122.40705,91,3RD-19TH AVE OWL
91,1,18116,Stockton Street,Stockton St & Washington St,100.0,37.79486,-122.408009,91,3RD-19TH AVE OWL
91,1,18116,Washington Street,Stockton St & Washington St,100.0,37.79486,-122.408009,91,3RD-19TH AVE OWL
91,1,16596,Kearny Street,Sutter St & Kearny St,100.0,37.789818,-122.404378,91,3RD-19TH AVE OWL
91,1,16596,Sutter Street,Sutter St & Kearny St,100.0,37.789818,-122.404378,91,3RD-19TH AVE OWL
91,1,17376,Le Conte Avenue,Third St & Le Conte Ave,100.0,37.718765,-122.397456,91,3RD-19TH AVE OWL
91,1,17376,Third Street,Third St & Le Conte Ave,100.0,37.718765,-122.397456,91,3RD-19TH AVE OWL
91,1,17377,Marin Street,Third St & Marin St,100.0,37.748954,-122.38741,91,3RD-19TH AVE OWL
91,1,17377,Third Street,Third St & Marin St,100.0,37.748954,-122.38741,91,3RD-19TH AVE OWL
91,1,17381,Mariposa Street,Third St & Mariposa St,100.0,37.764427,-122.388761,91,3RD-19TH AVE OWL
91,1,17381,Third Street,Third St & Mariposa St,100.0,37.764427,-122.388761,91,3RD-19TH AVE OWL
91,1,17976,Ulloa Street,Ulloa St & West Portal Ave,100.0,37.740733,-122.46564,91,3RD-19TH AVE OWL
91,1,17976,West Portal Avenue,Ulloa St & West Portal Ave,100.0,37.740733,-122.46564,91,3RD-19TH AVE OWL
91,1,16801,Chestnut Street,Van Ness Ave & Chestnut St,100.0,37.802431,-122.424905,91,3RD-19TH AVE OWL
91,1,16801,Van Ness Avenue,Van Ness Ave & Chestnut St,100.0,37.802431,-122.424905,91,3RD-19TH AVE OWL
91,1,16819,North Point Street,Van Ness Ave & North Point St,100.0,37.80485,-122.42546,91,3RD-19TH AVE OWL
91,1,16819,Van Ness Avenue,Van Ness Ave & North Point St,100.0,37.80485,-122.42546,91,3RD-19TH AVE OWL
91,1,16846,Britton Street,Visitacion Ave & Britton St,100.0,37.71273,-122.41263,91,3RD-19TH AVE OWL
91,1,16846,Visitacion Avenue,Visitacion Ave & Britton St,100.0,37.71273,-122.41263,91,3RD-19TH AVE OWL
91,1,16848,Cora Street,Visitacion Ave & Cora St,100.0,37.71168,-122.40898,91,3RD-19TH AVE OWL
91,1,16848,Visitacion Avenue,Visitacion Ave & Cora St,100.0,37.71168,-122.40898,91,3RD-19TH AVE OWL
91,1,16851,Rutland Street,Visitacion Ave & Rutland St,100.0,37.71147,-122.40827,91,3RD-19TH AVE OWL
91,1,16851,Visitacion Avenue,Visitacion Ave & Rutland St,100.0,37.71147,-122.40827,91,3RD-19TH AVE OWL
91,1,16853,Sawyer Street,Visitacion Ave & Sawyer St,100.0,37.71324,-122.41453,91,3RD-19TH AVE OWL
91,1,16853,Visitacion Avenue,Visitacion Ave & Sawyer St,100.0,37.71324,-122.41453,91,3RD-19TH AVE OWL
91,1,16855,Schwerin Street,Visitacion Ave & Schwerin St,100.0,37.71218,-122.41085,91,3RD-19TH AVE OWL
91,1,16855,Visitacion Avenue,Visitacion Ave & Schwerin St,100.0,37.71218,-122.41085,91,3RD-19TH AVE OWL
91,1,17125,14th Avenue,West Portal Ave & 14th Ave,100.0,37.738064,-122.468984,91,3RD-19TH AVE OWL
91,1,17125,West Portal Avenue,West Portal Ave & 14th Ave,100.0,37.738064,-122.468984,91,3RD-19TH AVE OWL
91,1,16503,West Portal/Sloat/St Francis Circle,West Portal/Sloat/St Francis Circle,100.0,37.734807,-122.471618,91,3RD-19TH AVE OWL
9R,0,13239,11th Street,11th St & Harrison St,100.0,37.770557,-122.412492,9R,SAN BRUNO RAPID
9R,0,13239,Harrison Street,11th St & Harrison St,100.0,37.770557,-122.412492,9R,SAN BRUNO RAPID
9R,0,13245,11th Street,11th St & Market St,100.0,37.775368,-122.418575,9R,SAN BRUNO RAPID
9R,0,13245,Market Street,11th St & Market St,100.0,37.775368,-122.418575,9R,SAN BRUNO RAPID
9R,0,13772,Arleta Avenue,Bayshore Blvd & Arleta Ave,100.0,37.712125,-122.403167,9R,SAN BRUNO RAPID
9R,0,13772,Bayshore Boulevard,Bayshore Blvd & Arleta Ave,100.0,37.712125,-122.403167,9R,SAN BRUNO RAPID
9R,0,13779,Bayshore Boulevard,Bayshore Blvd & Cortland Ave,100.0,37.73946,-122.407122,9R,SAN BRUNO RAPID
9R,0,13779,Cortland Avenue,Bayshore Blvd & Cortland Ave,100.0,37.73946,-122.407122,9R,SAN BRUNO RAPID
9R,0,13783,Bayshore Boulevard,Bayshore Blvd & Leland Ave,100.0,37.710991,-122.404041,9R,SAN BRUNO RAPID
9R,0,13783,Leland Avenue,Bayshore Blvd & Leland Ave,100.0,37.710991,-122.404041,9R,SAN BRUNO RAPID
9R,0,17888,Bayshore Boulevard,Bayshore Blvd & Oakdale Ave,100.0,37.743046,-122.405402,9R,SAN BRUNO RAPID
9R,0,17888,Oakdale Avenue,Bayshore Blvd & Oakdale Ave,100.0,37.743046,-122.405402,9R,SAN BRUNO RAPID
9R,0,18162,Blythdale Avenue,Brookdale Ave & Blythdale Ave,100.0,37.711304,-122.422231,9R,SAN BRUNO RAPID
9R,0,18162,Brookdale Avenue,Brookdale Ave & Blythdale Ave,100.0,37.711304,-122.422231,9R,SAN BRUNO RAPID
9R,0,14808,Castillo Street,Geneva Ave & Castillo St,100.0,37.707944,-122.41827,9R,SAN BRUNO RAPID
9R,0,14808,Geneva Avenue,Geneva Ave & Castillo St,100.0,37.707944,-122.41827,9R,SAN BRUNO RAPID
9R,0,17127,Geneva Avenue,Geneva Ave & Rio Verde St,100.0,37.707136,-122.415706,9R,SAN BRUNO RAPID
9R,0,17127,Rio Verde Street,Geneva Ave & Rio Verde St,100.0,37.707136,-122.415706,9R,SAN BRUNO RAPID
9R,0,14899,Geneva Avenue,Geneva Ave & Santos St,100.0,37.708371,-122.419887,9R,SAN BRUNO RAPID
9R,0,14899,Santos Street,Geneva Ave & Santos St,100.0,37.708371,-122.419887,9R,SAN BRUNO RAPID
9R,0,15335,Main Street,Main St & Mission St,100.0,37.791991,-122.395033,9R,SAN BRUNO RAPID
9R,0,15335,Mission Street,Main St & Mission St,100.0,37.791991,-122.395033,9R,SAN BRUNO RAPID
9R,0,15639,2nd Street,Market St & 2nd St,100.0,37.789353,-122.401306,9R,SAN BRUNO RAPID
9R,0,15639,Market Street,Market St & 2nd St,100.0,37.789353,-122.401306,9R,SAN BRUNO RAPID
9R,0,15655,5th Street,Market St & 5th  St,100.0,37.784082,-122.407992,9R,SAN BRUNO RAPID
9R,0,15655,Market Street,Market St & 5th  St,100.0,37.784082,-122.407992,9R,SAN BRUNO RAPID
9R,0,15656,7th Street,Market St & 7th St,100.0,37.780568,-122.412441,9R,SAN BRUNO RAPID
9R,0,15656,Market Street,Market St & 7th St,100.0,37.780568,-122.412441,9R,SAN BRUNO RAPID
9R,0,15657,Battery Street,Market St & Battery St,100.0,37.79111,-122.399069,9R,SAN BRUNO RAPID
9R,0,15657,Market Street,Market St & Battery St,100.0,37.79111,-122.399069,9R,SAN BRUNO RAPID
9R,0,15676,Hyde Street,Market St & Hyde St,100.0,37.779105,-122.414379,9R,SAN BRUNO RAPID
9R,0,15676,Market Street,Market St & Hyde St,100.0,37.779105,-122.414379,9R,SAN BRUNO RAPID
9R,0,15678,Kearny Street,Market St & Kearny St,100.0,37.78773,-122.40337,9R,SAN BRUNO RAPID
9R,0,15678,Market Street,Market St & Kearny St,100.0,37.78773,-122.40337,9R,SAN BRUNO RAPID
9R,0,15680,Larkin Street,Market St & Larkin St,100.0,37.777598,-122.416236,9R,SAN BRUNO RAPID
9R,0,15680,Market Street,Market St & Larkin St,100.0,37.777598,-122.416236,9R,SAN BRUNO RAPID
9R,0,15694,Market Street,Market St & Stockton St,100.0,37.785777,-122.405859,9R,SAN BRUNO RAPID
9R,0,15694,Stockton Street,Market St & Stockton St,100.0,37.785777,-122.405859,9R,SAN BRUNO RAPID
9R,0,15695,Market Street,Market St & Taylor St,100.0,37.782316,-122.410228,9R,SAN BRUNO RAPID
9R,0,15695,Taylor Street,Market St & Taylor St,100.0,37.782316,-122.410228,9R,SAN BRUNO RAPID
9R,0,16027,16th Street,Potrero Ave & 16th St,100.0,37.76549,-122.40769,9R,SAN BRUNO RAPID
9R,0,16027,Potrero Avenue,Potrero Ave & 16th St,100.0,37.76549,-122.40769,9R,SAN BRUNO RAPID
9R,0,16037,23rd Street,Potrero Ave & 23rd St,100.0,37.75506,-122.4067,9R,SAN BRUNO RAPID
9R,0,16037,Potrero Avenue,Potrero Ave & 23rd St,100.0,37.75506,-122.4067,9R,SAN BRUNO RAPID
9R,0,16039,24th Street,Potrero Ave & 24th St,100.0,37.75267,-122.40649,9R,SAN BRUNO RAPID
9R,0,16039,Potrero Avenue,Potrero Ave & 24th St,100.0,37.75267,-122.40649,9R,SAN BRUNO RAPID
9R,0,16357,Bacon Street,San Bruno Ave & Bacon St,100.0,37.72754,-122.40368,9R,SAN BRUNO RAPID
9R,0,16357,San Bruno Avenue,San Bruno Ave & Bacon St,100.0,37.72754,-122.40368,9R,SAN BRUNO RAPID
9R,0,16358,Dwight Street,San Bruno Ave & Dwight St,100.0,37.7241,-122.40226,9R,SAN BRUNO RAPID
9R,0,16358,San Bruno Avenue,San Bruno Ave & Dwight St,100.0,37.7241,-122.40226,9R,SAN BRUNO RAPID
9R,0,16365,San Bruno Avenue,San Bruno Ave & Silver Ave,100.0,37.73223,-122.40563,9R,SAN BRUNO RAPID
9R,0,16365,Silver Avenue,San Bruno Ave & Silver Ave,100.0,37.73223,-122.40563,9R,SAN BRUNO RAPID
9R,0,16371,San Bruno Avenue,San Bruno Ave & Wilde Ave,100.0,37.71677,-122.39995,9R,SAN BRUNO RAPID
9R,0,16371,Wilde Avenue,San Bruno Ave & Wilde Ave,100.0,37.71677,-122.39995,9R,SAN BRUNO RAPID
9R,0,16382,Garrison Avenue,Schwerin St & Garrison Ave,100.0,37.70934,-122.41204,9R,SAN BRUNO RAPID
9R,0,16382,Schwerin Street,Schwerin St & Garrison Ave,100.0,37.70934,-122.41204,9R,SAN BRUNO RAPID
9R,0,16384,Geneva Avenue,Schwerin St & Geneva Ave,100.0,37.70657,-122.41326,9R,SAN BRUNO RAPID
9R,0,16384,Schwerin Street,Schwerin St & Geneva Ave,100.0,37.70657,-122.41326,9R,SAN BRUNO RAPID
9R,0,16387,Schwerin Street,Schwerin St & Sunnydale Ave,100.0,37.71034,-122.4116,9R,SAN BRUNO RAPID
9R,0,16387,Sunnydale Avenue,Schwerin St & Sunnydale Ave,100.0,37.71034,-122.4116,9R,SAN BRUNO RAPID
9R,0,16389,Schwerin Street,Schwerin St & Velasco Ave,100.0,37.70815,-122.41257,9R,SAN BRUNO RAPID
9R,0,16389,Velasco Avenue,Schwerin St & Velasco Ave,100.0,37.70815,-122.41257,9R,SAN BRUNO RAPID
9R,0,16569,Bay Shore Boulevard,Sunnydale Ave & Bay Shore Blvd,100.0,37.70901,-122.40545,9R,SAN BRUNO RAPID
9R,0,16569,Sunnydale Avenue,Sunnydale Ave & Bay Shore Blvd,100.0,37.70901,-122.40545,9R,SAN BRUNO RAPID
9R,0,16571,Cora Street,Sunnydale Ave & Cora St,100.0,37.710203,-122.409612,9R,SAN BRUNO RAPID
9R,0,16571,Sunnydale Avenue,Sunnydale Ave & Cora St,100.0,37.710203,-122.409612,9R,SAN BRUNO RAPID
9R,0,16576,Rutland Street,Sunnydale Ave & Rutland St,100.0,37.70986,-122.40851,9R,SAN BRUNO RAPID
9R,0,16576,Sunnydale Avenue,Sunnydale Ave & Rutland St,100.0,37.70986,-122.40851,9R,SAN BRUNO RAPID
9R,0,16583,Sunnydale Avenue,Sunnydale Ave & Talbert St,100.0,37.70935,-122.40669,9R,SAN BRUNO RAPID
9R,0,16583,Talbert Street,Sunnydale Ave & Talbert St,100.0,37.70935,-122.40669,9R,SAN BRUNO RAPID
9R,0,16574,Sunnydale Avenue / Mclaren School,Sunnydale Ave / Mclaren School,100.0,37.714133,-122.423673,9R,SAN BRUNO RAPID
9R,0,18163,Sunnyvale Avenue,Western Access Road & Sunnyvale Ave,100.0,37.713461,-122.421912,9R,SAN BRUNO RAPID
9R,0,18163,Western Access Road,Western Access Road & Sunnyvale Ave,100.0,37.713461,-122.421912,9R,SAN BRUNO RAPID
9R,1,13238,11th Street,11th St & Harrison St,100.0,37.770691,-122.412526,9R,SAN BRUNO RAPID
9R,1,13238,Harrison Street,11th St & Harrison St,100.0,37.770691,-122.412526,9R,SAN BRUNO RAPID
9R,1,13244,11th Street,11th St & Market St,100.0,37.7755,-122.41852,9R,SAN BRUNO RAPID
9R,1,13244,Market Street,11th St & Market St,100.0,37.7755,-122.41852,9R,SAN BRUNO RAPID
9R,1,13778,Bayshore Boulevard,Bayshore Blvd & Cortland Ave,100.0,37.73986,-122.40677,9R,SAN BRUNO RAPID
9R,1,13778,Cortland Avenue,Bayshore Blvd & Cortland Ave,100.0,37.73986,-122.40677,9R,SAN BRUNO RAPID
9R,1,17886,Bayshore Boulevard,Bayshore Blvd & Flower St,100.0,37.742377,-122.405609,9R,SAN BRUNO RAPID
9R,1,17886,Flower Street,Bayshore Blvd & Flower St,100.0,37.742377,-122.405609,9R,SAN BRUNO RAPID
9R,1,13793,Bayshore Boulevard,Bayshore Blvd & Visitacion Ave,100.0,37.71062,-122.40389,9R,SAN BRUNO RAPID
9R,1,13793,Visitacion Avenue,Bayshore Blvd & Visitacion Ave,100.0,37.71062,-122.40389,9R,SAN BRUNO RAPID
9R,1,18161,Blythdale Avenue,Brookdale Ave & Blythdale Ave,100.0,37.711331,-122.422289,9R,SAN BRUNO RAPID
9R,1,18161,Brookdale Avenue,Brookdale Ave & Blythdale Ave,100.0,37.711331,-122.422289,9R,SAN BRUNO RAPID
9R,1,14809,Castillo Street,Geneva Ave & Castillo St,100.0,37.7077,-122.418409,9R,SAN BRUNO RAPID
9R,1,14809,Geneva Avenue,Geneva Ave & Castillo St,100.0,37.7077,-122.418409,9R,SAN BRUNO RAPID
9R,1,14895,Geneva Avenue,Geneva Ave & Rio Verde St,100.0,37.706939,-122.415534,9R,SAN BRUNO RAPID
9R,1,14895,Rio Verde Street,Geneva Ave & Rio Verde St,100.0,37.706939,-122.415534,9R,SAN BRUNO RAPID
9R,1,14901,Geneva Avenue,Geneva Ave & Santos St,100.0,37.708207,-122.420022,9R,SAN BRUNO RAPID
9R,1,14901,Santos Street,Geneva Ave & Santos St,100.0,37.708207,-122.420022,9R,SAN BRUNO RAPID
9R,1,15335,Main Street,Main St & Mission St,100.0,37.791991,-122.395033,9R,SAN BRUNO RAPID
9R,1,15335,Mission Street,Main St & Mission St,100.0,37.791991,-122.395033,9R,SAN BRUNO RAPID
9R,1,17264,1st Street,Market St & 1st St,100.0,37.79094,-122.399195,9R,SAN BRUNO RAPID
9R,1,17264,Market Street,Market St & 1st St,100.0,37.79094,-122.399195,9R,SAN BRUNO RAPID
9R,1,15640,3rd Street,Market St & 3rd St,100.0,37.787525,-122.403519,9R,SAN BRUNO RAPID
9R,1,15640,Market Street,Market St & 3rd St,100.0,37.787525,-122.403519,9R,SAN BRUNO RAPID
9R,1,15643,4th Street,Market St & 4th St,100.0,37.785705,-122.405847,9R,SAN BRUNO RAPID
9R,1,15643,Market Street,Market St & 4th St,100.0,37.785705,-122.405847,9R,SAN BRUNO RAPID
9R,1,15645,5th Street,Market St & 5th St,100.0,37.783886,-122.408141,9R,SAN BRUNO RAPID
9R,1,15645,Market Street,Market St & 5th St,100.0,37.783886,-122.408141,9R,SAN BRUNO RAPID
9R,1,15647,6th Street,Market St & 6th St,100.0,37.782102,-122.4104,9R,SAN BRUNO RAPID
9R,1,15647,Market Street,Market St & 6th St,100.0,37.782102,-122.4104,9R,SAN BRUNO RAPID
9R,1,15650,7th Street,Market St & 7th St,100.0,37.780363,-122.412613,9R,SAN BRUNO RAPID
9R,1,15650,Market Street,Market St & 7th St,100.0,37.780363,-122.412613,9R,SAN BRUNO RAPID
9R,1,15651,8th Street,Market St & 8th St,100.0,37.778606,-122.414826,9R,SAN BRUNO RAPID
9R,1,15651,Market Street,Market St & 8th St,100.0,37.778606,-122.414826,9R,SAN BRUNO RAPID
9R,1,15652,9th Street,Market St & 9th St,100.0,37.77741,-122.41634,9R,SAN BRUNO RAPID
9R,1,15652,Market Street,Market St & 9th St,100.0,37.77741,-122.41634,9R,SAN BRUNO RAPID
9R,1,15658,Beale Street,Market St & Beale St,100.0,37.792572,-122.397016,9R,SAN BRUNO RAPID
9R,1,15658,Market Street,Market St & Beale St,100.0,37.792572,-122.397016,9R,SAN BRUNO RAPID
9R,1,15685,Market Street,Market St & New Montgomery St,100.0,37.788613,-122.402163,9R,SAN BRUNO RAPID
9R,1,15685,New Montgomery Street,Market St & New Montgomery St,100.0,37.788613,-122.402163,9R,SAN BRUNO RAPID
9R,1,16026,16th Street,Potrero Ave & 16th St,100.0,37.766031,-122.407474,9R,SAN BRUNO RAPID
9R,1,16026,Potrero Avenue,Potrero Ave & 16th St,100.0,37.766031,-122.407474,9R,SAN BRUNO RAPID
9R,1,16038,24th Street,Potrero Ave & 24th St,100.0,37.75342,-122.40625,9R,SAN BRUNO RAPID
9R,1,16038,Potrero Avenue,Potrero Ave & 24th St,100.0,37.75342,-122.40625,9R,SAN BRUNO RAPID
9R,1,16119,Potrero Avenue,Potrero Ave At Sf General Hospital,100.0,37.755413,-122.406472,9R,SAN BRUNO RAPID
9R,1,16119,Sf General Hospital,Potrero Ave At Sf General Hospital,100.0,37.755413,-122.406472,9R,SAN BRUNO RAPID
9R,1,16352,Arleta Avenue,San Bruno Ave & Arleta Ave,100.0,37.71246,-122.4023,9R,SAN BRUNO RAPID
9R,1,16352,San Bruno Avenue,San Bruno Ave & Arleta Ave,100.0,37.71246,-122.4023,9R,SAN BRUNO RAPID
9R,1,16355,Bacon Street,San Bruno Ave & Bacon St,100.0,37.72797,-122.40367,9R,SAN BRUNO RAPID
9R,1,16355,San Bruno Avenue,San Bruno Ave & Bacon St,100.0,37.72797,-122.40367,9R,SAN BRUNO RAPID
9R,1,17899,Harkness Avenue,San Bruno Ave & Harkness Ave,100.0,37.718043,-122.400114,9R,SAN BRUNO RAPID
9R,1,17899,San Bruno Avenue,San Bruno Ave & Harkness Ave,100.0,37.718043,-122.400114,9R,SAN BRUNO RAPID
9R,1,16362,Paul Avenue,San Bruno Ave & Paul Ave,100.0,37.72418,-122.4021,9R,SAN BRUNO RAPID
9R,1,16362,San Bruno Avenue,San Bruno Ave & Paul Ave,100.0,37.72418,-122.4021,9R,SAN BRUNO RAPID
9R,1,16364,San Bruno Avenue,San Bruno Ave & Silver Ave,100.0,37.73202,-122.40535,9R,SAN BRUNO RAPID
9R,1,16364,Silver Avenue,San Bruno Ave & Silver Ave,100.0,37.73202,-122.40535,9R,SAN BRUNO RAPID
9R,1,16383,Garrison Avenue,Schwerin St & Garrison Ave,100.0,37.70916,-122.41193,9R,SAN BRUNO RAPID
9R,1,16383,Schwerin Street,Schwerin St & Garrison Ave,100.0,37.70916,-122.41193,9R,SAN BRUNO RAPID
9R,1,16385,Macdonald Avenue,Schwerin St & Macdonald Ave,100.0,37.7069,-122.41294,9R,SAN BRUNO RAPID
9R,1,16385,Schwerin Street,Schwerin St & Macdonald Ave,100.0,37.7069,-122.41294,9R,SAN BRUNO RAPID
9R,1,16386,Schwerin Street,Schwerin St & Sunnydale Ave,100.0,37.71049,-122.41136,9R,SAN BRUNO RAPID
9R,1,16386,Sunnydale Avenue,Schwerin St & Sunnydale Ave,100.0,37.71049,-122.41136,9R,SAN BRUNO RAPID
9R,1,16388,Schwerin Street,Schwerin St & Velasco Ave,100.0,37.70826,-122.41234,9R,SAN BRUNO RAPID
9R,1,16388,Velasco Avenue,Schwerin St & Velasco Ave,100.0,37.70826,-122.41234,9R,SAN BRUNO RAPID
9R,1,16475,Market Street,Spear St & Market St,100.0,37.7934,-122.39528,9R,SAN BRUNO RAPID
9R,1,16475,Spear Street,Spear St & Market St,100.0,37.7934,-122.39528,9R,SAN BRUNO RAPID
9R,1,17297,Bay Shore Boulevard,Sunnydale Ave & Bay Shore Blvd,100.0,37.708801,-122.40525,9R,SAN BRUNO RAPID
9R,1,17297,Sunnydale Avenue,Sunnydale Ave & Bay Shore Blvd,100.0,37.708801,-122.40525,9R,SAN BRUNO RAPID
9R,1,16570,Cora Street,Sunnydale Ave & Cora St,100.0,37.70996,-122.40937,9R,SAN BRUNO RAPID
9R,1,16570,Sunnydale Avenue,Sunnydale Ave & Cora St,100.0,37.70996,-122.40937,9R,SAN BRUNO RAPID
9R,1,16584,Sunnydale Avenue,Sunnydale Ave & Talbert St,100.0,37.70935,-122.407,9R,SAN BRUNO RAPID
9R,1,16584,Talbert Street,Sunnydale Ave & Talbert St,100.0,37.70935,-122.407,9R,SAN BRUNO RAPID
9R,1,16575,Sunnydale Avenue / Mclaren School,Sunnydale Ave / Mclaren School,100.0,37.7141,-122.4241,9R,SAN BRUNO RAPID
9R,1,18160,Sunnyvale Avenue,Sunnyvale Ave & W.Access Rd,100.0,37.713588,-122.42215,9R,SAN BRUNO RAPID
9R,1,18160,W.Access Road,Sunnyvale Ave & W.Access Rd,100.0,37.713588,-122.42215,9R,SAN BRUNO RAPID
CA,0,13849,Battery Street,California St & Battery St,91.781,37.793296,-122.399813,CA,CALIFORNIA STREET CABLE CAR
CA,0,13849,California Street,California St & Battery St,91.781,37.793296,-122.399813,CA,CALIFORNIA STREET CABLE CAR
CA,0,13855,California Street,California St & Davis St,91.781,37.793589,-122.397462,CA,CALIFORNIA STREET CABLE CAR
CA,0,13855,Davis Street,California St & Davis St,91.781,37.793589,-122.397462,CA,CALIFORNIA STREET CABLE CAR
CA,0,13860,California Street,California St & Drumm St,91.781,37.793678,-122.396373,CA,CALIFORNIA STREET CABLE CAR
CA,0,13860,Drumm Street,California St & Drumm St,91.781,37.793678,-122.396373,CA,CALIFORNIA STREET CABLE CAR
CA,0,13863,California Street,California St & Front St,91.781,37.793438,-122.398643,CA,CALIFORNIA STREET CABLE CAR
CA,0,13863,Front Street,California St & Front St,91.781,37.793438,-122.398643,CA,CALIFORNIA STREET CABLE CAR
CA,0,13865,California Street,California St & Grant Ave,91.781,37.792504,-122.405958,CA,CALIFORNIA STREET CABLE CAR
CA,0,13865,Grant Avenue,California St & Grant Ave,91.781,37.792504,-122.405958,CA,CALIFORNIA STREET CABLE CAR
CA,0,13867,California Street,California St & Hyde St,100.0,37.791018,-122.41756,CA,CALIFORNIA STREET CABLE CAR
CA,0,13867,Hyde Street,California St & Hyde St,100.0,37.791018,-122.41756,CA,CALIFORNIA STREET CABLE CAR
CA,0,13869,California Street,California St & Jones St,91.781,37.791472,-122.414121,CA,CALIFORNIA STREET CABLE CAR
CA,0,13869,Jones Street,California St & Jones St,91.781,37.791472,-122.414121,CA,CALIFORNIA STREET CABLE CAR
CA,0,13871,California Street,California St & Kearny St,91.781,37.792718,-122.404273,CA,CALIFORNIA STREET CABLE CAR
CA,0,13871,Kearny Street,California St & Kearny St,91.781,37.792718,-122.404273,CA,CALIFORNIA STREET CABLE CAR
CA,0,13873,California Street,California St & Larkin St,100.0,37.790866,-122.41889,CA,CALIFORNIA STREET CABLE CAR
CA,0,13873,Larkin Street,California St & Larkin St,100.0,37.790866,-122.41889,CA,CALIFORNIA STREET CABLE CAR
CA,0,13877,California Street,California St & Leavenworth St,91.781,37.791285,-122.415611,CA,CALIFORNIA STREET CABLE CAR
CA,0,13877,Leavenworth Street,California St & Leavenworth St,91.781,37.791285,-122.415611,CA,CALIFORNIA STREET CABLE CAR
CA,0,13880,California Street,California St & Mason St,91.781,37.791872,-122.41098,CA,CALIFORNIA STREET CABLE CAR
CA,0,13880,Mason Street,California St & Mason St,91.781,37.791872,-122.41098,CA,CALIFORNIA STREET CABLE CAR
CA,0,13883,California Street,California St & Montgomery St,91.781,37.792931,-122.402622,CA,CALIFORNIA STREET CABLE CAR
CA,0,13883,Montgomery Street,California St & Montgomery St,91.781,37.792931,-122.402622,CA,CALIFORNIA STREET CABLE CAR
CA,0,13888,California Street,California St & Polk St,100.0,37.790661,-122.420541,CA,CALIFORNIA STREET CABLE CAR
CA,0,13888,Polk Street,California St & Polk St,100.0,37.790661,-122.420541,CA,CALIFORNIA STREET CABLE CAR
CA,0,13890,California Street,California St & Powell St,91.781,37.792068,-122.40942,CA,CALIFORNIA STREET CABLE CAR
CA,0,13890,Powell Street,California St & Powell St,91.781,37.792068,-122.40942,CA,CALIFORNIA STREET CABLE CAR
CA,0,13894,California Street,California St & Sansome St,91.781,37.793145,-122.400982,CA,CALIFORNIA STREET CABLE CAR
CA,0,13894,Sansome Street,California St & Sansome St,91.781,37.793145,-122.400982,CA,CALIFORNIA STREET CABLE CAR
CA,0,13899,California Street,California St & Stockton St,91.781,37.792308,-122.407552,CA,CALIFORNIA STREET CABLE CAR
CA,0,13899,Stockton Street,California St & Stockton St,91.781,37.792308,-122.407552,CA,CALIFORNIA STREET CABLE CAR
CA,0,13901,California Street,California St & Taylor St,91.781,37.791712,-122.412321,CA,CALIFORNIA STREET CABLE CAR
CA,0,13901,Taylor Street,California St & Taylor St,91.781,37.791712,-122.412321,CA,CALIFORNIA STREET CABLE CAR
CA,0,17142,California Street,California St & Van Ness Ave,100.0,37.790412,-122.422238,CA,CALIFORNIA STREET CABLE CAR
CA,0,17142,Van Ness Avenue,California St & Van Ness Ave,100.0,37.790412,-122.422238,CA,CALIFORNIA STREET CABLE CAR
CA,1,17444,Battery Street,California St & Battery St,91.781,37.793127,-122.400099,CA,CALIFORNIA STREET CABLE CAR
CA,1,17444,California Street,California St & Battery St,91.781,37.793127,-122.400099,CA,CALIFORNIA STREET CABLE CAR
CA,1,13857,California Street,California St & Davis St,91.781,37.79342,-122.397749,CA,CALIFORNIA STREET CABLE CAR
CA,1,17294,California Street,California St & Davis St,91.781,37.793527,-122.396797,CA,CALIFORNIA STREET CABLE CAR
CA,1,13857,Davis Street,California St & Davis St,91.781,37.79342,-122.397749,CA,CALIFORNIA STREET CABLE CAR
CA,1,17294,Davis Street,California St & Davis St,91.781,37.793527,-122.396797,CA,CALIFORNIA STREET CABLE CAR
CA,1,13860,California Street,California St & Drumm St,91.781,37.793678,-122.396373,CA,CALIFORNIA STREET CABLE CAR
CA,1,13860,Drumm Street,California St & Drumm St,91.781,37.793678,-122.396373,CA,CALIFORNIA STREET CABLE CAR
CA,1,13864,California Street,California St & Front St,91.781,37.79327,-122.39892,CA,CALIFORNIA STREET CABLE CAR
CA,1,13864,Front Street,California St & Front St,91.781,37.79327,-122.39892,CA,CALIFORNIA STREET CABLE CAR
CA,1,13866,California Street,California St & Grant Ave,91.781,37.792379,-122.405935,CA,CALIFORNIA STREET CABLE CAR
CA,1,13866,Grant Avenue,California St & Grant Ave,91.781,37.792379,-122.405935,CA,CALIFORNIA STREET CABLE CAR
CA,1,13868,California Street,California St & Hyde St,100.0,37.790902,-122.417537,CA,CALIFORNIA STREET CABLE CAR
CA,1,13868,Hyde Street,California St & Hyde St,100.0,37.790902,-122.417537,CA,CALIFORNIA STREET CABLE CAR
CA,1,13870,California Street,California St & Jones St,91.781,37.791347,-122.414098,CA,CALIFORNIA STREET CABLE CAR
CA,1,13870,Jones Street,California St & Jones St,91.781,37.791347,-122.414098,CA,CALIFORNIA STREET CABLE CAR
CA,1,13872,California Street,California St & Kearny St,91.781,37.792593,-122.40425,CA,CALIFORNIA STREET CABLE CAR
CA,1,13872,Kearny Street,California St & Kearny St,91.781,37.792593,-122.40425,CA,CALIFORNIA STREET CABLE CAR
CA,1,13874,California Street,California St & Larkin St,100.0,37.7907,-122.41916,CA,CALIFORNIA STREET CABLE CAR
CA,1,13874,Larkin Street,California St & Larkin St,100.0,37.7907,-122.41916,CA,CALIFORNIA STREET CABLE CAR
CA,1,13878,California Street,California St & Leavenworth St,91.781,37.791133,-122.415749,CA,CALIFORNIA STREET CABLE CAR
CA,1,13878,Leavenworth Street,California St & Leavenworth St,91.781,37.791133,-122.415749,CA,CALIFORNIA STREET CABLE CAR
CA,1,13881,California Street,California St & Mason St,91.781,37.791747,-122.410957,CA,CALIFORNIA STREET CABLE CAR
CA,1,13881,Mason Street,California St & Mason St,91.781,37.791747,-122.410957,CA,CALIFORNIA STREET CABLE CAR
CA,1,13882,California Street,California St & Montgomery St,91.781,37.792762,-122.402908,CA,CALIFORNIA STREET CABLE CAR
CA,1,13882,Montgomery Street,California St & Montgomery St,91.781,37.792762,-122.402908,CA,CALIFORNIA STREET CABLE CAR
CA,1,13889,California Street,California St & Polk St,100.0,37.790492,-122.420828,CA,CALIFORNIA STREET CABLE CAR
CA,1,13889,Polk Street,California St & Polk St,100.0,37.790492,-122.420828,CA,CALIFORNIA STREET CABLE CAR
CA,1,13891,California Street,California St & Powell St,91.781,37.791952,-122.40934,CA,CALIFORNIA STREET CABLE CAR
CA,1,13891,Powell Street,California St & Powell St,91.781,37.791952,-122.40934,CA,CALIFORNIA STREET CABLE CAR
CA,1,13895,California Street,California St & Sansome St,91.781,37.792975,-122.401269,CA,CALIFORNIA STREET CABLE CAR
CA,1,13895,Sansome Street,California St & Sansome St,91.781,37.792975,-122.401269,CA,CALIFORNIA STREET CABLE CAR
CA,1,13900,California Street,California St & Stockton St,91.781,37.792184,-122.407529,CA,CALIFORNIA STREET CABLE CAR
CA,1,13900,Stockton Street,California St & Stockton St,91.781,37.792184,-122.407529,CA,CALIFORNIA STREET CABLE CAR
CA,1,13902,California Street,California St & Taylor St,91.781,37.791543,-122.412608,CA,CALIFORNIA STREET CABLE CAR
CA,1,13902,Taylor Street,California St & Taylor St,91.781,37.791543,-122.412608,CA,CALIFORNIA STREET CABLE CAR
CA,1,17142,California Street,California St & Van Ness Ave,100.0,37.790412,-122.422238,CA,CALIFORNIA STREET CABLE CAR
CA,1,17142,Van Ness Avenue,California St & Van Ness Ave,100.0,37.790412,-122.422238,CA,CALIFORNIA STREET CABLE CAR
F,0,13311,17th Street,17th St & Castro St,80.282,37.762576,-122.434979,F,MARKET & WHARVES
F,0,13311,Castro Street,17th St & Castro St,80.282,37.762576,-122.434979,F,MARKET & WHARVES
F,0,13318,17th Street,17th St & Noe St,19.718,37.762645,-122.432991,F,MARKET & WHARVES
F,0,13318,Noe Street,17th St & Noe St,19.718,37.762645,-122.432991,F,MARKET & WHARVES
F,0,13092,Beach Street,Beach St & Mason St,100.0,37.807407,-122.414125,F,MARKET & WHARVES
F,0,13092,Mason Street,Beach St & Mason St,100.0,37.807407,-122.414125,F,MARKET & WHARVES
F,0,13095,Beach Street,Beach St & Stockton St,100.0,37.807841,-122.41081,F,MARKET & WHARVES
F,0,13095,Stockton Street,Beach St & Stockton St,100.0,37.807841,-122.41081,F,MARKET & WHARVES
F,0,14726,Don Chee Way/Steuart Street,Don Chee Way/Steuart St,100.0,37.79398,-122.393555,F,MARKET & WHARVES
F,0,15184,Beach Street,Jones St & Beach St,100.0,37.807132,-122.417324,F,MARKET & WHARVES
F,0,15184,Jones Street,Jones St & Beach St,100.0,37.807132,-122.417324,F,MARKET & WHARVES
F,0,15639,2nd Street,Market St & 2nd St,100.0,37.789353,-122.401306,F,MARKET & WHARVES
F,0,15639,Market Street,Market St & 2nd St,100.0,37.789353,-122.401306,F,MARKET & WHARVES
F,0,15655,5th Street,Market St & 5th  St,100.0,37.784082,-122.407992,F,MARKET & WHARVES
F,0,15655,Market Street,Market St & 5th  St,100.0,37.784082,-122.407992,F,MARKET & WHARVES
F,0,15656,7th Street,Market St & 7th St,100.0,37.780568,-122.412441,F,MARKET & WHARVES
F,0,15656,Market Street,Market St & 7th St,100.0,37.780568,-122.412441,F,MARKET & WHARVES
F,0,15657,Battery Street,Market St & Battery St,100.0,37.79111,-122.399069,F,MARKET & WHARVES
F,0,15657,Market Street,Market St & Battery St,100.0,37.79111,-122.399069,F,MARKET & WHARVES
F,0,15659,Buchanan Street,Market St & Buchanan St,100.0,37.769786,-122.426149,F,MARKET & WHARVES
F,0,15659,Market Street,Market St & Buchanan St,100.0,37.769786,-122.426149,F,MARKET & WHARVES
F,0,15661,Church Street,Market St & Church St,100.0,37.767705,-122.428778,F,MARKET & WHARVES
F,0,15661,Market Street,Market St & Church St,100.0,37.767705,-122.428778,F,MARKET & WHARVES
F,0,15669,Drumm Street,Market St & Drumm St,100.0,37.793473,-122.396178,F,MARKET & WHARVES
F,0,15669,Market Street,Market St & Drumm St,100.0,37.793473,-122.396178,F,MARKET & WHARVES
F,0,15672,Gough Street,Market St & Gough St,100.0,37.773269,-122.421768,F,MARKET & WHARVES
F,0,15672,Market Street,Market St & Gough St,100.0,37.773269,-122.421768,F,MARKET & WHARVES
F,0,15676,Hyde Street,Market St & Hyde St,100.0,37.779105,-122.414379,F,MARKET & WHARVES
F,0,15676,Market Street,Market St & Hyde St,100.0,37.779105,-122.414379,F,MARKET & WHARVES
F,0,15678,Kearny Street,Market St & Kearny St,100.0,37.78773,-122.40337,F,MARKET & WHARVES
F,0,15678,Market Street,Market St & Kearny St,100.0,37.78773,-122.40337,F,MARKET & WHARVES
F,0,15681,Laguna Street,Market St & Laguna St,100.0,37.770953,-122.424666,F,MARKET & WHARVES
F,0,15681,Market Street,Market St & Laguna St,100.0,37.770953,-122.424666,F,MARKET & WHARVES
F,0,15680,Larkin Street,Market St & Larkin St,100.0,37.777598,-122.416236,F,MARKET & WHARVES
F,0,15680,Market Street,Market St & Larkin St,100.0,37.777598,-122.416236,F,MARKET & WHARVES
F,0,15686,Market Street,Market St & Noe St,100.0,37.764489,-122.432812,F,MARKET & WHARVES
F,0,15686,Noe Street,Market St & Noe St,100.0,37.764489,-122.432812,F,MARKET & WHARVES
F,0,15690,Market Street,Market St & Sanchez St,100.0,37.766185,-122.430707,F,MARKET & WHARVES
F,0,15690,Sanchez Street,Market St & Sanchez St,100.0,37.766185,-122.430707,F,MARKET & WHARVES
F,0,15694,Market Street,Market St & Stockton St,100.0,37.785777,-122.405859,F,MARKET & WHARVES
F,0,15694,Stockton Street,Market St & Stockton St,100.0,37.785777,-122.405859,F,MARKET & WHARVES
F,0,15695,Market Street,Market St & Taylor St,100.0,37.782316,-122.410228,F,MARKET & WHARVES
F,0,15695,Taylor Street,Market St & Taylor St,100.0,37.782316,-122.410228,F,MARKET & WHARVES
F,0,15696,Market Street,Market St & Van Ness Ave,100.0,37.775198,-122.419252,F,MARKET & WHARVES
F,0,15696,Van Ness Avenue,Market St & Van Ness Ave,100.0,37.775198,-122.419252,F,MARKET & WHARVES
F,0,14502,Bay Street,The Embarcadero & Bay St,100.0,37.806629,-122.40603,F,MARKET & WHARVES
F,0,14502,The Embarcadero,The Embarcadero & Bay St,100.0,37.806629,-122.40603,F,MARKET & WHARVES
F,0,14504,Broadway,The Embarcadero & Broadway,100.0,37.798901,-122.397434,F,MARKET & WHARVES
F,0,14504,The Embarcadero,The Embarcadero & Broadway,100.0,37.798901,-122.397434,F,MARKET & WHARVES
F,0,17283,Ferry Building,The Embarcadero & Ferry Building,100.0,37.794828,-122.39377,F,MARKET & WHARVES
F,0,17283,The Embarcadero,The Embarcadero & Ferry Building,100.0,37.794828,-122.39377,F,MARKET & WHARVES
F,0,14518,Green Street,The Embarcadero & Green St,100.0,37.800605,-122.39892,F,MARKET & WHARVES
F,0,14518,The Embarcadero,The Embarcadero & Green St,100.0,37.800605,-122.39892,F,MARKET & WHARVES
F,0,14516,Greenwich Street,The Embarcadero & Greenwich St,100.0,37.80296,-122.401029,F,MARKET & WHARVES
F,0,14516,The Embarcadero,The Embarcadero & Greenwich St,100.0,37.80296,-122.401029,F,MARKET & WHARVES
F,0,14529,Sansome Street,The Embarcadero & Sansome St,100.0,37.805022,-122.403314,F,MARKET & WHARVES
F,0,14529,The Embarcadero,The Embarcadero & Sansome St,100.0,37.805022,-122.403314,F,MARKET & WHARVES
F,0,14534,The Embarcadero,The Embarcadero & Washington St,100.0,37.796355,-122.395181,F,MARKET & WHARVES
F,0,14534,Washington Street,The Embarcadero & Washington St,100.0,37.796355,-122.395181,F,MARKET & WHARVES
F,1,13311,17th Street,17th St & Castro St,100.0,37.762576,-122.434979,F,MARKET & WHARVES
F,1,13311,Castro Street,17th St & Castro St,100.0,37.762576,-122.434979,F,MARKET & WHARVES
F,1,14727,Don Chee Way/Steuart Street,Don Chee Way/Steuart St,100.0,37.793918,-122.393438,F,MARKET & WHARVES
F,1,17281,Embarcadero,Embarcadero & Sansome St,100.0,37.805146,-122.403233,F,MARKET & WHARVES
F,1,17281,Sansome Street,Embarcadero & Sansome St,100.0,37.805146,-122.403233,F,MARKET & WHARVES
F,1,15174,Jefferson Street,Jefferson St & Powell St,100.0,37.808594,-122.413357,F,MARKET & WHARVES
F,1,15174,Powell Street,Jefferson St & Powell St,100.0,37.808594,-122.413357,F,MARKET & WHARVES
F,1,15175,Jefferson Street,Jefferson St & Taylor St,100.0,37.80832,-122.415514,F,MARKET & WHARVES
F,1,15175,Taylor Street,Jefferson St & Taylor St,100.0,37.80832,-122.415514,F,MARKET & WHARVES
F,1,15184,Beach Street,Jones St & Beach St,100.0,37.807132,-122.417324,F,MARKET & WHARVES
F,1,15184,Jones Street,Jones St & Beach St,100.0,37.807132,-122.417324,F,MARKET & WHARVES
F,1,17264,1st Street,Market St & 1st St,100.0,37.79094,-122.399195,F,MARKET & WHARVES
F,1,17264,Market Street,Market St & 1st St,100.0,37.79094,-122.399195,F,MARKET & WHARVES
F,1,15640,3rd Street,Market St & 3rd St,100.0,37.787525,-122.403519,F,MARKET & WHARVES
F,1,15640,Market Street,Market St & 3rd St,100.0,37.787525,-122.403519,F,MARKET & WHARVES
F,1,15643,4th Street,Market St & 4th St,100.0,37.785705,-122.405847,F,MARKET & WHARVES
F,1,15643,Market Street,Market St & 4th St,100.0,37.785705,-122.405847,F,MARKET & WHARVES
F,1,15645,5th Street,Market St & 5th St,100.0,37.783886,-122.408141,F,MARKET & WHARVES
F,1,15645,Market Street,Market St & 5th St,100.0,37.783886,-122.408141,F,MARKET & WHARVES
F,1,15647,6th Street,Market St & 6th St,100.0,37.782102,-122.4104,F,MARKET & WHARVES
F,1,15647,Market Street,Market St & 6th St,100.0,37.782102,-122.4104,F,MARKET & WHARVES
F,1,15650,7th Street,Market St & 7th St,100.0,37.780363,-122.412613,F,MARKET & WHARVES
F,1,15650,Market Street,Market St & 7th St,100.0,37.780363,-122.412613,F,MARKET & WHARVES
F,1,15651,8th Street,Market St & 8th St,100.0,37.778606,-122.414826,F,MARKET & WHARVES
F,1,15651,Market Street,Market St & 8th St,100.0,37.778606,-122.414826,F,MARKET & WHARVES
F,1,15652,9th Street,Market St & 9th St,100.0,37.77741,-122.41634,F,MARKET & WHARVES
F,1,15652,Market Street,Market St & 9th St,100.0,37.77741,-122.41634,F,MARKET & WHARVES
F,1,15662,Church Street,Market St & Church St,100.0,37.76725,-122.429214,F,MARKET & WHARVES
F,1,15662,Market Street,Market St & Church St,100.0,37.76725,-122.429214,F,MARKET & WHARVES
F,1,15668,Dolores Street,Market St & Dolores St,100.0,37.76888,-122.427103,F,MARKET & WHARVES
F,1,15668,Market Street,Market St & Dolores St,100.0,37.76888,-122.427103,F,MARKET & WHARVES
F,1,15673,Gough Street,Market St & Gough St,100.0,37.772875,-122.421991,F,MARKET & WHARVES
F,1,15673,Market Street,Market St & Gough St,100.0,37.772875,-122.421991,F,MARKET & WHARVES
F,1,15675,Guerrero Street,Market St & Guerrero St,100.0,37.77057,-122.424971,F,MARKET & WHARVES
F,1,15675,Market Street,Market St & Guerrero St,100.0,37.77057,-122.424971,F,MARKET & WHARVES
F,1,15682,Main Street,Market St & Main St,100.0,37.792984,-122.396627,F,MARKET & WHARVES
F,1,15682,Market Street,Market St & Main St,100.0,37.792984,-122.396627,F,MARKET & WHARVES
F,1,15685,Market Street,Market St & New Montgomery St,100.0,37.788613,-122.402163,F,MARKET & WHARVES
F,1,15685,New Montgomery Street,Market St & New Montgomery St,100.0,37.788613,-122.402163,F,MARKET & WHARVES
F,1,15687,Market Street,Market St & Noe St,100.0,37.763958,-122.433323,F,MARKET & WHARVES
F,1,15687,Noe Street,Market St & Noe St,100.0,37.763958,-122.433323,F,MARKET & WHARVES
F,1,17123,Market Street,Market St & Sanchez St,100.0,37.765632,-122.431216,F,MARKET & WHARVES
F,1,17123,Sanchez Street,Market St & Sanchez St,100.0,37.765632,-122.431216,F,MARKET & WHARVES
F,1,15692,Market Street,Market St & South Van Ness Ave,100.0,37.775056,-122.419321,F,MARKET & WHARVES
F,1,15692,Van Ness Avenue,Market St & South Van Ness Ave,100.0,37.775056,-122.419321,F,MARKET & WHARVES
F,1,14501,Bay Street,The Embarcadero & Bay St,100.0,37.806945,-122.406278,F,MARKET & WHARVES
F,1,14501,The Embarcadero,The Embarcadero & Bay St,100.0,37.806945,-122.406278,F,MARKET & WHARVES
F,1,14503,Broadway,The Embarcadero & Broadway,100.0,37.799552,-122.397869,F,MARKET & WHARVES
F,1,14503,The Embarcadero,The Embarcadero & Broadway,100.0,37.799552,-122.397869,F,MARKET & WHARVES
F,1,14513,Ferry Building,The Embarcadero & Ferry Building,100.0,37.79489,-122.393552,F,MARKET & WHARVES
F,1,14513,The Embarcadero,The Embarcadero & Ferry Building,100.0,37.79489,-122.393552,F,MARKET & WHARVES
F,1,14517,Green Street,The Embarcadero & Green St,100.0,37.801264,-122.399369,F,MARKET & WHARVES
F,1,14517,The Embarcadero,The Embarcadero & Green St,100.0,37.801264,-122.399369,F,MARKET & WHARVES
F,1,14515,Greenwich Street,The Embarcadero & Greenwich St,100.0,37.803263,-122.401113,F,MARKET & WHARVES
F,1,14515,The Embarcadero,The Embarcadero & Greenwich St,100.0,37.803263,-122.401113,F,MARKET & WHARVES
F,1,14530,Stockton Street,The Embarcadero & Stockton St,100.0,37.808351,-122.410287,F,MARKET & WHARVES
F,1,14530,The Embarcadero,The Embarcadero & Stockton St,100.0,37.808351,-122.410287,F,MARKET & WHARVES
F,1,14532,The Embarcadero,The Embarcadero & Washington St,100.0,37.797085,-122.39567,F,MARKET & WHARVES
F,1,14532,Washington Street,The Embarcadero & Washington St,100.0,37.797085,-122.39567,F,MARKET & WHARVES
FBUS,0,13311,17th Street,17th St & Castro St,100.0,37.762576,-122.434979,FBUS,MARKET & WHARVES BUS
FBUS,0,13311,Castro Street,17th St & Castro St,100.0,37.762576,-122.434979,FBUS,MARKET & WHARVES BUS
FBUS,0,13092,Beach Street,Beach St & Mason St,100.0,37.807407,-122.414125,FBUS,MARKET & WHARVES BUS
FBUS,0,13092,Mason Street,Beach St & Mason St,100.0,37.807407,-122.414125,FBUS,MARKET & WHARVES BUS
FBUS,0,13095,Beach Street,Beach St & Stockton St,100.0,37.807841,-122.41081,FBUS,MARKET & WHARVES BUS
FBUS,0,13095,Stockton Street,Beach St & Stockton St,100.0,37.807841,-122.41081,FBUS,MARKET & WHARVES BUS
FBUS,0,14726,Don Chee Way/Steuart Street,Don Chee Way/Steuart St,100.0,37.79398,-122.393555,FBUS,MARKET & WHARVES BUS
FBUS,0,15184,Beach Street,Jones St & Beach St,100.0,37.807132,-122.417324,FBUS,MARKET & WHARVES BUS
FBUS,0,15184,Jones Street,Jones St & Beach St,100.0,37.807132,-122.417324,FBUS,MARKET & WHARVES BUS
FBUS,0,15639,2nd Street,Market St & 2nd St,100.0,37.789353,-122.401306,FBUS,MARKET & WHARVES BUS
FBUS,0,15639,Market Street,Market St & 2nd St,100.0,37.789353,-122.401306,FBUS,MARKET & WHARVES BUS
FBUS,0,15655,5th Street,Market St & 5th  St,100.0,37.784082,-122.407992,FBUS,MARKET & WHARVES BUS
FBUS,0,15655,Market Street,Market St & 5th  St,100.0,37.784082,-122.407992,FBUS,MARKET & WHARVES BUS
FBUS,0,15656,7th Street,Market St & 7th St,100.0,37.780568,-122.412441,FBUS,MARKET & WHARVES BUS
FBUS,0,15656,Market Street,Market St & 7th St,100.0,37.780568,-122.412441,FBUS,MARKET & WHARVES BUS
FBUS,0,15657,Battery Street,Market St & Battery St,100.0,37.79111,-122.399069,FBUS,MARKET & WHARVES BUS
FBUS,0,15657,Market Street,Market St & Battery St,100.0,37.79111,-122.399069,FBUS,MARKET & WHARVES BUS
FBUS,0,15659,Buchanan Street,Market St & Buchanan St,100.0,37.769786,-122.426149,FBUS,MARKET & WHARVES BUS
FBUS,0,15659,Market Street,Market St & Buchanan St,100.0,37.769786,-122.426149,FBUS,MARKET & WHARVES BUS
FBUS,0,15661,Church Street,Market St & Church St,100.0,37.767705,-122.428778,FBUS,MARKET & WHARVES BUS
FBUS,0,15661,Market Street,Market St & Church St,100.0,37.767705,-122.428778,FBUS,MARKET & WHARVES BUS
FBUS,0,15669,Drumm Street,Market St & Drumm St,100.0,37.793473,-122.396178,FBUS,MARKET & WHARVES BUS
FBUS,0,15669,Market Street,Market St & Drumm St,100.0,37.793473,-122.396178,FBUS,MARKET & WHARVES BUS
FBUS,0,15672,Gough Street,Market St & Gough St,100.0,37.773269,-122.421768,FBUS,MARKET & WHARVES BUS
FBUS,0,15672,Market Street,Market St & Gough St,100.0,37.773269,-122.421768,FBUS,MARKET & WHARVES BUS
FBUS,0,15676,Hyde Street,Market St & Hyde St,100.0,37.779105,-122.414379,FBUS,MARKET & WHARVES BUS
FBUS,0,15676,Market Street,Market St & Hyde St,100.0,37.779105,-122.414379,FBUS,MARKET & WHARVES BUS
FBUS,0,15678,Kearny Street,Market St & Kearny St,100.0,37.78773,-122.40337,FBUS,MARKET & WHARVES BUS
FBUS,0,15678,Market Street,Market St & Kearny St,100.0,37.78773,-122.40337,FBUS,MARKET & WHARVES BUS
FBUS,0,15681,Laguna Street,Market St & Laguna St,100.0,37.770953,-122.424666,FBUS,MARKET & WHARVES BUS
FBUS,0,15681,Market Street,Market St & Laguna St,100.0,37.770953,-122.424666,FBUS,MARKET & WHARVES BUS
FBUS,0,15680,Larkin Street,Market St & Larkin St,100.0,37.777598,-122.416236,FBUS,MARKET & WHARVES BUS
FBUS,0,15680,Market Street,Market St & Larkin St,100.0,37.777598,-122.416236,FBUS,MARKET & WHARVES BUS
FBUS,0,15686,Market Street,Market St & Noe St,100.0,37.764489,-122.432812,FBUS,MARKET & WHARVES BUS
FBUS,0,15686,Noe Street,Market St & Noe St,100.0,37.764489,-122.432812,FBUS,MARKET & WHARVES BUS
FBUS,0,15690,Market Street,Market St & Sanchez St,100.0,37.766185,-122.430707,FBUS,MARKET & WHARVES BUS
FBUS,0,15690,Sanchez Street,Market St & Sanchez St,100.0,37.766185,-122.430707,FBUS,MARKET & WHARVES BUS
FBUS,0,15694,Market Street,Market St & Stockton St,100.0,37.785777,-122.405859,FBUS,MARKET & WHARVES BUS
FBUS,0,15694,Stockton Street,Market St & Stockton St,100.0,37.785777,-122.405859,FBUS,MARKET & WHARVES BUS
FBUS,0,15695,Market Street,Market St & Taylor St,100.0,37.782316,-122.410228,FBUS,MARKET & WHARVES BUS
FBUS,0,15695,Taylor Street,Market St & Taylor St,100.0,37.782316,-122.410228,FBUS,MARKET & WHARVES BUS
FBUS,0,15696,Market Street,Market St & Van Ness Ave,100.0,37.775198,-122.419252,FBUS,MARKET & WHARVES BUS
FBUS,0,15696,Van Ness Avenue,Market St & Van Ness Ave,100.0,37.775198,-122.419252,FBUS,MARKET & WHARVES BUS
FBUS,0,14502,Bay Street,The Embarcadero & Bay St,100.0,37.806629,-122.40603,FBUS,MARKET & WHARVES BUS
FBUS,0,14502,The Embarcadero,The Embarcadero & Bay St,100.0,37.806629,-122.40603,FBUS,MARKET & WHARVES BUS
FBUS,0,14504,Broadway,The Embarcadero & Broadway,100.0,37.798901,-122.397434,FBUS,MARKET & WHARVES BUS
FBUS,0,14504,The Embarcadero,The Embarcadero & Broadway,100.0,37.798901,-122.397434,FBUS,MARKET & WHARVES BUS
FBUS,0,17283,Ferry Building,The Embarcadero & Ferry Building,100.0,37.794828,-122.39377,FBUS,MARKET & WHARVES BUS
FBUS,0,17283,The Embarcadero,The Embarcadero & Ferry Building,100.0,37.794828,-122.39377,FBUS,MARKET & WHARVES BUS
FBUS,0,14518,Green Street,The Embarcadero & Green St,100.0,37.800605,-122.39892,FBUS,MARKET & WHARVES BUS
FBUS,0,14518,The Embarcadero,The Embarcadero & Green St,100.0,37.800605,-122.39892,FBUS,MARKET & WHARVES BUS
FBUS,0,14516,Greenwich Street,The Embarcadero & Greenwich St,100.0,37.80296,-122.401029,FBUS,MARKET & WHARVES BUS
FBUS,0,14516,The Embarcadero,The Embarcadero & Greenwich St,100.0,37.80296,-122.401029,FBUS,MARKET & WHARVES BUS
FBUS,0,14529,Sansome Street,The Embarcadero & Sansome St,100.0,37.805022,-122.403314,FBUS,MARKET & WHARVES BUS
FBUS,0,14529,The Embarcadero,The Embarcadero & Sansome St,100.0,37.805022,-122.403314,FBUS,MARKET & WHARVES BUS
FBUS,0,14534,The Embarcadero,The Embarcadero & Washington St,100.0,37.796355,-122.395181,FBUS,MARKET & WHARVES BUS
FBUS,0,14534,Washington Street,The Embarcadero & Washington St,100.0,37.796355,-122.395181,FBUS,MARKET & WHARVES BUS
FBUS,1,13311,17th Street,17th St & Castro St,100.0,37.762576,-122.434979,FBUS,MARKET & WHARVES BUS
FBUS,1,13311,Castro Street,17th St & Castro St,100.0,37.762576,-122.434979,FBUS,MARKET & WHARVES BUS
FBUS,1,14727,Don Chee Way/Steuart Street,Don Chee Way/Steuart St,100.0,37.793918,-122.393438,FBUS,MARKET & WHARVES BUS
FBUS,1,17281,Embarcadero,Embarcadero & Sansome St,100.0,37.805146,-122.403233,FBUS,MARKET & WHARVES BUS
FBUS,1,17281,Sansome Street,Embarcadero & Sansome St,100.0,37.805146,-122.403233,FBUS,MARKET & WHARVES BUS
FBUS,1,15174,Jefferson Street,Jefferson St & Powell St,100.0,37.808594,-122.413357,FBUS,MARKET & WHARVES BUS
FBUS,1,15174,Powell Street,Jefferson St & Powell St,100.0,37.808594,-122.413357,FBUS,MARKET & WHARVES BUS
FBUS,1,15175,Jefferson Street,Jefferson St & Taylor St,100.0,37.80832,-122.415514,FBUS,MARKET & WHARVES BUS
FBUS,1,15175,Taylor Street,Jefferson St & Taylor St,100.0,37.80832,-122.415514,FBUS,MARKET & WHARVES BUS
FBUS,1,15184,Beach Street,Jones St & Beach St,100.0,37.807132,-122.417324,FBUS,MARKET & WHARVES BUS
FBUS,1,15184,Jones Street,Jones St & Beach St,100.0,37.807132,-122.417324,FBUS,MARKET & WHARVES BUS
FBUS,1,17264,1st Street,Market St & 1st St,100.0,37.79094,-122.399195,FBUS,MARKET & WHARVES BUS
FBUS,1,17264,Market Street,Market St & 1st St,100.0,37.79094,-122.399195,FBUS,MARKET & WHARVES BUS
FBUS,1,15640,3rd Street,Market St & 3rd St,100.0,37.787525,-122.403519,FBUS,MARKET & WHARVES BUS
FBUS,1,15640,Market Street,Market St & 3rd St,100.0,37.787525,-122.403519,FBUS,MARKET & WHARVES BUS
FBUS,1,15643,4th Street,Market St & 4th St,100.0,37.785705,-122.405847,FBUS,MARKET & WHARVES BUS
FBUS,1,15643,Market Street,Market St & 4th St,100.0,37.785705,-122.405847,FBUS,MARKET & WHARVES BUS
FBUS,1,15645,5th Street,Market St & 5th St,100.0,37.783886,-122.408141,FBUS,MARKET & WHARVES BUS
FBUS,1,15645,Market Street,Market St & 5th St,100.0,37.783886,-122.408141,FBUS,MARKET & WHARVES BUS
FBUS,1,15647,6th Street,Market St & 6th St,100.0,37.782102,-122.4104,FBUS,MARKET & WHARVES BUS
FBUS,1,15647,Market Street,Market St & 6th St,100.0,37.782102,-122.4104,FBUS,MARKET & WHARVES BUS
FBUS,1,15650,7th Street,Market St & 7th St,100.0,37.780363,-122.412613,FBUS,MARKET & WHARVES BUS
FBUS,1,15650,Market Street,Market St & 7th St,100.0,37.780363,-122.412613,FBUS,MARKET & WHARVES BUS
FBUS,1,15651,8th Street,Market St & 8th St,100.0,37.778606,-122.414826,FBUS,MARKET & WHARVES BUS
FBUS,1,15651,Market Street,Market St & 8th St,100.0,37.778606,-122.414826,FBUS,MARKET & WHARVES BUS
FBUS,1,15652,9th Street,Market St & 9th St,100.0,37.77741,-122.41634,FBUS,MARKET & WHARVES BUS
FBUS,1,15652,Market Street,Market St & 9th St,100.0,37.77741,-122.41634,FBUS,MARKET & WHARVES BUS
FBUS,1,15662,Church Street,Market St & Church St,100.0,37.76725,-122.429214,FBUS,MARKET & WHARVES BUS
FBUS,1,15662,Market Street,Market St & Church St,100.0,37.76725,-122.429214,FBUS,MARKET & WHARVES BUS
FBUS,1,15668,Dolores Street,Market St & Dolores St,100.0,37.76888,-122.427103,FBUS,MARKET & WHARVES BUS
FBUS,1,15668,Market Street,Market St & Dolores St,100.0,37.76888,-122.427103,FBUS,MARKET & WHARVES BUS
FBUS,1,15673,Gough Street,Market St & Gough St,100.0,37.772875,-122.421991,FBUS,MARKET & WHARVES BUS
FBUS,1,15673,Market Street,Market St & Gough St,100.0,37.772875,-122.421991,FBUS,MARKET & WHARVES BUS
FBUS,1,15675,Guerrero Street,Market St & Guerrero St,100.0,37.77057,-122.424971,FBUS,MARKET & WHARVES BUS
FBUS,1,15675,Market Street,Market St & Guerrero St,100.0,37.77057,-122.424971,FBUS,MARKET & WHARVES BUS
FBUS,1,15682,Main Street,Market St & Main St,100.0,37.792984,-122.396627,FBUS,MARKET & WHARVES BUS
FBUS,1,15682,Market Street,Market St & Main St,100.0,37.792984,-122.396627,FBUS,MARKET & WHARVES BUS
FBUS,1,15685,Market Street,Market St & New Montgomery St,100.0,37.788613,-122.402163,FBUS,MARKET & WHARVES BUS
FBUS,1,15685,New Montgomery Street,Market St & New Montgomery St,100.0,37.788613,-122.402163,FBUS,MARKET & WHARVES BUS
FBUS,1,15687,Market Street,Market St & Noe St,100.0,37.763958,-122.433323,FBUS,MARKET & WHARVES BUS
FBUS,1,15687,Noe Street,Market St & Noe St,100.0,37.763958,-122.433323,FBUS,MARKET & WHARVES BUS
FBUS,1,15691,Market Street,Market St & Sanchez St,100.0,37.765689,-122.43114,FBUS,MARKET & WHARVES BUS
FBUS,1,15691,Sanchez Street,Market St & Sanchez St,100.0,37.765689,-122.43114,FBUS,MARKET & WHARVES BUS
FBUS,1,15692,Market Street,Market St & South Van Ness Ave,100.0,37.775056,-122.419321,FBUS,MARKET & WHARVES BUS
FBUS,1,15692,Van Ness Avenue,Market St & South Van Ness Ave,100.0,37.775056,-122.419321,FBUS,MARKET & WHARVES BUS
FBUS,1,14501,Bay Street,The Embarcadero & Bay St,100.0,37.806945,-122.406278,FBUS,MARKET & WHARVES BUS
FBUS,1,14501,The Embarcadero,The Embarcadero & Bay St,100.0,37.806945,-122.406278,FBUS,MARKET & WHARVES BUS
FBUS,1,14503,Broadway,The Embarcadero & Broadway,100.0,37.799552,-122.397869,FBUS,MARKET & WHARVES BUS
FBUS,1,14503,The Embarcadero,The Embarcadero & Broadway,100.0,37.799552,-122.397869,FBUS,MARKET & WHARVES BUS
FBUS,1,14513,Ferry Building,The Embarcadero & Ferry Building,100.0,37.79489,-122.393552,FBUS,MARKET & WHARVES BUS
FBUS,1,14513,The Embarcadero,The Embarcadero & Ferry Building,100.0,37.79489,-122.393552,FBUS,MARKET & WHARVES BUS
FBUS,1,14517,Green Street,The Embarcadero & Green St,100.0,37.801264,-122.399369,FBUS,MARKET & WHARVES BUS
FBUS,1,14517,The Embarcadero,The Embarcadero & Green St,100.0,37.801264,-122.399369,FBUS,MARKET & WHARVES BUS
FBUS,1,14515,Greenwich Street,The Embarcadero & Greenwich St,100.0,37.803263,-122.401113,FBUS,MARKET & WHARVES BUS
FBUS,1,14515,The Embarcadero,The Embarcadero & Greenwich St,100.0,37.803263,-122.401113,FBUS,MARKET & WHARVES BUS
FBUS,1,14530,Stockton Street,The Embarcadero & Stockton St,100.0,37.808351,-122.410287,FBUS,MARKET & WHARVES BUS
FBUS,1,14530,The Embarcadero,The Embarcadero & Stockton St,100.0,37.808351,-122.410287,FBUS,MARKET & WHARVES BUS
FBUS,1,14532,The Embarcadero,The Embarcadero & Washington St,100.0,37.797085,-122.39567,FBUS,MARKET & WHARVES BUS
FBUS,1,14532,Washington Street,The Embarcadero & Washington St,100.0,37.797085,-122.39567,FBUS,MARKET & WHARVES BUS
J,0,13538,30th Street,30th St & Dolores St,100.0,37.74217,-122.424457,J,CHURCH
J,0,13538,Dolores Street,30th St & Dolores St,100.0,37.74217,-122.424457,J,CHURCH
J,0,15418,[UNKNOWN],Balboa Park BART/Mezzanine Level,100.0,37.721809,-122.447425,J,CHURCH
J,0,13984,16th Street,Church St & 16th St,100.0,37.764621,-122.428722,J,CHURCH
J,0,13984,Church Street,Church St & 16th St,100.0,37.764621,-122.428722,J,CHURCH
J,0,13987,18th Street,Church St & 18th St,100.0,37.761467,-122.428416,J,CHURCH
J,0,13987,Church Street,Church St & 18th St,100.0,37.761467,-122.428416,J,CHURCH
J,0,16218,22nd Street,Church St & 22nd St,100.0,37.754607,-122.42775,J,CHURCH
J,0,16218,Church Street,Church St & 22nd St,100.0,37.754607,-122.42775,J,CHURCH
J,0,13995,24th Street,Church St & 24th St,100.0,37.7518,-122.427497,J,CHURCH
J,0,13995,Church Street,Church St & 24th St,100.0,37.7518,-122.427497,J,CHURCH
J,0,18156,26th Street,Church St & 26th St,100.0,37.748603,-122.427261,J,CHURCH
J,0,18156,Church Street,Church St & 26th St,100.0,37.748603,-122.427261,J,CHURCH
J,0,18158,28th Street,Church St & 28th St,100.0,37.745398,-122.426955,J,CHURCH
J,0,18158,Church Street,Church St & 28th St,100.0,37.745398,-122.426955,J,CHURCH
J,0,14004,Church Street,Church St & Day St,100.0,37.742811,-122.426654,J,CHURCH
J,0,14004,Day Street,Church St & Day St,100.0,37.742811,-122.426654,J,CHURCH
J,0,14006,Church Street,Church St & Duboce Ave,13.665,37.769302,-122.429087,J,CHURCH
J,0,14006,Duboce Avenue,Church St & Duboce Ave,13.665,37.769302,-122.429087,J,CHURCH
J,0,18059,Church Street,Church St & Market St,100.0,37.767286,-122.429053,J,CHURCH
J,0,18059,Market Street,Church St & Market St,100.0,37.767286,-122.429053,J,CHURCH
J,0,16997,[UNKNOWN],Metro Civic Center Station/Outbd,86.335,37.77924,-122.414223,J,CHURCH
J,0,17217,[UNKNOWN],Metro Embarcadero Station,86.335,37.79271,-122.39715,J,CHURCH
J,0,16994,[UNKNOWN],Metro Montgomery Station/Outbound,86.335,37.788791,-122.402127,J,CHURCH
J,0,16995,[UNKNOWN],Metro Powell Station/Outbound,86.335,37.7843,-122.407822,J,CHURCH
J,0,16214,Right Of Way/20th Street,Right Of Way/20th St,100.0,37.758264,-122.427924,J,CHURCH
J,0,16216,Right Of Way/21st Street,Right Of Way/21st St,100.0,37.756643,-122.426922,J,CHURCH
J,0,16221,Right Of Way/Liberty Street,Right Of Way/Liberty St,100.0,37.757451,-122.426999,J,CHURCH
J,0,16274,Ocean Avenue,San Jose Ave & Ocean Ave,100.0,37.723085,-122.444699,J,CHURCH
J,0,16274,San Jose Avenue,San Jose Ave & Ocean Ave,100.0,37.723085,-122.444699,J,CHURCH
J,0,16280,Randall Street,San Jose Ave & Randall St,100.0,37.739385,-122.42432,J,CHURCH
J,0,16280,San Jose Avenue,San Jose Ave & Randall St,100.0,37.739385,-122.42432,J,CHURCH
J,0,16285,San Jose Avenue,San Jose Ave & Santa Rosa Ave,100.0,37.728996,-122.440016,J,CHURCH
J,0,16285,Santa Rosa Avenue,San Jose Ave & Santa Rosa Ave,100.0,37.728996,-122.440016,J,CHURCH
J,0,16287,San Jose Avenue,San Jose Ave & Santa Ynez Ave,100.0,37.725877,-122.442359,J,CHURCH
J,0,16287,Santa Ynez Avenue,San Jose Ave & Santa Ynez Ave,100.0,37.725877,-122.442359,J,CHURCH
J,0,14788,San Jose Ave/Glen Park Station,San Jose Ave/Glen Park Station,100.0,37.732401,-122.433855,J,CHURCH
J,0,16996,[UNKNOWN],Van Ness Station Outbound,86.335,37.775234,-122.41934,J,CHURCH
J,1,13537,30th Street,30th St & Dolores St,100.0,37.742304,-122.424026,J,CHURCH
J,1,13537,Dolores Street,30th St & Dolores St,100.0,37.742304,-122.424026,J,CHURCH
J,1,13985,16th Street,Church St & 16th St,100.0,37.764382,-122.428609,J,CHURCH
J,1,13985,Church Street,Church St & 16th St,100.0,37.764382,-122.428609,J,CHURCH
J,1,13994,22nd Street,Church St & 22nd St,100.0,37.754741,-122.427636,J,CHURCH
J,1,13994,Church Street,Church St & 22nd St,100.0,37.754741,-122.427636,J,CHURCH
J,1,13996,24th Street,Church St & 24th St,100.0,37.751591,-122.42735,J,CHURCH
J,1,13996,Church Street,Church St & 24th St,100.0,37.751591,-122.42735,J,CHURCH
J,1,18155,26th Street,Church St & 26th St,100.0,37.748416,-122.42706,J,CHURCH
J,1,18155,Church Street,Church St & 26th St,100.0,37.748416,-122.42706,J,CHURCH
J,1,18157,28th Street,Church St & 28th St,100.0,37.745225,-122.426737,J,CHURCH
J,1,18157,Church Street,Church St & 28th St,100.0,37.745225,-122.426737,J,CHURCH
J,1,13999,29th Street,Church St & 29th St,100.0,37.743587,-122.426585,J,CHURCH
J,1,13999,Church Street,Church St & 29th St,100.0,37.743587,-122.426585,J,CHURCH
J,1,14000,30th Street,Church St & 30th St,100.0,37.742222,-122.426459,J,CHURCH
J,1,14000,Church Street,Church St & 30th St,100.0,37.742222,-122.426459,J,CHURCH
J,1,14006,Church Street,Church St & Duboce Ave,100.0,37.769302,-122.429087,J,CHURCH
J,1,14006,Duboce Avenue,Church St & Duboce Ave,100.0,37.769302,-122.429087,J,CHURCH
J,1,17073,Church Street,Church St & Market St,100.0,37.767509,-122.428927,J,CHURCH
J,1,17073,Market Street,Church St & Market St,100.0,37.767509,-122.428927,J,CHURCH
J,1,15727,[UNKNOWN],Metro Civic Center Station/Downtn,86.157,37.779712,-122.413347,J,CHURCH
J,1,16992,[UNKNOWN],Metro Embarcadero Station,86.157,37.793134,-122.396431,J,CHURCH
J,1,15731,[UNKNOWN],Metro Montgomery Station/Downtown,86.157,37.789219,-122.401351,J,CHURCH
J,1,15417,[UNKNOWN],Metro Powell Station/Downtown,86.157,37.784653,-122.407086,J,CHURCH
J,1,15419,[UNKNOWN],Metro Van Ness Station,86.157,37.775127,-122.419252,J,CHURCH
J,1,16213,Right Of Way/18th Street,Right Of Way/18th St,100.0,37.761192,-122.428184,J,CHURCH
J,1,16215,Right Of Way/20th Street,Right Of Way/20th St,100.0,37.758229,-122.427795,J,CHURCH
J,1,16217,Right Of Way/21st Street,Right Of Way/21st St,100.0,37.756436,-122.426822,J,CHURCH
J,1,16222,Right Of Way/Liberty Street,Right Of Way/Liberty St,100.0,37.757239,-122.426867,J,CHURCH
J,1,17778,Geneva Avenue,San Jose Ave & Geneva Ave,100.0,37.721238,-122.446222,J,CHURCH
J,1,17778,San Jose Avenue,San Jose Ave & Geneva Ave,100.0,37.721238,-122.446222,J,CHURCH
J,1,16275,Ocean Avenue,San Jose Ave & Ocean Ave,100.0,37.722862,-122.44479,J,CHURCH
J,1,16275,San Jose Avenue,San Jose Ave & Ocean Ave,100.0,37.722862,-122.44479,J,CHURCH
J,1,16277,Randall Street,San Jose Ave & Randall St,100.0,37.739741,-122.424157,J,CHURCH
J,1,16277,San Jose Avenue,San Jose Ave & Randall St,100.0,37.739741,-122.424157,J,CHURCH
J,1,16284,San Jose Avenue,San Jose Ave & Santa Rosa Ave,100.0,37.728991,-122.439922,J,CHURCH
J,1,16284,Santa Rosa Avenue,San Jose Ave & Santa Rosa Ave,100.0,37.728991,-122.439922,J,CHURCH
J,1,16288,San Jose Avenue,San Jose Ave & Santa Ynez Ave,100.0,37.725681,-122.442442,J,CHURCH
J,1,16288,Santa Ynez Avenue,San Jose Ave & Santa Ynez Ave,100.0,37.725681,-122.442442,J,CHURCH
J,1,14787,San Jose Ave/Glen Park Station,San Jose Ave/Glen Park Station,100.0,37.732525,-122.433416,J,CHURCH
K,0,15418,[UNKNOWN],Balboa Park BART/Mezzanine Level,100.0,37.721809,-122.447425,K,INGLESIDE
K,0,16993,[UNKNOWN],Forest Hill Station Outbound,98.089,37.74817,-122.459192,K,INGLESIDE
K,0,17114,Junipero Serra Boulevard,Junipero Serra Blvd & Ocean Ave,100.0,37.731271,-122.471818,K,INGLESIDE
K,0,17114,Ocean Avenue,Junipero Serra Blvd & Ocean Ave,100.0,37.731271,-122.471818,K,INGLESIDE
K,0,16991,[UNKNOWN],Metro Castro Station/Outbound,98.089,37.762683,-122.435289,K,INGLESIDE
K,0,16998,[UNKNOWN],Metro Church Station/Outbound,98.089,37.767327,-122.429321,K,INGLESIDE
K,0,16997,[UNKNOWN],Metro Civic Center Station/Outbd,98.089,37.77924,-122.414223,K,INGLESIDE
K,0,17217,[UNKNOWN],Metro Embarcadero Station,98.089,37.79271,-122.39715,K,INGLESIDE
K,0,16994,[UNKNOWN],Metro Montgomery Station/Outbound,98.089,37.788791,-122.402127,K,INGLESIDE
K,0,16995,[UNKNOWN],Metro Powell Station/Outbound,98.089,37.7843,-122.407822,K,INGLESIDE
K,0,15780,Aptos Avenue,Ocean Ave & Aptos Ave,100.0,37.728383,-122.467871,K,INGLESIDE
K,0,15780,Ocean Avenue,Ocean Ave & Aptos Ave,100.0,37.728383,-122.467871,K,INGLESIDE
K,0,15793,Jules Avenue,Ocean Ave & Jules Ave,100.0,37.724955,-122.46139,K,INGLESIDE
K,0,15793,Ocean Avenue,Ocean Ave & Jules Ave,100.0,37.724955,-122.46139,K,INGLESIDE
K,0,15795,Lee Street,Ocean Ave & Lee St,100.0,37.723397,-122.454423,K,INGLESIDE
K,0,15795,Ocean Avenue,Ocean Ave & Lee St,100.0,37.723397,-122.454423,K,INGLESIDE
K,0,15798,Miramar Avenue,Ocean Ave & Miramar Ave,100.0,37.724262,-122.458306,K,INGLESIDE
K,0,15798,Ocean Avenue,Ocean Ave & Miramar Ave,100.0,37.724262,-122.458306,K,INGLESIDE
K,0,15807,Ocean Avenue,Ocean Ave & San Leandro Way,100.0,37.729945,-122.469475,K,INGLESIDE
K,0,15807,San Leandro Way,Ocean Ave & San Leandro Way,100.0,37.729945,-122.469475,K,INGLESIDE
K,0,15808,Ocean Avenue,Ocean Ave & Victoria St,100.0,37.726029,-122.464337,K,INGLESIDE
K,0,15808,Victoria Street,Ocean Ave & Victoria St,100.0,37.726029,-122.464337,K,INGLESIDE
K,0,15785,Ocean Ave/Ccsf Pedestrian Bridge,Ocean Ave/Ccsf Pedestrian Bridge,100.0,37.722947,-122.450866,K,INGLESIDE
K,0,14510,Folsom Street,The Embarcadero & Folsom St,1.403,37.790749,-122.389841,K,INGLESIDE
K,0,14510,The Embarcadero,The Embarcadero & Folsom St,1.403,37.790749,-122.389841,K,INGLESIDE
K,0,16996,[UNKNOWN],Van Ness Station Outbound,98.089,37.775234,-122.41934,K,INGLESIDE
K,0,17125,14th Avenue,West Portal Ave & 14th Ave,100.0,37.738064,-122.468984,K,INGLESIDE
K,0,17125,West Portal Avenue,West Portal Ave & 14th Ave,100.0,37.738064,-122.468984,K,INGLESIDE
K,0,16739,[UNKNOWN],West Portal Station,100.0,37.741391,-122.46553,K,INGLESIDE
K,0,16503,West Portal/Sloat/St Francis Circle,West Portal/Sloat/St Francis Circle,100.0,37.734807,-122.471618,K,INGLESIDE
K,1,17113,Junipero Serra Boulevard,Junipero Serra Blvd & Ocean Ave,100.0,37.731628,-122.471707,K,INGLESIDE
K,1,17113,Ocean Avenue,Junipero Serra Blvd & Ocean Ave,100.0,37.731628,-122.471707,K,INGLESIDE
K,1,15728,[UNKNOWN],Metro Castro Station/Downtown,99.699,37.76262,-122.435231,K,INGLESIDE
K,1,15726,[UNKNOWN],Metro Church Station/Downtown,99.699,37.767194,-122.429168,K,INGLESIDE
K,1,15727,[UNKNOWN],Metro Civic Center Station/Downtn,99.699,37.779712,-122.413347,K,INGLESIDE
K,1,16992,[UNKNOWN],Metro Embarcadero Station,99.699,37.793134,-122.396431,K,INGLESIDE
K,1,15730,[UNKNOWN],Metro Forest Hill Station/Downtown,99.699,37.748351,-122.458623,K,INGLESIDE
K,1,15731,[UNKNOWN],Metro Montgomery Station/Downtown,99.699,37.789219,-122.401351,K,INGLESIDE
K,1,15417,[UNKNOWN],Metro Powell Station/Downtown,99.699,37.784653,-122.407086,K,INGLESIDE
K,1,15419,[UNKNOWN],Metro Van Ness Station,99.699,37.775127,-122.419252,K,INGLESIDE
K,1,15779,Aptos Avenue,Ocean Ave & Aptos Ave,100.0,37.728285,-122.467561,K,INGLESIDE
K,1,15779,Ocean Avenue,Ocean Ave & Aptos Ave,100.0,37.728285,-122.467561,K,INGLESIDE
K,1,15787,Dorado Terrace,Ocean Ave & Dorado Ter,100.0,37.724957,-122.461059,K,INGLESIDE
K,1,15787,Ocean Avenue,Ocean Ave & Dorado Ter,100.0,37.724957,-122.461059,K,INGLESIDE
K,1,15788,Fairfield Way,Ocean Ave & Fairfield Way,100.0,37.726008,-122.464072,K,INGLESIDE
K,1,15788,Ocean Avenue,Ocean Ave & Fairfield Way,100.0,37.726008,-122.464072,K,INGLESIDE
K,1,15794,Lee Street,Ocean Ave & Lee St,100.0,37.723459,-122.453999,K,INGLESIDE
K,1,15794,Ocean Avenue,Ocean Ave & Lee St,100.0,37.723459,-122.453999,K,INGLESIDE
K,1,15797,Miramar Avenue,Ocean Ave & Miramar Ave,100.0,37.724387,-122.458077,K,INGLESIDE
K,1,15797,Ocean Avenue,Ocean Ave & Miramar Ave,100.0,37.724387,-122.458077,K,INGLESIDE
K,1,15806,Ocean Avenue,Ocean Ave & San Leandro Way,100.0,37.729989,-122.469097,K,INGLESIDE
K,1,15806,San Leandro Way,Ocean Ave & San Leandro Way,100.0,37.729989,-122.469097,K,INGLESIDE
K,1,15784,Ocean Ave/Ccsf Pedestrian Bridge,Ocean Ave/Ccsf Pedestrian Bridge,100.0,37.72304,-122.451448,K,INGLESIDE
K,1,17778,Geneva Avenue,San Jose Ave & Geneva Ave,100.0,37.721238,-122.446222,K,INGLESIDE
K,1,17778,San Jose Avenue,San Jose Ave & Geneva Ave,100.0,37.721238,-122.446222,K,INGLESIDE
K,1,14509,Folsom Street,The Embarcadero & Folsom St,2.228,37.790481,-122.389692,K,INGLESIDE
K,1,14509,The Embarcadero,The Embarcadero & Folsom St,2.228,37.790481,-122.389692,K,INGLESIDE
K,1,16898,14th Avenue,West Portal Ave & 14th Ave,100.0,37.737859,-122.469042,K,INGLESIDE
K,1,16898,West Portal Avenue,West Portal Ave & 14th Ave,100.0,37.737859,-122.469042,K,INGLESIDE
K,1,16740,[UNKNOWN],West Portal Station,100.0,37.741518,-122.465216,K,INGLESIDE
K,1,17109,West Portal/Sloat/St Francis Circle,West Portal/Sloat/St Francis Circle,100.0,37.734825,-122.471446,K,INGLESIDE
KBUS,0,15141,Junipero Serra Boulevard,Junipero Serra Blvd & Sloat Blvd,100.0,37.734307,-122.471675,KBUS,INGLESIDE BUS
KBUS,0,15141,Sloat Boulevard,Junipero Serra Blvd & Sloat Blvd,100.0,37.734307,-122.471675,KBUS,INGLESIDE BUS
KBUS,0,15654,16th Street,Market St & 16th St,100.0,37.76391,-122.43366,KBUS,INGLESIDE BUS
KBUS,0,15654,Market Street,Market St & 16th St,100.0,37.76391,-122.43366,KBUS,INGLESIDE BUS
KBUS,0,15667,17th Street,Market St & 17th St,100.0,37.763022,-122.434979,KBUS,INGLESIDE BUS
KBUS,0,15667,Market Street,Market St & 17th St,100.0,37.763022,-122.434979,KBUS,INGLESIDE BUS
KBUS,0,15639,2nd Street,Market St & 2nd St,100.0,37.789353,-122.401306,KBUS,INGLESIDE BUS
KBUS,0,15639,Market Street,Market St & 2nd St,100.0,37.789353,-122.401306,KBUS,INGLESIDE BUS
KBUS,0,15655,5th Street,Market St & 5th  St,100.0,37.784082,-122.407992,KBUS,INGLESIDE BUS
KBUS,0,15655,Market Street,Market St & 5th  St,100.0,37.784082,-122.407992,KBUS,INGLESIDE BUS
KBUS,0,15656,7th Street,Market St & 7th St,100.0,37.780568,-122.412441,KBUS,INGLESIDE BUS
KBUS,0,15656,Market Street,Market St & 7th St,100.0,37.780568,-122.412441,KBUS,INGLESIDE BUS
KBUS,0,15657,Battery Street,Market St & Battery St,100.0,37.79111,-122.399069,KBUS,INGLESIDE BUS
KBUS,0,15657,Market Street,Market St & Battery St,100.0,37.79111,-122.399069,KBUS,INGLESIDE BUS
KBUS,0,15659,Buchanan Street,Market St & Buchanan St,100.0,37.769786,-122.426149,KBUS,INGLESIDE BUS
KBUS,0,15659,Market Street,Market St & Buchanan St,100.0,37.769786,-122.426149,KBUS,INGLESIDE BUS
KBUS,0,15661,Church Street,Market St & Church St,100.0,37.767705,-122.428778,KBUS,INGLESIDE BUS
KBUS,0,15661,Market Street,Market St & Church St,100.0,37.767705,-122.428778,KBUS,INGLESIDE BUS
KBUS,0,18015,Clayton Street,Market St & Clayton St,100.0,37.75849,-122.444479,KBUS,INGLESIDE BUS
KBUS,0,18015,Market Street,Market St & Clayton St,100.0,37.75849,-122.444479,KBUS,INGLESIDE BUS
KBUS,0,15669,Drumm Street,Market St & Drumm St,100.0,37.793473,-122.396178,KBUS,INGLESIDE BUS
KBUS,0,15669,Market Street,Market St & Drumm St,100.0,37.793473,-122.396178,KBUS,INGLESIDE BUS
KBUS,0,15672,Gough Street,Market St & Gough St,100.0,37.773269,-122.421768,KBUS,INGLESIDE BUS
KBUS,0,15672,Market Street,Market St & Gough St,100.0,37.773269,-122.421768,KBUS,INGLESIDE BUS
KBUS,0,15676,Hyde Street,Market St & Hyde St,100.0,37.779105,-122.414379,KBUS,INGLESIDE BUS
KBUS,0,15676,Market Street,Market St & Hyde St,100.0,37.779105,-122.414379,KBUS,INGLESIDE BUS
KBUS,0,15678,Kearny Street,Market St & Kearny St,100.0,37.78773,-122.40337,KBUS,INGLESIDE BUS
KBUS,0,15678,Market Street,Market St & Kearny St,100.0,37.78773,-122.40337,KBUS,INGLESIDE BUS
KBUS,0,15681,Laguna Street,Market St & Laguna St,100.0,37.770953,-122.424666,KBUS,INGLESIDE BUS
KBUS,0,15681,Market Street,Market St & Laguna St,100.0,37.770953,-122.424666,KBUS,INGLESIDE BUS
KBUS,0,15680,Larkin Street,Market St & Larkin St,100.0,37.777598,-122.416236,KBUS,INGLESIDE BUS
KBUS,0,15680,Market Street,Market St & Larkin St,100.0,37.777598,-122.416236,KBUS,INGLESIDE BUS
KBUS,0,15690,Market Street,Market St & Sanchez St,100.0,37.766185,-122.430707,KBUS,INGLESIDE BUS
KBUS,0,15690,Sanchez Street,Market St & Sanchez St,100.0,37.766185,-122.430707,KBUS,INGLESIDE BUS
KBUS,0,15694,Market Street,Market St & Stockton St,100.0,37.785777,-122.405859,KBUS,INGLESIDE BUS
KBUS,0,15694,Stockton Street,Market St & Stockton St,100.0,37.785777,-122.405859,KBUS,INGLESIDE BUS
KBUS,0,15695,Market Street,Market St & Taylor St,100.0,37.782316,-122.410228,KBUS,INGLESIDE BUS
KBUS,0,15695,Taylor Street,Market St & Taylor St,100.0,37.782316,-122.410228,KBUS,INGLESIDE BUS
KBUS,0,15696,Market Street,Market St & Van Ness Ave,100.0,37.775198,-122.419252,KBUS,INGLESIDE BUS
KBUS,0,15696,Van Ness Avenue,Market St & Van Ness Ave,100.0,37.775198,-122.419252,KBUS,INGLESIDE BUS
KBUS,0,15780,Aptos Avenue,Ocean Ave & Aptos Ave,100.0,37.728383,-122.467871,KBUS,INGLESIDE BUS
KBUS,0,15780,Ocean Avenue,Ocean Ave & Aptos Ave,100.0,37.728383,-122.467871,KBUS,INGLESIDE BUS
KBUS,0,17036,Geneva Avenue,Ocean Ave & Geneva Ave,100.0,37.723031,-122.452453,KBUS,INGLESIDE BUS
KBUS,0,17036,Ocean Avenue,Ocean Ave & Geneva Ave,100.0,37.723031,-122.452453,KBUS,INGLESIDE BUS
KBUS,0,15793,Jules Avenue,Ocean Ave & Jules Ave,100.0,37.724955,-122.46139,KBUS,INGLESIDE BUS
KBUS,0,15793,Ocean Avenue,Ocean Ave & Jules Ave,100.0,37.724955,-122.46139,KBUS,INGLESIDE BUS
KBUS,0,15792,Junipero Serra Boulevard,Ocean Ave & Junipero Serra Blvd,100.0,37.730952,-122.471686,KBUS,INGLESIDE BUS
KBUS,0,15792,Ocean Avenue,Ocean Ave & Junipero Serra Blvd,100.0,37.730952,-122.471686,KBUS,INGLESIDE BUS
KBUS,0,15795,Lee Street,Ocean Ave & Lee St,100.0,37.723397,-122.454423,KBUS,INGLESIDE BUS
KBUS,0,15795,Ocean Avenue,Ocean Ave & Lee St,100.0,37.723397,-122.454423,KBUS,INGLESIDE BUS
KBUS,0,15798,Miramar Avenue,Ocean Ave & Miramar Ave,100.0,37.724262,-122.458306,KBUS,INGLESIDE BUS
KBUS,0,15798,Ocean Avenue,Ocean Ave & Miramar Ave,100.0,37.724262,-122.458306,KBUS,INGLESIDE BUS
KBUS,0,15807,Ocean Avenue,Ocean Ave & San Leandro Way,100.0,37.729945,-122.469475,KBUS,INGLESIDE BUS
KBUS,0,15807,San Leandro Way,Ocean Ave & San Leandro Way,100.0,37.729945,-122.469475,KBUS,INGLESIDE BUS
KBUS,0,15808,Ocean Avenue,Ocean Ave & Victoria St,100.0,37.726029,-122.464337,KBUS,INGLESIDE BUS
KBUS,0,15808,Victoria Street,Ocean Ave & Victoria St,100.0,37.726029,-122.464337,KBUS,INGLESIDE BUS
KBUS,0,16010,Burnett Avenue,Portola Dr & Burnett Ave,100.0,37.747033,-122.44487,KBUS,INGLESIDE BUS
KBUS,0,16010,Portola Drive,Portola Dr & Burnett Ave,100.0,37.747033,-122.44487,KBUS,INGLESIDE BUS
KBUS,0,16260,Geneva Avenue,San Jose Ave & Geneva Ave,100.0,37.720827,-122.446474,KBUS,INGLESIDE BUS
KBUS,0,16260,San Jose Avenue,San Jose Ave & Geneva Ave,100.0,37.720827,-122.446474,KBUS,INGLESIDE BUS
KBUS,0,16501,Market Street,Steuart St & Market St,100.0,37.794409,-122.394538,KBUS,INGLESIDE BUS
KBUS,0,16501,Steuart Street,Steuart St & Market St,100.0,37.794409,-122.394538,KBUS,INGLESIDE BUS
KBUS,0,16497,Mission Street,Steuart St & Mission St,100.0,37.794275,-122.394424,KBUS,INGLESIDE BUS
KBUS,0,16497,Steuart Street,Steuart St & Mission St,100.0,37.794275,-122.394424,KBUS,INGLESIDE BUS
KBUS,0,18039,Claremont Street,Ulloa St & Claremont St,100.0,37.740759,-122.465411,KBUS,INGLESIDE BUS
KBUS,0,18039,Ulloa Street,Ulloa St & Claremont St,100.0,37.740759,-122.465411,KBUS,INGLESIDE BUS
KBUS,0,17125,14th Avenue,West Portal Ave & 14th Ave,100.0,37.738064,-122.468984,KBUS,INGLESIDE BUS
KBUS,0,17125,West Portal Avenue,West Portal Ave & 14th Ave,100.0,37.738064,-122.468984,KBUS,INGLESIDE BUS
KBUS,0,16503,West Portal/Sloat/St Francis Circle,West Portal/Sloat/St Francis Circle,100.0,37.734807,-122.471618,KBUS,INGLESIDE BUS
KBUS,0,16937,Portola Drive,Woodside Ave & Portola Dr,100.0,37.745766,-122.452431,KBUS,INGLESIDE BUS
KBUS,0,16937,Woodside Avenue,Woodside Ave & Portola Dr,100.0,37.745766,-122.452431,KBUS,INGLESIDE BUS
KBUS,1,15138,Junipero Serra Boulevard,Junipero Serra Blvd & Ocean Ave,100.0,37.731363,-122.471674,KBUS,INGLESIDE BUS
KBUS,1,15138,Ocean Avenue,Junipero Serra Blvd & Ocean Ave,100.0,37.731363,-122.471674,KBUS,INGLESIDE BUS
KBUS,1,17264,1st Street,Market St & 1st St,100.0,37.79094,-122.399195,KBUS,INGLESIDE BUS
KBUS,1,17264,Market Street,Market St & 1st St,100.0,37.79094,-122.399195,KBUS,INGLESIDE BUS
KBUS,1,15640,3rd Street,Market St & 3rd St,100.0,37.787525,-122.403519,KBUS,INGLESIDE BUS
KBUS,1,15640,Market Street,Market St & 3rd St,100.0,37.787525,-122.403519,KBUS,INGLESIDE BUS
KBUS,1,15643,4th Street,Market St & 4th St,100.0,37.785705,-122.405847,KBUS,INGLESIDE BUS
KBUS,1,15643,Market Street,Market St & 4th St,100.0,37.785705,-122.405847,KBUS,INGLESIDE BUS
KBUS,1,15645,5th Street,Market St & 5th St,100.0,37.783886,-122.408141,KBUS,INGLESIDE BUS
KBUS,1,15645,Market Street,Market St & 5th St,100.0,37.783886,-122.408141,KBUS,INGLESIDE BUS
KBUS,1,15647,6th Street,Market St & 6th St,100.0,37.782102,-122.4104,KBUS,INGLESIDE BUS
KBUS,1,15647,Market Street,Market St & 6th St,100.0,37.782102,-122.4104,KBUS,INGLESIDE BUS
KBUS,1,15650,7th Street,Market St & 7th St,100.0,37.780363,-122.412613,KBUS,INGLESIDE BUS
KBUS,1,15650,Market Street,Market St & 7th St,100.0,37.780363,-122.412613,KBUS,INGLESIDE BUS
KBUS,1,15651,8th Street,Market St & 8th St,100.0,37.778606,-122.414826,KBUS,INGLESIDE BUS
KBUS,1,15651,Market Street,Market St & 8th St,100.0,37.778606,-122.414826,KBUS,INGLESIDE BUS
KBUS,1,15652,9th Street,Market St & 9th St,100.0,37.77741,-122.41634,KBUS,INGLESIDE BUS
KBUS,1,15652,Market Street,Market St & 9th St,100.0,37.77741,-122.41634,KBUS,INGLESIDE BUS
KBUS,1,15658,Beale Street,Market St & Beale St,100.0,37.792572,-122.397016,KBUS,INGLESIDE BUS
KBUS,1,15658,Market Street,Market St & Beale St,100.0,37.792572,-122.397016,KBUS,INGLESIDE BUS
KBUS,1,15665,Castro Street,Market St & Castro St,100.0,37.762594,-122.435289,KBUS,INGLESIDE BUS
KBUS,1,15665,Market Street,Market St & Castro St,100.0,37.762594,-122.435289,KBUS,INGLESIDE BUS
KBUS,1,18062,Church Street,Market St & Church St,100.0,37.767277,-122.429099,KBUS,INGLESIDE BUS
KBUS,1,18062,Market Street,Market St & Church St,100.0,37.767277,-122.429099,KBUS,INGLESIDE BUS
KBUS,1,15663,Clayton Street,Market St & Clayton St,100.0,37.758409,-122.444055,KBUS,INGLESIDE BUS
KBUS,1,15663,Market Street,Market St & Clayton St,100.0,37.758409,-122.444055,KBUS,INGLESIDE BUS
KBUS,1,15668,Dolores Street,Market St & Dolores St,100.0,37.76888,-122.427103,KBUS,INGLESIDE BUS
KBUS,1,15668,Market Street,Market St & Dolores St,100.0,37.76888,-122.427103,KBUS,INGLESIDE BUS
KBUS,1,15673,Gough Street,Market St & Gough St,100.0,37.772875,-122.421991,KBUS,INGLESIDE BUS
KBUS,1,15673,Market Street,Market St & Gough St,100.0,37.772875,-122.421991,KBUS,INGLESIDE BUS
KBUS,1,15675,Guerrero Street,Market St & Guerrero St,100.0,37.77057,-122.424971,KBUS,INGLESIDE BUS
KBUS,1,15675,Market Street,Market St & Guerrero St,100.0,37.77057,-122.424971,KBUS,INGLESIDE BUS
KBUS,1,15685,Market Street,Market St & New Montgomery St,100.0,37.788613,-122.402163,KBUS,INGLESIDE BUS
KBUS,1,15685,New Montgomery Street,Market St & New Montgomery St,100.0,37.788613,-122.402163,KBUS,INGLESIDE BUS
KBUS,1,15687,Market Street,Market St & Noe St,100.0,37.763958,-122.433323,KBUS,INGLESIDE BUS
KBUS,1,15687,Noe Street,Market St & Noe St,100.0,37.763958,-122.433323,KBUS,INGLESIDE BUS
KBUS,1,15691,Market Street,Market St & Sanchez St,100.0,37.765689,-122.43114,KBUS,INGLESIDE BUS
KBUS,1,15691,Sanchez Street,Market St & Sanchez St,100.0,37.765689,-122.43114,KBUS,INGLESIDE BUS
KBUS,1,15692,Market Street,Market St & South Van Ness Ave,100.0,37.775056,-122.419321,KBUS,INGLESIDE BUS
KBUS,1,15692,Van Ness Avenue,Market St & South Van Ness Ave,100.0,37.775056,-122.419321,KBUS,INGLESIDE BUS
KBUS,1,15779,Aptos Avenue,Ocean Ave & Aptos Ave,100.0,37.728285,-122.467561,KBUS,INGLESIDE BUS
KBUS,1,15779,Ocean Avenue,Ocean Ave & Aptos Ave,100.0,37.728285,-122.467561,KBUS,INGLESIDE BUS
KBUS,1,15787,Dorado Terrace,Ocean Ave & Dorado Ter,100.0,37.724957,-122.461059,KBUS,INGLESIDE BUS
KBUS,1,15787,Ocean Avenue,Ocean Ave & Dorado Ter,100.0,37.724957,-122.461059,KBUS,INGLESIDE BUS
KBUS,1,15788,Fairfield Way,Ocean Ave & Fairfield Way,100.0,37.726008,-122.464072,KBUS,INGLESIDE BUS
KBUS,1,15788,Ocean Avenue,Ocean Ave & Fairfield Way,100.0,37.726008,-122.464072,KBUS,INGLESIDE BUS
KBUS,1,18014,Geneva Avenue,Ocean Ave & Geneva Ave,100.0,37.72312,-122.452132,KBUS,INGLESIDE BUS
KBUS,1,18014,Ocean Avenue,Ocean Ave & Geneva Ave,100.0,37.72312,-122.452132,KBUS,INGLESIDE BUS
KBUS,1,15794,Lee Street,Ocean Ave & Lee St,100.0,37.723459,-122.453999,KBUS,INGLESIDE BUS
KBUS,1,15794,Ocean Avenue,Ocean Ave & Lee St,100.0,37.723459,-122.453999,KBUS,INGLESIDE BUS
KBUS,1,15797,Miramar Avenue,Ocean Ave & Miramar Ave,100.0,37.724387,-122.458077,KBUS,INGLESIDE BUS
KBUS,1,15797,Ocean Avenue,Ocean Ave & Miramar Ave,100.0,37.724387,-122.458077,KBUS,INGLESIDE BUS
KBUS,1,15806,Ocean Avenue,Ocean Ave & San Leandro Way,100.0,37.729989,-122.469097,KBUS,INGLESIDE BUS
KBUS,1,15806,San Leandro Way,Ocean Ave & San Leandro Way,100.0,37.729989,-122.469097,KBUS,INGLESIDE BUS
KBUS,1,16012,Clipper Street,Portola Dr & Clipper St,100.0,37.74715,-122.4442,KBUS,INGLESIDE BUS
KBUS,1,16012,Portola Drive,Portola Dr & Clipper St,100.0,37.74715,-122.4442,KBUS,INGLESIDE BUS
KBUS,1,16121,O'Shaughnessy Boulevard,Portola Dr & O'Shaughnessy Blvd,100.0,37.74532,-122.4519,KBUS,INGLESIDE BUS
KBUS,1,16121,Portola Drive,Portola Dr & O'Shaughnessy Blvd,100.0,37.74532,-122.4519,KBUS,INGLESIDE BUS
KBUS,1,16260,Geneva Avenue,San Jose Ave & Geneva Ave,100.0,37.720827,-122.446474,KBUS,INGLESIDE BUS
KBUS,1,16260,San Jose Avenue,San Jose Ave & Geneva Ave,100.0,37.720827,-122.446474,KBUS,INGLESIDE BUS
KBUS,1,16475,Market Street,Spear St & Market St,100.0,37.7934,-122.39528,KBUS,INGLESIDE BUS
KBUS,1,16475,Spear Street,Spear St & Market St,100.0,37.7934,-122.39528,KBUS,INGLESIDE BUS
KBUS,1,16497,Mission Street,Steuart St & Mission St,100.0,37.794275,-122.394424,KBUS,INGLESIDE BUS
KBUS,1,16497,Steuart Street,Steuart St & Mission St,100.0,37.794275,-122.394424,KBUS,INGLESIDE BUS
KBUS,1,17976,Ulloa Street,Ulloa St & West Portal Ave,100.0,37.740733,-122.46564,KBUS,INGLESIDE BUS
KBUS,1,17976,West Portal Avenue,Ulloa St & West Portal Ave,100.0,37.740733,-122.46564,KBUS,INGLESIDE BUS
KBUS,1,16898,14th Avenue,West Portal Ave & 14th Ave,100.0,37.737859,-122.469042,KBUS,INGLESIDE BUS
KBUS,1,16898,West Portal Avenue,West Portal Ave & 14th Ave,100.0,37.737859,-122.469042,KBUS,INGLESIDE BUS
KBUS,1,17205,Sloat Boulevard,West Portal Ave & Sloat Blvd,100.0,37.735039,-122.471343,KBUS,INGLESIDE BUS
KBUS,1,17205,West Portal Avenue,West Portal Ave & Sloat Blvd,100.0,37.735039,-122.471343,KBUS,INGLESIDE BUS
L,0,13266,15th Avenue,15th Ave & Taraval St,100.0,37.743124,-122.471297,L,TARAVAL
L,0,13266,Taraval Street,15th Ave & Taraval St,100.0,37.743124,-122.471297,L,TARAVAL
L,0,13600,46th Avenue,46th Ave & Ulloa St,100.0,37.739998,-122.504579,L,TARAVAL
L,0,13600,Ulloa Street,46th Ave & Ulloa St,100.0,37.739998,-122.504579,L,TARAVAL
L,0,13602,46th Avenue,46th Ave & Vicente St,100.0,37.738142,-122.50444,L,TARAVAL
L,0,13602,Vicente Street,46th Ave & Vicente St,100.0,37.738142,-122.50444,L,TARAVAL
L,0,17869,47th Avenue,47th Ave & Cutler Ave,100.0,37.736991,-122.505413,L,TARAVAL
L,0,17869,Cutler Avenue,47th Ave & Cutler Ave,100.0,37.736991,-122.505413,L,TARAVAL
L,0,16993,[UNKNOWN],Forest Hill Station Outbound,91.996,37.74817,-122.459192,L,TARAVAL
L,0,16991,[UNKNOWN],Metro Castro Station/Outbound,91.996,37.762683,-122.435289,L,TARAVAL
L,0,16998,[UNKNOWN],Metro Church Station/Outbound,91.996,37.767327,-122.429321,L,TARAVAL
L,0,16997,[UNKNOWN],Metro Civic Center Station/Outbd,91.996,37.77924,-122.414223,L,TARAVAL
L,0,17217,[UNKNOWN],Metro Embarcadero Station,91.996,37.79271,-122.39715,L,TARAVAL
L,0,16994,[UNKNOWN],Metro Montgomery Station/Outbound,91.996,37.788791,-122.402127,L,TARAVAL
L,0,16995,[UNKNOWN],Metro Powell Station/Outbound,91.996,37.7843,-122.407822,L,TARAVAL
L,0,16616,19th Avenue,Taraval St & 19th Ave,100.0,37.74311,-122.475444,L,TARAVAL
L,0,16616,Taraval Street,Taraval St & 19th Ave,100.0,37.74311,-122.475444,L,TARAVAL
L,0,16620,23rd Avenue,Taraval St & 23rd Ave,100.0,37.742872,-122.48045,L,TARAVAL
L,0,16620,Taraval Street,Taraval St & 23rd Ave,100.0,37.742872,-122.48045,L,TARAVAL
L,0,16622,26th Avenue,Taraval St & 26th Ave,100.0,37.742777,-122.483083,L,TARAVAL
L,0,16622,Taraval Street,Taraval St & 26th Ave,100.0,37.742777,-122.483083,L,TARAVAL
L,0,16626,30th Avenue,Taraval St & 30th Ave,100.0,37.742588,-122.487337,L,TARAVAL
L,0,16626,Taraval Street,Taraval St & 30th Ave,100.0,37.742588,-122.487337,L,TARAVAL
L,0,16628,32nd Avenue,Taraval St & 32nd Ave,100.0,37.742491,-122.489505,L,TARAVAL
L,0,16628,Taraval Street,Taraval St & 32nd Ave,100.0,37.742491,-122.489505,L,TARAVAL
L,0,16632,40th Avenue,Taraval St & 40th Ave,100.0,37.742124,-122.498055,L,TARAVAL
L,0,16632,Taraval Street,Taraval St & 40th Ave,100.0,37.742124,-122.498055,L,TARAVAL
L,0,16634,42nd Avenue,Taraval St & 42nd Ave,100.0,37.742021,-122.500202,L,TARAVAL
L,0,16634,Taraval Street,Taraval St & 42nd Ave,100.0,37.742021,-122.500202,L,TARAVAL
L,0,16636,44th Avenue,Taraval St & 44th Ave,100.0,37.741924,-122.502346,L,TARAVAL
L,0,16636,Taraval Street,Taraval St & 44th Ave,100.0,37.741924,-122.502346,L,TARAVAL
L,0,16638,46th Avenue,Taraval St & 46th Ave,100.0,37.741823,-122.50449,L,TARAVAL
L,0,16638,Taraval Street,Taraval St & 46th Ave,100.0,37.741823,-122.50449,L,TARAVAL
L,0,16640,Sunset Boulevard,Taraval St & Sunset Blvd,100.0,37.742287,-122.494361,L,TARAVAL
L,0,16640,Taraval Street,Taraval St & Sunset Blvd,100.0,37.742287,-122.494361,L,TARAVAL
L,0,14510,Folsom Street,The Embarcadero & Folsom St,3.509,37.790749,-122.389841,L,TARAVAL
L,0,14510,The Embarcadero,The Embarcadero & Folsom St,3.509,37.790749,-122.389841,L,TARAVAL
L,0,18136,14th Avenue,Ulloa St & 14th Ave,100.0,37.7415,-122.469969,L,TARAVAL
L,0,18136,Ulloa Street,Ulloa St & 14th Ave,100.0,37.7415,-122.469969,L,TARAVAL
L,0,16738,Lenox Way,Ulloa St & Lenox Way,8.004,37.741125,-122.466155,L,TARAVAL
L,0,16738,Ulloa Street,Ulloa St & Lenox Way,8.004,37.741125,-122.466155,L,TARAVAL
L,0,16996,[UNKNOWN],Van Ness Station Outbound,91.996,37.775234,-122.41934,L,TARAVAL
L,0,16739,[UNKNOWN],West Portal Station,91.996,37.741391,-122.46553,L,TARAVAL
L,1,13599,46th Avenue,46th Ave & Taraval St,100.0,37.741685,-122.504534,L,TARAVAL
L,1,13599,Taraval Street,46th Ave & Taraval St,100.0,37.741685,-122.504534,L,TARAVAL
L,1,13601,46th Avenue,46th Ave & Ulloa St,100.0,37.739829,-122.504407,L,TARAVAL
L,1,13601,Ulloa Street,46th Ave & Ulloa St,100.0,37.739829,-122.504407,L,TARAVAL
L,1,13603,46th Avenue,46th Ave & Vicente St,100.0,37.737973,-122.504268,L,TARAVAL
L,1,13603,Vicente Street,46th Ave & Vicente St,100.0,37.737973,-122.504268,L,TARAVAL
L,1,15728,[UNKNOWN],Metro Castro Station/Downtown,93.75,37.76262,-122.435231,L,TARAVAL
L,1,15726,[UNKNOWN],Metro Church Station/Downtown,93.75,37.767194,-122.429168,L,TARAVAL
L,1,15727,[UNKNOWN],Metro Civic Center Station/Downtn,93.75,37.779712,-122.413347,L,TARAVAL
L,1,16992,[UNKNOWN],Metro Embarcadero Station,93.75,37.793134,-122.396431,L,TARAVAL
L,1,15730,[UNKNOWN],Metro Forest Hill Station/Downtown,93.75,37.748351,-122.458623,L,TARAVAL
L,1,15731,[UNKNOWN],Metro Montgomery Station/Downtown,93.75,37.789219,-122.401351,L,TARAVAL
L,1,15417,[UNKNOWN],Metro Powell Station/Downtown,93.75,37.784653,-122.407086,L,TARAVAL
L,1,15419,[UNKNOWN],Metro Van Ness Station,93.75,37.775127,-122.419252,L,TARAVAL
L,1,16615,17th Avenue,Taraval St & 17th Ave,100.0,37.743131,-122.473306,L,TARAVAL
L,1,16615,Taraval Street,Taraval St & 17th Ave,100.0,37.743131,-122.473306,L,TARAVAL
L,1,16617,19th Avenue,Taraval St & 19th Ave,100.0,37.742971,-122.475821,L,TARAVAL
L,1,16617,Taraval Street,Taraval St & 19th Ave,100.0,37.742971,-122.475821,L,TARAVAL
L,1,16619,22nd Avenue,Taraval St & 22nd Ave,100.0,37.74289,-122.478426,L,TARAVAL
L,1,16619,Taraval Street,Taraval St & 22nd Ave,100.0,37.74289,-122.478426,L,TARAVAL
L,1,16623,26th Avenue,Taraval St & 26th Ave,100.0,37.742683,-122.483385,L,TARAVAL
L,1,16623,Taraval Street,Taraval St & 26th Ave,100.0,37.742683,-122.483385,L,TARAVAL
L,1,16627,30th Avenue,Taraval St & 30th Ave,100.0,37.742494,-122.487681,L,TARAVAL
L,1,16627,Taraval Street,Taraval St & 30th Ave,100.0,37.742494,-122.487681,L,TARAVAL
L,1,16629,32nd Avenue,Taraval St & 32nd Ave,100.0,37.742402,-122.489801,L,TARAVAL
L,1,16629,Taraval Street,Taraval St & 32nd Ave,100.0,37.742402,-122.489801,L,TARAVAL
L,1,16633,40th Avenue,Taraval St & 40th Ave,100.0,37.74199,-122.498316,L,TARAVAL
L,1,16633,Taraval Street,Taraval St & 40th Ave,100.0,37.74199,-122.498316,L,TARAVAL
L,1,16635,42nd Avenue,Taraval St & 42nd Ave,100.0,37.7419,-122.500461,L,TARAVAL
L,1,16635,Taraval Street,Taraval St & 42nd Ave,100.0,37.7419,-122.500461,L,TARAVAL
L,1,16637,44th Avenue,Taraval St & 44th Ave,100.0,37.741804,-122.502606,L,TARAVAL
L,1,16637,Taraval Street,Taraval St & 44th Ave,100.0,37.741804,-122.502606,L,TARAVAL
L,1,16641,Sunset Boulevard,Taraval St & Sunset Blvd,100.0,37.742188,-122.49451,L,TARAVAL
L,1,16641,Taraval Street,Taraval St & Sunset Blvd,100.0,37.742188,-122.49451,L,TARAVAL
L,1,14509,Folsom Street,The Embarcadero & Folsom St,5.263,37.790481,-122.389692,L,TARAVAL
L,1,14509,The Embarcadero,The Embarcadero & Folsom St,5.263,37.790481,-122.389692,L,TARAVAL
L,1,18137,14th Avenue,Ulloa St & 14th Ave,100.0,37.741356,-122.470211,L,TARAVAL
L,1,18137,Ulloa Street,Ulloa St & 14th Ave,100.0,37.741356,-122.470211,L,TARAVAL
L,1,16744,Ulloa Street,Ulloa St & West Portal Ave,6.25,37.741009,-122.466167,L,TARAVAL
L,1,16744,West Portal Avenue,Ulloa St & West Portal Ave,6.25,37.741009,-122.466167,L,TARAVAL
L,1,16932,Wawona/46th Ave /Sf Zoo,Wawona/46th Ave /Sf Zoo,100.0,37.736125,-122.504351,L,TARAVAL
L,1,16740,[UNKNOWN],West Portal Station,93.75,37.741518,-122.465216,L,TARAVAL
LOWL,0,16009,120 Portola Drive,120 Portola Dr,77.778,37.74897,-122.44396,LOWL,OWL TARAVAL
LOWL,0,13266,15th Avenue,15th Ave & Taraval St,77.778,37.743124,-122.471297,LOWL,OWL TARAVAL
LOWL,0,13266,Taraval Street,15th Ave & Taraval St,77.778,37.743124,-122.471297,LOWL,OWL TARAVAL
LOWL,0,17892,46th Avenue,46th Ave & Taraval St,77.778,37.741667,-122.504695,LOWL,OWL TARAVAL
LOWL,0,17892,Taraval Street,46th Ave & Taraval St,77.778,37.741667,-122.504695,LOWL,OWL TARAVAL
LOWL,0,13600,46th Avenue,46th Ave & Ulloa St,77.778,37.739998,-122.504579,LOWL,OWL TARAVAL
LOWL,0,13600,Ulloa Street,46th Ave & Ulloa St,77.778,37.739998,-122.504579,LOWL,OWL TARAVAL
LOWL,0,13602,46th Avenue,46th Ave & Vicente St,77.778,37.738142,-122.50444,LOWL,OWL TARAVAL
LOWL,0,13602,Vicente Street,46th Ave & Vicente St,77.778,37.738142,-122.50444,LOWL,OWL TARAVAL
LOWL,0,16008,6 Portola Drive,6 Portola Dr,77.778,37.749951,-122.443483,LOWL,OWL TARAVAL
LOWL,0,13092,Beach Street,Beach St & Mason St,100.0,37.807407,-122.414125,LOWL,OWL TARAVAL
LOWL,0,13092,Mason Street,Beach St & Mason St,100.0,37.807407,-122.414125,LOWL,OWL TARAVAL
LOWL,0,13095,Beach Street,Beach St & Stockton St,100.0,37.807841,-122.41081,LOWL,OWL TARAVAL
LOWL,0,13095,Stockton Street,Beach St & Stockton St,100.0,37.807841,-122.41081,LOWL,OWL TARAVAL
LOWL,0,14726,Don Chee Way/Steuart Street,Don Chee Way/Steuart St,77.778,37.79398,-122.393555,LOWL,OWL TARAVAL
LOWL,0,15184,Beach Street,Jones St & Beach St,100.0,37.807132,-122.417324,LOWL,OWL TARAVAL
LOWL,0,15184,Jones Street,Jones St & Beach St,100.0,37.807132,-122.417324,LOWL,OWL TARAVAL
LOWL,0,15654,16th Street,Market St & 16th St,77.778,37.76391,-122.43366,LOWL,OWL TARAVAL
LOWL,0,15654,Market Street,Market St & 16th St,77.778,37.76391,-122.43366,LOWL,OWL TARAVAL
LOWL,0,15667,17th Street,Market St & 17th St,77.778,37.763022,-122.434979,LOWL,OWL TARAVAL
LOWL,0,15667,Market Street,Market St & 17th St,77.778,37.763022,-122.434979,LOWL,OWL TARAVAL
LOWL,0,15639,2nd Street,Market St & 2nd St,77.778,37.789353,-122.401306,LOWL,OWL TARAVAL
LOWL,0,15639,Market Street,Market St & 2nd St,77.778,37.789353,-122.401306,LOWL,OWL TARAVAL
LOWL,0,15655,5th Street,Market St & 5th  St,77.778,37.784082,-122.407992,LOWL,OWL TARAVAL
LOWL,0,15655,Market Street,Market St & 5th  St,77.778,37.784082,-122.407992,LOWL,OWL TARAVAL
LOWL,0,15656,7th Street,Market St & 7th St,77.778,37.780568,-122.412441,LOWL,OWL TARAVAL
LOWL,0,15656,Market Street,Market St & 7th St,77.778,37.780568,-122.412441,LOWL,OWL TARAVAL
LOWL,0,15657,Battery Street,Market St & Battery St,77.778,37.79111,-122.399069,LOWL,OWL TARAVAL
LOWL,0,15657,Market Street,Market St & Battery St,77.778,37.79111,-122.399069,LOWL,OWL TARAVAL
LOWL,0,15659,Buchanan Street,Market St & Buchanan St,77.778,37.769786,-122.426149,LOWL,OWL TARAVAL
LOWL,0,15659,Market Street,Market St & Buchanan St,77.778,37.769786,-122.426149,LOWL,OWL TARAVAL
LOWL,0,15661,Church Street,Market St & Church St,77.778,37.767705,-122.428778,LOWL,OWL TARAVAL
LOWL,0,15661,Market Street,Market St & Church St,77.778,37.767705,-122.428778,LOWL,OWL TARAVAL
LOWL,0,18015,Clayton Street,Market St & Clayton St,77.778,37.75849,-122.444479,LOWL,OWL TARAVAL
LOWL,0,18015,Market Street,Market St & Clayton St,77.778,37.75849,-122.444479,LOWL,OWL TARAVAL
LOWL,0,15669,Drumm Street,Market St & Drumm St,77.778,37.793473,-122.396178,LOWL,OWL TARAVAL
LOWL,0,15669,Market Street,Market St & Drumm St,77.778,37.793473,-122.396178,LOWL,OWL TARAVAL
LOWL,0,15672,Gough Street,Market St & Gough St,77.778,37.773269,-122.421768,LOWL,OWL TARAVAL
LOWL,0,15672,Market Street,Market St & Gough St,77.778,37.773269,-122.421768,LOWL,OWL TARAVAL
LOWL,0,15676,Hyde Street,Market St & Hyde St,77.778,37.779105,-122.414379,LOWL,OWL TARAVAL
LOWL,0,15676,Market Street,Market St & Hyde St,77.778,37.779105,-122.414379,LOWL,OWL TARAVAL
LOWL,0,15678,Kearny Street,Market St & Kearny St,77.778,37.78773,-122.40337,LOWL,OWL TARAVAL
LOWL,0,15678,Market Street,Market St & Kearny St,77.778,37.78773,-122.40337,LOWL,OWL TARAVAL
LOWL,0,15681,Laguna Street,Market St & Laguna St,77.778,37.770953,-122.424666,LOWL,OWL TARAVAL
LOWL,0,15681,Market Street,Market St & Laguna St,77.778,37.770953,-122.424666,LOWL,OWL TARAVAL
LOWL,0,15680,Larkin Street,Market St & Larkin St,77.778,37.777598,-122.416236,LOWL,OWL TARAVAL
LOWL,0,15680,Market Street,Market St & Larkin St,77.778,37.777598,-122.416236,LOWL,OWL TARAVAL
LOWL,0,15690,Market Street,Market St & Sanchez St,77.778,37.766185,-122.430707,LOWL,OWL TARAVAL
LOWL,0,15690,Sanchez Street,Market St & Sanchez St,77.778,37.766185,-122.430707,LOWL,OWL TARAVAL
LOWL,0,15694,Market Street,Market St & Stockton St,77.778,37.785777,-122.405859,LOWL,OWL TARAVAL
LOWL,0,15694,Stockton Street,Market St & Stockton St,77.778,37.785777,-122.405859,LOWL,OWL TARAVAL
LOWL,0,15695,Market Street,Market St & Taylor St,77.778,37.782316,-122.410228,LOWL,OWL TARAVAL
LOWL,0,15695,Taylor Street,Market St & Taylor St,77.778,37.782316,-122.410228,LOWL,OWL TARAVAL
LOWL,0,15696,Market Street,Market St & Van Ness Ave,77.778,37.775198,-122.419252,LOWL,OWL TARAVAL
LOWL,0,15696,Van Ness Avenue,Market St & Van Ness Ave,77.778,37.775198,-122.419252,LOWL,OWL TARAVAL
LOWL,0,16010,Burnett Avenue,Portola Dr & Burnett Ave,77.778,37.747033,-122.44487,LOWL,OWL TARAVAL
LOWL,0,16010,Portola Drive,Portola Dr & Burnett Ave,77.778,37.747033,-122.44487,LOWL,OWL TARAVAL
LOWL,0,16015,Glenview Drive,Portola Dr & Glenview Dr,77.778,37.746462,-122.447917,LOWL,OWL TARAVAL
LOWL,0,16015,Portola Drive,Portola Dr & Glenview Dr,77.778,37.746462,-122.447917,LOWL,OWL TARAVAL
LOWL,0,16501,Market Street,Steuart St & Market St,77.778,37.794409,-122.394538,LOWL,OWL TARAVAL
LOWL,0,16501,Steuart Street,Steuart St & Market St,77.778,37.794409,-122.394538,LOWL,OWL TARAVAL
LOWL,0,16616,19th Avenue,Taraval St & 19th Ave,77.778,37.74311,-122.475444,LOWL,OWL TARAVAL
LOWL,0,16616,Taraval Street,Taraval St & 19th Ave,77.778,37.74311,-122.475444,LOWL,OWL TARAVAL
LOWL,0,16620,23rd Avenue,Taraval St & 23rd Ave,77.778,37.742872,-122.48045,LOWL,OWL TARAVAL
LOWL,0,16620,Taraval Street,Taraval St & 23rd Ave,77.778,37.742872,-122.48045,LOWL,OWL TARAVAL
LOWL,0,16622,26th Avenue,Taraval St & 26th Ave,77.778,37.742777,-122.483083,LOWL,OWL TARAVAL
LOWL,0,16622,Taraval Street,Taraval St & 26th Ave,77.778,37.742777,-122.483083,LOWL,OWL TARAVAL
LOWL,0,16626,30th Avenue,Taraval St & 30th Ave,77.778,37.742588,-122.487337,LOWL,OWL TARAVAL
LOWL,0,16626,Taraval Street,Taraval St & 30th Ave,77.778,37.742588,-122.487337,LOWL,OWL TARAVAL
LOWL,0,16628,32nd Avenue,Taraval St & 32nd Ave,77.778,37.742491,-122.489505,LOWL,OWL TARAVAL
LOWL,0,16628,Taraval Street,Taraval St & 32nd Ave,77.778,37.742491,-122.489505,LOWL,OWL TARAVAL
LOWL,0,16632,40th Avenue,Taraval St & 40th Ave,77.778,37.742124,-122.498055,LOWL,OWL TARAVAL
LOWL,0,16632,Taraval Street,Taraval St & 40th Ave,77.778,37.742124,-122.498055,LOWL,OWL TARAVAL
LOWL,0,16634,42nd Avenue,Taraval St & 42nd Ave,77.778,37.742021,-122.500202,LOWL,OWL TARAVAL
LOWL,0,16634,Taraval Street,Taraval St & 42nd Ave,77.778,37.742021,-122.500202,LOWL,OWL TARAVAL
LOWL,0,16636,44th Avenue,Taraval St & 44th Ave,77.778,37.741924,-122.502346,LOWL,OWL TARAVAL
LOWL,0,16636,Taraval Street,Taraval St & 44th Ave,77.778,37.741924,-122.502346,LOWL,OWL TARAVAL
LOWL,0,16638,46th Avenue,Taraval St & 46th Ave,77.778,37.741823,-122.50449,LOWL,OWL TARAVAL
LOWL,0,16638,Taraval Street,Taraval St & 46th Ave,77.778,37.741823,-122.50449,LOWL,OWL TARAVAL
LOWL,0,16640,Sunset Boulevard,Taraval St & Sunset Blvd,77.778,37.742287,-122.494361,LOWL,OWL TARAVAL
LOWL,0,16640,Taraval Street,Taraval St & Sunset Blvd,77.778,37.742287,-122.494361,LOWL,OWL TARAVAL
LOWL,0,14502,Bay Street,The Embarcadero & Bay St,100.0,37.806629,-122.40603,LOWL,OWL TARAVAL
LOWL,0,14502,The Embarcadero,The Embarcadero & Bay St,100.0,37.806629,-122.40603,LOWL,OWL TARAVAL
LOWL,0,14504,Broadway,The Embarcadero & Broadway,100.0,37.798901,-122.397434,LOWL,OWL TARAVAL
LOWL,0,14504,The Embarcadero,The Embarcadero & Broadway,100.0,37.798901,-122.397434,LOWL,OWL TARAVAL
LOWL,0,17283,Ferry Building,The Embarcadero & Ferry Building,100.0,37.794828,-122.39377,LOWL,OWL TARAVAL
LOWL,0,17283,The Embarcadero,The Embarcadero & Ferry Building,100.0,37.794828,-122.39377,LOWL,OWL TARAVAL
LOWL,0,14518,Green Street,The Embarcadero & Green St,100.0,37.800605,-122.39892,LOWL,OWL TARAVAL
LOWL,0,14518,The Embarcadero,The Embarcadero & Green St,100.0,37.800605,-122.39892,LOWL,OWL TARAVAL
LOWL,0,14516,Greenwich Street,The Embarcadero & Greenwich St,100.0,37.80296,-122.401029,LOWL,OWL TARAVAL
LOWL,0,14516,The Embarcadero,The Embarcadero & Greenwich St,100.0,37.80296,-122.401029,LOWL,OWL TARAVAL
LOWL,0,14529,Sansome Street,The Embarcadero & Sansome St,100.0,37.805022,-122.403314,LOWL,OWL TARAVAL
LOWL,0,14529,The Embarcadero,The Embarcadero & Sansome St,100.0,37.805022,-122.403314,LOWL,OWL TARAVAL
LOWL,0,14534,The Embarcadero,The Embarcadero & Washington St,100.0,37.796355,-122.395181,LOWL,OWL TARAVAL
LOWL,0,14534,Washington Street,The Embarcadero & Washington St,100.0,37.796355,-122.395181,LOWL,OWL TARAVAL
LOWL,0,16736,Forest Side Avenue,Ulloa St & Forest Side Ave,77.778,37.741535,-122.46847,LOWL,OWL TARAVAL
LOWL,0,16736,Ulloa Street,Ulloa St & Forest Side Ave,77.778,37.741535,-122.46847,LOWL,OWL TARAVAL
LOWL,0,16738,Lenox Way,Ulloa St & Lenox Way,77.778,37.741125,-122.466155,LOWL,OWL TARAVAL
LOWL,0,16738,Ulloa Street,Ulloa St & Lenox Way,77.778,37.741125,-122.466155,LOWL,OWL TARAVAL
LOWL,0,16932,Wawona/46th Ave /Sf Zoo,Wawona/46th Ave /Sf Zoo,77.778,37.736125,-122.504351,LOWL,OWL TARAVAL
LOWL,0,16934,Hernandez Avenue,Woodside Ave & Hernandez Ave,77.778,37.74638,-122.45535,LOWL,OWL TARAVAL
LOWL,0,16934,Woodside Avenue,Woodside Ave & Hernandez Ave,77.778,37.74638,-122.45535,LOWL,OWL TARAVAL
LOWL,0,16937,Portola Drive,Woodside Ave & Portola Dr,77.778,37.745766,-122.452431,LOWL,OWL TARAVAL
LOWL,0,16937,Woodside Avenue,Woodside Ave & Portola Dr,77.778,37.745766,-122.452431,LOWL,OWL TARAVAL
LOWL,0,16939,Ulloa Street,Woodside Ave & Ulloa St,77.778,37.745766,-122.453829,LOWL,OWL TARAVAL
LOWL,0,16939,Woodside Avenue,Woodside Ave & Ulloa St,77.778,37.745766,-122.453829,LOWL,OWL TARAVAL
LOWL,1,13267,15th Avenue,15th Ave & Taraval St,100.0,37.742968,-122.471393,LOWL,OWL TARAVAL
LOWL,1,13267,Taraval Street,15th Ave & Taraval St,100.0,37.742968,-122.471393,LOWL,OWL TARAVAL
LOWL,1,13599,46th Avenue,46th Ave & Taraval St,100.0,37.741685,-122.504534,LOWL,OWL TARAVAL
LOWL,1,13599,Taraval Street,46th Ave & Taraval St,100.0,37.741685,-122.504534,LOWL,OWL TARAVAL
LOWL,1,13601,46th Avenue,46th Ave & Ulloa St,100.0,37.739829,-122.504407,LOWL,OWL TARAVAL
LOWL,1,13601,Ulloa Street,46th Ave & Ulloa St,100.0,37.739829,-122.504407,LOWL,OWL TARAVAL
LOWL,1,13603,46th Avenue,46th Ave & Vicente St,100.0,37.737973,-122.504268,LOWL,OWL TARAVAL
LOWL,1,13603,Vicente Street,46th Ave & Vicente St,100.0,37.737973,-122.504268,LOWL,OWL TARAVAL
LOWL,1,14727,Don Chee Way/Steuart Street,Don Chee Way/Steuart St,100.0,37.793918,-122.393438,LOWL,OWL TARAVAL
LOWL,1,17281,Embarcadero,Embarcadero & Sansome St,100.0,37.805146,-122.403233,LOWL,OWL TARAVAL
LOWL,1,17281,Sansome Street,Embarcadero & Sansome St,100.0,37.805146,-122.403233,LOWL,OWL TARAVAL
LOWL,1,15174,Jefferson Street,Jefferson St & Powell St,100.0,37.808594,-122.413357,LOWL,OWL TARAVAL
LOWL,1,15174,Powell Street,Jefferson St & Powell St,100.0,37.808594,-122.413357,LOWL,OWL TARAVAL
LOWL,1,15175,Jefferson Street,Jefferson St & Taylor St,100.0,37.80832,-122.415514,LOWL,OWL TARAVAL
LOWL,1,15175,Taylor Street,Jefferson St & Taylor St,100.0,37.80832,-122.415514,LOWL,OWL TARAVAL
LOWL,1,15184,Beach Street,Jones St & Beach St,100.0,37.807132,-122.417324,LOWL,OWL TARAVAL
LOWL,1,15184,Jones Street,Jones St & Beach St,100.0,37.807132,-122.417324,LOWL,OWL TARAVAL
LOWL,1,17264,1st Street,Market St & 1st St,100.0,37.79094,-122.399195,LOWL,OWL TARAVAL
LOWL,1,17264,Market Street,Market St & 1st St,100.0,37.79094,-122.399195,LOWL,OWL TARAVAL
LOWL,1,15640,3rd Street,Market St & 3rd St,100.0,37.787525,-122.403519,LOWL,OWL TARAVAL
LOWL,1,15640,Market Street,Market St & 3rd St,100.0,37.787525,-122.403519,LOWL,OWL TARAVAL
LOWL,1,15643,4th Street,Market St & 4th St,100.0,37.785705,-122.405847,LOWL,OWL TARAVAL
LOWL,1,15643,Market Street,Market St & 4th St,100.0,37.785705,-122.405847,LOWL,OWL TARAVAL
LOWL,1,15645,5th Street,Market St & 5th St,100.0,37.783886,-122.408141,LOWL,OWL TARAVAL
LOWL,1,15645,Market Street,Market St & 5th St,100.0,37.783886,-122.408141,LOWL,OWL TARAVAL
LOWL,1,15647,6th Street,Market St & 6th St,100.0,37.782102,-122.4104,LOWL,OWL TARAVAL
LOWL,1,15647,Market Street,Market St & 6th St,100.0,37.782102,-122.4104,LOWL,OWL TARAVAL
LOWL,1,15650,7th Street,Market St & 7th St,100.0,37.780363,-122.412613,LOWL,OWL TARAVAL
LOWL,1,15650,Market Street,Market St & 7th St,100.0,37.780363,-122.412613,LOWL,OWL TARAVAL
LOWL,1,15651,8th Street,Market St & 8th St,100.0,37.778606,-122.414826,LOWL,OWL TARAVAL
LOWL,1,15651,Market Street,Market St & 8th St,100.0,37.778606,-122.414826,LOWL,OWL TARAVAL
LOWL,1,15652,9th Street,Market St & 9th St,100.0,37.77741,-122.41634,LOWL,OWL TARAVAL
LOWL,1,15652,Market Street,Market St & 9th St,100.0,37.77741,-122.41634,LOWL,OWL TARAVAL
LOWL,1,15658,Beale Street,Market St & Beale St,100.0,37.792572,-122.397016,LOWL,OWL TARAVAL
LOWL,1,15658,Market Street,Market St & Beale St,100.0,37.792572,-122.397016,LOWL,OWL TARAVAL
LOWL,1,15665,Castro Street,Market St & Castro St,100.0,37.762594,-122.435289,LOWL,OWL TARAVAL
LOWL,1,15665,Market Street,Market St & Castro St,100.0,37.762594,-122.435289,LOWL,OWL TARAVAL
LOWL,1,18062,Church Street,Market St & Church St,100.0,37.767277,-122.429099,LOWL,OWL TARAVAL
LOWL,1,18062,Market Street,Market St & Church St,100.0,37.767277,-122.429099,LOWL,OWL TARAVAL
LOWL,1,15663,Clayton Street,Market St & Clayton St,100.0,37.758409,-122.444055,LOWL,OWL TARAVAL
LOWL,1,15663,Market Street,Market St & Clayton St,100.0,37.758409,-122.444055,LOWL,OWL TARAVAL
LOWL,1,15668,Dolores Street,Market St & Dolores St,100.0,37.76888,-122.427103,LOWL,OWL TARAVAL
LOWL,1,15668,Market Street,Market St & Dolores St,100.0,37.76888,-122.427103,LOWL,OWL TARAVAL
LOWL,1,15673,Gough Street,Market St & Gough St,100.0,37.772875,-122.421991,LOWL,OWL TARAVAL
LOWL,1,15673,Market Street,Market St & Gough St,100.0,37.772875,-122.421991,LOWL,OWL TARAVAL
LOWL,1,15675,Guerrero Street,Market St & Guerrero St,100.0,37.77057,-122.424971,LOWL,OWL TARAVAL
LOWL,1,15675,Market Street,Market St & Guerrero St,100.0,37.77057,-122.424971,LOWL,OWL TARAVAL
LOWL,1,15685,Market Street,Market St & New Montgomery St,100.0,37.788613,-122.402163,LOWL,OWL TARAVAL
LOWL,1,15685,New Montgomery Street,Market St & New Montgomery St,100.0,37.788613,-122.402163,LOWL,OWL TARAVAL
LOWL,1,15687,Market Street,Market St & Noe St,100.0,37.763958,-122.433323,LOWL,OWL TARAVAL
LOWL,1,15687,Noe Street,Market St & Noe St,100.0,37.763958,-122.433323,LOWL,OWL TARAVAL
LOWL,1,15691,Market Street,Market St & Sanchez St,100.0,37.765689,-122.43114,LOWL,OWL TARAVAL
LOWL,1,15691,Sanchez Street,Market St & Sanchez St,100.0,37.765689,-122.43114,LOWL,OWL TARAVAL
LOWL,1,15692,Market Street,Market St & South Van Ness Ave,100.0,37.775056,-122.419321,LOWL,OWL TARAVAL
LOWL,1,15692,Van Ness Avenue,Market St & South Van Ness Ave,100.0,37.775056,-122.419321,LOWL,OWL TARAVAL
LOWL,1,16012,Clipper Street,Portola Dr & Clipper St,100.0,37.74715,-122.4442,LOWL,OWL TARAVAL
LOWL,1,16012,Portola Drive,Portola Dr & Clipper St,100.0,37.74715,-122.4442,LOWL,OWL TARAVAL
LOWL,1,16112,Glenview Drive,Portola Dr & Glenview Dr,100.0,37.74636,-122.44764,LOWL,OWL TARAVAL
LOWL,1,16112,Portola Drive,Portola Dr & Glenview Dr,100.0,37.74636,-122.44764,LOWL,OWL TARAVAL
LOWL,1,16615,17th Avenue,Taraval St & 17th Ave,100.0,37.743131,-122.473306,LOWL,OWL TARAVAL
LOWL,1,16615,Taraval Street,Taraval St & 17th Ave,100.0,37.743131,-122.473306,LOWL,OWL TARAVAL
LOWL,1,16617,19th Avenue,Taraval St & 19th Ave,100.0,37.742971,-122.475821,LOWL,OWL TARAVAL
LOWL,1,16617,Taraval Street,Taraval St & 19th Ave,100.0,37.742971,-122.475821,LOWL,OWL TARAVAL
LOWL,1,16619,22nd Avenue,Taraval St & 22nd Ave,100.0,37.74289,-122.478426,LOWL,OWL TARAVAL
LOWL,1,16619,Taraval Street,Taraval St & 22nd Ave,100.0,37.74289,-122.478426,LOWL,OWL TARAVAL
LOWL,1,16623,26th Avenue,Taraval St & 26th Ave,100.0,37.742683,-122.483385,LOWL,OWL TARAVAL
LOWL,1,16623,Taraval Street,Taraval St & 26th Ave,100.0,37.742683,-122.483385,LOWL,OWL TARAVAL
LOWL,1,16627,30th Avenue,Taraval St & 30th Ave,100.0,37.742494,-122.487681,LOWL,OWL TARAVAL
LOWL,1,16627,Taraval Street,Taraval St & 30th Ave,100.0,37.742494,-122.487681,LOWL,OWL TARAVAL
LOWL,1,16629,32nd Avenue,Taraval St & 32nd Ave,100.0,37.742402,-122.489801,LOWL,OWL TARAVAL
LOWL,1,16629,Taraval Street,Taraval St & 32nd Ave,100.0,37.742402,-122.489801,LOWL,OWL TARAVAL
LOWL,1,16633,40th Avenue,Taraval St & 40th Ave,100.0,37.74199,-122.498316,LOWL,OWL TARAVAL
LOWL,1,16633,Taraval Street,Taraval St & 40th Ave,100.0,37.74199,-122.498316,LOWL,OWL TARAVAL
LOWL,1,16635,42nd Avenue,Taraval St & 42nd Ave,100.0,37.7419,-122.500461,LOWL,OWL TARAVAL
LOWL,1,16635,Taraval Street,Taraval St & 42nd Ave,100.0,37.7419,-122.500461,LOWL,OWL TARAVAL
LOWL,1,16637,44th Avenue,Taraval St & 44th Ave,100.0,37.741804,-122.502606,LOWL,OWL TARAVAL
LOWL,1,16637,Taraval Street,Taraval St & 44th Ave,100.0,37.741804,-122.502606,LOWL,OWL TARAVAL
LOWL,1,16641,Sunset Boulevard,Taraval St & Sunset Blvd,100.0,37.742188,-122.49451,LOWL,OWL TARAVAL
LOWL,1,16641,Taraval Street,Taraval St & Sunset Blvd,100.0,37.742188,-122.49451,LOWL,OWL TARAVAL
LOWL,1,14501,Bay Street,The Embarcadero & Bay St,100.0,37.806945,-122.406278,LOWL,OWL TARAVAL
LOWL,1,14501,The Embarcadero,The Embarcadero & Bay St,100.0,37.806945,-122.406278,LOWL,OWL TARAVAL
LOWL,1,14503,Broadway,The Embarcadero & Broadway,100.0,37.799552,-122.397869,LOWL,OWL TARAVAL
LOWL,1,14503,The Embarcadero,The Embarcadero & Broadway,100.0,37.799552,-122.397869,LOWL,OWL TARAVAL
LOWL,1,14513,Ferry Building,The Embarcadero & Ferry Building,100.0,37.79489,-122.393552,LOWL,OWL TARAVAL
LOWL,1,14513,The Embarcadero,The Embarcadero & Ferry Building,100.0,37.79489,-122.393552,LOWL,OWL TARAVAL
LOWL,1,14517,Green Street,The Embarcadero & Green St,100.0,37.801264,-122.399369,LOWL,OWL TARAVAL
LOWL,1,14517,The Embarcadero,The Embarcadero & Green St,100.0,37.801264,-122.399369,LOWL,OWL TARAVAL
LOWL,1,14515,Greenwich Street,The Embarcadero & Greenwich St,100.0,37.803263,-122.401113,LOWL,OWL TARAVAL
LOWL,1,14515,The Embarcadero,The Embarcadero & Greenwich St,100.0,37.803263,-122.401113,LOWL,OWL TARAVAL
LOWL,1,14530,Stockton Street,The Embarcadero & Stockton St,100.0,37.808351,-122.410287,LOWL,OWL TARAVAL
LOWL,1,14530,The Embarcadero,The Embarcadero & Stockton St,100.0,37.808351,-122.410287,LOWL,OWL TARAVAL
LOWL,1,14532,The Embarcadero,The Embarcadero & Washington St,100.0,37.797085,-122.39567,LOWL,OWL TARAVAL
LOWL,1,14532,Washington Street,The Embarcadero & Washington St,100.0,37.797085,-122.39567,LOWL,OWL TARAVAL
LOWL,1,16737,Forest Side Avenue,Ulloa St & Forest Side Ave,100.0,37.741435,-122.4688,LOWL,OWL TARAVAL
LOWL,1,16737,Ulloa Street,Ulloa St & Forest Side Ave,100.0,37.741435,-122.4688,LOWL,OWL TARAVAL
LOWL,1,17976,Ulloa Street,Ulloa St & West Portal Ave,100.0,37.740733,-122.46564,LOWL,OWL TARAVAL
LOWL,1,17976,West Portal Avenue,Ulloa St & West Portal Ave,100.0,37.740733,-122.46564,LOWL,OWL TARAVAL
LOWL,1,16932,Wawona/46th Ave /Sf Zoo,Wawona/46th Ave /Sf Zoo,100.0,37.736125,-122.504351,LOWL,OWL TARAVAL
LOWL,1,16933,Balceta Avenue,Woodside Ave & Balceta Ave,100.0,37.746489,-122.456441,LOWL,OWL TARAVAL
LOWL,1,16933,Woodside Avenue,Woodside Ave & Balceta Ave,100.0,37.746489,-122.456441,LOWL,OWL TARAVAL
LOWL,1,16935,Hernandez Avenue,Woodside Ave & Hernandez Ave,100.0,37.746283,-122.455593,LOWL,OWL TARAVAL
LOWL,1,16935,Woodside Avenue,Woodside Ave & Hernandez Ave,100.0,37.746283,-122.455593,LOWL,OWL TARAVAL
LOWL,1,16938,Portola Drive,Woodside Ave & Portola Dr,100.0,37.745623,-122.452225,LOWL,OWL TARAVAL
LOWL,1,16938,Woodside Avenue,Woodside Ave & Portola Dr,100.0,37.745623,-122.452225,LOWL,OWL TARAVAL
LOWL,1,16940,Ulloa Street,Woodside Ave & Ulloa St,100.0,37.745695,-122.454058,LOWL,OWL TARAVAL
LOWL,1,16940,Woodside Avenue,Woodside Ave & Ulloa St,100.0,37.745695,-122.454058,LOWL,OWL TARAVAL
M,0,13358,19th Avenue,19th Ave & Holloway Ave,100.0,37.721342,-122.475245,M,OCEAN VIEW
M,0,13358,Holloway Avenue,19th Ave & Holloway Ave,100.0,37.721342,-122.475245,M,OCEAN VIEW
M,0,13376,19th Avenue,19th Ave & Randolph St,100.0,37.7162,-122.47167,M,OCEAN VIEW
M,0,13387,19th Avenue,19th Ave & Randolph St,100.0,37.714443,-122.469998,M,OCEAN VIEW
M,0,13376,Randolph Street,19th Ave & Randolph St,100.0,37.7162,-122.47167,M,OCEAN VIEW
M,0,13387,Randolph Street,19th Ave & Randolph St,100.0,37.714443,-122.469998,M,OCEAN VIEW
M,0,13403,19th Avenue,19th Ave & Winston Dr,100.0,37.727017,-122.474937,M,OCEAN VIEW
M,0,13403,Winston Drive,19th Ave & Winston Dr,100.0,37.727017,-122.474937,M,OCEAN VIEW
M,0,13716,Broad Street,Broad St & Capitol Ave,100.0,37.713152,-122.459159,M,OCEAN VIEW
M,0,13716,Capitol Avenue,Broad St & Capitol Ave,100.0,37.713152,-122.459159,M,OCEAN VIEW
M,0,13719,Broad Street,Broad St & Plymouth Ave,100.0,37.713161,-122.45618,M,OCEAN VIEW
M,0,13719,Plymouth Avenue,Broad St & Plymouth Ave,100.0,37.713161,-122.45618,M,OCEAN VIEW
M,0,16993,[UNKNOWN],Forest Hill Station Outbound,90.543,37.74817,-122.459192,M,OCEAN VIEW
M,0,16991,[UNKNOWN],Metro Castro Station/Outbound,90.543,37.762683,-122.435289,M,OCEAN VIEW
M,0,16998,[UNKNOWN],Metro Church Station/Outbound,90.543,37.767327,-122.429321,M,OCEAN VIEW
M,0,16997,[UNKNOWN],Metro Civic Center Station/Outbd,90.543,37.77924,-122.414223,M,OCEAN VIEW
M,0,17217,[UNKNOWN],Metro Embarcadero Station,90.543,37.79271,-122.39715,M,OCEAN VIEW
M,0,16994,[UNKNOWN],Metro Montgomery Station/Outbound,90.543,37.788791,-122.402127,M,OCEAN VIEW
M,0,16995,[UNKNOWN],Metro Powell Station/Outbound,90.543,37.7843,-122.407822,M,OCEAN VIEW
M,0,15825,Broad Street,Orizaba Ave & Broad St,100.0,37.713328,-122.462585,M,OCEAN VIEW
M,0,15825,Orizaba Avenue,Orizaba Ave & Broad St,100.0,37.713328,-122.462585,M,OCEAN VIEW
M,0,16173,Arch Street,Randolph St & Arch St,100.0,37.714201,-122.467218,M,OCEAN VIEW
M,0,16173,Randolph Street,Randolph St & Arch St,100.0,37.714201,-122.467218,M,OCEAN VIEW
M,0,16175,Bright Street,Randolph St & Bright St,100.0,37.71425,-122.463675,M,OCEAN VIEW
M,0,16175,Randolph Street,Randolph St & Bright St,100.0,37.71425,-122.463675,M,OCEAN VIEW
M,0,16219,Right Of Way/Eucalyptus Drive,Right Of Way/Eucalyptus Dr,100.0,37.73119,-122.47435,M,OCEAN VIEW
M,0,16223,Right Of Way/Ocean Avenue,Right Of Way/Ocean Ave,100.0,37.732022,-122.473719,M,OCEAN VIEW
M,0,16259,Farallones Street,San Jose Ave & Farallones St,100.0,37.713957,-122.452281,M,OCEAN VIEW
M,0,16259,San Jose Avenue,San Jose Ave & Farallones St,100.0,37.713957,-122.452281,M,OCEAN VIEW
M,0,16266,Lakeview Avenue,San Jose Ave & Lakeview Ave,100.0,37.716083,-122.450435,M,OCEAN VIEW
M,0,16266,San Jose Avenue,San Jose Ave & Lakeview Ave,100.0,37.716083,-122.450435,M,OCEAN VIEW
M,0,16269,Niagra Avenue,San Jose Ave & Niagra Ave,100.0,37.719421,-122.447654,M,OCEAN VIEW
M,0,16269,San Jose Avenue,San Jose Ave & Niagra Ave,100.0,37.719421,-122.447654,M,OCEAN VIEW
M,0,14510,Folsom Street,The Embarcadero & Folsom St,3.191,37.790749,-122.389841,M,OCEAN VIEW
M,0,14510,The Embarcadero,The Embarcadero & Folsom St,3.191,37.790749,-122.389841,M,OCEAN VIEW
M,0,16744,Ulloa Street,Ulloa St & West Portal Ave,9.457,37.741009,-122.466167,M,OCEAN VIEW
M,0,16744,West Portal Avenue,Ulloa St & West Portal Ave,9.457,37.741009,-122.466167,M,OCEAN VIEW
M,0,16996,[UNKNOWN],Van Ness Station Outbound,90.543,37.775234,-122.41934,M,OCEAN VIEW
M,0,17125,14th Avenue,West Portal Ave & 14th Ave,100.0,37.738064,-122.468984,M,OCEAN VIEW
M,0,17125,West Portal Avenue,West Portal Ave & 14th Ave,100.0,37.738064,-122.468984,M,OCEAN VIEW
M,0,16739,[UNKNOWN],West Portal Station,90.543,37.741391,-122.46553,M,OCEAN VIEW
M,0,16503,West Portal/Sloat/St Francis Circle,West Portal/Sloat/St Francis Circle,100.0,37.734807,-122.471618,M,OCEAN VIEW
M,1,17065,19th Avenue,19th Ave & Holloway Ave,100.0,37.721342,-122.475176,M,OCEAN VIEW
M,1,17065,Holloway Avenue,19th Ave & Holloway Ave,100.0,37.721342,-122.475176,M,OCEAN VIEW
M,1,13361,19th Avenue,19th Ave & Junipero Serra Blvd,100.0,37.716889,-122.472275,M,OCEAN VIEW
M,1,13361,Junipero Serra Boulevard,19th Ave & Junipero Serra Blvd,100.0,37.716889,-122.472275,M,OCEAN VIEW
M,1,13385,19th Avenue,19th Ave & Randolph St,100.0,37.714856,-122.470249,M,OCEAN VIEW
M,1,13385,Randolph Street,19th Ave & Randolph St,100.0,37.714856,-122.470249,M,OCEAN VIEW
M,1,17449,19th Avenue,19th Ave & Winston Dr,100.0,37.727195,-122.474846,M,OCEAN VIEW
M,1,17449,Winston Drive,19th Ave & Winston Dr,100.0,37.727195,-122.474846,M,OCEAN VIEW
M,1,15418,[UNKNOWN],Balboa Park BART/Mezzanine Level,10.923,37.721809,-122.447425,M,OCEAN VIEW
M,1,13715,Broad Street,Broad St & Capitol Ave,100.0,37.713191,-122.458921,M,OCEAN VIEW
M,1,13715,Capitol Avenue,Broad St & Capitol Ave,100.0,37.713191,-122.458921,M,OCEAN VIEW
M,1,13717,Broad Street,Broad St & Orizaba Ave,100.0,37.713178,-122.462331,M,OCEAN VIEW
M,1,13717,Orizaba Avenue,Broad St & Orizaba Ave,100.0,37.713178,-122.462331,M,OCEAN VIEW
M,1,13718,Broad Street,Broad St & Plymouth Ave,100.0,37.713222,-122.455927,M,OCEAN VIEW
M,1,13718,Plymouth Avenue,Broad St & Plymouth Ave,100.0,37.713222,-122.455927,M,OCEAN VIEW
M,1,15728,[UNKNOWN],Metro Castro Station/Downtown,92.095,37.76262,-122.435231,M,OCEAN VIEW
M,1,15726,[UNKNOWN],Metro Church Station/Downtown,92.095,37.767194,-122.429168,M,OCEAN VIEW
M,1,15727,[UNKNOWN],Metro Civic Center Station/Downtn,92.095,37.779712,-122.413347,M,OCEAN VIEW
M,1,16992,[UNKNOWN],Metro Embarcadero Station,92.095,37.793134,-122.396431,M,OCEAN VIEW
M,1,15730,[UNKNOWN],Metro Forest Hill Station/Downtown,92.095,37.748351,-122.458623,M,OCEAN VIEW
M,1,15731,[UNKNOWN],Metro Montgomery Station/Downtown,92.095,37.789219,-122.401351,M,OCEAN VIEW
M,1,15417,[UNKNOWN],Metro Powell Station/Downtown,92.095,37.784653,-122.407086,M,OCEAN VIEW
M,1,15419,[UNKNOWN],Metro Van Ness Station,92.095,37.775127,-122.419252,M,OCEAN VIEW
M,1,16172,Arch Street,Randolph St & Arch St,100.0,37.714342,-122.466982,M,OCEAN VIEW
M,1,16172,Randolph Street,Randolph St & Arch St,100.0,37.714342,-122.466982,M,OCEAN VIEW
M,1,16174,Bright Street,Randolph St & Bright St,100.0,37.714348,-122.463392,M,OCEAN VIEW
M,1,16174,Randolph Street,Randolph St & Bright St,100.0,37.714348,-122.463392,M,OCEAN VIEW
M,1,16220,Right Of Way/Eucalyptus Drive,Right Of Way/Eucalyptus Dr,100.0,37.730987,-122.474366,M,OCEAN VIEW
M,1,16224,Right Of Way/Ocean Avenue,Right Of Way/Ocean Ave,100.0,37.731808,-122.473815,M,OCEAN VIEW
M,1,16257,Farallones Street,San Jose Ave & Farallones St,100.0,37.714153,-122.452148,M,OCEAN VIEW
M,1,16257,San Jose Avenue,San Jose Ave & Farallones St,100.0,37.714153,-122.452148,M,OCEAN VIEW
M,1,16262,Geneva Avenue,San Jose Ave & Geneva Ave,100.0,37.720096,-122.447196,M,OCEAN VIEW
M,1,17164,Geneva Avenue,San Jose Ave & Geneva Ave,89.077,37.720631,-122.446554,M,OCEAN VIEW
M,1,16262,San Jose Avenue,San Jose Ave & Geneva Ave,100.0,37.720096,-122.447196,M,OCEAN VIEW
M,1,17164,San Jose Avenue,San Jose Ave & Geneva Ave,89.077,37.720631,-122.446554,M,OCEAN VIEW
M,1,16265,Lakeview Avenue,San Jose Ave & Lakeview Ave,100.0,37.71633,-122.450368,M,OCEAN VIEW
M,1,16265,San Jose Avenue,San Jose Ave & Lakeview Ave,100.0,37.71633,-122.450368,M,OCEAN VIEW
M,1,14509,Folsom Street,The Embarcadero & Folsom St,3.967,37.790481,-122.389692,M,OCEAN VIEW
M,1,14509,The Embarcadero,The Embarcadero & Folsom St,3.967,37.790481,-122.389692,M,OCEAN VIEW
M,1,16738,Lenox Way,Ulloa St & Lenox Way,7.128,37.741125,-122.466155,M,OCEAN VIEW
M,1,16738,Ulloa Street,Ulloa St & Lenox Way,7.128,37.741125,-122.466155,M,OCEAN VIEW
M,1,16898,14th Avenue,West Portal Ave & 14th Ave,100.0,37.737859,-122.469042,M,OCEAN VIEW
M,1,16898,West Portal Avenue,West Portal Ave & 14th Ave,100.0,37.737859,-122.469042,M,OCEAN VIEW
M,1,16740,[UNKNOWN],West Portal Station,92.872,37.741518,-122.465216,M,OCEAN VIEW
M,1,17109,West Portal/Sloat/St Francis Circle,West Portal/Sloat/St Francis Circle,100.0,37.734825,-122.471446,M,OCEAN VIEW
N,0,17999,9th Avenue,9th Ave & Irving St,96.153,37.763307,-122.466344,N,JUDAH
N,0,17999,Irving Street,9th Ave & Irving St,96.153,37.763307,-122.466344,N,JUDAH
N,0,13909,Carl Street,Carl St & Cole St,96.153,37.765863,-122.449804,N,JUDAH
N,0,13909,Cole Street,Carl St & Cole St,96.153,37.765863,-122.449804,N,JUDAH
N,0,13912,Carl Street,Carl St & Hillway Ave,96.153,37.765003,-122.456561,N,JUDAH
N,0,13912,Hillway Avenue,Carl St & Hillway Ave,96.153,37.765003,-122.456561,N,JUDAH
N,0,13914,Carl Street,Carl St & Stanyan St,96.153,37.765495,-122.45259,N,JUDAH
N,0,13914,Stanyan Street,Carl St & Stanyan St,96.153,37.765495,-122.45259,N,JUDAH
N,0,14447,Church Street,Duboce Ave & Church St,96.153,37.769472,-122.429408,N,JUDAH
N,0,14447,Duboce Avenue,Duboce Ave & Church St,96.153,37.769472,-122.429408,N,JUDAH
N,0,17252,Duboce St/Noe St/Duboce Park,Duboce St/Noe St/Duboce Park,96.153,37.769357,-122.433557,N,JUDAH
N,0,15118,2nd Avenue,Irving St & 2nd Ave,96.153,37.764441,-122.458643,N,JUDAH
N,0,15118,Irving Street,Irving St & 2nd Ave,96.153,37.764441,-122.458643,N,JUDAH
N,0,18032,6th Avenue,Irving St & 6th Ave,96.153,37.764244,-122.462987,N,JUDAH
N,0,18032,Irving Street,Irving St & 6th Ave,96.153,37.764244,-122.462987,N,JUDAH
N,0,15195,12th Avenue,Judah St & 12th Ave,96.153,37.762069,-122.469324,N,JUDAH
N,0,15195,Judah Street,Judah St & 12th Ave,96.153,37.762069,-122.469324,N,JUDAH
N,0,15198,16th Avenue,Judah St & 16th Ave,96.153,37.76194,-122.473632,N,JUDAH
N,0,15198,Judah Street,Judah St & 16th Ave,96.153,37.76194,-122.473632,N,JUDAH
N,0,15199,19th Avenue,Judah St & 19th Ave,96.153,37.761743,-122.476921,N,JUDAH
N,0,15199,Judah Street,Judah St & 19th Ave,96.153,37.761743,-122.476921,N,JUDAH
N,0,15202,23rd Avenue,Judah St & 23rd Ave,96.153,37.761547,-122.481164,N,JUDAH
N,0,15202,Judah Street,Judah St & 23rd Ave,96.153,37.761547,-122.481164,N,JUDAH
N,0,15203,25th Avenue,Judah St & 25th Ave,96.153,37.761452,-122.4833,N,JUDAH
N,0,15203,Judah Street,Judah St & 25th Ave,96.153,37.761452,-122.4833,N,JUDAH
N,0,15205,28th Avenue,Judah St & 28th Ave,96.153,37.76131,-122.48651,N,JUDAH
N,0,15205,Judah Street,Judah St & 28th Ave,96.153,37.76131,-122.48651,N,JUDAH
N,0,15207,31st Avenue,Judah St & 31st Ave,96.153,37.761172,-122.489719,N,JUDAH
N,0,15207,Judah Street,Judah St & 31st Ave,96.153,37.761172,-122.489719,N,JUDAH
N,0,15209,34th Avenue,Judah St & 34th Ave,96.153,37.761028,-122.49293,N,JUDAH
N,0,15209,Judah Street,Judah St & 34th Ave,96.153,37.761028,-122.49293,N,JUDAH
N,0,15211,40th Avenue,Judah St & 40th Ave,96.153,37.760743,-122.499359,N,JUDAH
N,0,15211,Judah Street,Judah St & 40th Ave,96.153,37.760743,-122.499359,N,JUDAH
N,0,15213,43rd Avenue,Judah St & 43rd Ave,96.153,37.760598,-122.502574,N,JUDAH
N,0,15213,Judah Street,Judah St & 43rd Ave,96.153,37.760598,-122.502574,N,JUDAH
N,0,15215,46th Avenue,Judah St & 46th Ave,96.153,37.760493,-122.505832,N,JUDAH
N,0,15215,Judah Street,Judah St & 46th Ave,96.153,37.760493,-122.505832,N,JUDAH
N,0,15193,9th Avenue,Judah St & 9th Ave,96.153,37.762227,-122.466688,N,JUDAH
N,0,15193,Judah Street,Judah St & 9th Ave,96.153,37.762227,-122.466688,N,JUDAH
N,0,15219,Funston Avenue,Judah St & Funston Ave,96.153,37.762075,-122.470329,N,JUDAH
N,0,15219,Judah Street,Judah St & Funston Ave,96.153,37.762075,-122.470329,N,JUDAH
N,0,15224,Judah Street,Judah St & Sunset Blvd,96.153,37.760917,-122.495668,N,JUDAH
N,0,15224,Sunset Boulevard,Judah St & Sunset Blvd,96.153,37.760917,-122.495668,N,JUDAH
N,0,17219,[UNKNOWN],Judah/La Playa/Ocean Beach,96.153,37.760349,-122.508685,N,JUDAH
N,0,15237,2nd Street,King St & 2nd St,92.566,37.779621,-122.389824,N,JUDAH
N,0,15237,King Street,King St & 2nd St,92.566,37.779621,-122.389824,N,JUDAH
N,0,15240,4th Street,King St & 4th St,92.566,37.776269,-122.394082,N,JUDAH
N,0,15240,King Street,King St & 4th St,92.566,37.776269,-122.394082,N,JUDAH
N,0,16997,[UNKNOWN],Metro Civic Center Station/Outbd,88.718,37.77924,-122.414223,N,JUDAH
N,0,17217,[UNKNOWN],Metro Embarcadero Station,88.718,37.79271,-122.39715,N,JUDAH
N,0,16994,[UNKNOWN],Metro Montgomery Station/Outbound,88.718,37.788791,-122.402127,N,JUDAH
N,0,16995,[UNKNOWN],Metro Powell Station/Outbound,88.718,37.7843,-122.407822,N,JUDAH
N,0,17145,Brannan Street,The Embarcadero & Brannan St,92.566,37.784627,-122.387977,N,JUDAH
N,0,17145,The Embarcadero,The Embarcadero & Brannan St,92.566,37.784627,-122.387977,N,JUDAH
N,0,14510,Folsom Street,The Embarcadero & Folsom St,92.566,37.790749,-122.389841,N,JUDAH
N,0,14510,The Embarcadero,The Embarcadero & Folsom St,92.566,37.790749,-122.389841,N,JUDAH
N,0,16996,[UNKNOWN],Van Ness Station Outbound,88.718,37.775234,-122.41934,N,JUDAH
N,1,13911,Carl Street,Carl St & Cole St,90.974,37.765745,-122.450131,N,JUDAH
N,1,13911,Cole Street,Carl St & Cole St,90.974,37.765745,-122.450131,N,JUDAH
N,1,13913,Carl Street,Carl St & Hillway Ave,90.974,37.764932,-122.456512,N,JUDAH
N,1,13913,Hillway Avenue,Carl St & Hillway Ave,90.974,37.764932,-122.456512,N,JUDAH
N,1,13915,Carl Street,Carl St & Stanyan St,90.974,37.765371,-122.452928,N,JUDAH
N,1,13915,Stanyan Street,Carl St & Stanyan St,90.974,37.765371,-122.452928,N,JUDAH
N,1,14448,Church Street,Duboce Ave & Church St,90.974,37.769409,-122.4294,N,JUDAH
N,1,14448,Duboce Avenue,Duboce Ave & Church St,90.974,37.769409,-122.4294,N,JUDAH
N,1,18031,5th Avenue,Irving St & 5th Ave,90.974,37.764182,-122.462139,N,JUDAH
N,1,18031,Irving Street,Irving St & 5th Ave,90.974,37.764182,-122.462139,N,JUDAH
N,1,17996,8th Avenue,Irving St & 8th Ave,90.974,37.764038,-122.465428,N,JUDAH
N,1,17996,Irving Street,Irving St & 8th Ave,90.974,37.764038,-122.465428,N,JUDAH
N,1,15124,Arguello Boulevard,Irving St & Arguello Blvd,90.974,37.764366,-122.458024,N,JUDAH
N,1,15124,Irving Street,Irving St & Arguello Blvd,90.974,37.764366,-122.458024,N,JUDAH
N,1,15196,12th Avenue,Judah St & 12th Ave,90.974,37.761988,-122.469526,N,JUDAH
N,1,15196,Judah Street,Judah St & 12th Ave,90.974,37.761988,-122.469526,N,JUDAH
N,1,15197,15th Avenue,Judah St & 15th Ave,90.974,37.761848,-122.472777,N,JUDAH
N,1,15197,Judah Street,Judah St & 15th Ave,90.974,37.761848,-122.472777,N,JUDAH
N,1,15200,19th Avenue,Judah St & 19th Ave,90.974,37.761655,-122.477194,N,JUDAH
N,1,15200,Judah Street,Judah St & 19th Ave,90.974,37.761655,-122.477194,N,JUDAH
N,1,15201,22nd Avenue,Judah St & 22nd Ave,90.974,37.761534,-122.479855,N,JUDAH
N,1,15201,Judah Street,Judah St & 22nd Ave,90.974,37.761534,-122.479855,N,JUDAH
N,1,15204,25th Avenue,Judah St & 25th Ave,90.974,37.761373,-122.48356,N,JUDAH
N,1,15204,Judah Street,Judah St & 25th Ave,90.974,37.761373,-122.48356,N,JUDAH
N,1,15206,28th Avenue,Judah St & 28th Ave,90.974,37.761232,-122.486763,N,JUDAH
N,1,15206,Judah Street,Judah St & 28th Ave,90.974,37.761232,-122.486763,N,JUDAH
N,1,15208,31st Avenue,Judah St & 31st Ave,90.974,37.761105,-122.4895,N,JUDAH
N,1,15208,Judah Street,Judah St & 31st Ave,90.974,37.761105,-122.4895,N,JUDAH
N,1,15210,34th Avenue,Judah St & 34th Ave,90.974,37.760955,-122.493199,N,JUDAH
N,1,15210,Judah Street,Judah St & 34th Ave,90.974,37.760955,-122.493199,N,JUDAH
N,1,15212,40th Avenue,Judah St & 40th Ave,90.974,37.760679,-122.499154,N,JUDAH
N,1,15212,Judah Street,Judah St & 40th Ave,90.974,37.760679,-122.499154,N,JUDAH
N,1,15214,43rd Avenue,Judah St & 43rd Ave,90.974,37.760518,-122.502839,N,JUDAH
N,1,15214,Judah Street,Judah St & 43rd Ave,90.974,37.760518,-122.502839,N,JUDAH
N,1,15216,46th Avenue,Judah St & 46th Ave,90.974,37.760392,-122.506064,N,JUDAH
N,1,15216,Judah Street,Judah St & 46th Ave,90.974,37.760392,-122.506064,N,JUDAH
N,1,15194,9th Avenue,Judah St & 9th Ave,90.974,37.762139,-122.466312,N,JUDAH
N,1,15194,Judah Street,Judah St & 9th Ave,90.974,37.762139,-122.466312,N,JUDAH
N,1,15220,Funston Avenue,Judah St & Funston Ave,90.974,37.76195,-122.470572,N,JUDAH
N,1,15220,Judah Street,Judah St & Funston Ave,90.974,37.76195,-122.470572,N,JUDAH
N,1,15225,Judah Street,Judah St & Sunset Blvd,90.974,37.760845,-122.495805,N,JUDAH
N,1,15225,Sunset Boulevard,Judah St & Sunset Blvd,90.974,37.760845,-122.495805,N,JUDAH
N,1,15223,[UNKNOWN],Judah/La Playa/Ocean Beach,90.974,37.760304,-122.508181,N,JUDAH
N,1,15234,2nd Street,King St & 2nd St,95.696,37.77972,-122.389872,N,JUDAH
N,1,15234,King Street,King St & 2nd St,95.696,37.77972,-122.389872,N,JUDAH
N,1,15239,4th Street,King St & 4th St,95.696,37.776269,-122.394173,N,JUDAH
N,1,15239,King Street,King St & 4th St,95.696,37.776269,-122.394173,N,JUDAH
N,1,15727,[UNKNOWN],Metro Civic Center Station/Downtn,86.67,37.779712,-122.413347,N,JUDAH
N,1,16992,[UNKNOWN],Metro Embarcadero Station,87.58,37.793134,-122.396431,N,JUDAH
N,1,15731,[UNKNOWN],Metro Montgomery Station/Downtown,86.67,37.789219,-122.401351,N,JUDAH
N,1,15417,[UNKNOWN],Metro Powell Station/Downtown,86.67,37.784653,-122.407086,N,JUDAH
N,1,15419,[UNKNOWN],Metro Van Ness Station,86.67,37.775127,-122.419252,N,JUDAH
N,1,17318,[UNKNOWN],Sunset Tunnel East Portal,90.974,37.769285,-122.433511,N,JUDAH
N,1,14506,Brannan Street,The Embarcadero & Brannan St,95.696,37.784359,-122.388138,N,JUDAH
N,1,14506,The Embarcadero,The Embarcadero & Brannan St,95.696,37.784359,-122.388138,N,JUDAH
N,1,14509,Folsom Street,The Embarcadero & Folsom St,95.696,37.790481,-122.389692,N,JUDAH
N,1,14509,The Embarcadero,The Embarcadero & Folsom St,95.696,37.790481,-122.389692,N,JUDAH
NBUS,0,17999,9th Avenue,9th Ave & Irving St,100.0,37.763307,-122.466344,NBUS,JUDAH BUS
NBUS,0,17999,Irving Street,9th Ave & Irving St,100.0,37.763307,-122.466344,NBUS,JUDAH BUS
NBUS,0,13912,Carl Street,Carl St & Hillway Ave,100.0,37.765003,-122.456561,NBUS,JUDAH BUS
NBUS,0,13912,Hillway Avenue,Carl St & Hillway Ave,100.0,37.765003,-122.456561,NBUS,JUDAH BUS
NBUS,0,13914,Carl Street,Carl St & Stanyan St,100.0,37.765495,-122.45259,NBUS,JUDAH BUS
NBUS,0,13914,Stanyan Street,Carl St & Stanyan St,100.0,37.765495,-122.45259,NBUS,JUDAH BUS
NBUS,0,17282,Carl Street,Cole St & Carl St,100.0,37.765914,-122.450066,NBUS,JUDAH BUS
NBUS,0,17282,Cole Street,Cole St & Carl St,100.0,37.765914,-122.450066,NBUS,JUDAH BUS
NBUS,0,14447,Church Street,Duboce Ave & Church St,100.0,37.769472,-122.429408,NBUS,JUDAH BUS
NBUS,0,14447,Duboce Avenue,Duboce Ave & Church St,100.0,37.769472,-122.429408,NBUS,JUDAH BUS
NBUS,0,17075,Duboce Avenue,Duboce Ave & Noe St,100.0,37.76922,-122.43365,NBUS,JUDAH BUS
NBUS,0,17075,Noe Street,Duboce Ave & Noe St,100.0,37.76922,-122.43365,NBUS,JUDAH BUS
NBUS,0,15118,2nd Avenue,Irving St & 2nd Ave,100.0,37.764441,-122.458643,NBUS,JUDAH BUS
NBUS,0,15118,Irving Street,Irving St & 2nd Ave,100.0,37.764441,-122.458643,NBUS,JUDAH BUS
NBUS,0,18032,6th Avenue,Irving St & 6th Ave,100.0,37.764244,-122.462987,NBUS,JUDAH BUS
NBUS,0,18032,Irving Street,Irving St & 6th Ave,100.0,37.764244,-122.462987,NBUS,JUDAH BUS
NBUS,0,15195,12th Avenue,Judah St & 12th Ave,100.0,37.762069,-122.469324,NBUS,JUDAH BUS
NBUS,0,15195,Judah Street,Judah St & 12th Ave,100.0,37.762069,-122.469324,NBUS,JUDAH BUS
NBUS,0,15198,16th Avenue,Judah St & 16th Ave,100.0,37.76194,-122.473632,NBUS,JUDAH BUS
NBUS,0,15198,Judah Street,Judah St & 16th Ave,100.0,37.76194,-122.473632,NBUS,JUDAH BUS
NBUS,0,15199,19th Avenue,Judah St & 19th Ave,100.0,37.761743,-122.476921,NBUS,JUDAH BUS
NBUS,0,15199,Judah Street,Judah St & 19th Ave,100.0,37.761743,-122.476921,NBUS,JUDAH BUS
NBUS,0,15202,23rd Avenue,Judah St & 23rd Ave,100.0,37.761547,-122.481164,NBUS,JUDAH BUS
NBUS,0,15202,Judah Street,Judah St & 23rd Ave,100.0,37.761547,-122.481164,NBUS,JUDAH BUS
NBUS,0,15203,25th Avenue,Judah St & 25th Ave,100.0,37.761452,-122.4833,NBUS,JUDAH BUS
NBUS,0,15203,Judah Street,Judah St & 25th Ave,100.0,37.761452,-122.4833,NBUS,JUDAH BUS
NBUS,0,15205,28th Avenue,Judah St & 28th Ave,100.0,37.76131,-122.48651,NBUS,JUDAH BUS
NBUS,0,15205,Judah Street,Judah St & 28th Ave,100.0,37.76131,-122.48651,NBUS,JUDAH BUS
NBUS,0,15207,31st Avenue,Judah St & 31st Ave,100.0,37.761172,-122.489719,NBUS,JUDAH BUS
NBUS,0,15207,Judah Street,Judah St & 31st Ave,100.0,37.761172,-122.489719,NBUS,JUDAH BUS
NBUS,0,15209,34th Avenue,Judah St & 34th Ave,100.0,37.761028,-122.49293,NBUS,JUDAH BUS
NBUS,0,15209,Judah Street,Judah St & 34th Ave,100.0,37.761028,-122.49293,NBUS,JUDAH BUS
NBUS,0,15211,40th Avenue,Judah St & 40th Ave,100.0,37.760743,-122.499359,NBUS,JUDAH BUS
NBUS,0,15211,Judah Street,Judah St & 40th Ave,100.0,37.760743,-122.499359,NBUS,JUDAH BUS
NBUS,0,15213,43rd Avenue,Judah St & 43rd Ave,100.0,37.760598,-122.502574,NBUS,JUDAH BUS
NBUS,0,15213,Judah Street,Judah St & 43rd Ave,100.0,37.760598,-122.502574,NBUS,JUDAH BUS
NBUS,0,15215,46th Avenue,Judah St & 46th Ave,100.0,37.760493,-122.505832,NBUS,JUDAH BUS
NBUS,0,15215,Judah Street,Judah St & 46th Ave,100.0,37.760493,-122.505832,NBUS,JUDAH BUS
NBUS,0,15193,9th Avenue,Judah St & 9th Ave,100.0,37.762227,-122.466688,NBUS,JUDAH BUS
NBUS,0,15193,Judah Street,Judah St & 9th Ave,100.0,37.762227,-122.466688,NBUS,JUDAH BUS
NBUS,0,15219,Funston Avenue,Judah St & Funston Ave,100.0,37.762075,-122.470329,NBUS,JUDAH BUS
NBUS,0,15219,Judah Street,Judah St & Funston Ave,100.0,37.762075,-122.470329,NBUS,JUDAH BUS
NBUS,0,15224,Judah Street,Judah St & Sunset Blvd,100.0,37.760917,-122.495668,NBUS,JUDAH BUS
NBUS,0,15224,Sunset Boulevard,Judah St & Sunset Blvd,100.0,37.760917,-122.495668,NBUS,JUDAH BUS
NBUS,0,15221,[UNKNOWN],Judah/La Playa/Ocean Beach,100.0,37.760363,-122.509011,NBUS,JUDAH BUS
NBUS,0,15223,[UNKNOWN],Judah/La Playa/Ocean Beach,100.0,37.760304,-122.508181,NBUS,JUDAH BUS
NBUS,0,15235,2nd Street,King St & 2nd St,100.0,37.7796,-122.38955,NBUS,JUDAH BUS
NBUS,0,15235,King Street,King St & 2nd St,100.0,37.7796,-122.38955,NBUS,JUDAH BUS
NBUS,0,15639,2nd Street,Market St & 2nd St,100.0,37.789353,-122.401306,NBUS,JUDAH BUS
NBUS,0,15639,Market Street,Market St & 2nd St,100.0,37.789353,-122.401306,NBUS,JUDAH BUS
NBUS,0,15655,5th Street,Market St & 5th  St,100.0,37.784082,-122.407992,NBUS,JUDAH BUS
NBUS,0,15655,Market Street,Market St & 5th  St,100.0,37.784082,-122.407992,NBUS,JUDAH BUS
NBUS,0,15656,7th Street,Market St & 7th St,100.0,37.780568,-122.412441,NBUS,JUDAH BUS
NBUS,0,15656,Market Street,Market St & 7th St,100.0,37.780568,-122.412441,NBUS,JUDAH BUS
NBUS,0,15657,Battery Street,Market St & Battery St,100.0,37.79111,-122.399069,NBUS,JUDAH BUS
NBUS,0,15657,Market Street,Market St & Battery St,100.0,37.79111,-122.399069,NBUS,JUDAH BUS
NBUS,0,15659,Buchanan Street,Market St & Buchanan St,100.0,37.769786,-122.426149,NBUS,JUDAH BUS
NBUS,0,15659,Market Street,Market St & Buchanan St,100.0,37.769786,-122.426149,NBUS,JUDAH BUS
NBUS,0,15669,Drumm Street,Market St & Drumm St,100.0,37.793473,-122.396178,NBUS,JUDAH BUS
NBUS,0,15669,Market Street,Market St & Drumm St,100.0,37.793473,-122.396178,NBUS,JUDAH BUS
NBUS,0,15672,Gough Street,Market St & Gough St,100.0,37.773269,-122.421768,NBUS,JUDAH BUS
NBUS,0,15672,Market Street,Market St & Gough St,100.0,37.773269,-122.421768,NBUS,JUDAH BUS
NBUS,0,15676,Hyde Street,Market St & Hyde St,100.0,37.779105,-122.414379,NBUS,JUDAH BUS
NBUS,0,15676,Market Street,Market St & Hyde St,100.0,37.779105,-122.414379,NBUS,JUDAH BUS
NBUS,0,15678,Kearny Street,Market St & Kearny St,100.0,37.78773,-122.40337,NBUS,JUDAH BUS
NBUS,0,15678,Market Street,Market St & Kearny St,100.0,37.78773,-122.40337,NBUS,JUDAH BUS
NBUS,0,15681,Laguna Street,Market St & Laguna St,100.0,37.770953,-122.424666,NBUS,JUDAH BUS
NBUS,0,15681,Market Street,Market St & Laguna St,100.0,37.770953,-122.424666,NBUS,JUDAH BUS
NBUS,0,15680,Larkin Street,Market St & Larkin St,100.0,37.777598,-122.416236,NBUS,JUDAH BUS
NBUS,0,15680,Market Street,Market St & Larkin St,100.0,37.777598,-122.416236,NBUS,JUDAH BUS
NBUS,0,15694,Market Street,Market St & Stockton St,100.0,37.785777,-122.405859,NBUS,JUDAH BUS
NBUS,0,15694,Stockton Street,Market St & Stockton St,100.0,37.785777,-122.405859,NBUS,JUDAH BUS
NBUS,0,15695,Market Street,Market St & Taylor St,100.0,37.782316,-122.410228,NBUS,JUDAH BUS
NBUS,0,15695,Taylor Street,Market St & Taylor St,100.0,37.782316,-122.410228,NBUS,JUDAH BUS
NBUS,0,15696,Market Street,Market St & Van Ness Ave,100.0,37.775198,-122.419252,NBUS,JUDAH BUS
NBUS,0,15696,Van Ness Avenue,Market St & Van Ness Ave,100.0,37.775198,-122.419252,NBUS,JUDAH BUS
NBUS,0,16501,Market Street,Steuart St & Market St,100.0,37.794409,-122.394538,NBUS,JUDAH BUS
NBUS,0,16501,Steuart Street,Steuart St & Market St,100.0,37.794409,-122.394538,NBUS,JUDAH BUS
NBUS,0,17447,Brannan Street,The Embarcadero & Brannan St,100.0,37.784547,-122.387954,NBUS,JUDAH BUS
NBUS,0,17447,The Embarcadero,The Embarcadero & Brannan St,100.0,37.784547,-122.387954,NBUS,JUDAH BUS
NBUS,0,14508,Folsom Street,The Embarcadero & Folsom St,100.0,37.790731,-122.389772,NBUS,JUDAH BUS
NBUS,0,14508,The Embarcadero,The Embarcadero & Folsom St,100.0,37.790731,-122.389772,NBUS,JUDAH BUS
NBUS,0,16695,4th Street,Townsend St & 4th St,100.0,37.776582,-122.395491,NBUS,JUDAH BUS
NBUS,0,16695,Townsend Street,Townsend St & 4th St,100.0,37.776582,-122.395491,NBUS,JUDAH BUS
NBUS,0,17957,5th Street,Townsend St & 5th St,100.0,37.775646,-122.396672,NBUS,JUDAH BUS
NBUS,0,17957,Townsend Street,Townsend St & 5th St,100.0,37.775646,-122.396672,NBUS,JUDAH BUS
NBUS,1,13911,Carl Street,Carl St & Cole St,100.0,37.765745,-122.450131,NBUS,JUDAH BUS
NBUS,1,13911,Cole Street,Carl St & Cole St,100.0,37.765745,-122.450131,NBUS,JUDAH BUS
NBUS,1,13913,Carl Street,Carl St & Hillway Ave,100.0,37.764932,-122.456512,NBUS,JUDAH BUS
NBUS,1,13913,Hillway Avenue,Carl St & Hillway Ave,100.0,37.764932,-122.456512,NBUS,JUDAH BUS
NBUS,1,13915,Carl Street,Carl St & Stanyan St,100.0,37.765371,-122.452928,NBUS,JUDAH BUS
NBUS,1,13915,Stanyan Street,Carl St & Stanyan St,100.0,37.765371,-122.452928,NBUS,JUDAH BUS
NBUS,1,18061,Church Street,Duboce Ave & Church St,100.0,37.769374,-122.429351,NBUS,JUDAH BUS
NBUS,1,18061,Duboce Avenue,Duboce Ave & Church St,100.0,37.769374,-122.429351,NBUS,JUDAH BUS
NBUS,1,14451,Duboce Avenue,Duboce Ave & Noe St,100.0,37.76911,-122.4337,NBUS,JUDAH BUS
NBUS,1,14451,Noe Street,Duboce Ave & Noe St,100.0,37.76911,-122.4337,NBUS,JUDAH BUS
NBUS,1,18031,5th Avenue,Irving St & 5th Ave,100.0,37.764182,-122.462139,NBUS,JUDAH BUS
NBUS,1,18031,Irving Street,Irving St & 5th Ave,100.0,37.764182,-122.462139,NBUS,JUDAH BUS
NBUS,1,17996,8th Avenue,Irving St & 8th Ave,100.0,37.764038,-122.465428,NBUS,JUDAH BUS
NBUS,1,17996,Irving Street,Irving St & 8th Ave,100.0,37.764038,-122.465428,NBUS,JUDAH BUS
NBUS,1,15124,Arguello Boulevard,Irving St & Arguello Blvd,100.0,37.764366,-122.458024,NBUS,JUDAH BUS
NBUS,1,15124,Irving Street,Irving St & Arguello Blvd,100.0,37.764366,-122.458024,NBUS,JUDAH BUS
NBUS,1,15196,12th Avenue,Judah St & 12th Ave,100.0,37.761988,-122.469526,NBUS,JUDAH BUS
NBUS,1,15196,Judah Street,Judah St & 12th Ave,100.0,37.761988,-122.469526,NBUS,JUDAH BUS
NBUS,1,15197,15th Avenue,Judah St & 15th Ave,100.0,37.761848,-122.472777,NBUS,JUDAH BUS
NBUS,1,15197,Judah Street,Judah St & 15th Ave,100.0,37.761848,-122.472777,NBUS,JUDAH BUS
NBUS,1,15200,19th Avenue,Judah St & 19th Ave,100.0,37.761655,-122.477194,NBUS,JUDAH BUS
NBUS,1,15200,Judah Street,Judah St & 19th Ave,100.0,37.761655,-122.477194,NBUS,JUDAH BUS
NBUS,1,15201,22nd Avenue,Judah St & 22nd Ave,100.0,37.761534,-122.479855,NBUS,JUDAH BUS
NBUS,1,15201,Judah Street,Judah St & 22nd Ave,100.0,37.761534,-122.479855,NBUS,JUDAH BUS
NBUS,1,15204,25th Avenue,Judah St & 25th Ave,100.0,37.761373,-122.48356,NBUS,JUDAH BUS
NBUS,1,15204,Judah Street,Judah St & 25th Ave,100.0,37.761373,-122.48356,NBUS,JUDAH BUS
NBUS,1,15206,28th Avenue,Judah St & 28th Ave,100.0,37.761232,-122.486763,NBUS,JUDAH BUS
NBUS,1,15206,Judah Street,Judah St & 28th Ave,100.0,37.761232,-122.486763,NBUS,JUDAH BUS
NBUS,1,15208,31st Avenue,Judah St & 31st Ave,100.0,37.761105,-122.4895,NBUS,JUDAH BUS
NBUS,1,15208,Judah Street,Judah St & 31st Ave,100.0,37.761105,-122.4895,NBUS,JUDAH BUS
NBUS,1,15210,34th Avenue,Judah St & 34th Ave,100.0,37.760955,-122.493199,NBUS,JUDAH BUS
NBUS,1,15210,Judah Street,Judah St & 34th Ave,100.0,37.760955,-122.493199,NBUS,JUDAH BUS
NBUS,1,15212,40th Avenue,Judah St & 40th Ave,100.0,37.760679,-122.499154,NBUS,JUDAH BUS
NBUS,1,15212,Judah Street,Judah St & 40th Ave,100.0,37.760679,-122.499154,NBUS,JUDAH BUS
NBUS,1,15214,43rd Avenue,Judah St & 43rd Ave,100.0,37.760518,-122.502839,NBUS,JUDAH BUS
NBUS,1,15214,Judah Street,Judah St & 43rd Ave,100.0,37.760518,-122.502839,NBUS,JUDAH BUS
NBUS,1,15216,46th Avenue,Judah St & 46th Ave,100.0,37.760392,-122.506064,NBUS,JUDAH BUS
NBUS,1,15216,Judah Street,Judah St & 46th Ave,100.0,37.760392,-122.506064,NBUS,JUDAH BUS
NBUS,1,15194,9th Avenue,Judah St & 9th Ave,100.0,37.762139,-122.466312,NBUS,JUDAH BUS
NBUS,1,15194,Judah Street,Judah St & 9th Ave,100.0,37.762139,-122.466312,NBUS,JUDAH BUS
NBUS,1,15220,Funston Avenue,Judah St & Funston Ave,100.0,37.76195,-122.470572,NBUS,JUDAH BUS
NBUS,1,15220,Judah Street,Judah St & Funston Ave,100.0,37.76195,-122.470572,NBUS,JUDAH BUS
NBUS,1,15225,Judah Street,Judah St & Sunset Blvd,100.0,37.760845,-122.495805,NBUS,JUDAH BUS
NBUS,1,15225,Sunset Boulevard,Judah St & Sunset Blvd,100.0,37.760845,-122.495805,NBUS,JUDAH BUS
NBUS,1,15223,[UNKNOWN],Judah/La Playa/Ocean Beach,100.0,37.760304,-122.508181,NBUS,JUDAH BUS
NBUS,1,15236,2nd Street,King St & 2nd St,100.0,37.7798,-122.38994,NBUS,JUDAH BUS
NBUS,1,15236,King Street,King St & 2nd St,100.0,37.7798,-122.38994,NBUS,JUDAH BUS
NBUS,1,17264,1st Street,Market St & 1st St,100.0,37.79094,-122.399195,NBUS,JUDAH BUS
NBUS,1,17264,Market Street,Market St & 1st St,100.0,37.79094,-122.399195,NBUS,JUDAH BUS
NBUS,1,15640,3rd Street,Market St & 3rd St,100.0,37.787525,-122.403519,NBUS,JUDAH BUS
NBUS,1,15640,Market Street,Market St & 3rd St,100.0,37.787525,-122.403519,NBUS,JUDAH BUS
NBUS,1,15643,4th Street,Market St & 4th St,100.0,37.785705,-122.405847,NBUS,JUDAH BUS
NBUS,1,15643,Market Street,Market St & 4th St,100.0,37.785705,-122.405847,NBUS,JUDAH BUS
NBUS,1,15645,5th Street,Market St & 5th St,100.0,37.783886,-122.408141,NBUS,JUDAH BUS
NBUS,1,15645,Market Street,Market St & 5th St,100.0,37.783886,-122.408141,NBUS,JUDAH BUS
NBUS,1,15647,6th Street,Market St & 6th St,100.0,37.782102,-122.4104,NBUS,JUDAH BUS
NBUS,1,15647,Market Street,Market St & 6th St,100.0,37.782102,-122.4104,NBUS,JUDAH BUS
NBUS,1,15650,7th Street,Market St & 7th St,100.0,37.780363,-122.412613,NBUS,JUDAH BUS
NBUS,1,15650,Market Street,Market St & 7th St,100.0,37.780363,-122.412613,NBUS,JUDAH BUS
NBUS,1,15651,8th Street,Market St & 8th St,100.0,37.778606,-122.414826,NBUS,JUDAH BUS
NBUS,1,15651,Market Street,Market St & 8th St,100.0,37.778606,-122.414826,NBUS,JUDAH BUS
NBUS,1,15652,9th Street,Market St & 9th St,100.0,37.77741,-122.41634,NBUS,JUDAH BUS
NBUS,1,15652,Market Street,Market St & 9th St,100.0,37.77741,-122.41634,NBUS,JUDAH BUS
NBUS,1,15658,Beale Street,Market St & Beale St,100.0,37.792572,-122.397016,NBUS,JUDAH BUS
NBUS,1,15658,Market Street,Market St & Beale St,100.0,37.792572,-122.397016,NBUS,JUDAH BUS
NBUS,1,15668,Dolores Street,Market St & Dolores St,100.0,37.76888,-122.427103,NBUS,JUDAH BUS
NBUS,1,15668,Market Street,Market St & Dolores St,100.0,37.76888,-122.427103,NBUS,JUDAH BUS
NBUS,1,15673,Gough Street,Market St & Gough St,100.0,37.772875,-122.421991,NBUS,JUDAH BUS
NBUS,1,15673,Market Street,Market St & Gough St,100.0,37.772875,-122.421991,NBUS,JUDAH BUS
NBUS,1,15675,Guerrero Street,Market St & Guerrero St,100.0,37.77057,-122.424971,NBUS,JUDAH BUS
NBUS,1,15675,Market Street,Market St & Guerrero St,100.0,37.77057,-122.424971,NBUS,JUDAH BUS
NBUS,1,15685,Market Street,Market St & New Montgomery St,100.0,37.788613,-122.402163,NBUS,JUDAH BUS
NBUS,1,15685,New Montgomery Street,Market St & New Montgomery St,100.0,37.788613,-122.402163,NBUS,JUDAH BUS
NBUS,1,15692,Market Street,Market St & South Van Ness Ave,100.0,37.775056,-122.419321,NBUS,JUDAH BUS
NBUS,1,15692,Van Ness Avenue,Market St & South Van Ness Ave,100.0,37.775056,-122.419321,NBUS,JUDAH BUS
NBUS,1,15693,Market Street,Market St & Steuart St,100.0,37.79426,-122.39491,NBUS,JUDAH BUS
NBUS,1,15693,Steuart Street,Market St & Steuart St,100.0,37.79426,-122.39491,NBUS,JUDAH BUS
NBUS,1,14511,Folsom Street,The Embarcadero & Folsom St,100.0,37.790561,-122.389898,NBUS,JUDAH BUS
NBUS,1,14511,The Embarcadero,The Embarcadero & Folsom St,100.0,37.790561,-122.389898,NBUS,JUDAH BUS
NBUS,1,14531,The Embarcadero,The Embarcadero & Townsend St,100.0,37.7836,-122.38832,NBUS,JUDAH BUS
NBUS,1,14531,Townsend Street,The Embarcadero & Townsend St,100.0,37.7836,-122.38832,NBUS,JUDAH BUS
NBUS,1,17957,5th Street,Townsend St & 5th St,100.0,37.775646,-122.396672,NBUS,JUDAH BUS
NBUS,1,17957,Townsend Street,Townsend St & 5th St,100.0,37.775646,-122.396672,NBUS,JUDAH BUS
NOWL,0,17999,9th Avenue,9th Ave & Irving St,100.0,37.763307,-122.466344,NOWL,OWL JUDAH
NOWL,0,17999,Irving Street,9th Ave & Irving St,100.0,37.763307,-122.466344,NOWL,OWL JUDAH
NOWL,0,13912,Carl Street,Carl St & Hillway Ave,100.0,37.765003,-122.456561,NOWL,OWL JUDAH
NOWL,0,13912,Hillway Avenue,Carl St & Hillway Ave,100.0,37.765003,-122.456561,NOWL,OWL JUDAH
NOWL,0,13914,Carl Street,Carl St & Stanyan St,100.0,37.765495,-122.45259,NOWL,OWL JUDAH
NOWL,0,13914,Stanyan Street,Carl St & Stanyan St,100.0,37.765495,-122.45259,NOWL,OWL JUDAH
NOWL,0,17074,Church Street,Church St & Duboce Ave,100.0,37.76932,-122.42903,NOWL,OWL JUDAH
NOWL,0,17074,Duboce Avenue,Church St & Duboce Ave,100.0,37.76932,-122.42903,NOWL,OWL JUDAH
NOWL,0,17282,Carl Street,Cole St & Carl St,100.0,37.765914,-122.450066,NOWL,OWL JUDAH
NOWL,0,17282,Cole Street,Cole St & Carl St,100.0,37.765914,-122.450066,NOWL,OWL JUDAH
NOWL,0,14094,Cole Street,Cole St & Frederick St,100.0,37.76683,-122.4502,NOWL,OWL JUDAH
NOWL,0,14094,Frederick Street,Cole St & Frederick St,100.0,37.76683,-122.4502,NOWL,OWL JUDAH
NOWL,0,14096,Cole Street,Cole St & Haight St,100.0,37.769447,-122.450771,NOWL,OWL JUDAH
NOWL,0,14096,Haight Street,Cole St & Haight St,100.0,37.769447,-122.450771,NOWL,OWL JUDAH
NOWL,0,14726,Don Chee Way/Steuart Street,Don Chee Way/Steuart St,100.0,37.79398,-122.393555,NOWL,OWL JUDAH
NOWL,0,14940,Baker Street,Haight St & Baker St,100.0,37.770892,-122.440685,NOWL,OWL JUDAH
NOWL,0,14940,Haight Street,Haight St & Baker St,100.0,37.770892,-122.440685,NOWL,OWL JUDAH
NOWL,0,14946,Clayton Street,Haight St & Clayton St,100.0,37.769839,-122.448731,NOWL,OWL JUDAH
NOWL,0,14946,Haight Street,Haight St & Clayton St,100.0,37.769839,-122.448731,NOWL,OWL JUDAH
NOWL,0,14950,Divisadero Street,Haight St & Divisadero St,100.0,37.771293,-122.437373,NOWL,OWL JUDAH
NOWL,0,14950,Haight Street,Haight St & Divisadero St,100.0,37.771293,-122.437373,NOWL,OWL JUDAH
NOWL,0,14952,Fillmore Street,Haight St & Fillmore St,100.0,37.77214,-122.43076,NOWL,OWL JUDAH
NOWL,0,14952,Haight Street,Haight St & Fillmore St,100.0,37.77214,-122.43076,NOWL,OWL JUDAH
NOWL,0,14957,Haight Street,Haight St & Masonic Ave,100.0,37.770232,-122.445476,NOWL,OWL JUDAH
NOWL,0,14957,Masonic Avenue,Haight St & Masonic Ave,100.0,37.770232,-122.445476,NOWL,OWL JUDAH
NOWL,0,14960,Haight Street,Haight St & Pierce St,100.0,37.771721,-122.434038,NOWL,OWL JUDAH
NOWL,0,14960,Pierce Street,Haight St & Pierce St,100.0,37.771721,-122.434038,NOWL,OWL JUDAH
NOWL,0,15017,Fillmore Street,Hermann St & Fillmore St,100.0,37.770307,-122.429929,NOWL,OWL JUDAH
NOWL,0,15017,Hermann Street,Hermann St & Fillmore St,100.0,37.770307,-122.429929,NOWL,OWL JUDAH
NOWL,0,15118,2nd Avenue,Irving St & 2nd Ave,100.0,37.764441,-122.458643,NOWL,OWL JUDAH
NOWL,0,15118,Irving Street,Irving St & 2nd Ave,100.0,37.764441,-122.458643,NOWL,OWL JUDAH
NOWL,0,18032,6th Avenue,Irving St & 6th Ave,100.0,37.764244,-122.462987,NOWL,OWL JUDAH
NOWL,0,18032,Irving Street,Irving St & 6th Ave,100.0,37.764244,-122.462987,NOWL,OWL JUDAH
NOWL,0,15195,12th Avenue,Judah St & 12th Ave,100.0,37.762069,-122.469324,NOWL,OWL JUDAH
NOWL,0,15195,Judah Street,Judah St & 12th Ave,100.0,37.762069,-122.469324,NOWL,OWL JUDAH
NOWL,0,15198,16th Avenue,Judah St & 16th Ave,100.0,37.76194,-122.473632,NOWL,OWL JUDAH
NOWL,0,15198,Judah Street,Judah St & 16th Ave,100.0,37.76194,-122.473632,NOWL,OWL JUDAH
NOWL,0,15199,19th Avenue,Judah St & 19th Ave,100.0,37.761743,-122.476921,NOWL,OWL JUDAH
NOWL,0,15199,Judah Street,Judah St & 19th Ave,100.0,37.761743,-122.476921,NOWL,OWL JUDAH
NOWL,0,15202,23rd Avenue,Judah St & 23rd Ave,100.0,37.761547,-122.481164,NOWL,OWL JUDAH
NOWL,0,15202,Judah Street,Judah St & 23rd Ave,100.0,37.761547,-122.481164,NOWL,OWL JUDAH
NOWL,0,15203,25th Avenue,Judah St & 25th Ave,100.0,37.761452,-122.4833,NOWL,OWL JUDAH
NOWL,0,15203,Judah Street,Judah St & 25th Ave,100.0,37.761452,-122.4833,NOWL,OWL JUDAH
NOWL,0,15205,28th Avenue,Judah St & 28th Ave,100.0,37.76131,-122.48651,NOWL,OWL JUDAH
NOWL,0,15205,Judah Street,Judah St & 28th Ave,100.0,37.76131,-122.48651,NOWL,OWL JUDAH
NOWL,0,15207,31st Avenue,Judah St & 31st Ave,100.0,37.761172,-122.489719,NOWL,OWL JUDAH
NOWL,0,15207,Judah Street,Judah St & 31st Ave,100.0,37.761172,-122.489719,NOWL,OWL JUDAH
NOWL,0,15209,34th Avenue,Judah St & 34th Ave,100.0,37.761028,-122.49293,NOWL,OWL JUDAH
NOWL,0,15209,Judah Street,Judah St & 34th Ave,100.0,37.761028,-122.49293,NOWL,OWL JUDAH
NOWL,0,15211,40th Avenue,Judah St & 40th Ave,100.0,37.760743,-122.499359,NOWL,OWL JUDAH
NOWL,0,15211,Judah Street,Judah St & 40th Ave,100.0,37.760743,-122.499359,NOWL,OWL JUDAH
NOWL,0,15213,43rd Avenue,Judah St & 43rd Ave,100.0,37.760598,-122.502574,NOWL,OWL JUDAH
NOWL,0,15213,Judah Street,Judah St & 43rd Ave,100.0,37.760598,-122.502574,NOWL,OWL JUDAH
NOWL,0,15215,46th Avenue,Judah St & 46th Ave,100.0,37.760493,-122.505832,NOWL,OWL JUDAH
NOWL,0,15215,Judah Street,Judah St & 46th Ave,100.0,37.760493,-122.505832,NOWL,OWL JUDAH
NOWL,0,15193,9th Avenue,Judah St & 9th Ave,100.0,37.762227,-122.466688,NOWL,OWL JUDAH
NOWL,0,15193,Judah Street,Judah St & 9th Ave,100.0,37.762227,-122.466688,NOWL,OWL JUDAH
NOWL,0,15219,Funston Avenue,Judah St & Funston Ave,100.0,37.762075,-122.470329,NOWL,OWL JUDAH
NOWL,0,15219,Judah Street,Judah St & Funston Ave,100.0,37.762075,-122.470329,NOWL,OWL JUDAH
NOWL,0,15224,Judah Street,Judah St & Sunset Blvd,100.0,37.760917,-122.495668,NOWL,OWL JUDAH
NOWL,0,15224,Sunset Boulevard,Judah St & Sunset Blvd,100.0,37.760917,-122.495668,NOWL,OWL JUDAH
NOWL,0,15221,[UNKNOWN],Judah/La Playa/Ocean Beach,100.0,37.760363,-122.509011,NOWL,OWL JUDAH
NOWL,0,15223,[UNKNOWN],Judah/La Playa/Ocean Beach,100.0,37.760304,-122.508181,NOWL,OWL JUDAH
NOWL,0,15235,2nd Street,King St & 2nd St,100.0,37.7796,-122.38955,NOWL,OWL JUDAH
NOWL,0,15235,King Street,King St & 2nd St,100.0,37.7796,-122.38955,NOWL,OWL JUDAH
NOWL,0,15639,2nd Street,Market St & 2nd St,100.0,37.789353,-122.401306,NOWL,OWL JUDAH
NOWL,0,15639,Market Street,Market St & 2nd St,100.0,37.789353,-122.401306,NOWL,OWL JUDAH
NOWL,0,15655,5th Street,Market St & 5th  St,100.0,37.784082,-122.407992,NOWL,OWL JUDAH
NOWL,0,15655,Market Street,Market St & 5th  St,100.0,37.784082,-122.407992,NOWL,OWL JUDAH
NOWL,0,15656,7th Street,Market St & 7th St,100.0,37.780568,-122.412441,NOWL,OWL JUDAH
NOWL,0,15656,Market Street,Market St & 7th St,100.0,37.780568,-122.412441,NOWL,OWL JUDAH
NOWL,0,15657,Battery Street,Market St & Battery St,100.0,37.79111,-122.399069,NOWL,OWL JUDAH
NOWL,0,15657,Market Street,Market St & Battery St,100.0,37.79111,-122.399069,NOWL,OWL JUDAH
NOWL,0,15659,Buchanan Street,Market St & Buchanan St,100.0,37.769786,-122.426149,NOWL,OWL JUDAH
NOWL,0,15659,Market Street,Market St & Buchanan St,100.0,37.769786,-122.426149,NOWL,OWL JUDAH
NOWL,0,15669,Drumm Street,Market St & Drumm St,100.0,37.793473,-122.396178,NOWL,OWL JUDAH
NOWL,0,15669,Market Street,Market St & Drumm St,100.0,37.793473,-122.396178,NOWL,OWL JUDAH
NOWL,0,15672,Gough Street,Market St & Gough St,100.0,37.773269,-122.421768,NOWL,OWL JUDAH
NOWL,0,15672,Market Street,Market St & Gough St,100.0,37.773269,-122.421768,NOWL,OWL JUDAH
NOWL,0,15676,Hyde Street,Market St & Hyde St,100.0,37.779105,-122.414379,NOWL,OWL JUDAH
NOWL,0,15676,Market Street,Market St & Hyde St,100.0,37.779105,-122.414379,NOWL,OWL JUDAH
NOWL,0,15678,Kearny Street,Market St & Kearny St,100.0,37.78773,-122.40337,NOWL,OWL JUDAH
NOWL,0,15678,Market Street,Market St & Kearny St,100.0,37.78773,-122.40337,NOWL,OWL JUDAH
NOWL,0,15681,Laguna Street,Market St & Laguna St,100.0,37.770953,-122.424666,NOWL,OWL JUDAH
NOWL,0,15681,Market Street,Market St & Laguna St,100.0,37.770953,-122.424666,NOWL,OWL JUDAH
NOWL,0,15694,Market Street,Market St & Stockton St,100.0,37.785777,-122.405859,NOWL,OWL JUDAH
NOWL,0,15694,Stockton Street,Market St & Stockton St,100.0,37.785777,-122.405859,NOWL,OWL JUDAH
NOWL,0,15695,Market Street,Market St & Taylor St,100.0,37.782316,-122.410228,NOWL,OWL JUDAH
NOWL,0,15695,Taylor Street,Market St & Taylor St,100.0,37.782316,-122.410228,NOWL,OWL JUDAH
NOWL,0,15696,Market Street,Market St & Van Ness Ave,100.0,37.775198,-122.419252,NOWL,OWL JUDAH
NOWL,0,15696,Van Ness Avenue,Market St & Van Ness Ave,100.0,37.775198,-122.419252,NOWL,OWL JUDAH
NOWL,0,16501,Market Street,Steuart St & Market St,100.0,37.794409,-122.394538,NOWL,OWL JUDAH
NOWL,0,16501,Steuart Street,Steuart St & Market St,100.0,37.794409,-122.394538,NOWL,OWL JUDAH
NOWL,0,17447,Brannan Street,The Embarcadero & Brannan St,100.0,37.784547,-122.387954,NOWL,OWL JUDAH
NOWL,0,17447,The Embarcadero,The Embarcadero & Brannan St,100.0,37.784547,-122.387954,NOWL,OWL JUDAH
NOWL,0,14508,Folsom Street,The Embarcadero & Folsom St,100.0,37.790731,-122.389772,NOWL,OWL JUDAH
NOWL,0,14508,The Embarcadero,The Embarcadero & Folsom St,100.0,37.790731,-122.389772,NOWL,OWL JUDAH
NOWL,0,16695,4th Street,Townsend St & 4th St,100.0,37.776582,-122.395491,NOWL,OWL JUDAH
NOWL,0,16695,Townsend Street,Townsend St & 4th St,100.0,37.776582,-122.395491,NOWL,OWL JUDAH
NOWL,0,17957,5th Street,Townsend St & 5th St,100.0,37.775646,-122.396672,NOWL,OWL JUDAH
NOWL,0,17957,Townsend Street,Townsend St & 5th St,100.0,37.775646,-122.396672,NOWL,OWL JUDAH
NOWL,1,13911,Carl Street,Carl St & Cole St,100.0,37.765745,-122.450131,NOWL,OWL JUDAH
NOWL,1,13911,Cole Street,Carl St & Cole St,100.0,37.765745,-122.450131,NOWL,OWL JUDAH
NOWL,1,13913,Carl Street,Carl St & Hillway Ave,100.0,37.764932,-122.456512,NOWL,OWL JUDAH
NOWL,1,13913,Hillway Avenue,Carl St & Hillway Ave,100.0,37.764932,-122.456512,NOWL,OWL JUDAH
NOWL,1,13915,Carl Street,Carl St & Stanyan St,100.0,37.765371,-122.452928,NOWL,OWL JUDAH
NOWL,1,13915,Stanyan Street,Carl St & Stanyan St,100.0,37.765371,-122.452928,NOWL,OWL JUDAH
NOWL,1,14005,Church Street,Church St & Duboce Ave,100.0,37.769499,-122.429167,NOWL,OWL JUDAH
NOWL,1,14005,Duboce Avenue,Church St & Duboce Ave,100.0,37.769499,-122.429167,NOWL,OWL JUDAH
NOWL,1,14095,Cole Street,Cole St & Haight St,100.0,37.769456,-122.45061,NOWL,OWL JUDAH
NOWL,1,14095,Haight Street,Cole St & Haight St,100.0,37.769456,-122.45061,NOWL,OWL JUDAH
NOWL,1,14099,Cole Street,Cole St & Waller St,100.0,37.768528,-122.450427,NOWL,OWL JUDAH
NOWL,1,14099,Waller Street,Cole St & Waller St,100.0,37.768528,-122.450427,NOWL,OWL JUDAH
NOWL,1,14943,Buena Vista East Avenue,Haight St & Buena Vista East Ave,100.0,37.770749,-122.440548,NOWL,OWL JUDAH
NOWL,1,14943,Haight Street,Haight St & Buena Vista East Ave,100.0,37.770749,-122.440548,NOWL,OWL JUDAH
NOWL,1,14947,Clayton Street,Haight St & Clayton St,100.0,37.769777,-122.448433,NOWL,OWL JUDAH
NOWL,1,14947,Haight Street,Haight St & Clayton St,100.0,37.769777,-122.448433,NOWL,OWL JUDAH
NOWL,1,14951,Divisadero Street,Haight St & Divisadero St,100.0,37.771231,-122.436743,NOWL,OWL JUDAH
NOWL,1,14951,Haight Street,Haight St & Divisadero St,100.0,37.771231,-122.436743,NOWL,OWL JUDAH
NOWL,1,17636,Fillmore Street,Haight St & Fillmore St,100.0,37.772049,-122.430589,NOWL,OWL JUDAH
NOWL,1,17636,Haight Street,Haight St & Fillmore St,100.0,37.772049,-122.430589,NOWL,OWL JUDAH
NOWL,1,14958,Haight Street,Haight St & Masonic Ave,100.0,37.770196,-122.445292,NOWL,OWL JUDAH
NOWL,1,14958,Masonic Avenue,Haight St & Masonic Ave,100.0,37.770196,-122.445292,NOWL,OWL JUDAH
NOWL,1,14961,Haight Street,Haight St & Pierce St,100.0,37.771632,-122.433545,NOWL,OWL JUDAH
NOWL,1,14961,Pierce Street,Haight St & Pierce St,100.0,37.771632,-122.433545,NOWL,OWL JUDAH
NOWL,1,15018,Fillmore Street,Hermann St & Fillmore St,100.0,37.770248,-122.429701,NOWL,OWL JUDAH
NOWL,1,15018,Hermann Street,Hermann St & Fillmore St,100.0,37.770248,-122.429701,NOWL,OWL JUDAH
NOWL,1,18031,5th Avenue,Irving St & 5th Ave,100.0,37.764182,-122.462139,NOWL,OWL JUDAH
NOWL,1,18031,Irving Street,Irving St & 5th Ave,100.0,37.764182,-122.462139,NOWL,OWL JUDAH
NOWL,1,17996,8th Avenue,Irving St & 8th Ave,100.0,37.764038,-122.465428,NOWL,OWL JUDAH
NOWL,1,17996,Irving Street,Irving St & 8th Ave,100.0,37.764038,-122.465428,NOWL,OWL JUDAH
NOWL,1,15124,Arguello Boulevard,Irving St & Arguello Blvd,100.0,37.764366,-122.458024,NOWL,OWL JUDAH
NOWL,1,15124,Irving Street,Irving St & Arguello Blvd,100.0,37.764366,-122.458024,NOWL,OWL JUDAH
NOWL,1,15196,12th Avenue,Judah St & 12th Ave,100.0,37.761988,-122.469526,NOWL,OWL JUDAH
NOWL,1,15196,Judah Street,Judah St & 12th Ave,100.0,37.761988,-122.469526,NOWL,OWL JUDAH
NOWL,1,15197,15th Avenue,Judah St & 15th Ave,100.0,37.761848,-122.472777,NOWL,OWL JUDAH
NOWL,1,15197,Judah Street,Judah St & 15th Ave,100.0,37.761848,-122.472777,NOWL,OWL JUDAH
NOWL,1,15200,19th Avenue,Judah St & 19th Ave,100.0,37.761655,-122.477194,NOWL,OWL JUDAH
NOWL,1,15200,Judah Street,Judah St & 19th Ave,100.0,37.761655,-122.477194,NOWL,OWL JUDAH
NOWL,1,15201,22nd Avenue,Judah St & 22nd Ave,100.0,37.761534,-122.479855,NOWL,OWL JUDAH
NOWL,1,15201,Judah Street,Judah St & 22nd Ave,100.0,37.761534,-122.479855,NOWL,OWL JUDAH
NOWL,1,15204,25th Avenue,Judah St & 25th Ave,100.0,37.761373,-122.48356,NOWL,OWL JUDAH
NOWL,1,15204,Judah Street,Judah St & 25th Ave,100.0,37.761373,-122.48356,NOWL,OWL JUDAH
NOWL,1,15206,28th Avenue,Judah St & 28th Ave,100.0,37.761232,-122.486763,NOWL,OWL JUDAH
NOWL,1,15206,Judah Street,Judah St & 28th Ave,100.0,37.761232,-122.486763,NOWL,OWL JUDAH
NOWL,1,15208,31st Avenue,Judah St & 31st Ave,100.0,37.761105,-122.4895,NOWL,OWL JUDAH
NOWL,1,15208,Judah Street,Judah St & 31st Ave,100.0,37.761105,-122.4895,NOWL,OWL JUDAH
NOWL,1,15210,34th Avenue,Judah St & 34th Ave,100.0,37.760955,-122.493199,NOWL,OWL JUDAH
NOWL,1,15210,Judah Street,Judah St & 34th Ave,100.0,37.760955,-122.493199,NOWL,OWL JUDAH
NOWL,1,15212,40th Avenue,Judah St & 40th Ave,100.0,37.760679,-122.499154,NOWL,OWL JUDAH
NOWL,1,15212,Judah Street,Judah St & 40th Ave,100.0,37.760679,-122.499154,NOWL,OWL JUDAH
NOWL,1,15214,43rd Avenue,Judah St & 43rd Ave,100.0,37.760518,-122.502839,NOWL,OWL JUDAH
NOWL,1,15214,Judah Street,Judah St & 43rd Ave,100.0,37.760518,-122.502839,NOWL,OWL JUDAH
NOWL,1,15216,46th Avenue,Judah St & 46th Ave,100.0,37.760392,-122.506064,NOWL,OWL JUDAH
NOWL,1,15216,Judah Street,Judah St & 46th Ave,100.0,37.760392,-122.506064,NOWL,OWL JUDAH
NOWL,1,15194,9th Avenue,Judah St & 9th Ave,100.0,37.762139,-122.466312,NOWL,OWL JUDAH
NOWL,1,15194,Judah Street,Judah St & 9th Ave,100.0,37.762139,-122.466312,NOWL,OWL JUDAH
NOWL,1,15220,Funston Avenue,Judah St & Funston Ave,100.0,37.76195,-122.470572,NOWL,OWL JUDAH
NOWL,1,15220,Judah Street,Judah St & Funston Ave,100.0,37.76195,-122.470572,NOWL,OWL JUDAH
NOWL,1,15225,Judah Street,Judah St & Sunset Blvd,100.0,37.760845,-122.495805,NOWL,OWL JUDAH
NOWL,1,15225,Sunset Boulevard,Judah St & Sunset Blvd,100.0,37.760845,-122.495805,NOWL,OWL JUDAH
NOWL,1,15223,[UNKNOWN],Judah/La Playa/Ocean Beach,100.0,37.760304,-122.508181,NOWL,OWL JUDAH
NOWL,1,15236,2nd Street,King St & 2nd St,100.0,37.7798,-122.38994,NOWL,OWL JUDAH
NOWL,1,15236,King Street,King St & 2nd St,100.0,37.7798,-122.38994,NOWL,OWL JUDAH
NOWL,1,17264,1st Street,Market St & 1st St,100.0,37.79094,-122.399195,NOWL,OWL JUDAH
NOWL,1,17264,Market Street,Market St & 1st St,100.0,37.79094,-122.399195,NOWL,OWL JUDAH
NOWL,1,15640,3rd Street,Market St & 3rd St,100.0,37.787525,-122.403519,NOWL,OWL JUDAH
NOWL,1,15640,Market Street,Market St & 3rd St,100.0,37.787525,-122.403519,NOWL,OWL JUDAH
NOWL,1,15643,4th Street,Market St & 4th St,100.0,37.785705,-122.405847,NOWL,OWL JUDAH
NOWL,1,15643,Market Street,Market St & 4th St,100.0,37.785705,-122.405847,NOWL,OWL JUDAH
NOWL,1,15645,5th Street,Market St & 5th St,100.0,37.783886,-122.408141,NOWL,OWL JUDAH
NOWL,1,15645,Market Street,Market St & 5th St,100.0,37.783886,-122.408141,NOWL,OWL JUDAH
NOWL,1,15647,6th Street,Market St & 6th St,100.0,37.782102,-122.4104,NOWL,OWL JUDAH
NOWL,1,15647,Market Street,Market St & 6th St,100.0,37.782102,-122.4104,NOWL,OWL JUDAH
NOWL,1,15650,7th Street,Market St & 7th St,100.0,37.780363,-122.412613,NOWL,OWL JUDAH
NOWL,1,15650,Market Street,Market St & 7th St,100.0,37.780363,-122.412613,NOWL,OWL JUDAH
NOWL,1,15651,8th Street,Market St & 8th St,100.0,37.778606,-122.414826,NOWL,OWL JUDAH
NOWL,1,15651,Market Street,Market St & 8th St,100.0,37.778606,-122.414826,NOWL,OWL JUDAH
NOWL,1,15652,9th Street,Market St & 9th St,100.0,37.77741,-122.41634,NOWL,OWL JUDAH
NOWL,1,15652,Market Street,Market St & 9th St,100.0,37.77741,-122.41634,NOWL,OWL JUDAH
NOWL,1,15658,Beale Street,Market St & Beale St,100.0,37.792572,-122.397016,NOWL,OWL JUDAH
NOWL,1,15658,Market Street,Market St & Beale St,100.0,37.792572,-122.397016,NOWL,OWL JUDAH
NOWL,1,15668,Dolores Street,Market St & Dolores St,100.0,37.76888,-122.427103,NOWL,OWL JUDAH
NOWL,1,15668,Market Street,Market St & Dolores St,100.0,37.76888,-122.427103,NOWL,OWL JUDAH
NOWL,1,15673,Gough Street,Market St & Gough St,100.0,37.772875,-122.421991,NOWL,OWL JUDAH
NOWL,1,15673,Market Street,Market St & Gough St,100.0,37.772875,-122.421991,NOWL,OWL JUDAH
NOWL,1,15675,Guerrero Street,Market St & Guerrero St,100.0,37.77057,-122.424971,NOWL,OWL JUDAH
NOWL,1,15675,Market Street,Market St & Guerrero St,100.0,37.77057,-122.424971,NOWL,OWL JUDAH
NOWL,1,15685,Market Street,Market St & New Montgomery St,100.0,37.788613,-122.402163,NOWL,OWL JUDAH
NOWL,1,15685,New Montgomery Street,Market St & New Montgomery St,100.0,37.788613,-122.402163,NOWL,OWL JUDAH
NOWL,1,15692,Market Street,Market St & South Van Ness Ave,100.0,37.775056,-122.419321,NOWL,OWL JUDAH
NOWL,1,15692,Van Ness Avenue,Market St & South Van Ness Ave,100.0,37.775056,-122.419321,NOWL,OWL JUDAH
NOWL,1,15693,Market Street,Market St & Steuart St,100.0,37.79426,-122.39491,NOWL,OWL JUDAH
NOWL,1,15693,Steuart Street,Market St & Steuart St,100.0,37.79426,-122.39491,NOWL,OWL JUDAH
NOWL,1,16498,Mission Street,Steuart St & Mission St,100.0,37.7933,-122.39344,NOWL,OWL JUDAH
NOWL,1,16498,Steuart Street,Steuart St & Mission St,100.0,37.7933,-122.39344,NOWL,OWL JUDAH
NOWL,1,14511,Folsom Street,The Embarcadero & Folsom St,100.0,37.790561,-122.389898,NOWL,OWL JUDAH
NOWL,1,14511,The Embarcadero,The Embarcadero & Folsom St,100.0,37.790561,-122.389898,NOWL,OWL JUDAH
NOWL,1,14520,Howard Street,The Embarcadero & Howard St,100.0,37.792159,-122.391066,NOWL,OWL JUDAH
NOWL,1,14520,The Embarcadero,The Embarcadero & Howard St,100.0,37.792159,-122.391066,NOWL,OWL JUDAH
NOWL,1,14531,The Embarcadero,The Embarcadero & Townsend St,100.0,37.7836,-122.38832,NOWL,OWL JUDAH
NOWL,1,14531,Townsend Street,The Embarcadero & Townsend St,100.0,37.7836,-122.38832,NOWL,OWL JUDAH
NOWL,1,17957,5th Street,Townsend St & 5th St,100.0,37.775646,-122.396672,NOWL,OWL JUDAH
NOWL,1,17957,Townsend Street,Townsend St & 5th St,100.0,37.775646,-122.396672,NOWL,OWL JUDAH
PH,0,15059,Bay Street,Hyde St & Bay St,95.575,37.804795,-122.4201,PH,POWELL-HYDE CABLE CAR
PH,0,15059,Hyde Street,Hyde St & Bay St,95.575,37.804795,-122.4201,PH,POWELL-HYDE CABLE CAR
PH,0,15064,Beach Street,Hyde St & Beach St,95.575,37.806642,-122.420535,PH,POWELL-HYDE CABLE CAR
PH,0,15064,Hyde Street,Hyde St & Beach St,95.575,37.806642,-122.420535,PH,POWELL-HYDE CABLE CAR
PH,0,15062,Broadway,Hyde St & Broadway,95.575,37.796345,-122.418395,PH,POWELL-HYDE CABLE CAR
PH,0,15062,Hyde Street,Hyde St & Broadway,95.575,37.796345,-122.418395,PH,POWELL-HYDE CABLE CAR
PH,0,15066,Chestnut Street,Hyde St & Chestnut St,95.575,37.80284,-122.4197,PH,POWELL-HYDE CABLE CAR
PH,0,15066,Hyde Street,Hyde St & Chestnut St,95.575,37.80284,-122.4197,PH,POWELL-HYDE CABLE CAR
PH,0,15069,Filbert Street,Hyde St & Filbert St,95.575,37.800173,-122.419162,PH,POWELL-HYDE CABLE CAR
PH,0,15069,Hyde Street,Hyde St & Filbert St,95.575,37.800173,-122.419162,PH,POWELL-HYDE CABLE CAR
PH,0,15074,Green Street,Hyde St & Green St,95.575,37.798308,-122.418784,PH,POWELL-HYDE CABLE CAR
PH,0,15074,Hyde Street,Hyde St & Green St,95.575,37.798308,-122.418784,PH,POWELL-HYDE CABLE CAR
PH,0,15073,Greenwich Street,Hyde St & Greenwich St,95.575,37.800993,-122.419322,PH,POWELL-HYDE CABLE CAR
PH,0,15073,Hyde Street,Hyde St & Greenwich St,95.575,37.800993,-122.419322,PH,POWELL-HYDE CABLE CAR
PH,0,15077,Hyde Street,Hyde St & Lombard St,95.575,37.801912,-122.419562,PH,POWELL-HYDE CABLE CAR
PH,0,15077,Lombard Street,Hyde St & Lombard St,95.575,37.801912,-122.419562,PH,POWELL-HYDE CABLE CAR
PH,0,15080,Hyde Street,Hyde St & North Point St,95.575,37.805633,-122.420272,PH,POWELL-HYDE CABLE CAR
PH,0,15080,North Point Street,Hyde St & North Point St,95.575,37.805633,-122.420272,PH,POWELL-HYDE CABLE CAR
PH,0,15082,Hyde Street,Hyde St & Pacific Ave,95.575,37.7954,-122.4182,PH,POWELL-HYDE CABLE CAR
PH,0,15082,Pacific Avenue,Hyde St & Pacific Ave,95.575,37.7954,-122.4182,PH,POWELL-HYDE CABLE CAR
PH,0,15088,Hyde Street,Hyde St & Union St,95.575,37.799236,-122.418979,PH,POWELL-HYDE CABLE CAR
PH,0,15088,Union Street,Hyde St & Union St,95.575,37.799236,-122.418979,PH,POWELL-HYDE CABLE CAR
PH,0,15090,Hyde Street,Hyde St & Vallejo St,95.575,37.79744,-122.41863,PH,POWELL-HYDE CABLE CAR
PH,0,15090,Vallejo Street,Hyde St & Vallejo St,95.575,37.79744,-122.41863,PH,POWELL-HYDE CABLE CAR
PH,0,15150,Hyde Street,Jackson St & Hyde St,95.575,37.79464,-122.417994,PH,POWELL-HYDE CABLE CAR
PH,0,15150,Jackson Street,Jackson St & Hyde St,95.575,37.79464,-122.417994,PH,POWELL-HYDE CABLE CAR
PH,0,15152,Jackson Street,Jackson St & Jones St,95.575,37.795041,-122.414842,PH,POWELL-HYDE CABLE CAR
PH,0,15152,Jones Street,Jackson St & Jones St,95.575,37.795041,-122.414842,PH,POWELL-HYDE CABLE CAR
PH,0,15154,Jackson Street,Jackson St & Leavenworth St,95.575,37.794854,-122.416366,PH,POWELL-HYDE CABLE CAR
PH,0,15154,Leavenworth Street,Jackson St & Leavenworth St,95.575,37.794854,-122.416366,PH,POWELL-HYDE CABLE CAR
PH,0,15156,Jackson Street,Jackson St & Mason St,100.0,37.79545,-122.411712,PH,POWELL-HYDE CABLE CAR
PH,0,15156,Mason Street,Jackson St & Mason St,100.0,37.79545,-122.411712,PH,POWELL-HYDE CABLE CAR
PH,0,15164,Jackson Street,Jackson St & Taylor St,95.575,37.795255,-122.413202,PH,POWELL-HYDE CABLE CAR
PH,0,15164,Taylor Street,Jackson St & Taylor St,95.575,37.795255,-122.413202,PH,POWELL-HYDE CABLE CAR
PH,0,16047,Bush Street,Powell St & Bush St,93.805,37.790158,-122.408711,PH,POWELL-HYDE CABLE CAR
PH,0,16047,Powell Street,Powell St & Bush St,93.805,37.790158,-122.408711,PH,POWELL-HYDE CABLE CAR
PH,0,16049,California Street,Powell St & California St,93.805,37.7923,-122.409145,PH,POWELL-HYDE CABLE CAR
PH,0,16049,Powell Street,Powell St & California St,93.805,37.7923,-122.409145,PH,POWELL-HYDE CABLE CAR
PH,0,16051,Clay Street,Powell St & Clay St,93.805,37.793755,-122.409465,PH,POWELL-HYDE CABLE CAR
PH,0,16051,Powell Street,Powell St & Clay St,93.805,37.793755,-122.409465,PH,POWELL-HYDE CABLE CAR
PH,0,16058,Geary Boulevard,Powell St & Geary St,93.805,37.787267,-122.408128,PH,POWELL-HYDE CABLE CAR
PH,0,16058,Powell Street,Powell St & Geary St,93.805,37.787267,-122.408128,PH,POWELL-HYDE CABLE CAR
PH,0,16059,Jackson Street,Powell St & Jackson St,93.805,37.795405,-122.409763,PH,POWELL-HYDE CABLE CAR
PH,0,16059,Powell Street,Powell St & Jackson St,93.805,37.795405,-122.409763,PH,POWELL-HYDE CABLE CAR
PH,0,16063,Market Street,Powell St & Market St,93.805,37.784698,-122.407682,PH,POWELL-HYDE CABLE CAR
PH,0,16063,Powell Street,Powell St & Market St,93.805,37.784698,-122.407682,PH,POWELL-HYDE CABLE CAR
PH,0,16068,O'Farrell Street,Powell St & O'Farrell St,93.805,37.786322,-122.407933,PH,POWELL-HYDE CABLE CAR
PH,0,16068,Powell Street,Powell St & O'Farrell St,93.805,37.786322,-122.407933,PH,POWELL-HYDE CABLE CAR
PH,0,16069,Pine Street,Powell St & Pine St,93.805,37.791095,-122.408905,PH,POWELL-HYDE CABLE CAR
PH,0,16069,Powell Street,Powell St & Pine St,93.805,37.791095,-122.408905,PH,POWELL-HYDE CABLE CAR
PH,0,16072,Post Street,Powell St & Post St,93.805,37.788195,-122.408299,PH,POWELL-HYDE CABLE CAR
PH,0,16072,Powell Street,Powell St & Post St,93.805,37.788195,-122.408299,PH,POWELL-HYDE CABLE CAR
PH,0,16073,Powell Street,Powell St & Sacramento St,93.805,37.79288,-122.409259,PH,POWELL-HYDE CABLE CAR
PH,0,16073,Sacramento Street,Powell St & Sacramento St,93.805,37.79288,-122.409259,PH,POWELL-HYDE CABLE CAR
PH,0,16075,Powell Street,Powell St & Sutter St,93.805,37.789132,-122.408493,PH,POWELL-HYDE CABLE CAR
PH,0,16075,Sutter Street,Powell St & Sutter St,93.805,37.789132,-122.408493,PH,POWELL-HYDE CABLE CAR
PH,1,15060,Bay Street,Hyde St & Bay St,96.429,37.804777,-122.420261,PH,POWELL-HYDE CABLE CAR
PH,1,15060,Hyde Street,Hyde St & Bay St,96.429,37.804777,-122.420261,PH,POWELL-HYDE CABLE CAR
PH,1,15063,Beach Street,Hyde St & Beach St,96.429,37.806901,-122.421066,PH,POWELL-HYDE CABLE CAR
PH,1,15063,Hyde Street,Hyde St & Beach St,96.429,37.806901,-122.421066,PH,POWELL-HYDE CABLE CAR
PH,1,15061,Broadway,Hyde St & Broadway,96.429,37.796496,-122.418578,PH,POWELL-HYDE CABLE CAR
PH,1,15061,Hyde Street,Hyde St & Broadway,96.429,37.796496,-122.418578,PH,POWELL-HYDE CABLE CAR
PH,1,15067,Chestnut Street,Hyde St & Chestnut St,96.429,37.802912,-122.419883,PH,POWELL-HYDE CABLE CAR
PH,1,15067,Hyde Street,Hyde St & Chestnut St,96.429,37.802912,-122.419883,PH,POWELL-HYDE CABLE CAR
PH,1,15070,Filbert Street,Hyde St & Filbert St,96.429,37.800208,-122.419334,PH,POWELL-HYDE CABLE CAR
PH,1,15070,Hyde Street,Hyde St & Filbert St,96.429,37.800208,-122.419334,PH,POWELL-HYDE CABLE CAR
PH,1,15075,Green Street,Hyde St & Green St,96.429,37.798343,-122.418956,PH,POWELL-HYDE CABLE CAR
PH,1,15075,Hyde Street,Hyde St & Green St,96.429,37.798343,-122.418956,PH,POWELL-HYDE CABLE CAR
PH,1,15072,Greenwich Street,Hyde St & Greenwich St,96.429,37.801011,-122.419494,PH,POWELL-HYDE CABLE CAR
PH,1,15072,Hyde Street,Hyde St & Greenwich St,96.429,37.801011,-122.419494,PH,POWELL-HYDE CABLE CAR
PH,1,15076,Hyde Street,Hyde St & Jackson St,96.429,37.794542,-122.418189,PH,POWELL-HYDE CABLE CAR
PH,1,15076,Jackson Street,Hyde St & Jackson St,96.429,37.794542,-122.418189,PH,POWELL-HYDE CABLE CAR
PH,1,15078,Hyde Street,Hyde St & Lombard St,96.429,37.801859,-122.419665,PH,POWELL-HYDE CABLE CAR
PH,1,15078,Lombard Street,Hyde St & Lombard St,96.429,37.801859,-122.419665,PH,POWELL-HYDE CABLE CAR
PH,1,15081,Hyde Street,Hyde St & North Point St,96.429,37.805705,-122.420455,PH,POWELL-HYDE CABLE CAR
PH,1,15081,North Point Street,Hyde St & North Point St,96.429,37.805705,-122.420455,PH,POWELL-HYDE CABLE CAR
PH,1,15083,Hyde Street,Hyde St & Pacific Ave,96.429,37.795354,-122.418361,PH,POWELL-HYDE CABLE CAR
PH,1,15083,Pacific Avenue,Hyde St & Pacific Ave,96.429,37.795354,-122.418361,PH,POWELL-HYDE CABLE CAR
PH,1,15089,Hyde Street,Hyde St & Union St,96.429,37.799182,-122.419139,PH,POWELL-HYDE CABLE CAR
PH,1,15089,Union Street,Hyde St & Union St,96.429,37.799182,-122.419139,PH,POWELL-HYDE CABLE CAR
PH,1,15091,Hyde Street,Hyde St & Vallejo St,96.429,37.797406,-122.418773,PH,POWELL-HYDE CABLE CAR
PH,1,15091,Vallejo Street,Hyde St & Vallejo St,96.429,37.797406,-122.418773,PH,POWELL-HYDE CABLE CAR
PH,1,15372,Mason Street,Mason St & Washington St,94.643,37.794504,-122.411059,PH,POWELL-HYDE CABLE CAR
PH,1,15372,Washington Street,Mason St & Washington St,94.643,37.794504,-122.411059,PH,POWELL-HYDE CABLE CAR
PH,1,16048,Bush Street,Powell St & Bush St,94.643,37.790141,-122.408871,PH,POWELL-HYDE CABLE CAR
PH,1,16048,Powell Street,Powell St & Bush St,94.643,37.790141,-122.408871,PH,POWELL-HYDE CABLE CAR
PH,1,16050,California Street,Powell St & California St,94.643,37.792211,-122.409294,PH,POWELL-HYDE CABLE CAR
PH,1,16050,Powell Street,Powell St & California St,94.643,37.792211,-122.409294,PH,POWELL-HYDE CABLE CAR
PH,1,16052,Clay Street,Powell St & Clay St,94.643,37.793835,-122.409626,PH,POWELL-HYDE CABLE CAR
PH,1,16052,Powell Street,Powell St & Clay St,94.643,37.793835,-122.409626,PH,POWELL-HYDE CABLE CAR
PH,1,16057,Geary Boulevard,Powell St & Geary St,94.643,37.787464,-122.408322,PH,POWELL-HYDE CABLE CAR
PH,1,16057,Powell Street,Powell St & Geary St,94.643,37.787464,-122.408322,PH,POWELL-HYDE CABLE CAR
PH,1,16064,Market Street,Powell St & Market St,94.643,37.784635,-122.407785,PH,POWELL-HYDE CABLE CAR
PH,1,16064,Powell Street,Powell St & Market St,94.643,37.784635,-122.407785,PH,POWELL-HYDE CABLE CAR
PH,1,16067,O'Farrell Street,Powell St & O'Farrell St,94.643,37.786509,-122.408139,PH,POWELL-HYDE CABLE CAR
PH,1,16067,Powell Street,Powell St & O'Farrell St,94.643,37.786509,-122.408139,PH,POWELL-HYDE CABLE CAR
PH,1,16070,Pine Street,Powell St & Pine St,94.643,37.791078,-122.409066,PH,POWELL-HYDE CABLE CAR
PH,1,16070,Powell Street,Powell St & Pine St,94.643,37.791078,-122.409066,PH,POWELL-HYDE CABLE CAR
PH,1,16071,Post Street,Powell St & Post St,94.643,37.788392,-122.408505,PH,POWELL-HYDE CABLE CAR
PH,1,16071,Powell Street,Powell St & Post St,94.643,37.788392,-122.408505,PH,POWELL-HYDE CABLE CAR
PH,1,16074,Powell Street,Powell St & Sacramento St,94.643,37.79296,-122.409443,PH,POWELL-HYDE CABLE CAR
PH,1,16074,Sacramento Street,Powell St & Sacramento St,94.643,37.79296,-122.409443,PH,POWELL-HYDE CABLE CAR
PH,1,16076,Powell Street,Powell St & Sutter St,94.643,37.789061,-122.408642,PH,POWELL-HYDE CABLE CAR
PH,1,16076,Sutter Street,Powell St & Sutter St,94.643,37.789061,-122.408642,PH,POWELL-HYDE CABLE CAR
PH,1,16920,Jones Street,Washington St & Jones St,96.429,37.794042,-122.414693,PH,POWELL-HYDE CABLE CAR
PH,1,16920,Washington Street,Washington St & Jones St,96.429,37.794042,-122.414693,PH,POWELL-HYDE CABLE CAR
PH,1,16922,Leavenworth Street,Washington St & Leavenworth St,96.429,37.793828,-122.416287,PH,POWELL-HYDE CABLE CAR
PH,1,16922,Washington Street,Washington St & Leavenworth St,96.429,37.793828,-122.416287,PH,POWELL-HYDE CABLE CAR
PH,1,16924,Mason Street,Washington St & Mason St,100.0,37.79453,-122.41136,PH,POWELL-HYDE CABLE CAR
PH,1,16924,Washington Street,Washington St & Mason St,100.0,37.79453,-122.41136,PH,POWELL-HYDE CABLE CAR
PH,1,16927,Powell Street,Washington St & Powell St,94.643,37.794629,-122.410038,PH,POWELL-HYDE CABLE CAR
PH,1,16927,Washington Street,Washington St & Powell St,94.643,37.794629,-122.410038,PH,POWELL-HYDE CABLE CAR
PH,1,16929,Taylor Street,Washington St & Taylor St,96.429,37.794255,-122.413008,PH,POWELL-HYDE CABLE CAR
PH,1,16929,Washington Street,Washington St & Taylor St,96.429,37.794255,-122.413008,PH,POWELL-HYDE CABLE CAR
PM,0,14104,Chestnut Street,Columbus Ave & Chestnut St,96.739,37.80341,-122.414586,PM,POWELL-MASON CABLE CAR
PM,0,14104,Columbus Avenue,Columbus Ave & Chestnut St,96.739,37.80341,-122.414586,PM,POWELL-MASON CABLE CAR
PM,0,14113,Columbus Avenue,Columbus Ave & Lombard St,96.739,37.802687,-122.413531,PM,POWELL-MASON CABLE CAR
PM,0,14113,Lombard Street,Columbus Ave & Lombard St,96.739,37.802687,-122.413531,PM,POWELL-MASON CABLE CAR
PM,0,15156,Jackson Street,Jackson St & Mason St,3.261,37.79545,-122.411712,PM,POWELL-MASON CABLE CAR
PM,0,15156,Mason Street,Jackson St & Mason St,3.261,37.79545,-122.411712,PM,POWELL-MASON CABLE CAR
PM,0,15355,Broadway,Mason St & Broadway,96.739,37.797208,-122.411825,PM,POWELL-MASON CABLE CAR
PM,0,15355,Mason Street,Mason St & Broadway,96.739,37.797208,-122.411825,PM,POWELL-MASON CABLE CAR
PM,0,15358,Filbert Street,Mason St & Filbert St,96.739,37.800965,-122.41258,PM,POWELL-MASON CABLE CAR
PM,0,15358,Mason Street,Mason St & Filbert St,96.739,37.800965,-122.41258,PM,POWELL-MASON CABLE CAR
PM,0,15362,Green Street,Mason St & Green St,96.739,37.7991,-122.412203,PM,POWELL-MASON CABLE CAR
PM,0,15362,Mason Street,Mason St & Green St,96.739,37.7991,-122.412203,PM,POWELL-MASON CABLE CAR
PM,0,15360,Greenwich Street,Mason St & Greenwich St,96.739,37.801929,-122.412775,PM,POWELL-MASON CABLE CAR
PM,0,15360,Mason Street,Mason St & Greenwich St,96.739,37.801929,-122.412775,PM,POWELL-MASON CABLE CAR
PM,0,15364,Jackson Street,Mason St & Jackson St,96.739,37.795513,-122.41154,PM,POWELL-MASON CABLE CAR
PM,0,15364,Mason Street,Mason St & Jackson St,96.739,37.795513,-122.41154,PM,POWELL-MASON CABLE CAR
PM,0,15366,Mason Street,Mason St & Pacific Ave,96.739,37.7962,-122.411619,PM,POWELL-MASON CABLE CAR
PM,0,15366,Pacific Avenue,Mason St & Pacific Ave,96.739,37.7962,-122.411619,PM,POWELL-MASON CABLE CAR
PM,0,15368,Mason Street,Mason St & Union St,96.739,37.800037,-122.412397,PM,POWELL-MASON CABLE CAR
PM,0,15368,Union Street,Mason St & Union St,96.739,37.800037,-122.412397,PM,POWELL-MASON CABLE CAR
PM,0,15370,Mason Street,Mason St & Vallejo St,96.739,37.798199,-122.41202,PM,POWELL-MASON CABLE CAR
PM,0,15370,Vallejo Street,Mason St & Vallejo St,96.739,37.798199,-122.41202,PM,POWELL-MASON CABLE CAR
PM,0,16047,Bush Street,Powell St & Bush St,95.652,37.790158,-122.408711,PM,POWELL-MASON CABLE CAR
PM,0,16047,Powell Street,Powell St & Bush St,95.652,37.790158,-122.408711,PM,POWELL-MASON CABLE CAR
PM,0,16049,California Street,Powell St & California St,95.652,37.7923,-122.409145,PM,POWELL-MASON CABLE CAR
PM,0,16049,Powell Street,Powell St & California St,95.652,37.7923,-122.409145,PM,POWELL-MASON CABLE CAR
PM,0,16051,Clay Street,Powell St & Clay St,95.652,37.793755,-122.409465,PM,POWELL-MASON CABLE CAR
PM,0,16051,Powell Street,Powell St & Clay St,95.652,37.793755,-122.409465,PM,POWELL-MASON CABLE CAR
PM,0,16058,Geary Boulevard,Powell St & Geary St,95.652,37.787267,-122.408128,PM,POWELL-MASON CABLE CAR
PM,0,16058,Powell Street,Powell St & Geary St,95.652,37.787267,-122.408128,PM,POWELL-MASON CABLE CAR
PM,0,16059,Jackson Street,Powell St & Jackson St,95.652,37.795405,-122.409763,PM,POWELL-MASON CABLE CAR
PM,0,16059,Powell Street,Powell St & Jackson St,95.652,37.795405,-122.409763,PM,POWELL-MASON CABLE CAR
PM,0,16063,Market Street,Powell St & Market St,95.652,37.784698,-122.407682,PM,POWELL-MASON CABLE CAR
PM,0,16063,Powell Street,Powell St & Market St,95.652,37.784698,-122.407682,PM,POWELL-MASON CABLE CAR
PM,0,16068,O'Farrell Street,Powell St & O'Farrell St,95.652,37.786322,-122.407933,PM,POWELL-MASON CABLE CAR
PM,0,16068,Powell Street,Powell St & O'Farrell St,95.652,37.786322,-122.407933,PM,POWELL-MASON CABLE CAR
PM,0,16069,Pine Street,Powell St & Pine St,95.652,37.791095,-122.408905,PM,POWELL-MASON CABLE CAR
PM,0,16069,Powell Street,Powell St & Pine St,95.652,37.791095,-122.408905,PM,POWELL-MASON CABLE CAR
PM,0,16072,Post Street,Powell St & Post St,95.652,37.788195,-122.408299,PM,POWELL-MASON CABLE CAR
PM,0,16072,Powell Street,Powell St & Post St,95.652,37.788195,-122.408299,PM,POWELL-MASON CABLE CAR
PM,0,16073,Powell Street,Powell St & Sacramento St,95.652,37.79288,-122.409259,PM,POWELL-MASON CABLE CAR
PM,0,16073,Sacramento Street,Powell St & Sacramento St,95.652,37.79288,-122.409259,PM,POWELL-MASON CABLE CAR
PM,0,16075,Powell Street,Powell St & Sutter St,95.652,37.789132,-122.408493,PM,POWELL-MASON CABLE CAR
PM,0,16075,Sutter Street,Powell St & Sutter St,95.652,37.789132,-122.408493,PM,POWELL-MASON CABLE CAR
PM,0,16642,Bay Street,Taylor St & Bay St,96.739,37.805231,-122.415192,PM,POWELL-MASON CABLE CAR
PM,0,16642,Taylor Street,Taylor St & Bay St,96.739,37.805231,-122.415192,PM,POWELL-MASON CABLE CAR
PM,0,16646,Francisco Street,Taylor St & Francisco St,96.739,37.804383,-122.414952,PM,POWELL-MASON CABLE CAR
PM,0,16646,Taylor Street,Taylor St & Francisco St,96.739,37.804383,-122.414952,PM,POWELL-MASON CABLE CAR
PM,1,17181,Chestnut Street,Columbus Ave & Chestnut St,94.681,37.80283,-122.413978,PM,POWELL-MASON CABLE CAR
PM,1,17181,Columbus Avenue,Columbus Ave & Chestnut St,94.681,37.80283,-122.413978,PM,POWELL-MASON CABLE CAR
PM,1,15356,Broadway,Mason St & Broadway,94.681,37.797351,-122.412009,PM,POWELL-MASON CABLE CAR
PM,1,15356,Mason Street,Mason St & Broadway,94.681,37.797351,-122.412009,PM,POWELL-MASON CABLE CAR
PM,1,15359,Filbert Street,Mason St & Filbert St,94.681,37.800902,-122.412729,PM,POWELL-MASON CABLE CAR
PM,1,15359,Mason Street,Mason St & Filbert St,94.681,37.800902,-122.412729,PM,POWELL-MASON CABLE CAR
PM,1,15363,Green Street,Mason St & Green St,94.681,37.79902,-122.412352,PM,POWELL-MASON CABLE CAR
PM,1,15363,Mason Street,Mason St & Green St,94.681,37.79902,-122.412352,PM,POWELL-MASON CABLE CAR
PM,1,15361,Greenwich Street,Mason St & Greenwich St,94.681,37.80183,-122.412924,PM,POWELL-MASON CABLE CAR
PM,1,15361,Mason Street,Mason St & Greenwich St,94.681,37.80183,-122.412924,PM,POWELL-MASON CABLE CAR
PM,1,15365,Jackson Street,Mason St & Jackson St,94.681,37.795602,-122.411666,PM,POWELL-MASON CABLE CAR
PM,1,15365,Mason Street,Mason St & Jackson St,94.681,37.795602,-122.411666,PM,POWELL-MASON CABLE CAR
PM,1,15367,Mason Street,Mason St & Pacific Ave,94.681,37.79612,-122.411769,PM,POWELL-MASON CABLE CAR
PM,1,15367,Pacific Avenue,Mason St & Pacific Ave,94.681,37.79612,-122.411769,PM,POWELL-MASON CABLE CAR
PM,1,15369,Mason Street,Mason St & Union St,94.681,37.799974,-122.412546,PM,POWELL-MASON CABLE CAR
PM,1,15369,Union Street,Mason St & Union St,94.681,37.799974,-122.412546,PM,POWELL-MASON CABLE CAR
PM,1,15371,Mason Street,Mason St & Vallejo St,94.681,37.798243,-122.412192,PM,POWELL-MASON CABLE CAR
PM,1,15371,Vallejo Street,Mason St & Vallejo St,94.681,37.798243,-122.412192,PM,POWELL-MASON CABLE CAR
PM,1,16048,Bush Street,Powell St & Bush St,93.617,37.790141,-122.408871,PM,POWELL-MASON CABLE CAR
PM,1,16048,Powell Street,Powell St & Bush St,93.617,37.790141,-122.408871,PM,POWELL-MASON CABLE CAR
PM,1,16050,California Street,Powell St & California St,93.617,37.792211,-122.409294,PM,POWELL-MASON CABLE CAR
PM,1,16050,Powell Street,Powell St & California St,93.617,37.792211,-122.409294,PM,POWELL-MASON CABLE CAR
PM,1,16052,Clay Street,Powell St & Clay St,93.617,37.793835,-122.409626,PM,POWELL-MASON CABLE CAR
PM,1,16052,Powell Street,Powell St & Clay St,93.617,37.793835,-122.409626,PM,POWELL-MASON CABLE CAR
PM,1,16057,Geary Boulevard,Powell St & Geary St,93.617,37.787464,-122.408322,PM,POWELL-MASON CABLE CAR
PM,1,16057,Powell Street,Powell St & Geary St,93.617,37.787464,-122.408322,PM,POWELL-MASON CABLE CAR
PM,1,16064,Market Street,Powell St & Market St,93.617,37.784635,-122.407785,PM,POWELL-MASON CABLE CAR
PM,1,16064,Powell Street,Powell St & Market St,93.617,37.784635,-122.407785,PM,POWELL-MASON CABLE CAR
PM,1,16067,O'Farrell Street,Powell St & O'Farrell St,93.617,37.786509,-122.408139,PM,POWELL-MASON CABLE CAR
PM,1,16067,Powell Street,Powell St & O'Farrell St,93.617,37.786509,-122.408139,PM,POWELL-MASON CABLE CAR
PM,1,16070,Pine Street,Powell St & Pine St,93.617,37.791078,-122.409066,PM,POWELL-MASON CABLE CAR
PM,1,16070,Powell Street,Powell St & Pine St,93.617,37.791078,-122.409066,PM,POWELL-MASON CABLE CAR
PM,1,16071,Post Street,Powell St & Post St,93.617,37.788392,-122.408505,PM,POWELL-MASON CABLE CAR
PM,1,16071,Powell Street,Powell St & Post St,93.617,37.788392,-122.408505,PM,POWELL-MASON CABLE CAR
PM,1,16074,Powell Street,Powell St & Sacramento St,93.617,37.79296,-122.409443,PM,POWELL-MASON CABLE CAR
PM,1,16074,Sacramento Street,Powell St & Sacramento St,93.617,37.79296,-122.409443,PM,POWELL-MASON CABLE CAR
PM,1,16076,Powell Street,Powell St & Sutter St,93.617,37.789061,-122.408642,PM,POWELL-MASON CABLE CAR
PM,1,16076,Sutter Street,Powell St & Sutter St,93.617,37.789061,-122.408642,PM,POWELL-MASON CABLE CAR
PM,1,16644,Bay Street,Taylor St & Bay St,94.681,37.805257,-122.415307,PM,POWELL-MASON CABLE CAR
PM,1,16644,Taylor Street,Taylor St & Bay St,94.681,37.805257,-122.415307,PM,POWELL-MASON CABLE CAR
PM,1,16645,Columbus Avenue,Taylor St & Columbus Ave,94.681,37.803758,-122.414998,PM,POWELL-MASON CABLE CAR
PM,1,16645,Taylor Street,Taylor St & Columbus Ave,94.681,37.803758,-122.414998,PM,POWELL-MASON CABLE CAR
PM,1,16925,Mason Street,Washington St & Mason St,100.0,37.794442,-122.411529,PM,POWELL-MASON CABLE CAR
PM,1,16925,Washington Street,Washington St & Mason St,100.0,37.794442,-122.411529,PM,POWELL-MASON CABLE CAR
PM,1,16927,Powell Street,Washington St & Powell St,93.617,37.794629,-122.410038,PM,POWELL-MASON CABLE CAR
PM,1,16927,Washington Street,Washington St & Powell St,93.617,37.794629,-122.410038,PM,POWELL-MASON CABLE CAR
T,0,17166,4th Street,4th St & King St,82.396,37.776278,-122.393864,T,THIRD
T,0,17166,King Street,4th St & King St,82.396,37.776278,-122.393864,T,THIRD
T,0,17399,Areta Avenue,Bayshore Blvd & Areta Ave,95.513,37.712226,-122.402339,T,THIRD
T,0,17399,Bayshore Boulevard,Bayshore Blvd & Areta Ave,95.513,37.712226,-122.402339,T,THIRD
T,0,17398,Bayshore Boulevard,Bayshore Blvd & Sunnydale Ave,95.513,37.708944,-122.405044,T,THIRD
T,0,17398,Sunnydale Avenue,Bayshore Blvd & Sunnydale Ave,95.513,37.708944,-122.405044,T,THIRD
T,0,17876,[UNKNOWN],Chinatown - Rose Pak Station,82.396,37.794807,-122.408078,T,THIRD
T,0,17879,Brannan Northbound,Fourth Street & Brannan Northbound,82.396,37.778403,-122.39659,T,THIRD
T,0,17879,Fourth Street,Fourth Street & Brannan Northbound,82.396,37.778403,-122.39659,T,THIRD
T,0,17355,20th Street,Third Street & 20th St,82.396,37.760518,-122.388558,T,THIRD
T,0,17355,Third Street,Third Street & 20th St,82.396,37.760518,-122.388558,T,THIRD
T,0,17354,23rd Street,Third Street & 23rd St,82.396,37.755414,-122.388001,T,THIRD
T,0,17354,Third Street,Third Street & 23rd St,82.396,37.755414,-122.388001,T,THIRD
T,0,17343,Carroll Avenue,Third Street & Carroll Ave,95.513,37.725491,-122.394222,T,THIRD
T,0,17343,Third Street,Third Street & Carroll Ave,95.513,37.725491,-122.394222,T,THIRD
T,0,17352,Evans Avenue,Third Street & Evans Ave,99.753,37.742726,-122.38792,T,THIRD
T,0,17352,Third Street,Third Street & Evans Ave,99.753,37.742726,-122.38792,T,THIRD
T,0,17400,Le Conte Avenue,Third Street & Le Conte Ave,95.513,37.718809,-122.397468,T,THIRD
T,0,17400,Third Street,Third Street & Le Conte Ave,95.513,37.718809,-122.397468,T,THIRD
T,0,17353,Marin Street,Third Street & Marin St,99.753,37.748999,-122.387445,T,THIRD
T,0,17353,Third Street,Third Street & Marin St,99.753,37.748999,-122.387445,T,THIRD
T,0,17358,Mission Rock Street,Third Street & Mission Rock St,82.396,37.772984,-122.389683,T,THIRD
T,0,17358,Third Street,Third Street & Mission Rock St,82.396,37.772984,-122.389683,T,THIRD
T,0,17345,Third Street,Third Street & Williams Ave,99.753,37.729291,-122.392604,T,THIRD
T,0,17345,Williams Avenue,Third Street & Williams Ave,99.753,37.729291,-122.392604,T,THIRD
T,0,17347,Third Street/Gilman/Paul,Third Street/Gilman/Paul,95.513,37.722449,-122.39561,T,THIRD
T,0,17404,Third Street/Hudson/Innes,Third Street/Hudson/Innes,99.753,37.739916,-122.388884,T,THIRD
T,0,17403,Third Street/Kirkwood/La Salle,Third Street/Kirkwood/La Salle,99.753,37.737641,-122.389688,T,THIRD
T,0,17402,Third Street/Oakdale/Palou,Third Street/Oakdale/Palou,99.753,37.734358,-122.390836,T,THIRD
T,0,17401,Third Street/Revere/Shafter,Third Street/Revere/Shafter,99.753,37.732262,-122.391502,T,THIRD
T,0,17357,Ucsf / Chase Center,Ucsf / Chase Center (16th St),82.396,37.768504,-122.389182,T,THIRD
T,0,17356,[UNKNOWN],Ucsf Medical Center (Mariposa),82.396,37.764391,-122.388853,T,THIRD
T,0,17877,Union Square/Market St Station Northbound,Union Square/Market St Station Northbound,82.396,37.787151,-122.406477,T,THIRD
T,0,17878,[UNKNOWN],Yerba Buena/Moscone Station Northbound,82.396,37.782358,-122.401551,T,THIRD
T,1,17872,4th,4th & Brannan Southbound,82.353,37.778341,-122.396613,T,THIRD
T,1,17872,Brannan Southbound,4th & Brannan Southbound,82.353,37.778341,-122.396613,T,THIRD
T,1,17397,4th Street,4th St & King St,89.768,37.776135,-122.393829,T,THIRD
T,1,17397,King Street,4th St & King St,89.768,37.776135,-122.393829,T,THIRD
T,1,17395,Bayshore Boulevard,Bayshore Blvd & Blanken Ave,95.749,37.712253,-122.402316,T,THIRD
T,1,17395,Blanken Avenue,Bayshore Blvd & Blanken Ave,95.749,37.712253,-122.402316,T,THIRD
T,1,17396,Bayshore Boulevard,Bayshore Blvd & Sunnydale Ave,95.749,37.70897,-122.405113,T,THIRD
T,1,17396,Sunnydale Avenue,Bayshore Blvd & Sunnydale Ave,95.749,37.70897,-122.405113,T,THIRD
T,1,17876,[UNKNOWN],Chinatown - Rose Pak Station,82.353,37.794807,-122.408078,T,THIRD
T,1,17362,20th Street,Third Street & 20th St,89.768,37.760367,-122.388593,T,THIRD
T,1,17362,Third Street,Third Street & 20th St,89.768,37.760367,-122.388593,T,THIRD
T,1,17363,23rd Street,Third Street & 23rd St,89.768,37.755263,-122.388047,T,THIRD
T,1,17363,Third Street,Third Street & 23rd St,89.768,37.755263,-122.388047,T,THIRD
T,1,17344,Carroll Avenue,Third Street & Carroll Ave,95.749,37.725241,-122.394394,T,THIRD
T,1,17344,Third Street,Third Street & Carroll Ave,95.749,37.725241,-122.394394,T,THIRD
T,1,17365,Evans Avenue,Third Street & Evans Ave,100.0,37.742727,-122.388034,T,THIRD
T,1,17365,Third Street,Third Street & Evans Ave,100.0,37.742727,-122.388034,T,THIRD
T,1,17394,Le Conte Avenue,Third Street & Le Conte Ave,95.749,37.71864,-122.397697,T,THIRD
T,1,17394,Third Street,Third Street & Le Conte Ave,95.749,37.71864,-122.397697,T,THIRD
T,1,17364,Marin Street,Third Street & Marin St,100.0,37.749097,-122.387525,T,THIRD
T,1,17364,Third Street,Third Street & Marin St,100.0,37.749097,-122.387525,T,THIRD
T,1,17359,Mission Rock Street,Third Street & Mission Rock St,89.768,37.772832,-122.389717,T,THIRD
T,1,17359,Third Street,Third Street & Mission Rock St,89.768,37.772832,-122.389717,T,THIRD
T,1,17346,Third Street,Third Street & Williams Ave,100.0,37.729211,-122.392684,T,THIRD
T,1,17346,Williams Avenue,Third Street & Williams Ave,100.0,37.729211,-122.392684,T,THIRD
T,1,17342,Third Street/Gilman/Paul,Third Street/Gilman/Paul,95.749,37.722199,-122.395782,T,THIRD
T,1,17390,Third Street/Hudson/Innes,Third Street/Hudson/Innes,100.0,37.739934,-122.38893,T,THIRD
T,1,17391,Third Street/Kirkwood/La Salle,Third Street/Kirkwood/La Salle,100.0,37.73765,-122.389734,T,THIRD
T,1,17392,Third Street/Oakdale/Palou,Third Street/Oakdale/Palou,100.0,37.73435,-122.390893,T,THIRD
T,1,17393,Third Street/Revere/Shafter,Third Street/Revere/Shafter,100.0,37.732289,-122.391605,T,THIRD
T,1,17360,Ucsf / Chase Center,Ucsf / Chase Center (16th Street),89.768,37.768237,-122.389366,T,THIRD
T,1,17361,[UNKNOWN],Ucsf Medical Center (Mariposa),89.768,37.764239,-122.388865,T,THIRD
T,1,17874,Union Square/Market St Station Southbound,Union Square/Market St Station Southbound,82.353,37.787133,-122.406523,T,THIRD
T,1,17873,[UNKNOWN],Yerba Buena/Moscone Station Southbound,82.353,37.78238,-122.40173,T,THIRD
TBUS,0,13103,20th Street,3rd St & 20th St,52.161,37.76079,-122.38846,TBUS,THIRD BUS
TBUS,0,13103,3rd Street,3rd St & 20th St,52.161,37.76079,-122.38846,TBUS,THIRD BUS
TBUS,0,13107,23rd Street,3rd St & 23rd St,52.161,37.75569,-122.3879,TBUS,THIRD BUS
TBUS,0,13107,3rd Street,3rd St & 23rd St,52.161,37.75569,-122.3879,TBUS,THIRD BUS
TBUS,0,13114,3rd Street,3rd St & Brannan St,52.161,37.779285,-122.393185,TBUS,THIRD BUS
TBUS,0,13114,Brannan Street,3rd St & Brannan St,52.161,37.779285,-122.393185,TBUS,THIRD BUS
TBUS,0,13116,3rd Street,3rd St & Carroll Ave,100.0,37.7253,-122.3942,TBUS,THIRD BUS
TBUS,0,13116,Carroll Avenue,3rd St & Carroll Ave,100.0,37.7253,-122.3942,TBUS,THIRD BUS
TBUS,0,17320,3rd Street,3rd St & Fitzgerald Ave,100.0,37.723127,-122.395243,TBUS,THIRD BUS
TBUS,0,17320,Fitzgerald Avenue,3rd St & Fitzgerald Ave,100.0,37.723127,-122.395243,TBUS,THIRD BUS
TBUS,0,13124,3rd Street,3rd St & Folsom St,52.161,37.784204,-122.399326,TBUS,THIRD BUS
TBUS,0,13124,Folsom Street,3rd St & Folsom St,52.161,37.784204,-122.399326,TBUS,THIRD BUS
TBUS,0,13127,3rd Street,3rd St & Hudson Ave,52.161,37.74012,-122.3887,TBUS,THIRD BUS
TBUS,0,13127,Hudson Avenue,3rd St & Hudson Ave,52.161,37.74012,-122.3887,TBUS,THIRD BUS
TBUS,0,13134,3rd Street,3rd St & La Salle Ave,52.161,37.737213,-122.389803,TBUS,THIRD BUS
TBUS,0,13134,La Salle Avenue,3rd St & La Salle Ave,52.161,37.737213,-122.389803,TBUS,THIRD BUS
TBUS,0,13141,3rd Street,3rd St & Palou Ave,52.161,37.734091,-122.390928,TBUS,THIRD BUS
TBUS,0,13141,Palou Avenue,3rd St & Palou Ave,52.161,37.734091,-122.390928,TBUS,THIRD BUS
TBUS,0,13145,3rd Street,3rd St & Revere Ave,52.161,37.73225,-122.39146,TBUS,THIRD BUS
TBUS,0,13145,Revere Avenue,3rd St & Revere Ave,52.161,37.73225,-122.39146,TBUS,THIRD BUS
TBUS,0,17321,3rd Street,3rd St & Warriors Way,52.161,37.769049,-122.389228,TBUS,THIRD BUS
TBUS,0,17321,Warriors Way,3rd St & Warriors Way,52.161,37.769049,-122.389228,TBUS,THIRD BUS
TBUS,0,17961,3rd Street,3rd Street & Evans Ave,52.161,37.742521,-122.387897,TBUS,THIRD BUS
TBUS,0,17961,Evans Avenue,3rd Street & Evans Ave,52.161,37.742521,-122.387897,TBUS,THIRD BUS
TBUS,0,13153,3rd Street,4th St & 3rd St,52.161,37.772966,-122.389694,TBUS,THIRD BUS
TBUS,0,13153,4th Street,4th St & 3rd St,52.161,37.772966,-122.389694,TBUS,THIRD BUS
TBUS,0,17405,4th Street,4th St & King St,52.161,37.776251,-122.393933,TBUS,THIRD BUS
TBUS,0,17405,King Street,4th St & King St,52.161,37.776251,-122.393933,TBUS,THIRD BUS
TBUS,0,17334,Bayshore Boulevard,Bayshore Blvd & Blanken Ave,100.0,37.712226,-122.402179,TBUS,THIRD BUS
TBUS,0,17334,Blanken Avenue,Bayshore Blvd & Blanken Ave,100.0,37.712226,-122.402179,TBUS,THIRD BUS
TBUS,0,13781,Bayshore Boulevard,Bayshore Blvd & Hester Ave,100.0,37.713546,-122.400071,TBUS,THIRD BUS
TBUS,0,13781,Hester Avenue,Bayshore Blvd & Hester Ave,100.0,37.713546,-122.400071,TBUS,THIRD BUS
TBUS,0,13793,Bayshore Boulevard,Bayshore Blvd & Visitacion Ave,100.0,37.71062,-122.40389,TBUS,THIRD BUS
TBUS,0,17520,Bayshore Boulevard,Bayshore Blvd & Visitacion Ave,100.0,37.709622,-122.404654,TBUS,THIRD BUS
TBUS,0,13793,Visitacion Avenue,Bayshore Blvd & Visitacion Ave,100.0,37.71062,-122.40389,TBUS,THIRD BUS
TBUS,0,17520,Visitacion Avenue,Bayshore Blvd & Visitacion Ave,100.0,37.709622,-122.404654,TBUS,THIRD BUS
TBUS,0,14821,Geary Boulevard,Kearny St & Geary St,52.161,37.788051,-122.403461,TBUS,THIRD BUS
TBUS,0,14821,Kearny Street,Kearny St & Geary St,52.161,37.788051,-122.403461,TBUS,THIRD BUS
TBUS,0,18118,Pacific Avenue,Pacific Ave & Powell St,23.055,37.796619,-122.409372,TBUS,THIRD BUS
TBUS,0,18118,Powell Street,Pacific Ave & Powell St,23.055,37.796619,-122.409372,TBUS,THIRD BUS
TBUS,0,16523,Stockton Street,Stockton St & Sutter St,52.161,37.79013,-122.40705,TBUS,THIRD BUS
TBUS,0,16523,Sutter Street,Stockton St & Sutter St,52.161,37.79013,-122.40705,TBUS,THIRD BUS
TBUS,0,18117,Stockton Street,Stockton St & Washington St,52.161,37.794878,-122.408043,TBUS,THIRD BUS
TBUS,0,18117,Washington Street,Stockton St & Washington St,52.161,37.794878,-122.408043,TBUS,THIRD BUS
TBUS,0,18177,Third,Third & Underwood,47.839,37.7298787,-122.3922834,TBUS,THIRD BUS
TBUS,0,18177,Underwood,Third & Underwood,47.839,37.7298787,-122.3922834,TBUS,THIRD BUS
TBUS,0,17376,Le Conte Avenue,Third St & Le Conte Ave,100.0,37.718765,-122.397456,TBUS,THIRD BUS
TBUS,0,17376,Third Street,Third St & Le Conte Ave,100.0,37.718765,-122.397456,TBUS,THIRD BUS
TBUS,0,17377,Marin Street,Third St & Marin St,52.161,37.748954,-122.38741,TBUS,THIRD BUS
TBUS,0,17377,Third Street,Third St & Marin St,52.161,37.748954,-122.38741,TBUS,THIRD BUS
TBUS,0,17381,Mariposa Street,Third St & Mariposa St,52.161,37.764427,-122.388761,TBUS,THIRD BUS
TBUS,0,17381,Third Street,Third St & Mariposa St,52.161,37.764427,-122.388761,TBUS,THIRD BUS
TBUS,1,13104,20th Street,3rd St & 20th St,59.375,37.760613,-122.388734,TBUS,THIRD BUS
TBUS,1,13104,3rd Street,3rd St & 20th St,59.375,37.760613,-122.388734,TBUS,THIRD BUS
TBUS,1,13108,23rd Street,3rd St & 23rd St,59.375,37.75506,-122.3881,TBUS,THIRD BUS
TBUS,1,13108,3rd Street,3rd St & 23rd St,59.375,37.75506,-122.3881,TBUS,THIRD BUS
TBUS,1,13016,3rd Street,3rd St & 4th St,59.375,37.772618,-122.389786,TBUS,THIRD BUS
TBUS,1,13016,4th Street,3rd St & 4th St,59.375,37.772618,-122.389786,TBUS,THIRD BUS
TBUS,1,13113,3rd Street,3rd St & Bayview St,59.375,37.7322,-122.391731,TBUS,THIRD BUS
TBUS,1,13113,Bayview Street,3rd St & Bayview St,59.375,37.7322,-122.391731,TBUS,THIRD BUS
TBUS,1,13115,3rd Street,3rd St & Carroll Ave,100.0,37.72567,-122.3943,TBUS,THIRD BUS
TBUS,1,13115,Carroll Avenue,3rd St & Carroll Ave,100.0,37.72567,-122.3943,TBUS,THIRD BUS
TBUS,1,13123,3rd Street,3rd St & Evans Ave,59.375,37.74244,-122.38815,TBUS,THIRD BUS
TBUS,1,13123,Evans Avenue,3rd St & Evans Ave,59.375,37.74244,-122.38815,TBUS,THIRD BUS
TBUS,1,17324,3rd Street,3rd St & Gene Friend Way,59.375,37.76871,-122.389377,TBUS,THIRD BUS
TBUS,1,17324,Gene Friend Way,3rd St & Gene Friend Way,59.375,37.76871,-122.389377,TBUS,THIRD BUS
TBUS,1,13129,3rd Street,3rd St & Innes Ave,59.375,37.73932,-122.38926,TBUS,THIRD BUS
TBUS,1,13129,Innes Avenue,3rd St & Innes Ave,59.375,37.73932,-122.38926,TBUS,THIRD BUS
TBUS,1,13135,3rd Street,3rd St & Kirkwood Ave,59.375,37.737927,-122.389619,TBUS,THIRD BUS
TBUS,1,13135,Kirkwood Avenue,3rd St & Kirkwood Ave,59.375,37.737927,-122.389619,TBUS,THIRD BUS
TBUS,1,13143,3rd Street,3rd St & Oakdale Ave,59.375,37.734787,-122.390721,TBUS,THIRD BUS
TBUS,1,13143,Oakdale Avenue,3rd St & Oakdale Ave,59.375,37.734787,-122.390721,TBUS,THIRD BUS
TBUS,1,17171,3rd Street,3rd St & Paul Ave,100.0,37.722262,-122.395839,TBUS,THIRD BUS
TBUS,1,17171,Paul Avenue,3rd St & Paul Ave,100.0,37.722262,-122.395839,TBUS,THIRD BUS
TBUS,1,13146,3rd Street,3rd St & Salinas Ave,100.0,37.720861,-122.396459,TBUS,THIRD BUS
TBUS,1,13146,Salinas Avenue,3rd St & Salinas Ave,100.0,37.720861,-122.396459,TBUS,THIRD BUS
TBUS,1,13150,3rd Street,3rd St & Williams Ave,100.0,37.729166,-122.392776,TBUS,THIRD BUS
TBUS,1,13150,Williams Avenue,3rd St & Williams Ave,100.0,37.729166,-122.392776,TBUS,THIRD BUS
TBUS,1,17366,4th Street,4th St & Berry St,59.375,37.775825,-122.393607,TBUS,THIRD BUS
TBUS,1,17366,Berry Street,4th St & Berry St,59.375,37.775825,-122.393607,TBUS,THIRD BUS
TBUS,1,13156,4th Street,4th St & Brannan St,59.375,37.778305,-122.396602,TBUS,THIRD BUS
TBUS,1,13156,Brannan Street,4th St & Brannan St,59.375,37.778305,-122.396602,TBUS,THIRD BUS
TBUS,1,13158,4th Street,4th St & Folsom St,59.375,37.782081,-122.401333,TBUS,THIRD BUS
TBUS,1,13158,Folsom Street,4th St & Folsom St,59.375,37.782081,-122.401333,TBUS,THIRD BUS
TBUS,1,13161,4th Street,4th St & Market St,59.375,37.785411,-122.405531,TBUS,THIRD BUS
TBUS,1,13161,Market Street,4th St & Market St,59.375,37.785411,-122.405531,TBUS,THIRD BUS
TBUS,1,13772,Arleta Avenue,Bayshore Blvd & Arleta Ave,100.0,37.712125,-122.403167,TBUS,THIRD BUS
TBUS,1,13772,Bayshore Boulevard,Bayshore Blvd & Arleta Ave,100.0,37.712125,-122.403167,TBUS,THIRD BUS
TBUS,1,13792,Bayshore Boulevard,Bayshore Blvd & Tunnel Ave,40.625,37.7129,-122.40102,TBUS,THIRD BUS
TBUS,1,13792,Tunnel Avenue,Bayshore Blvd & Tunnel Ave,40.625,37.7129,-122.40102,TBUS,THIRD BUS
TBUS,1,18118,Pacific Avenue,Pacific Ave & Powell St,20.833,37.796619,-122.409372,TBUS,THIRD BUS
TBUS,1,18118,Powell Street,Pacific Ave & Powell St,20.833,37.796619,-122.409372,TBUS,THIRD BUS
TBUS,1,16516,Geary Boulevard,Stockton St & Geary St,59.375,37.787704,-122.406729,TBUS,THIRD BUS
TBUS,1,16516,Stockton Street,Stockton St & Geary St,59.375,37.787704,-122.406729,TBUS,THIRD BUS
TBUS,1,16526,Stockton Street,Stockton St & Washington St,59.375,37.794707,-122.408118,TBUS,THIRD BUS
TBUS,1,16526,Washington Street,Stockton St & Washington St,59.375,37.794707,-122.408118,TBUS,THIRD BUS
TBUS,1,17378,Marin Street,Third St & Marin St,59.375,37.749097,-122.387571,TBUS,THIRD BUS
TBUS,1,17378,Third Street,Third St & Marin St,59.375,37.749097,-122.387571,TBUS,THIRD BUS
TBUS,1,17382,Mariposa Street,Third St & Mariposa St,59.375,37.764177,-122.388945,TBUS,THIRD BUS
TBUS,1,17382,Third Street,Third St & Mariposa St,59.375,37.764177,-122.388945,TBUS,THIRD BUS
TBUS,1,16847,Bay Shore Boulevard,Visitacion Ave & Bay Shore Blvd,100.0,37.710567,-122.404493,TBUS,THIRD BUS
TBUS,1,16847,Visitacion Avenue,Visitacion Ave & Bay Shore Blvd,100.0,37.710567,-122.404493,TBUS,THIRD BUS
