route_id,direction_id,street,stop_share_pct,route_short_name,route_long_name,route_type,route_type_label,aggregation
1,0,Sacramento Street,55.076,1,CALIFORNIA,3,bus,scheduled
1,0,California Street,37.968,1,CALIFORNIA,3,bus,scheduled
1,0,32nd Avenue,4.504,1,CALIFORNIA,3,bus,scheduled
1,0,Presidio Avenue,3.772,1,CALIFORNIA,3,bus,scheduled
1,0,Geary Boulevard,3.003,1,CALIFORNIA,3,bus,scheduled
1,0,Baker Street,2.452,1,CALIFORNIA,3,bus,scheduled
1,0,Battery Street,2.452,1,CALIFORNIA,3,bus,scheduled
1,0,Buchanan Street,2.452,1,CALIFORNIA,3,bus,scheduled
1,0,Clay Street,2.452,1,CALIFORNIA,3,bus,scheduled
1,0,Davis Street,2.452,1,CALIFORNIA,3,bus,scheduled
1,0,Divisadero Street,2.452,1,CALIFORNIA,3,bus,scheduled
1,0,Drumm Street,2.452,1,CALIFORNIA,3,bus,scheduled
1,0,Fillmore Street,2.452,1,CALIFORNIA,3,bus,scheduled
1,0,Franklin Street,2.452,1,CALIFORNIA,3,bus,scheduled
1,0,Gough Street,2.452,1,CALIFORNIA,3,bus,scheduled
1,0,Grant Avenue,2.452,1,CALIFORNIA,3,bus,scheduled
1,0,Hyde Street,2.452,1,CALIFORNIA,3,bus,scheduled
1,0,Jones Street,2.452,1,CALIFORNIA,3,bus,scheduled
1,0,Kearny Street,2.452,1,CALIFORNIA,3,bus,scheduled
1,0,Laguna Street,2.452,1,CALIFORNIA,3,bus,scheduled
1,0,Larkin Street,2.452,1,CALIFORNIA,3,bus,scheduled
1,0,Leavenworth Street,2.452,1,CALIFORNIA,3,bus,scheduled
1,0,Montgomery Street,2.452,1,CALIFORNIA,3,bus,scheduled
1,0,Octavia Street,2.452,1,CALIFORNIA,3,bus,scheduled
1,0,Pierce Street,2.452,1,CALIFORNIA,3,bus,scheduled
1,0,Polk Street,2.452,1,CALIFORNIA,3,bus,scheduled
1,0,Powell Street,2.452,1,CALIFORNIA,3,bus,scheduled
1,0,Sansome Street,2.452,1,CALIFORNIA,3,bus,scheduled
1,0,Sproule Lane,2.452,1,CALIFORNIA,3,bus,scheduled
1,0,Steiner Street,2.452,1,CALIFORNIA,3,bus,scheduled
1,0,Stockton Street,2.452,1,CALIFORNIA,3,bus,scheduled
1,0,Van Ness Avenue,2.452,1,CALIFORNIA,3,bus,scheduled
1,0,Webster Street,2.452,1,CALIFORNIA,3,bus,scheduled
1,0,10th Avenue,1.501,1,CALIFORNIA,3,bus,scheduled
1,0,12th Avenue,1.501,1,CALIFORNIA,3,bus,scheduled
1,0,16th Avenue,1.501,1,CALIFORNIA,3,bus,scheduled
1,0,19th Avenue,1.501,1,CALIFORNIA,3,bus,scheduled
1,0,22nd Avenue,1.501,1,CALIFORNIA,3,bus,scheduled
1,0,25th Avenue,1.501,1,CALIFORNIA,3,bus,scheduled
1,0,28th Avenue,1.501,1,CALIFORNIA,3,bus,scheduled
1,0,30th Avenue,1.501,1,CALIFORNIA,3,bus,scheduled
1,0,33rd Avenue,1.501,1,CALIFORNIA,3,bus,scheduled
1,0,4th Avenue,1.501,1,CALIFORNIA,3,bus,scheduled
1,0,6th Avenue,1.501,1,CALIFORNIA,3,bus,scheduled
1,0,8th Avenue,1.501,1,CALIFORNIA,3,bus,scheduled
1,0,Arguello Boulevard,1.501,1,CALIFORNIA,3,bus,scheduled
1,0,Cherry Street,1.501,1,CALIFORNIA,3,bus,scheduled
1,0,Clement Street,1.501,1,CALIFORNIA,3,bus,scheduled
1,0,Laurel Street,1.501,1,CALIFORNIA,3,bus,scheduled
1,0,Park Presidio Boulevard,1.501,1,CALIFORNIA,3,bus,scheduled
1,0,Spruce Street,1.501,1,CALIFORNIA,3,bus,scheduled
1,1,Clay Street,42.126,1,CALIFORNIA,3,bus,scheduled
1,1,California Street,34.999,1,CALIFORNIA,3,bus,scheduled
1,1,Sacramento Street,18.32,1,CALIFORNIA,3,bus,scheduled
1,1,32nd Avenue,3.037,1,CALIFORNIA,3,bus,scheduled
1,1,33rd Avenue,3.037,1,CALIFORNIA,3,bus,scheduled
1,1,Clement Street,3.037,1,CALIFORNIA,3,bus,scheduled
1,1,Presidio Avenue,2.728,1,CALIFORNIA,3,bus,scheduled
1,1,Baker Street,2.478,1,CALIFORNIA,3,bus,scheduled
1,1,Buchanan Street,2.478,1,CALIFORNIA,3,bus,scheduled
1,1,Divisadero Street,2.478,1,CALIFORNIA,3,bus,scheduled
1,1,Drumm Street,2.478,1,CALIFORNIA,3,bus,scheduled
1,1,Fillmore Street,2.478,1,CALIFORNIA,3,bus,scheduled
1,1,Franklin Street,2.478,1,CALIFORNIA,3,bus,scheduled
1,1,Front Street,2.478,1,CALIFORNIA,3,bus,scheduled
1,1,Gough Street,2.478,1,CALIFORNIA,3,bus,scheduled
1,1,Grant Avenue,2.478,1,CALIFORNIA,3,bus,scheduled
1,1,Hyde Street,2.478,1,CALIFORNIA,3,bus,scheduled
1,1,Jones Street,2.478,1,CALIFORNIA,3,bus,scheduled
1,1,Kearny Street,2.478,1,CALIFORNIA,3,bus,scheduled
1,1,Laguna Street,2.478,1,CALIFORNIA,3,bus,scheduled
1,1,Larkin Street,2.478,1,CALIFORNIA,3,bus,scheduled
1,1,Leavenworth Street,2.478,1,CALIFORNIA,3,bus,scheduled
1,1,Mason Street,2.478,1,CALIFORNIA,3,bus,scheduled
1,1,Montgomery Street,2.478,1,CALIFORNIA,3,bus,scheduled
1,1,Octavia Street,2.478,1,CALIFORNIA,3,bus,scheduled
1,1,Pierce Street,2.478,1,CALIFORNIA,3,bus,scheduled
1,1,Polk Street,2.478,1,CALIFORNIA,3,bus,scheduled
1,1,Powell Street,2.478,1,CALIFORNIA,3,bus,scheduled
1,1,Sansome Street,2.478,1,CALIFORNIA,3,bus,scheduled
1,1,Steiner Street,2.478,1,CALIFORNIA,3,bus,scheduled
1,1,Stockton Street,2.478,1,CALIFORNIA,3,bus,scheduled
1,1,Taylor Street,2.478,1,CALIFORNIA,3,bus,scheduled
1,1,Van Ness Avenue,2.478,1,CALIFORNIA,3,bus,scheduled
1,1,Webster Street,2.478,1,CALIFORNIA,3,bus,scheduled
1,1,10th Avenue,1.518,1,CALIFORNIA,3,bus,scheduled
1,1,12th Avenue,1.518,1,CALIFORNIA,3,bus,scheduled
1,1,16th Avenue,1.518,1,CALIFORNIA,3,bus,scheduled
1,1,19th Avenue,1.518,1,CALIFORNIA,3,bus,scheduled
1,1,22nd Avenue,1.518,1,CALIFORNIA,3,bus,scheduled
1,1,25th Avenue,1.518,1,CALIFORNIA,3,bus,scheduled
1,1,28th Avenue,1.518,1,CALIFORNIA,3,bus,scheduled
1,1,30th Avenue,1.518,1,CALIFORNIA,3,bus,scheduled
1,1,4th Avenue,1.518,1,CALIFORNIA,3,bus,scheduled
1,1,6th Avenue,1.518,1,CALIFORNIA,3,bus,scheduled
1,1,8th Avenue,1.518,1,CALIFORNIA,3,bus,scheduled
1,1,Arguello Boulevard,1.518,1,CALIFORNIA,3,bus,scheduled
1,1,Cherry Street,1.518,1,CALIFORNIA,3,bus,scheduled
1,1,Geary Boulevard,1.518,1,CALIFORNIA,3,bus,scheduled
1,1,Laurel Street,1.518,1,CALIFORNIA,3,bus,scheduled
1,1,Park Presidio Boulevard,1.518,1,CALIFORNIA,3,bus,scheduled
1,1,Spruce Street,1.518,1,CALIFORNIA,3,bus,scheduled
12,0,Pacific Avenue,28.77,12,FOLSOM-PACIFIC,3,bus,scheduled
12,0,Folsom Street,18.033,12,FOLSOM-PACIFIC,3,bus,scheduled
12,0,Broadway,12.787,12,FOLSOM-PACIFIC,3,bus,scheduled
12,0,Harrison Street,12.139,12,FOLSOM-PACIFIC,3,bus,scheduled
12,0,Clay Street,9.59,12,FOLSOM-PACIFIC,3,bus,scheduled
12,0,Sansome Street,9.59,12,FOLSOM-PACIFIC,3,bus,scheduled
12,0,Spear Street,9.59,12,FOLSOM-PACIFIC,3,bus,scheduled
12,0,Van Ness Avenue,7.742,12,FOLSOM-PACIFIC,3,bus,scheduled
12,0,Jackson Street,6.393,12,FOLSOM-PACIFIC,3,bus,scheduled
12,0,Cesar Chavez Street,5.395,12,FOLSOM-PACIFIC,3,bus,scheduled
12,0,Mission Street,4.545,12,FOLSOM-PACIFIC,3,bus,scheduled
12,0,Columbus Avenue,3.197,12,FOLSOM-PACIFIC,3,bus,scheduled
12,0,Davis Street,3.197,12,FOLSOM-PACIFIC,3,bus,scheduled
12,0,Front Street,3.197,12,FOLSOM-PACIFIC,3,bus,scheduled
12,0,Hyde Street,3.197,12,FOLSOM-PACIFIC,3,bus,scheduled
12,0,Jones Street,3.197,12,FOLSOM-PACIFIC,3,bus,scheduled
12,0,Larkin Street,3.197,12,FOLSOM-PACIFIC,3,bus,scheduled
12,0,Leavenworth Street,3.197,12,FOLSOM-PACIFIC,3,bus,scheduled
12,0,Market Street,3.197,12,FOLSOM-PACIFIC,3,bus,scheduled
12,0,Mason Street,3.197,12,FOLSOM-PACIFIC,3,bus,scheduled
12,0,Montgomery Street,3.197,12,FOLSOM-PACIFIC,3,bus,scheduled
12,0,Polk Street,3.197,12,FOLSOM-PACIFIC,3,bus,scheduled
12,0,Powell Street,3.197,12,FOLSOM-PACIFIC,3,bus,scheduled
12,0,Stockton Street,3.197,12,FOLSOM-PACIFIC,3,bus,scheduled
12,0,Taylor Street,3.197,12,FOLSOM-PACIFIC,3,bus,scheduled
12,0,11th Street,2.698,12,FOLSOM-PACIFIC,3,bus,scheduled
12,0,Howard Street,1.848,12,FOLSOM-PACIFIC,3,bus,scheduled
12,0,Main Street,1.848,12,FOLSOM-PACIFIC,3,bus,scheduled
12,0,14th Street,1.349,12,FOLSOM-PACIFIC,3,bus,scheduled
12,0,16th Street,1.349,12,FOLSOM-PACIFIC,3,bus,scheduled
12,0,18th Street,1.349,12,FOLSOM-PACIFIC,3,bus,scheduled
12,0,20st,1.349,12,FOLSOM-PACIFIC,3,bus,scheduled
12,0,22nd Street,1.349,12,FOLSOM-PACIFIC,3,bus,scheduled
12,0,24th Street,1.349,12,FOLSOM-PACIFIC,3,bus,scheduled
12,0,25th Street,1.349,12,FOLSOM-PACIFIC,3,bus,scheduled
12,0,2nd Street,1.349,12,FOLSOM-PACIFIC,3,bus,scheduled
12,0,3rd Street,1.349,12,FOLSOM-PACIFIC,3,bus,scheduled
12,0,4th Street,1.349,12,FOLSOM-PACIFIC,3,bus,scheduled
12,0,5th Street,1.349,12,FOLSOM-PACIFIC,3,bus,scheduled
12,0,6th Street,1.349,12,FOLSOM-PACIFIC,3,bus,scheduled
12,0,7th Street,1.349,12,FOLSOM-PACIFIC,3,bus,scheduled
12,0,8th Street,1.349,12,FOLSOM-PACIFIC,3,bus,scheduled
12,0,9th Street,1.349,12,FOLSOM-PACIFIC,3,bus,scheduled
12,0,Beale Street,1.349,12,FOLSOM-PACIFIC,3,bus,scheduled
12,0,Essex Street,1.349,12,FOLSOM-PACIFIC,3,bus,scheduled
12,0,Valencia Street,1.349,12,FOLSOM-PACIFIC,3,bus,scheduled
12,1,Pacific Avenue,43.109,12,FOLSOM-PACIFIC,3,bus,scheduled
12,1,Folsom Street,26.222,12,FOLSOM-PACIFIC,3,bus,scheduled
12,1,Sacramento Street,9.948,12,FOLSOM-PACIFIC,3,bus,scheduled
12,1,Sansome Street,9.948,12,FOLSOM-PACIFIC,3,bus,scheduled
12,1,Main Street,8.012,12,FOLSOM-PACIFIC,3,bus,scheduled
12,1,Cesar Chavez Street,4.14,12,FOLSOM-PACIFIC,3,bus,scheduled
12,1,Battery Street,3.316,12,FOLSOM-PACIFIC,3,bus,scheduled
12,1,California Street,3.316,12,FOLSOM-PACIFIC,3,bus,scheduled
12,1,Davis Street,3.316,12,FOLSOM-PACIFIC,3,bus,scheduled
12,1,Drumm Street,3.316,12,FOLSOM-PACIFIC,3,bus,scheduled
12,1,Grant Avenue,3.316,12,FOLSOM-PACIFIC,3,bus,scheduled
12,1,Howard Street,3.316,12,FOLSOM-PACIFIC,3,bus,scheduled
12,1,Hyde Street,3.316,12,FOLSOM-PACIFIC,3,bus,scheduled
12,1,Jackson Street,3.316,12,FOLSOM-PACIFIC,3,bus,scheduled
12,1,Jones Street,3.316,12,FOLSOM-PACIFIC,3,bus,scheduled
12,1,Kearny Street,3.316,12,FOLSOM-PACIFIC,3,bus,scheduled
12,1,Larkin Street,3.316,12,FOLSOM-PACIFIC,3,bus,scheduled
12,1,Leavenworth Street,3.316,12,FOLSOM-PACIFIC,3,bus,scheduled
12,1,Market Street,3.316,12,FOLSOM-PACIFIC,3,bus,scheduled
12,1,Mason Street,3.316,12,FOLSOM-PACIFIC,3,bus,scheduled
12,1,Montgomery Street,3.316,12,FOLSOM-PACIFIC,3,bus,scheduled
12,1,Polk Street,3.316,12,FOLSOM-PACIFIC,3,bus,scheduled
12,1,Powell Street,3.316,12,FOLSOM-PACIFIC,3,bus,scheduled
12,1,Stockton Street,3.316,12,FOLSOM-PACIFIC,3,bus,scheduled
12,1,Taylor Street,3.316,12,FOLSOM-PACIFIC,3,bus,scheduled
12,1,Van Ness Avenue,3.316,12,FOLSOM-PACIFIC,3,bus,scheduled
12,1,Washington Street,3.316,12,FOLSOM-PACIFIC,3,bus,scheduled
12,1,Mission Street,2.76,12,FOLSOM-PACIFIC,3,bus,scheduled
12,1,11th Street,1.38,12,FOLSOM-PACIFIC,3,bus,scheduled
12,1,14th Street,1.38,12,FOLSOM-PACIFIC,3,bus,scheduled
12,1,16th Street,1.38,12,FOLSOM-PACIFIC,3,bus,scheduled
12,1,18th Street,1.38,12,FOLSOM-PACIFIC,3,bus,scheduled
12,1,1st Street,1.38,12,FOLSOM-PACIFIC,3,bus,scheduled
12,1,20th Street,1.38,12,FOLSOM-PACIFIC,3,bus,scheduled
12,1,22nd Street,1.38,12,FOLSOM-PACIFIC,3,bus,scheduled
12,1,24th Street,1.38,12,FOLSOM-PACIFIC,3,bus,scheduled
12,1,25th Street,1.38,12,FOLSOM-PACIFIC,3,bus,scheduled
12,1,2nd Street,1.38,12,FOLSOM-PACIFIC,3,bus,scheduled
12,1,3rd Street,1.38,12,FOLSOM-PACIFIC,3,bus,scheduled
12,1,4th Street,1.38,12,FOLSOM-PACIFIC,3,bus,scheduled
12,1,5th Street,1.38,12,FOLSOM-PACIFIC,3,bus,scheduled
12,1,6th Street,1.38,12,FOLSOM-PACIFIC,3,bus,scheduled
12,1,7th Street,1.38,12,FOLSOM-PACIFIC,3,bus,scheduled
12,1,8th Street,1.38,12,FOLSOM-PACIFIC,3,bus,scheduled
12,1,9th Street,1.38,12,FOLSOM-PACIFIC,3,bus,scheduled
12,1,Power Street,1.38,12,FOLSOM-PACIFIC,3,bus,scheduled
12,1,Valencia Street,1.38,12,FOLSOM-PACIFIC,3,bus,scheduled
14,0,Mission Street,93.553,14,MISSION,3,bus,scheduled
14,0,30th Street,2.249,14,MISSION,3,bus,scheduled
14,0,4080 Mission Street,2.249,14,MISSION,3,bus,scheduled
14,0,Appleton Avenue,2.249,14,MISSION,3,bus,scheduled
14,0,Bosworth Street,2.249,14,MISSION,3,bus,scheduled
14,0,Cortland Avenue,2.249,14,MISSION,3,bus,scheduled
14,0,Flournoy Street,2.249,14,MISSION,3,bus,scheduled
14,0,Foote Avenue,2.249,14,MISSION,3,bus,scheduled
14,0,Francis Street,2.249,14,MISSION,3,bus,scheduled
14,0,Geneva Avenue,2.249,14,MISSION,3,bus,scheduled
14,0,Goethe Street,2.249,14,MISSION,3,bus,scheduled
14,0,Highland Avenue,2.249,14,MISSION,3,bus,scheduled
14,0,Italy Avenue,2.249,14,MISSION,3,bus,scheduled
14,0,Lawrence Avenue,2.249,14,MISSION,3,bus,scheduled
14,0,Lowell Street,2.249,14,MISSION,3,bus,scheduled
14,0,Mt Vernon Avenue,2.249,14,MISSION,3,bus,scheduled
14,0,Onondaga Avenue,2.249,14,MISSION,3,bus,scheduled
14,0,Persia Street,2.249,14,MISSION,3,bus,scheduled
14,0,Richland Avenue,2.249,14,MISSION,3,bus,scheduled
14,0,San Jose Avenue,2.249,14,MISSION,3,bus,scheduled
14,0,Sickles Avenue,2.249,14,MISSION,3,bus,scheduled
14,0,Silver Avenue,2.249,14,MISSION,3,bus,scheduled
14,0,Trumbull Street,2.249,14,MISSION,3,bus,scheduled
14,0,Whittier Street,2.249,14,MISSION,3,bus,scheduled
14,0,11th Street,2.099,14,MISSION,3,bus,scheduled
14,0,12th Street,2.099,14,MISSION,3,bus,scheduled
14,0,14th Street,2.099,14,MISSION,3,bus,scheduled
14,0,16th Street,2.099,14,MISSION,3,bus,scheduled
14,0,18th Street,2.099,14,MISSION,3,bus,scheduled
14,0,1st Street,2.099,14,MISSION,3,bus,scheduled
14,0,20th Street,2.099,14,MISSION,3,bus,scheduled
14,0,22nd Street,2.099,14,MISSION,3,bus,scheduled
14,0,24th Street,2.099,14,MISSION,3,bus,scheduled
14,0,26th Street,2.099,14,MISSION,3,bus,scheduled
14,0,2nd Street,2.099,14,MISSION,3,bus,scheduled
14,0,3rd Street,2.099,14,MISSION,3,bus,scheduled
14,0,4th Street,2.099,14,MISSION,3,bus,scheduled
14,0,5th Street,2.099,14,MISSION,3,bus,scheduled
14,0,6th Street,2.099,14,MISSION,3,bus,scheduled
14,0,7th Street,2.099,14,MISSION,3,bus,scheduled
14,0,8th Street,2.099,14,MISSION,3,bus,scheduled
14,0,9th Street,2.099,14,MISSION,3,bus,scheduled
14,0,Beale Street,2.099,14,MISSION,3,bus,scheduled
14,0,Mccoppin Street,2.099,14,MISSION,3,bus,scheduled
14,0,Otis,2.099,14,MISSION,3,bus,scheduled
14,0,Otis Street,2.099,14,MISSION,3,bus,scheduled
14,0,Spear Street,2.099,14,MISSION,3,bus,scheduled
14,0,Steuart Street,2.099,14,MISSION,3,bus,scheduled
14,0,Valencia Street,2.099,14,MISSION,3,bus,scheduled
14,1,Mission Street,95.609,14,MISSION,3,bus,scheduled
14,1,Market Street,4.391,14,MISSION,3,bus,scheduled
14,1,Steuart Street,4.391,14,MISSION,3,bus,scheduled
14,1,30th Street,2.35,14,MISSION,3,bus,scheduled
14,1,Acton Street,2.35,14,MISSION,3,bus,scheduled
14,1,Allison Street,2.35,14,MISSION,3,bus,scheduled
14,1,Appleton Avenue,2.35,14,MISSION,3,bus,scheduled
14,1,Cortland Avenue,2.35,14,MISSION,3,bus,scheduled
14,1,Evergreen Street,2.35,14,MISSION,3,bus,scheduled
14,1,Excelsior Avenue,2.35,14,MISSION,3,bus,scheduled
14,1,Geneva Avenue,2.35,14,MISSION,3,bus,scheduled
14,1,Guttenberg Street,2.35,14,MISSION,3,bus,scheduled
14,1,Highland Avenue,2.35,14,MISSION,3,bus,scheduled
14,1,Italy Avenue,2.35,14,MISSION,3,bus,scheduled
14,1,Lowell Street,2.35,14,MISSION,3,bus,scheduled
14,1,Murray Street,2.35,14,MISSION,3,bus,scheduled
14,1,Oliver Street,2.35,14,MISSION,3,bus,scheduled
14,1,Persia Avenue,2.35,14,MISSION,3,bus,scheduled
14,1,Richland Avenue,2.35,14,MISSION,3,bus,scheduled
14,1,Russia Avenue,2.35,14,MISSION,3,bus,scheduled
14,1,San Jose Avenue,2.35,14,MISSION,3,bus,scheduled
14,1,Silver Avenue,2.35,14,MISSION,3,bus,scheduled
14,1,Trumbull Street,2.35,14,MISSION,3,bus,scheduled
14,1,Whittier Street,2.35,14,MISSION,3,bus,scheduled
14,1,11th Street,2.195,14,MISSION,3,bus,scheduled
14,1,13th Street,2.195,14,MISSION,3,bus,scheduled
14,1,14th Street,2.195,14,MISSION,3,bus,scheduled
14,1,16th Street,2.195,14,MISSION,3,bus,scheduled
14,1,18th Street,2.195,14,MISSION,3,bus,scheduled
14,1,20th Street,2.195,14,MISSION,3,bus,scheduled
14,1,22nd Street,2.195,14,MISSION,3,bus,scheduled
14,1,24th Street,2.195,14,MISSION,3,bus,scheduled
14,1,26th Street,2.195,14,MISSION,3,bus,scheduled
14,1,2nd Street,2.195,14,MISSION,3,bus,scheduled
14,1,3rd Street,2.195,14,MISSION,3,bus,scheduled
14,1,4th Street,2.195,14,MISSION,3,bus,scheduled
14,1,5th Street,2.195,14,MISSION,3,bus,scheduled
14,1,6th Street,2.195,14,MISSION,3,bus,scheduled
14,1,7th Street,2.195,14,MISSION,3,bus,scheduled
14,1,8th Street,2.195,14,MISSION,3,bus,scheduled
14,1,9th Street,2.195,14,MISSION,3,bus,scheduled
14,1,Fremont Street,2.195,14,MISSION,3,bus,scheduled
14,1,Main Street,2.195,14,MISSION,3,bus,scheduled
14,1,Power Street,2.195,14,MISSION,3,bus,scheduled
14,1,Van Ness Avenue,2.195,14,MISSION,3,bus,scheduled
14,1,Persia Street,0.154,14,MISSION,3,bus,scheduled
14R,0,Mission Street,96.321,14R,MISSION RAPID,3,bus,scheduled
14R,0,11th Street,4.587,14R,MISSION RAPID,3,bus,scheduled
14R,0,16th Street,4.587,14R,MISSION RAPID,3,bus,scheduled
14R,0,1st Street,4.587,14R,MISSION RAPID,3,bus,scheduled
14R,0,20th Street,4.587,14R,MISSION RAPID,3,bus,scheduled
14R,0,24th Street,4.587,14R,MISSION RAPID,3,bus,scheduled
14R,0,2nd Street,4.587,14R,MISSION RAPID,3,bus,scheduled
14R,0,30th Street,4.587,14R,MISSION RAPID,3,bus,scheduled
14R,0,3rd Street,4.587,14R,MISSION RAPID,3,bus,scheduled
14R,0,4th Street,4.587,14R,MISSION RAPID,3,bus,scheduled
14R,0,5th Street,4.587,14R,MISSION RAPID,3,bus,scheduled
14R,0,8th Street,4.587,14R,MISSION RAPID,3,bus,scheduled
14R,0,Beale Street,4.587,14R,MISSION RAPID,3,bus,scheduled
14R,0,Flournoy Street,4.587,14R,MISSION RAPID,3,bus,scheduled
14R,0,Geneva Avenue,4.587,14R,MISSION RAPID,3,bus,scheduled
14R,0,Goethe Street,4.587,14R,MISSION RAPID,3,bus,scheduled
14R,0,Lowell Street,4.587,14R,MISSION RAPID,3,bus,scheduled
14R,0,Main Street,4.587,14R,MISSION RAPID,3,bus,scheduled
14R,0,Persia Street,4.587,14R,MISSION RAPID,3,bus,scheduled
14R,0,Richland Avenue,4.587,14R,MISSION RAPID,3,bus,scheduled
14R,0,Sickles Avenue,4.587,14R,MISSION RAPID,3,bus,scheduled
14R,0,Silver Avenue,4.587,14R,MISSION RAPID,3,bus,scheduled
14R,0,[UNKNOWN],3.679,14R,MISSION RAPID,3,bus,scheduled
14R,1,Mission Street,87.143,14R,MISSION RAPID,3,bus,scheduled
14R,1,Market Street,8.571,14R,MISSION RAPID,3,bus,scheduled
14R,1,Steuart Street,8.571,14R,MISSION RAPID,3,bus,scheduled
14R,1,Main Street,7.947,14R,MISSION RAPID,3,bus,scheduled
14R,1,Lowell Street,5.029,14R,MISSION RAPID,3,bus,scheduled
14R,1,11th Street,4.286,14R,MISSION RAPID,3,bus,scheduled
14R,1,16th Street,4.286,14R,MISSION RAPID,3,bus,scheduled
14R,1,20th Street,4.286,14R,MISSION RAPID,3,bus,scheduled
14R,1,24th Street,4.286,14R,MISSION RAPID,3,bus,scheduled
14R,1,2nd Street,4.286,14R,MISSION RAPID,3,bus,scheduled
14R,1,30th Street,4.286,14R,MISSION RAPID,3,bus,scheduled
14R,1,3rd Street,4.286,14R,MISSION RAPID,3,bus,scheduled
14R,1,4th Street,4.286,14R,MISSION RAPID,3,bus,scheduled
14R,1,5th Street,4.286,14R,MISSION RAPID,3,bus,scheduled
14R,1,8th Street,4.286,14R,MISSION RAPID,3,bus,scheduled
14R,1,Fremont Street,4.286,14R,MISSION RAPID,3,bus,scheduled
14R,1,Geneva Avenue,4.286,14R,MISSION RAPID,3,bus,scheduled
14R,1,Persia Avenue,4.286,14R,MISSION RAPID,3,bus,scheduled
14R,1,Richland Avenue,4.286,14R,MISSION RAPID,3,bus,scheduled
14R,1,Silver Avenue,4.286,14R,MISSION RAPID,3,bus,scheduled
14R,1,Acton Street,3.542,14R,MISSION RAPID,3,bus,scheduled
14R,1,Evergreen Street,3.542,14R,MISSION RAPID,3,bus,scheduled
14R,1,Flournoy,3.542,14R,MISSION RAPID,3,bus,scheduled
14R,1,[UNKNOWN],3.542,14R,MISSION RAPID,3,bus,scheduled
14R,1,Morse Street,0.744,14R,MISSION RAPID,3,bus,scheduled
15,0,Hudson Avenue,21.429,15,BAYVIEW HUNTERS POINT EXPRESS,3,bus,scheduled
15,0,Ingalls Street,21.429,15,BAYVIEW HUNTERS POINT EXPRESS,3,bus,scheduled
15,0,3rd Street,14.286,15,BAYVIEW HUNTERS POINT EXPRESS,3,bus,scheduled
15,0,4th Street,10.714,15,BAYVIEW HUNTERS POINT EXPRESS,3,bus,scheduled
15,0,Kiska Road,10.714,15,BAYVIEW HUNTERS POINT EXPRESS,3,bus,scheduled
15,0,Northridge Road,10.714,15,BAYVIEW HUNTERS POINT EXPRESS,3,bus,scheduled
15,0,Palou Avenue,10.714,15,BAYVIEW HUNTERS POINT EXPRESS,3,bus,scheduled
15,0,Dormitory Road,7.143,15,BAYVIEW HUNTERS POINT EXPRESS,3,bus,scheduled
15,0,Keith Street,7.143,15,BAYVIEW HUNTERS POINT EXPRESS,3,bus,scheduled
15,0,20th Street,3.571,15,BAYVIEW HUNTERS POINT EXPRESS,3,bus,scheduled
15,0,Cashmere Street,3.571,15,BAYVIEW HUNTERS POINT EXPRESS,3,bus,scheduled
15,0,Donahue Street,3.571,15,BAYVIEW HUNTERS POINT EXPRESS,3,bus,scheduled
15,0,Earl Street,3.571,15,BAYVIEW HUNTERS POINT EXPRESS,3,bus,scheduled
15,0,Evans Avenue,3.571,15,BAYVIEW HUNTERS POINT EXPRESS,3,bus,scheduled
15,0,Geary Boulevard,3.571,15,BAYVIEW HUNTERS POINT EXPRESS,3,bus,scheduled
15,0,Gene Friend Way,3.571,15,BAYVIEW HUNTERS POINT EXPRESS,3,bus,scheduled
15,0,Harbor Road,3.571,15,BAYVIEW HUNTERS POINT EXPRESS,3,bus,scheduled
15,0,Jerrold Avenue,3.571,15,BAYVIEW HUNTERS POINT EXPRESS,3,bus,scheduled
15,0,Kirkwood Avenue,3.571,15,BAYVIEW HUNTERS POINT EXPRESS,3,bus,scheduled
15,0,Lasalle Avenue,3.571,15,BAYVIEW HUNTERS POINT EXPRESS,3,bus,scheduled
15,0,Marin Street,3.571,15,BAYVIEW HUNTERS POINT EXPRESS,3,bus,scheduled
15,0,Market Street,3.571,15,BAYVIEW HUNTERS POINT EXPRESS,3,bus,scheduled
15,0,Mendell Street,3.571,15,BAYVIEW HUNTERS POINT EXPRESS,3,bus,scheduled
15,0,Mission Street,3.571,15,BAYVIEW HUNTERS POINT EXPRESS,3,bus,scheduled
15,0,Newhall Street,3.571,15,BAYVIEW HUNTERS POINT EXPRESS,3,bus,scheduled
15,0,Oakdale Avenue,3.571,15,BAYVIEW HUNTERS POINT EXPRESS,3,bus,scheduled
15,0,Reardon Road,3.571,15,BAYVIEW HUNTERS POINT EXPRESS,3,bus,scheduled
15,0,Sansome Street,3.571,15,BAYVIEW HUNTERS POINT EXPRESS,3,bus,scheduled
15,0,Stockton Street,3.571,15,BAYVIEW HUNTERS POINT EXPRESS,3,bus,scheduled
15,0,Sutter Street,3.571,15,BAYVIEW HUNTERS POINT EXPRESS,3,bus,scheduled
15,0,Third Street,3.571,15,BAYVIEW HUNTERS POINT EXPRESS,3,bus,scheduled
15,0,Townsend Street,3.571,15,BAYVIEW HUNTERS POINT EXPRESS,3,bus,scheduled
15,0,Whitney Young Circle,3.571,15,BAYVIEW HUNTERS POINT EXPRESS,3,bus,scheduled
15,1,Ingalls Street,25.926,15,BAYVIEW HUNTERS POINT EXPRESS,3,bus,scheduled
15,1,3rd Street,22.222,15,BAYVIEW HUNTERS POINT EXPRESS,3,bus,scheduled
15,1,Hudson Avenue,22.222,15,BAYVIEW HUNTERS POINT EXPRESS,3,bus,scheduled
15,1,Kiska Road,14.815,15,BAYVIEW HUNTERS POINT EXPRESS,3,bus,scheduled
15,1,Northridge Road,11.111,15,BAYVIEW HUNTERS POINT EXPRESS,3,bus,scheduled
15,1,Palou Avenue,11.111,15,BAYVIEW HUNTERS POINT EXPRESS,3,bus,scheduled
15,1,Dormitory Road,7.407,15,BAYVIEW HUNTERS POINT EXPRESS,3,bus,scheduled
15,1,Keith Street,7.407,15,BAYVIEW HUNTERS POINT EXPRESS,3,bus,scheduled
15,1,20th Street,3.704,15,BAYVIEW HUNTERS POINT EXPRESS,3,bus,scheduled
15,1,Brannan Street,3.704,15,BAYVIEW HUNTERS POINT EXPRESS,3,bus,scheduled
15,1,Cashmere Street,3.704,15,BAYVIEW HUNTERS POINT EXPRESS,3,bus,scheduled
15,1,Donahue Street,3.704,15,BAYVIEW HUNTERS POINT EXPRESS,3,bus,scheduled
15,1,Earl Street,3.704,15,BAYVIEW HUNTERS POINT EXPRESS,3,bus,scheduled
15,1,Evans Avenue,3.704,15,BAYVIEW HUNTERS POINT EXPRESS,3,bus,scheduled
15,1,Harbor Road,3.704,15,BAYVIEW HUNTERS POINT EXPRESS,3,bus,scheduled
15,1,Jerrold Avenue,3.704,15,BAYVIEW HUNTERS POINT EXPRESS,3,bus,scheduled
15,1,Kirkwood Avenue,3.704,15,BAYVIEW HUNTERS POINT EXPRESS,3,bus,scheduled
15,1,Lasalle Avenue,3.704,15,BAYVIEW HUNTERS POINT EXPRESS,3,bus,scheduled
15,1,Marin Street,3.704,15,BAYVIEW HUNTERS POINT EXPRESS,3,bus,scheduled
15,1,Mendell Street,3.704,15,BAYVIEW HUNTERS POINT EXPRESS,3,bus,scheduled
15,1,Mission Street,3.704,15,BAYVIEW HUNTERS POINT EXPRESS,3,bus,scheduled
15,1,Newhall Street,3.704,15,BAYVIEW HUNTERS POINT EXPRESS,3,bus,scheduled
15,1,Oakdale Avenue,3.704,15,BAYVIEW HUNTERS POINT EXPRESS,3,bus,scheduled
15,1,Reardon Road,3.704,15,BAYVIEW HUNTERS POINT EXPRESS,3,bus,scheduled
15,1,Sansome Street,3.704,15,BAYVIEW HUNTERS POINT EXPRESS,3,bus,scheduled
15,1,Sutter Street,3.704,15,BAYVIEW HUNTERS POINT EXPRESS,3,bus,scheduled
15,1,Third Street,3.704,15,BAYVIEW HUNTERS POINT EXPRESS,3,bus,scheduled
15,1,Warriors Way,3.704,15,BAYVIEW HUNTERS POINT EXPRESS,3,bus,scheduled
15,1,Whitney Young Circle,3.704,15,BAYVIEW HUNTERS POINT EXPRESS,3,bus,scheduled
18,0,46th Avenue,33.728,18,46TH AVENUE,3,bus,scheduled
18,0,Balboa Street,13.491,18,46TH AVENUE,3,bus,scheduled
18,0,33rd Avenue,9.703,18,46TH AVENUE,3,bus,scheduled
18,0,Sloat Boulevard,8.994,18,46TH AVENUE,3,bus,scheduled
18,0,45th Avenue,6.746,18,46TH AVENUE,3,bus,scheduled
18,0,47th Avenue,6.746,18,46TH AVENUE,3,bus,scheduled
18,0,Cabrillo Street,6.746,18,46TH AVENUE,3,bus,scheduled
18,0,Winston Drive,6.746,18,46TH AVENUE,3,bus,scheduled
18,0,Clement Street,5.206,18,46TH AVENUE,3,bus,scheduled
18,0,Buckingham Way,4.497,18,46TH AVENUE,3,bus,scheduled
18,0,La Playa Street,4.497,18,46TH AVENUE,3,bus,scheduled
18,0,Lake Merced,4.497,18,46TH AVENUE,3,bus,scheduled
18,0,Lincoln Way,4.497,18,46TH AVENUE,3,bus,scheduled
18,0,[UNKNOWN],4.497,18,46TH AVENUE,3,bus,scheduled
18,0,Geary Boulevard,2.603,18,46TH AVENUE,3,bus,scheduled
18,0,Legion Of Honor Drive,2.603,18,46TH AVENUE,3,bus,scheduled
18,0,19th Avenue,2.249,18,46TH AVENUE,3,bus,scheduled
18,0,20th Avenue,2.249,18,46TH AVENUE,3,bus,scheduled
18,0,35th Avenue,2.249,18,46TH AVENUE,3,bus,scheduled
18,0,37th Avenue,2.249,18,46TH AVENUE,3,bus,scheduled
18,0,40th Avenue,2.249,18,46TH AVENUE,3,bus,scheduled
18,0,41st Avenue,2.249,18,46TH AVENUE,3,bus,scheduled
18,0,43rd Avenue,2.249,18,46TH AVENUE,3,bus,scheduled
18,0,Anza Street,2.249,18,46TH AVENUE,3,bus,scheduled
18,0,Fulton Street,2.249,18,46TH AVENUE,3,bus,scheduled
18,0,Great Highway,2.249,18,46TH AVENUE,3,bus,scheduled
18,0,Great Hwy Near Beach Chalet,2.249,18,46TH AVENUE,3,bus,scheduled
18,0,Irving Street,2.249,18,46TH AVENUE,3,bus,scheduled
18,0,Judah Street,2.249,18,46TH AVENUE,3,bus,scheduled
18,0,Kirkham Street,2.249,18,46TH AVENUE,3,bus,scheduled
18,0,Lake Merced Boulevard,2.249,18,46TH AVENUE,3,bus,scheduled
18,0,Lakeshore,2.249,18,46TH AVENUE,3,bus,scheduled
18,0,Lawton Street,2.249,18,46TH AVENUE,3,bus,scheduled
18,0,Middlefield Drive,2.249,18,46TH AVENUE,3,bus,scheduled
18,0,Moraga Street,2.249,18,46TH AVENUE,3,bus,scheduled
18,0,Noriega Street,2.249,18,46TH AVENUE,3,bus,scheduled
18,0,Ortega Street,2.249,18,46TH AVENUE,3,bus,scheduled
18,0,Pacheco Street,2.249,18,46TH AVENUE,3,bus,scheduled
18,0,Quintara Street,2.249,18,46TH AVENUE,3,bus,scheduled
18,0,Rivera Street,2.249,18,46TH AVENUE,3,bus,scheduled
18,0,Santiago Street,2.249,18,46TH AVENUE,3,bus,scheduled
18,0,Skyline Boulevard,2.249,18,46TH AVENUE,3,bus,scheduled
18,0,Taraval Street,2.249,18,46TH AVENUE,3,bus,scheduled
18,0,Ulloa Street,2.249,18,46TH AVENUE,3,bus,scheduled
18,0,Vicente Street,2.249,18,46TH AVENUE,3,bus,scheduled
18,0,Wawona Street,2.249,18,46TH AVENUE,3,bus,scheduled
18,1,46th Avenue,37.849,18,46TH AVENUE,3,bus,scheduled
18,1,Balboa Street,14.193,18,46TH AVENUE,3,bus,scheduled
18,1,33rd Avenue,8.889,18,46TH AVENUE,3,bus,scheduled
18,1,45th Avenue,7.097,18,46TH AVENUE,3,bus,scheduled
18,1,Cabrillo Street,7.097,18,46TH AVENUE,3,bus,scheduled
18,1,Lincoln Way,7.097,18,46TH AVENUE,3,bus,scheduled
18,1,Sloat Boulevard,7.097,18,46TH AVENUE,3,bus,scheduled
18,1,Winston Drive,7.097,18,46TH AVENUE,3,bus,scheduled
18,1,47th Avenue,4.731,18,46TH AVENUE,3,bus,scheduled
18,1,Buckingham Way,4.731,18,46TH AVENUE,3,bus,scheduled
18,1,La Playa Street,4.731,18,46TH AVENUE,3,bus,scheduled
18,1,Lake Merced,4.731,18,46TH AVENUE,3,bus,scheduled
18,1,Clement Street,3.585,18,46TH AVENUE,3,bus,scheduled
18,1,19th Avenue,2.366,18,46TH AVENUE,3,bus,scheduled
18,1,20th Avenue,2.366,18,46TH AVENUE,3,bus,scheduled
18,1,34th Avenue,2.366,18,46TH AVENUE,3,bus,scheduled
18,1,37th Avenue,2.366,18,46TH AVENUE,3,bus,scheduled
18,1,40th Avenue,2.366,18,46TH AVENUE,3,bus,scheduled
18,1,41st Avenue,2.366,18,46TH AVENUE,3,bus,scheduled
18,1,43rd Avenue,2.366,18,46TH AVENUE,3,bus,scheduled
18,1,Anza Street,2.366,18,46TH AVENUE,3,bus,scheduled
18,1,Fulton Street,2.366,18,46TH AVENUE,3,bus,scheduled
18,1,Geary Boulevard,2.366,18,46TH AVENUE,3,bus,scheduled
18,1,Great Hwy Near Beach Chalet,2.366,18,46TH AVENUE,3,bus,scheduled
18,1,Irving Street,2.366,18,46TH AVENUE,3,bus,scheduled
18,1,Judah Street,2.366,18,46TH AVENUE,3,bus,scheduled
18,1,Kirkham Street,2.366,18,46TH AVENUE,3,bus,scheduled
18,1,Lake Merced Boulevard,2.366,18,46TH AVENUE,3,bus,scheduled
18,1,Lakeshore,2.366,18,46TH AVENUE,3,bus,scheduled
18,1,Lawton Street,2.366,18,46TH AVENUE,3,bus,scheduled
18,1,Martin Luther King Jr Drive,2.366,18,46TH AVENUE,3,bus,scheduled
18,1,Middlefield Drive,2.366,18,46TH AVENUE,3,bus,scheduled
18,1,Moraga Street,2.366,18,46TH AVENUE,3,bus,scheduled
18,1,Noriega Street,2.366,18,46TH AVENUE,3,bus,scheduled
18,1,Ortega Street,2.366,18,46TH AVENUE,3,bus,scheduled
18,1,Pacheco Street,2.366,18,46TH AVENUE,3,bus,scheduled
18,1,Quintara Street,2.366,18,46TH AVENUE,3,bus,scheduled
18,1,Rivera Street,2.366,18,46TH AVENUE,3,bus,scheduled
18,1,Santiago Street,2.366,18,46TH AVENUE,3,bus,scheduled
18,1,Skyline Boulevard,2.366,18,46TH AVENUE,3,bus,scheduled
18,1,Taraval Street,2.366,18,46TH AVENUE,3,bus,scheduled
18,1,Ulloa Street,2.366,18,46TH AVENUE,3,bus,scheduled
18,1,Vicente Street,2.366,18,46TH AVENUE,3,bus,scheduled
18,1,Wawona Street,2.366,18,46TH AVENUE,3,bus,scheduled
18,1,Legion Of Honor Drive,1.793,18,46TH AVENUE,3,bus,scheduled
18,1,[UNKNOWN],1.793,18,46TH AVENUE,3,bus,scheduled
19,0,Rhode Island Street,24.194,19,POLK,3,bus,scheduled
19,0,Polk Street,19.355,19,POLK,3,bus,scheduled
19,0,Evans Avenue,12.903,19,POLK,3,bus,scheduled
19,0,8th Street,11.29,19,POLK,3,bus,scheduled
19,0,Innes Avenue,9.677,19,POLK,3,bus,scheduled
19,0,25th Street,4.839,19,POLK,3,bus,scheduled
19,0,26th Street,4.839,19,POLK,3,bus,scheduled
19,0,Connecticut Street,4.839,19,POLK,3,bus,scheduled
19,0,Hyde Street,4.839,19,POLK,3,bus,scheduled
19,0,Middle Point Road,4.839,19,POLK,3,bus,scheduled
19,0,Cesar Chavez Street,3.226,19,POLK,3,bus,scheduled
19,0,Eddy Street,3.226,19,POLK,3,bus,scheduled
19,0,1076 Rhode Island Street,1.613,19,POLK,3,bus,scheduled
19,0,15th Street,1.613,19,POLK,3,bus,scheduled
19,0,16th Street,1.613,19,POLK,3,bus,scheduled
19,0,17th Street,1.613,19,POLK,3,bus,scheduled
19,0,18th Street,1.613,19,POLK,3,bus,scheduled
19,0,19th Street,1.613,19,POLK,3,bus,scheduled
19,0,20th Street,1.613,19,POLK,3,bus,scheduled
19,0,22nd Street,1.613,19,POLK,3,bus,scheduled
19,0,23rd Street,1.613,19,POLK,3,bus,scheduled
19,0,24th Street,1.613,19,POLK,3,bus,scheduled
19,0,3rd Street,1.613,19,POLK,3,bus,scheduled
19,0,Acacia,1.613,19,POLK,3,bus,scheduled
19,0,Alameda Street,1.613,19,POLK,3,bus,scheduled
19,0,Beach Street,1.613,19,POLK,3,bus,scheduled
19,0,Brannan Street,1.613,19,POLK,3,bus,scheduled
19,0,Broadway,1.613,19,POLK,3,bus,scheduled
19,0,Bryant Street,1.613,19,POLK,3,bus,scheduled
19,0,De Haro Street,1.613,19,POLK,3,bus,scheduled
19,0,Division Street,1.613,19,POLK,3,bus,scheduled
19,0,Donahue Street,1.613,19,POLK,3,bus,scheduled
19,0,Earl Street,1.613,19,POLK,3,bus,scheduled
19,0,Evans Ave Opposite Us Post Office,1.613,19,POLK,3,bus,scheduled
19,0,Fair Fax Avenue,1.613,19,POLK,3,bus,scheduled
19,0,Fitch Street,1.613,19,POLK,3,bus,scheduled
19,0,Folsom Street,1.613,19,POLK,3,bus,scheduled
19,0,Francisco Street,1.613,19,POLK,3,bus,scheduled
19,0,Galvez Avenue,1.613,19,POLK,3,bus,scheduled
19,0,Griffith Street,1.613,19,POLK,3,bus,scheduled
19,0,Grove Street,1.613,19,POLK,3,bus,scheduled
19,0,Harrison Street,1.613,19,POLK,3,bus,scheduled
19,0,Hill Avenue,1.613,19,POLK,3,bus,scheduled
19,0,Howard,1.613,19,POLK,3,bus,scheduled
19,0,Hunters Point Boulevard,1.613,19,POLK,3,bus,scheduled
19,0,Keith Street,1.613,19,POLK,3,bus,scheduled
19,0,Larkin Street,1.613,19,POLK,3,bus,scheduled
19,0,Lombard Street,1.613,19,POLK,3,bus,scheduled
19,0,Mariposa Street,1.613,19,POLK,3,bus,scheduled
19,0,Market Street,1.613,19,POLK,3,bus,scheduled
19,0,Mcallister Street,1.613,19,POLK,3,bus,scheduled
19,0,Mendell Street,1.613,19,POLK,3,bus,scheduled
19,0,Middle Point,1.613,19,POLK,3,bus,scheduled
19,0,Mission Street,1.613,19,POLK,3,bus,scheduled
19,0,North Point Street,1.613,19,POLK,3,bus,scheduled
19,0,O'Farrell Street,1.613,19,POLK,3,bus,scheduled
19,0,Phelps Street,1.613,19,POLK,3,bus,scheduled
19,0,Pine Street,1.613,19,POLK,3,bus,scheduled
19,0,Quint Street,1.613,19,POLK,3,bus,scheduled
19,0,Sacramento Street,1.613,19,POLK,3,bus,scheduled
19,0,Selby Street,1.613,19,POLK,3,bus,scheduled
19,0,Southern Heights Avenue,1.613,19,POLK,3,bus,scheduled
19,0,Sutter Street,1.613,19,POLK,3,bus,scheduled
19,0,Turk Street,1.613,19,POLK,3,bus,scheduled
19,0,Union Street,1.613,19,POLK,3,bus,scheduled
19,0,Washington Street,1.613,19,POLK,3,bus,scheduled
19,0,Wisconsin Street,1.613,19,POLK,3,bus,scheduled
19,1,De Haro Street,14.493,19,POLK,3,bus,scheduled
19,1,Polk Street,14.493,19,POLK,3,bus,scheduled
19,1,7th Street,11.594,19,POLK,3,bus,scheduled
19,1,Evans Avenue,11.594,19,POLK,3,bus,scheduled
19,1,Larkin Street,10.145,19,POLK,3,bus,scheduled
19,1,26th Street,7.246,19,POLK,3,bus,scheduled
19,1,Innes Avenue,7.246,19,POLK,3,bus,scheduled
19,1,Rhode Island Street,7.246,19,POLK,3,bus,scheduled
19,1,Connecticut Street,5.797,19,POLK,3,bus,scheduled
19,1,23rd Street,4.348,19,POLK,3,bus,scheduled
19,1,25th Street,4.348,19,POLK,3,bus,scheduled
19,1,Kansas Street,4.348,19,POLK,3,bus,scheduled
19,1,Middle Point Road,4.348,19,POLK,3,bus,scheduled
19,1,Wisconsin Street,4.348,19,POLK,3,bus,scheduled
19,1,16th Street,2.899,19,POLK,3,bus,scheduled
19,1,Beach Street,2.899,19,POLK,3,bus,scheduled
19,1,Market Street,2.899,19,POLK,3,bus,scheduled
19,1,Townsend Street,2.899,19,POLK,3,bus,scheduled
19,1,15th Street,1.449,19,POLK,3,bus,scheduled
19,1,17th Street,1.449,19,POLK,3,bus,scheduled
19,1,18th Street,1.449,19,POLK,3,bus,scheduled
19,1,19th Street,1.449,19,POLK,3,bus,scheduled
19,1,20th Street,1.449,19,POLK,3,bus,scheduled
19,1,22nd Street,1.449,19,POLK,3,bus,scheduled
19,1,Acacia Avenue,1.449,19,POLK,3,bus,scheduled
19,1,Alameda Street,1.449,19,POLK,3,bus,scheduled
19,1,Arelious Walker Drive,1.449,19,POLK,3,bus,scheduled
19,1,Brannan Street,1.449,19,POLK,3,bus,scheduled
19,1,Broadway,1.449,19,POLK,3,bus,scheduled
19,1,Bryant Street,1.449,19,POLK,3,bus,scheduled
19,1,Cesar Chavez Street,1.449,19,POLK,3,bus,scheduled
19,1,Division Street,1.449,19,POLK,3,bus,scheduled
19,1,Donahue Street,1.449,19,POLK,3,bus,scheduled
19,1,Earl Street,1.449,19,POLK,3,bus,scheduled
19,1,Eddy Street,1.449,19,POLK,3,bus,scheduled
19,1,Fairfax Avenue,1.449,19,POLK,3,bus,scheduled
19,1,Folsom Street,1.449,19,POLK,3,bus,scheduled
19,1,Francisco Street,1.449,19,POLK,3,bus,scheduled
19,1,Galvez Avenue,1.449,19,POLK,3,bus,scheduled
19,1,Geary Boulevard,1.449,19,POLK,3,bus,scheduled
19,1,Golden Gate Avenue,1.449,19,POLK,3,bus,scheduled
19,1,Griffith Street,1.449,19,POLK,3,bus,scheduled
19,1,Grove Street,1.449,19,POLK,3,bus,scheduled
19,1,Harrison Street,1.449,19,POLK,3,bus,scheduled
19,1,Hill Avenue,1.449,19,POLK,3,bus,scheduled
19,1,Howard Street,1.449,19,POLK,3,bus,scheduled
19,1,Hunters Point Boulevard,1.449,19,POLK,3,bus,scheduled
19,1,Hyde Street,1.449,19,POLK,3,bus,scheduled
19,1,Keith Street,1.449,19,POLK,3,bus,scheduled
19,1,Lombard Street,1.449,19,POLK,3,bus,scheduled
19,1,Marin Street,1.449,19,POLK,3,bus,scheduled
19,1,Mariposa Street,1.449,19,POLK,3,bus,scheduled
19,1,Mcallister Street,1.449,19,POLK,3,bus,scheduled
19,1,Memory Lane,1.449,19,POLK,3,bus,scheduled
19,1,Mendell Street,1.449,19,POLK,3,bus,scheduled
19,1,Mission Street,1.449,19,POLK,3,bus,scheduled
19,1,Newhall Street,1.449,19,POLK,3,bus,scheduled
19,1,North Point Street,1.449,19,POLK,3,bus,scheduled
19,1,O'Farrell Street,1.449,19,POLK,3,bus,scheduled
19,1,Phelps Street,1.449,19,POLK,3,bus,scheduled
19,1,Pine Street,1.449,19,POLK,3,bus,scheduled
19,1,Post Street,1.449,19,POLK,3,bus,scheduled
19,1,Quint Street,1.449,19,POLK,3,bus,scheduled
19,1,Sacramento Street,1.449,19,POLK,3,bus,scheduled
19,1,Selby Street,1.449,19,POLK,3,bus,scheduled
19,1,Southern Heights Avenue,1.449,19,POLK,3,bus,scheduled
19,1,Union Street,1.449,19,POLK,3,bus,scheduled
19,1,Uspo,1.449,19,POLK,3,bus,scheduled
19,1,Washington Street,1.449,19,POLK,3,bus,scheduled
19,1,[UNKNOWN],1.449,19,POLK,3,bus,scheduled
1X,0,California Street,75.0,1X,CALIFORNIA EXPRESS,3,bus,scheduled
1X,0,32nd Avenue,8.333,1X,CALIFORNIA EXPRESS,3,bus,scheduled
1X,0,33rd Avenue,8.333,1X,CALIFORNIA EXPRESS,3,bus,scheduled
1X,0,Clement Street,8.333,1X,CALIFORNIA EXPRESS,3,bus,scheduled
1X,0,Sacramento Street,8.333,1X,CALIFORNIA EXPRESS,3,bus,scheduled
1X,0,10th Avenue,4.167,1X,CALIFORNIA EXPRESS,3,bus,scheduled
1X,0,12th Avenue,4.167,1X,CALIFORNIA EXPRESS,3,bus,scheduled
1X,0,16th Avenue,4.167,1X,CALIFORNIA EXPRESS,3,bus,scheduled
1X,0,19th Avenue,4.167,1X,CALIFORNIA EXPRESS,3,bus,scheduled
1X,0,22nd Avenue,4.167,1X,CALIFORNIA EXPRESS,3,bus,scheduled
1X,0,25th Avenue,4.167,1X,CALIFORNIA EXPRESS,3,bus,scheduled
1X,0,28th Avenue,4.167,1X,CALIFORNIA EXPRESS,3,bus,scheduled
1X,0,30th Avenue,4.167,1X,CALIFORNIA EXPRESS,3,bus,scheduled
1X,0,4th Avenue,4.167,1X,CALIFORNIA EXPRESS,3,bus,scheduled
1X,0,6th Avenue,4.167,1X,CALIFORNIA EXPRESS,3,bus,scheduled
1X,0,8th Avenue,4.167,1X,CALIFORNIA EXPRESS,3,bus,scheduled
1X,0,Arguello Boulevard,4.167,1X,CALIFORNIA EXPRESS,3,bus,scheduled
1X,0,Battery Street,4.167,1X,CALIFORNIA EXPRESS,3,bus,scheduled
1X,0,Cherry Street,4.167,1X,CALIFORNIA EXPRESS,3,bus,scheduled
1X,0,Davis Street,4.167,1X,CALIFORNIA EXPRESS,3,bus,scheduled
1X,0,Geary Boulevard,4.167,1X,CALIFORNIA EXPRESS,3,bus,scheduled
1X,0,Laurel Street,4.167,1X,CALIFORNIA EXPRESS,3,bus,scheduled
1X,0,Montgomery Street,4.167,1X,CALIFORNIA EXPRESS,3,bus,scheduled
1X,0,Park Presidio Boulevard,4.167,1X,CALIFORNIA EXPRESS,3,bus,scheduled
1X,0,Pine Street,4.167,1X,CALIFORNIA EXPRESS,3,bus,scheduled
1X,0,Presidio Avenue,4.167,1X,CALIFORNIA EXPRESS,3,bus,scheduled
1X,0,Spruce Street,4.167,1X,CALIFORNIA EXPRESS,3,bus,scheduled
1X,1,California Street,76.0,1X,CALIFORNIA EXPRESS,3,bus,scheduled
1X,1,32nd Avenue,8.0,1X,CALIFORNIA EXPRESS,3,bus,scheduled
1X,1,33rd Avenue,8.0,1X,CALIFORNIA EXPRESS,3,bus,scheduled
1X,1,Clement Street,8.0,1X,CALIFORNIA EXPRESS,3,bus,scheduled
1X,1,Pine Street,8.0,1X,CALIFORNIA EXPRESS,3,bus,scheduled
1X,1,10th Avenue,4.0,1X,CALIFORNIA EXPRESS,3,bus,scheduled
1X,1,12th Avenue,4.0,1X,CALIFORNIA EXPRESS,3,bus,scheduled
1X,1,16th Avenue,4.0,1X,CALIFORNIA EXPRESS,3,bus,scheduled
1X,1,19th Avenue,4.0,1X,CALIFORNIA EXPRESS,3,bus,scheduled
1X,1,22nd Avenue,4.0,1X,CALIFORNIA EXPRESS,3,bus,scheduled
1X,1,25th Avenue,4.0,1X,CALIFORNIA EXPRESS,3,bus,scheduled
1X,1,28th Avenue,4.0,1X,CALIFORNIA EXPRESS,3,bus,scheduled
1X,1,30th Avenue,4.0,1X,CALIFORNIA EXPRESS,3,bus,scheduled
1X,1,4th Avenue,4.0,1X,CALIFORNIA EXPRESS,3,bus,scheduled
1X,1,6th Avenue,4.0,1X,CALIFORNIA EXPRESS,3,bus,scheduled
1X,1,8th Avenue,4.0,1X,CALIFORNIA EXPRESS,3,bus,scheduled
1X,1,Arguello Boulevard,4.0,1X,CALIFORNIA EXPRESS,3,bus,scheduled
1X,1,Battery Street,4.0,1X,CALIFORNIA EXPRESS,3,bus,scheduled
1X,1,Bush Street,4.0,1X,CALIFORNIA EXPRESS,3,bus,scheduled
1X,1,Cherry Street,4.0,1X,CALIFORNIA EXPRESS,3,bus,scheduled
1X,1,Davis Street,4.0,1X,CALIFORNIA EXPRESS,3,bus,scheduled
1X,1,Geary Boulevard,4.0,1X,CALIFORNIA EXPRESS,3,bus,scheduled
1X,1,Laurel Street,4.0,1X,CALIFORNIA EXPRESS,3,bus,scheduled
1X,1,Montgomery Street,4.0,1X,CALIFORNIA EXPRESS,3,bus,scheduled
1X,1,Park Presidio Boulevard,4.0,1X,CALIFORNIA EXPRESS,3,bus,scheduled
1X,1,Presidio Avenue,4.0,1X,CALIFORNIA EXPRESS,3,bus,scheduled
1X,1,Sansome Street,4.0,1X,CALIFORNIA EXPRESS,3,bus,scheduled
1X,1,Spruce Street,4.0,1X,CALIFORNIA EXPRESS,3,bus,scheduled
2,0,Sutter Street,78.571,2,SUTTER,3,bus,scheduled
2,0,Market Street,10.714,2,SUTTER,3,bus,scheduled
2,0,Presidio Avenue,10.714,2,SUTTER,3,bus,scheduled
2,0,California Street,7.143,2,SUTTER,3,bus,scheduled
2,0,Steuart Street,7.143,2,SUTTER,3,bus,scheduled
2,0,Baker Street,3.571,2,SUTTER,3,bus,scheduled
2,0,Buchanan Street,3.571,2,SUTTER,3,bus,scheduled
2,0,Divisadero Street,3.571,2,SUTTER,3,bus,scheduled
2,0,Drumm Street,3.571,2,SUTTER,3,bus,scheduled
2,0,Fillmore Street,3.571,2,SUTTER,3,bus,scheduled
2,0,Front Street,3.571,2,SUTTER,3,bus,scheduled
2,0,Gough Street,3.571,2,SUTTER,3,bus,scheduled
2,0,Hyde Street,3.571,2,SUTTER,3,bus,scheduled
2,0,Jones Street,3.571,2,SUTTER,3,bus,scheduled
2,0,Kearny Street,3.571,2,SUTTER,3,bus,scheduled
2,0,Laguna Street,3.571,2,SUTTER,3,bus,scheduled
2,0,Larkin Street,3.571,2,SUTTER,3,bus,scheduled
2,0,Leavenworth Street,3.571,2,SUTTER,3,bus,scheduled
2,0,Mason Street,3.571,2,SUTTER,3,bus,scheduled
2,0,Mission Street,3.571,2,SUTTER,3,bus,scheduled
2,0,Octavia Street,3.571,2,SUTTER,3,bus,scheduled
2,0,Polk Street,3.571,2,SUTTER,3,bus,scheduled
2,0,Powell Street,3.571,2,SUTTER,3,bus,scheduled
2,0,Sansome Street,3.571,2,SUTTER,3,bus,scheduled
2,0,Scott Street,3.571,2,SUTTER,3,bus,scheduled
2,0,Steiner Street,3.571,2,SUTTER,3,bus,scheduled
2,0,Stockton Street,3.571,2,SUTTER,3,bus,scheduled
2,0,Taylor Street,3.571,2,SUTTER,3,bus,scheduled
2,0,Van Ness Avenue,3.571,2,SUTTER,3,bus,scheduled
2,1,Post Street,50.211,2,SUTTER,3,bus,scheduled
2,1,Sutter Street,30.899,2,SUTTER,3,bus,scheduled
2,1,Market Street,11.587,2,SUTTER,3,bus,scheduled
2,1,Laguna Street,7.725,2,SUTTER,3,bus,scheduled
2,1,Presidio Avenue,7.304,2,SUTTER,3,bus,scheduled
2,1,1st Street,3.862,2,SUTTER,3,bus,scheduled
2,1,Baker Street,3.862,2,SUTTER,3,bus,scheduled
2,1,Beale Street,3.862,2,SUTTER,3,bus,scheduled
2,1,Buchanan Street,3.862,2,SUTTER,3,bus,scheduled
2,1,Divisadero Street,3.862,2,SUTTER,3,bus,scheduled
2,1,Fillmore Street,3.862,2,SUTTER,3,bus,scheduled
2,1,Gough Street,3.862,2,SUTTER,3,bus,scheduled
2,1,Grant Avenue,3.862,2,SUTTER,3,bus,scheduled
2,1,Hyde Street,3.862,2,SUTTER,3,bus,scheduled
2,1,Jones Street,3.862,2,SUTTER,3,bus,scheduled
2,1,Kearny Street,3.862,2,SUTTER,3,bus,scheduled
2,1,Larkin Street,3.862,2,SUTTER,3,bus,scheduled
2,1,Leavenworth Street,3.862,2,SUTTER,3,bus,scheduled
2,1,Mission Street,3.862,2,SUTTER,3,bus,scheduled
2,1,Octavia Street,3.862,2,SUTTER,3,bus,scheduled
2,1,Polk Street,3.862,2,SUTTER,3,bus,scheduled
2,1,Powell Street,3.862,2,SUTTER,3,bus,scheduled
2,1,Scott Street,3.862,2,SUTTER,3,bus,scheduled
2,1,Spear Street,3.862,2,SUTTER,3,bus,scheduled
2,1,Steiner Street,3.862,2,SUTTER,3,bus,scheduled
2,1,Steuart Street,3.862,2,SUTTER,3,bus,scheduled
2,1,Taylor Street,3.862,2,SUTTER,3,bus,scheduled
2,1,Van Ness Avenue,3.862,2,SUTTER,3,bus,scheduled
2,1,California Street,3.441,2,SUTTER,3,bus,scheduled
22,0,Fillmore Street,53.811,22,FILLMORE,3,bus,scheduled
22,0,16th Street,25.296,22,FILLMORE,3,bus,scheduled
22,0,Steiner Street,9.394,22,FILLMORE,3,bus,scheduled
22,0,Church Street,6.899,22,FILLMORE,3,bus,scheduled
22,0,Broadway,4.697,22,FILLMORE,3,bus,scheduled
22,0,Union Street,4.697,22,FILLMORE,3,bus,scheduled
22,0,4th Street,4.599,22,FILLMORE,3,bus,scheduled
22,0,Sutter Street,2.633,22,FILLMORE,3,bus,scheduled
22,0,Bay Street,2.348,22,FILLMORE,3,bus,scheduled
22,0,Beach Street,2.348,22,FILLMORE,3,bus,scheduled
22,0,Cervantes Boulevard,2.348,22,FILLMORE,3,bus,scheduled
22,0,Chestnut Street,2.348,22,FILLMORE,3,bus,scheduled
22,0,Green Street,2.348,22,FILLMORE,3,bus,scheduled
22,0,Jackson Street,2.348,22,FILLMORE,3,bus,scheduled
22,0,Jefferson Street,2.348,22,FILLMORE,3,bus,scheduled
22,0,Lombard Street,2.348,22,FILLMORE,3,bus,scheduled
22,0,North Point Street,2.348,22,FILLMORE,3,bus,scheduled
22,0,Pine Street,2.348,22,FILLMORE,3,bus,scheduled
22,0,Sacramento Street,2.348,22,FILLMORE,3,bus,scheduled
22,0,Vallejo Street,2.348,22,FILLMORE,3,bus,scheduled
22,0,16th St& Rhode Island Street,2.3,22,FILLMORE,3,bus,scheduled
22,0,3rd Street,2.3,22,FILLMORE,3,bus,scheduled
22,0,Bryant Street,2.3,22,FILLMORE,3,bus,scheduled
22,0,Dolores Street,2.3,22,FILLMORE,3,bus,scheduled
22,0,Duboce Avenue,2.3,22,FILLMORE,3,bus,scheduled
22,0,Eddy Street,2.3,22,FILLMORE,3,bus,scheduled
22,0,Geary Boulevard,2.3,22,FILLMORE,3,bus,scheduled
22,0,Grove Street,2.3,22,FILLMORE,3,bus,scheduled
22,0,Haight Street,2.3,22,FILLMORE,3,bus,scheduled
22,0,Hayes Street,2.3,22,FILLMORE,3,bus,scheduled
22,0,Hermann Street,2.3,22,FILLMORE,3,bus,scheduled
22,0,Market Street,2.3,22,FILLMORE,3,bus,scheduled
22,0,Mcallister Street,2.3,22,FILLMORE,3,bus,scheduled
22,0,Mission Bay North,2.3,22,FILLMORE,3,bus,scheduled
22,0,Mission Street,2.3,22,FILLMORE,3,bus,scheduled
22,0,Missouri Street,2.3,22,FILLMORE,3,bus,scheduled
22,0,O'Farrell Street,2.3,22,FILLMORE,3,bus,scheduled
22,0,Oak Street,2.3,22,FILLMORE,3,bus,scheduled
22,0,Owen Street,2.3,22,FILLMORE,3,bus,scheduled
22,0,Potrero Avenue,2.3,22,FILLMORE,3,bus,scheduled
22,0,Shotwell Street,2.3,22,FILLMORE,3,bus,scheduled
22,0,Turk Street,2.3,22,FILLMORE,3,bus,scheduled
22,0,Valencia Street,2.3,22,FILLMORE,3,bus,scheduled
22,0,Warriors Way,2.3,22,FILLMORE,3,bus,scheduled
22,0,Wisconsin Street,2.3,22,FILLMORE,3,bus,scheduled
22,1,Fillmore Street,47.624,22,FILLMORE,3,bus,scheduled
22,1,16th Street,29.222,22,FILLMORE,3,bus,scheduled
22,1,Steiner Street,10.969,22,FILLMORE,3,bus,scheduled
22,1,Church Street,7.322,22,FILLMORE,3,bus,scheduled
22,1,Broadway,5.484,22,FILLMORE,3,bus,scheduled
22,1,Union Street,5.484,22,FILLMORE,3,bus,scheduled
22,1,4th Street,4.869,22,FILLMORE,3,bus,scheduled
22,1,Bay Street,2.742,22,FILLMORE,3,bus,scheduled
22,1,Chestnut Street,2.742,22,FILLMORE,3,bus,scheduled
22,1,Green Street,2.742,22,FILLMORE,3,bus,scheduled
22,1,Jackson Street,2.742,22,FILLMORE,3,bus,scheduled
22,1,Lombard Street,2.742,22,FILLMORE,3,bus,scheduled
22,1,Vallejo Street,2.742,22,FILLMORE,3,bus,scheduled
22,1,Duboce Avenue,2.441,22,FILLMORE,3,bus,scheduled
22,1,Eddy Street,2.441,22,FILLMORE,3,bus,scheduled
22,1,Geary Boulevard,2.441,22,FILLMORE,3,bus,scheduled
22,1,Golden Gate Avenue,2.441,22,FILLMORE,3,bus,scheduled
22,1,Grove Street,2.441,22,FILLMORE,3,bus,scheduled
22,1,Haight Street,2.441,22,FILLMORE,3,bus,scheduled
22,1,Hayes Street,2.441,22,FILLMORE,3,bus,scheduled
22,1,Hermann Street,2.441,22,FILLMORE,3,bus,scheduled
22,1,Market Street,2.441,22,FILLMORE,3,bus,scheduled
22,1,Mcallister Street,2.441,22,FILLMORE,3,bus,scheduled
22,1,O'Farrell Street,2.441,22,FILLMORE,3,bus,scheduled
22,1,Oak Street,2.441,22,FILLMORE,3,bus,scheduled
22,1,Sutter Street,2.441,22,FILLMORE,3,bus,scheduled
22,1,3rd Street,2.435,22,FILLMORE,3,bus,scheduled
22,1,4th St Se-Fs/ Bz,2.435,22,FILLMORE,3,bus,scheduled
22,1,Bryant Street,2.435,22,FILLMORE,3,bus,scheduled
22,1,Dolores Street,2.435,22,FILLMORE,3,bus,scheduled
22,1,Folsom Street,2.435,22,FILLMORE,3,bus,scheduled
22,1,Gene Friend Way,2.435,22,FILLMORE,3,bus,scheduled
22,1,Mission Bay North,2.435,22,FILLMORE,3,bus,scheduled
22,1,Mission Bay South,2.435,22,FILLMORE,3,bus,scheduled
22,1,Mission Street,2.435,22,FILLMORE,3,bus,scheduled
22,1,Missouri Street,2.435,22,FILLMORE,3,bus,scheduled
22,1,Owen Street,2.435,22,FILLMORE,3,bus,scheduled
22,1,Potrero Avenue,2.435,22,FILLMORE,3,bus,scheduled
22,1,Rhode Island Street,2.435,22,FILLMORE,3,bus,scheduled
22,1,Valencia Street,2.435,22,FILLMORE,3,bus,scheduled
22,1,Wisconsin Street,2.435,22,FILLMORE,3,bus,scheduled
22,1,Pine Street,2.162,22,FILLMORE,3,bus,scheduled
22,1,Sacramento Street,2.162,22,FILLMORE,3,bus,scheduled
23,0,Monterey Boulevard,26.415,23,MONTEREY,3,bus,scheduled
23,0,Sloat Boulevard,26.415,23,MONTEREY,3,bus,scheduled
23,0,Crescent Avenue,15.094,23,MONTEREY,3,bus,scheduled
23,0,Palou Avenue,11.321,23,MONTEREY,3,bus,scheduled
23,0,Bosworth Street,7.547,23,MONTEREY,3,bus,scheduled
23,0,Saint Francis Boulevard,5.66,23,MONTEREY,3,bus,scheduled
23,0,Bayshore Boulevard,3.774,23,MONTEREY,3,bus,scheduled
23,0,Mission Street,3.774,23,MONTEREY,3,bus,scheduled
23,0,Oakdale Avenue,3.774,23,MONTEREY,3,bus,scheduled
23,0,19th Avenue,1.887,23,MONTEREY,3,bus,scheduled
23,0,21st Avenue,1.887,23,MONTEREY,3,bus,scheduled
23,0,34th Avenue,1.887,23,MONTEREY,3,bus,scheduled
23,0,36th Avenue,1.887,23,MONTEREY,3,bus,scheduled
23,0,39th Avenue,1.887,23,MONTEREY,3,bus,scheduled
23,0,3rd Street,1.887,23,MONTEREY,3,bus,scheduled
23,0,41st Avenue,1.887,23,MONTEREY,3,bus,scheduled
23,0,45th Avenue,1.887,23,MONTEREY,3,bus,scheduled
23,0,47th Avenue,1.887,23,MONTEREY,3,bus,scheduled
23,0,Acadia Street,1.887,23,MONTEREY,3,bus,scheduled
23,0,Alemany Boulevard,1.887,23,MONTEREY,3,bus,scheduled
23,0,Anderson Street,1.887,23,MONTEREY,3,bus,scheduled
23,0,Andover Street,1.887,23,MONTEREY,3,bus,scheduled
23,0,Baden Street,1.887,23,MONTEREY,3,bus,scheduled
23,0,Congo Street,1.887,23,MONTEREY,3,bus,scheduled
23,0,Constanso Way,1.887,23,MONTEREY,3,bus,scheduled
23,0,Cortland Avenue,1.887,23,MONTEREY,3,bus,scheduled
23,0,Crestlake Drive,1.887,23,MONTEREY,3,bus,scheduled
23,0,Detroit Street,1.887,23,MONTEREY,3,bus,scheduled
23,0,Diamond Street,1.887,23,MONTEREY,3,bus,scheduled
23,0,Edna Street,1.887,23,MONTEREY,3,bus,scheduled
23,0,El Mirasol Place,1.887,23,MONTEREY,3,bus,scheduled
23,0,El Verano Way,1.887,23,MONTEREY,3,bus,scheduled
23,0,Foerster Street,1.887,23,MONTEREY,3,bus,scheduled
23,0,Folsom Street,1.887,23,MONTEREY,3,bus,scheduled
23,0,Gennessee Street,1.887,23,MONTEREY,3,bus,scheduled
23,0,Industrial Street,1.887,23,MONTEREY,3,bus,scheduled
23,0,Leese Street,1.887,23,MONTEREY,3,bus,scheduled
23,0,Loomis Street,1.887,23,MONTEREY,3,bus,scheduled
23,0,Milton Street,1.887,23,MONTEREY,3,bus,scheduled
23,0,Murray Street,1.887,23,MONTEREY,3,bus,scheduled
23,0,Newhall Street,1.887,23,MONTEREY,3,bus,scheduled
23,0,Paraiso Place,1.887,23,MONTEREY,3,bus,scheduled
23,0,Phelps Street,1.887,23,MONTEREY,3,bus,scheduled
23,0,Plymouth Avenue,1.887,23,MONTEREY,3,bus,scheduled
23,0,Putnam Street,1.887,23,MONTEREY,3,bus,scheduled
23,0,Quint Street,1.887,23,MONTEREY,3,bus,scheduled
23,0,Rankin Street,1.887,23,MONTEREY,3,bus,scheduled
23,0,Ridgewood Avenue,1.887,23,MONTEREY,3,bus,scheduled
23,0,Roscoe Street,1.887,23,MONTEREY,3,bus,scheduled
23,0,Rotteck Street,1.887,23,MONTEREY,3,bus,scheduled
23,0,Saint Elmo Waye,1.887,23,MONTEREY,3,bus,scheduled
23,0,San Anselmo Avenue,1.887,23,MONTEREY,3,bus,scheduled
23,0,San Fernando Way,1.887,23,MONTEREY,3,bus,scheduled
23,0,San Jacinto Way,1.887,23,MONTEREY,3,bus,scheduled
23,0,Santa Ana Avenue,1.887,23,MONTEREY,3,bus,scheduled
23,0,Santa Clara Avenue,1.887,23,MONTEREY,3,bus,scheduled
23,0,Toland Street,1.887,23,MONTEREY,3,bus,scheduled
23,0,Valdez Avenue,1.887,23,MONTEREY,3,bus,scheduled
23,0,Vale Avenue,1.887,23,MONTEREY,3,bus,scheduled
23,0,West Portal Avenue,1.887,23,MONTEREY,3,bus,scheduled
23,1,Palou Avenue,25.577,23,MONTEREY,3,bus,scheduled
23,1,Sloat Boulevard,22.067,23,MONTEREY,3,bus,scheduled
23,1,Monterey Boulevard,19.283,23,MONTEREY,3,bus,scheduled
23,1,Crescent Avenue,11.874,23,MONTEREY,3,bus,scheduled
23,1,Oakdale Avenue,7.879,23,MONTEREY,3,bus,scheduled
23,1,Ingalls Street,4.91,23,MONTEREY,3,bus,scheduled
23,1,Bosworth Street,4.453,23,MONTEREY,3,bus,scheduled
23,1,Saint Francis Boulevard,4.413,23,MONTEREY,3,bus,scheduled
23,1,3rd Street,3.273,23,MONTEREY,3,bus,scheduled
23,1,Jennings Street,3.273,23,MONTEREY,3,bus,scheduled
23,1,Keith Street,3.273,23,MONTEREY,3,bus,scheduled
23,1,Lane Street,3.273,23,MONTEREY,3,bus,scheduled
23,1,Bayshore Boulevard,2.969,23,MONTEREY,3,bus,scheduled
23,1,47th Avenue,2.942,23,MONTEREY,3,bus,scheduled
23,1,Santa Clara Avenue,2.942,23,MONTEREY,3,bus,scheduled
23,1,Baldwin Court,1.637,23,MONTEREY,3,bus,scheduled
23,1,Crisp Road,1.637,23,MONTEREY,3,bus,scheduled
23,1,Griffith Street,1.637,23,MONTEREY,3,bus,scheduled
23,1,Hawes Street,1.637,23,MONTEREY,3,bus,scheduled
23,1,Agnon Avenue,1.484,23,MONTEREY,3,bus,scheduled
23,1,Andover Street,1.484,23,MONTEREY,3,bus,scheduled
23,1,Arnold Avenue,1.484,23,MONTEREY,3,bus,scheduled
23,1,Baden Street,1.484,23,MONTEREY,3,bus,scheduled
23,1,Barneveld Avenue,1.484,23,MONTEREY,3,bus,scheduled
23,1,College Avenue,1.484,23,MONTEREY,3,bus,scheduled
23,1,Congo Street,1.484,23,MONTEREY,3,bus,scheduled
23,1,Cortland Avenue,1.484,23,MONTEREY,3,bus,scheduled
23,1,Detroit Street,1.484,23,MONTEREY,3,bus,scheduled
23,1,Diamond Street,1.484,23,MONTEREY,3,bus,scheduled
23,1,Edna Street,1.484,23,MONTEREY,3,bus,scheduled
23,1,Ellsworth Street,1.484,23,MONTEREY,3,bus,scheduled
23,1,Faxon Avenue,1.484,23,MONTEREY,3,bus,scheduled
23,1,Flower Street,1.484,23,MONTEREY,3,bus,scheduled
23,1,Foerster Street,1.484,23,MONTEREY,3,bus,scheduled
23,1,Folsom Street,1.484,23,MONTEREY,3,bus,scheduled
23,1,Gennessee Street,1.484,23,MONTEREY,3,bus,scheduled
23,1,Marsily Street,1.484,23,MONTEREY,3,bus,scheduled
23,1,Milton Street,1.484,23,MONTEREY,3,bus,scheduled
23,1,Mission Street,1.484,23,MONTEREY,3,bus,scheduled
23,1,Murray Street,1.484,23,MONTEREY,3,bus,scheduled
23,1,Newhall Street,1.484,23,MONTEREY,3,bus,scheduled
23,1,Northgate Drive,1.484,23,MONTEREY,3,bus,scheduled
23,1,Phelps Street,1.484,23,MONTEREY,3,bus,scheduled
23,1,Plymouth Avenue,1.484,23,MONTEREY,3,bus,scheduled
23,1,Porter Street,1.484,23,MONTEREY,3,bus,scheduled
23,1,Putnam Street,1.484,23,MONTEREY,3,bus,scheduled
23,1,Quint Street,1.484,23,MONTEREY,3,bus,scheduled
23,1,Rankin Street,1.484,23,MONTEREY,3,bus,scheduled
23,1,Ridgewood Avenue,1.484,23,MONTEREY,3,bus,scheduled
23,1,San Aleso Avenue,1.484,23,MONTEREY,3,bus,scheduled
23,1,Toland Street,1.484,23,MONTEREY,3,bus,scheduled
23,1,Valdez Avenue,1.484,23,MONTEREY,3,bus,scheduled
23,1,19th Avenue,1.471,23,MONTEREY,3,bus,scheduled
23,1,21st Avenue,1.471,23,MONTEREY,3,bus,scheduled
23,1,23rd Avenue,1.471,23,MONTEREY,3,bus,scheduled
23,1,26th Avenue,1.471,23,MONTEREY,3,bus,scheduled
23,1,36th Avenue,1.471,23,MONTEREY,3,bus,scheduled
23,1,41st Avenue,1.471,23,MONTEREY,3,bus,scheduled
23,1,45th Avenue,1.471,23,MONTEREY,3,bus,scheduled
23,1,Clearfield Drive,1.471,23,MONTEREY,3,bus,scheduled
23,1,Everglade Drive,1.471,23,MONTEREY,3,bus,scheduled
23,1,Forest View Drive,1.471,23,MONTEREY,3,bus,scheduled
23,1,San Fernando Way,1.471,23,MONTEREY,3,bus,scheduled
23,1,Santa Ana Avenue,1.471,23,MONTEREY,3,bus,scheduled
23,1,Skyline Boulevard,1.471,23,MONTEREY,3,bus,scheduled
23,1,Sylvan Drive,1.471,23,MONTEREY,3,bus,scheduled
23,1,West Portal Avenue,1.471,23,MONTEREY,3,bus,scheduled
24,0,Castro Street,27.234,24,DIVISADERO,3,bus,scheduled
24,0,Divisadero Street,19.092,24,DIVISADERO,3,bus,scheduled
24,0,Cortland Avenue,18.156,24,DIVISADERO,3,bus,scheduled
24,0,Palou Avenue,9.595,24,DIVISADERO,3,bus,scheduled
24,0,30th Street,9.078,24,DIVISADERO,3,bus,scheduled
24,0,Noe Street,9.078,24,DIVISADERO,3,bus,scheduled
24,0,Jackson Street,7.978,24,DIVISADERO,3,bus,scheduled
24,0,Industrial Street,4.798,24,DIVISADERO,3,bus,scheduled
24,0,26th Street,3.631,24,DIVISADERO,3,bus,scheduled
24,0,Mission Street,3.631,24,DIVISADERO,3,bus,scheduled
24,0,14th Street,1.816,24,DIVISADERO,3,bus,scheduled
24,0,15th Street,1.816,24,DIVISADERO,3,bus,scheduled
24,0,16th Street,1.816,24,DIVISADERO,3,bus,scheduled
24,0,18th Street,1.816,24,DIVISADERO,3,bus,scheduled
24,0,19th Street,1.816,24,DIVISADERO,3,bus,scheduled
24,0,20th Street,1.816,24,DIVISADERO,3,bus,scheduled
24,0,21st Street,1.816,24,DIVISADERO,3,bus,scheduled
24,0,22nd Street,1.816,24,DIVISADERO,3,bus,scheduled
24,0,23rd Street,1.816,24,DIVISADERO,3,bus,scheduled
24,0,24th Street,1.816,24,DIVISADERO,3,bus,scheduled
24,0,25th Street,1.816,24,DIVISADERO,3,bus,scheduled
24,0,27th Street,1.816,24,DIVISADERO,3,bus,scheduled
24,0,28th Street,1.816,24,DIVISADERO,3,bus,scheduled
24,0,29th Street,1.816,24,DIVISADERO,3,bus,scheduled
24,0,Andover Street,1.816,24,DIVISADERO,3,bus,scheduled
24,0,Bayshore Boulevard,1.816,24,DIVISADERO,3,bus,scheduled
24,0,Bocana Street,1.816,24,DIVISADERO,3,bus,scheduled
24,0,Bronte Street,1.816,24,DIVISADERO,3,bus,scheduled
24,0,Church Street,1.816,24,DIVISADERO,3,bus,scheduled
24,0,Dolores Street,1.816,24,DIVISADERO,3,bus,scheduled
24,0,Duboce Avenue,1.816,24,DIVISADERO,3,bus,scheduled
24,0,Eddy Street,1.816,24,DIVISADERO,3,bus,scheduled
24,0,Elizabeth Street,1.816,24,DIVISADERO,3,bus,scheduled
24,0,Ellsworth Street,1.816,24,DIVISADERO,3,bus,scheduled
24,0,Elsie Street,1.816,24,DIVISADERO,3,bus,scheduled
24,0,Folsom Street,1.816,24,DIVISADERO,3,bus,scheduled
24,0,Geary Boulevard,1.816,24,DIVISADERO,3,bus,scheduled
24,0,Haight Street,1.816,24,DIVISADERO,3,bus,scheduled
24,0,Hayes Street,1.816,24,DIVISADERO,3,bus,scheduled
24,0,Market Street,1.816,24,DIVISADERO,3,bus,scheduled
24,0,Mcallister Street,1.816,24,DIVISADERO,3,bus,scheduled
24,0,Oak Street,1.816,24,DIVISADERO,3,bus,scheduled
24,0,Prentiss Street,1.816,24,DIVISADERO,3,bus,scheduled
24,0,Prospect Avenue,1.816,24,DIVISADERO,3,bus,scheduled
24,0,Sanchez Street,1.816,24,DIVISADERO,3,bus,scheduled
24,0,Sutter Street,1.816,24,DIVISADERO,3,bus,scheduled
24,0,3rd Street,1.599,24,DIVISADERO,3,bus,scheduled
24,0,Bay Shore Boulevard,1.599,24,DIVISADERO,3,bus,scheduled
24,0,Elmira Street,1.599,24,DIVISADERO,3,bus,scheduled
24,0,Newhall Street,1.599,24,DIVISADERO,3,bus,scheduled
24,0,Phelps Street,1.599,24,DIVISADERO,3,bus,scheduled
24,0,Quint Street,1.599,24,DIVISADERO,3,bus,scheduled
24,0,Rankin Street,1.599,24,DIVISADERO,3,bus,scheduled
24,0,California Street,1.596,24,DIVISADERO,3,bus,scheduled
24,0,Clay Street,1.596,24,DIVISADERO,3,bus,scheduled
24,0,Fillmore Street,1.596,24,DIVISADERO,3,bus,scheduled
24,0,Pine Street,1.596,24,DIVISADERO,3,bus,scheduled
24,0,Scott Street,1.596,24,DIVISADERO,3,bus,scheduled
24,0,Steiner Street,1.596,24,DIVISADERO,3,bus,scheduled
24,0,Webster Street,1.596,24,DIVISADERO,3,bus,scheduled
24,1,Castro Street,26.558,24,DIVISADERO,3,bus,scheduled
24,1,Divisadero Street,18.314,24,DIVISADERO,3,bus,scheduled
24,1,Cortland Avenue,17.924,24,DIVISADERO,3,bus,scheduled
24,1,Palou Avenue,9.313,24,DIVISADERO,3,bus,scheduled
24,1,30th Street,8.853,24,DIVISADERO,3,bus,scheduled
24,1,Noe Street,8.853,24,DIVISADERO,3,bus,scheduled
24,1,Jackson Street,5.921,24,DIVISADERO,3,bus,scheduled
24,1,Industrial Street,4.656,24,DIVISADERO,3,bus,scheduled
24,1,Newhall Street,4.656,24,DIVISADERO,3,bus,scheduled
24,1,26th Street,3.541,24,DIVISADERO,3,bus,scheduled
24,1,Mission Street,3.541,24,DIVISADERO,3,bus,scheduled
24,1,Webster Street,2.615,24,DIVISADERO,3,bus,scheduled
24,1,14th Street,1.771,24,DIVISADERO,3,bus,scheduled
24,1,15th Street,1.771,24,DIVISADERO,3,bus,scheduled
24,1,16th Street,1.771,24,DIVISADERO,3,bus,scheduled
24,1,17th Street,1.771,24,DIVISADERO,3,bus,scheduled
24,1,18th Street,1.771,24,DIVISADERO,3,bus,scheduled
24,1,19th Street,1.771,24,DIVISADERO,3,bus,scheduled
24,1,20th Street,1.771,24,DIVISADERO,3,bus,scheduled
24,1,21st Street,1.771,24,DIVISADERO,3,bus,scheduled
24,1,22nd Street,1.771,24,DIVISADERO,3,bus,scheduled
24,1,23rd Street,1.771,24,DIVISADERO,3,bus,scheduled
24,1,24th Street,1.771,24,DIVISADERO,3,bus,scheduled
24,1,25th Street,1.771,24,DIVISADERO,3,bus,scheduled
24,1,27th Street,1.771,24,DIVISADERO,3,bus,scheduled
24,1,28th Street,1.771,24,DIVISADERO,3,bus,scheduled
24,1,29th Street,1.771,24,DIVISADERO,3,bus,scheduled
24,1,Andover Street,1.771,24,DIVISADERO,3,bus,scheduled
24,1,Bayshore Boulevard,1.771,24,DIVISADERO,3,bus,scheduled
24,1,Bocana Street,1.771,24,DIVISADERO,3,bus,scheduled
24,1,Bradford Street,1.771,24,DIVISADERO,3,bus,scheduled
24,1,Church Street,1.771,24,DIVISADERO,3,bus,scheduled
24,1,Dolores Street,1.771,24,DIVISADERO,3,bus,scheduled
24,1,Duboce Avenue,1.771,24,DIVISADERO,3,bus,scheduled
24,1,Eddy Street,1.771,24,DIVISADERO,3,bus,scheduled
24,1,Elizabeth Street,1.771,24,DIVISADERO,3,bus,scheduled
24,1,Ellsworth Street,1.771,24,DIVISADERO,3,bus,scheduled
24,1,Elsie Street,1.771,24,DIVISADERO,3,bus,scheduled
24,1,Folsom Street,1.771,24,DIVISADERO,3,bus,scheduled
24,1,Geary Boulevard,1.771,24,DIVISADERO,3,bus,scheduled
24,1,Haight Street,1.771,24,DIVISADERO,3,bus,scheduled
24,1,Hayes Street,1.771,24,DIVISADERO,3,bus,scheduled
24,1,Mcallister Street,1.771,24,DIVISADERO,3,bus,scheduled
24,1,Oak Street,1.771,24,DIVISADERO,3,bus,scheduled
24,1,Prentiss Street,1.771,24,DIVISADERO,3,bus,scheduled
24,1,Prospect Avenue,1.771,24,DIVISADERO,3,bus,scheduled
24,1,Sanchez Street,1.771,24,DIVISADERO,3,bus,scheduled
24,1,Sutter Street,1.771,24,DIVISADERO,3,bus,scheduled
24,1,3rd Street,1.552,24,DIVISADERO,3,bus,scheduled
24,1,Bay Shore Boulevard,1.552,24,DIVISADERO,3,bus,scheduled
24,1,Newcomb Avenue,1.552,24,DIVISADERO,3,bus,scheduled
24,1,Oakdale Avenue,1.552,24,DIVISADERO,3,bus,scheduled
24,1,Phelps Street,1.552,24,DIVISADERO,3,bus,scheduled
24,1,Quint Street,1.552,24,DIVISADERO,3,bus,scheduled
24,1,Rankin Street,1.552,24,DIVISADERO,3,bus,scheduled
24,1,Revere Avenue,1.552,24,DIVISADERO,3,bus,scheduled
24,1,Bush Street,1.48,24,DIVISADERO,3,bus,scheduled
24,1,California Street,1.48,24,DIVISADERO,3,bus,scheduled
24,1,Clay Street,1.48,24,DIVISADERO,3,bus,scheduled
24,1,Scott Street,1.48,24,DIVISADERO,3,bus,scheduled
24,1,Steiner Street,1.48,24,DIVISADERO,3,bus,scheduled
24,1,Washington Street,1.308,24,DIVISADERO,3,bus,scheduled
24,1,Hilton Street,0.218,24,DIVISADERO,3,bus,scheduled
24,1,Fillmore Street,0.173,24,DIVISADERO,3,bus,scheduled
25,0,Clipper Cove Way,50.0,25,TREASURE ISLAND,3,bus,scheduled
25,0,Treasure Island Road,50.0,25,TREASURE ISLAND,3,bus,scheduled
25,0,[UNKNOWN],50.0,25,TREASURE ISLAND,3,bus,scheduled
25,1,Gateview Avenue,26.667,25,TREASURE ISLAND,3,bus,scheduled
25,1,Seven Seas Avenue,20.0,25,TREASURE ISLAND,3,bus,scheduled
25,1,9th Street,13.333,25,TREASURE ISLAND,3,bus,scheduled
25,1,Avenue B,13.333,25,TREASURE ISLAND,3,bus,scheduled
25,1,Avenue H,13.333,25,TREASURE ISLAND,3,bus,scheduled
25,1,Bruton Street,13.333,25,TREASURE ISLAND,3,bus,scheduled
25,1,[UNKNOWN],11.852,25,TREASURE ISLAND,3,bus,scheduled
25,1,13th Street,6.667,25,TREASURE ISLAND,3,bus,scheduled
25,1,9th Avenue,6.667,25,TREASURE ISLAND,3,bus,scheduled
25,1,Avenue D,6.667,25,TREASURE ISLAND,3,bus,scheduled
25,1,Bayside Drive,6.667,25,TREASURE ISLAND,3,bus,scheduled
25,1,Clipper Cove Way,6.667,25,TREASURE ISLAND,3,bus,scheduled
25,1,Johnson Street,6.667,25,TREASURE ISLAND,3,bus,scheduled
25,1,Mason Court,6.667,25,TREASURE ISLAND,3,bus,scheduled
25,1,Northpoint Drive,6.667,25,TREASURE ISLAND,3,bus,scheduled
25,1,Shoreline Access Road,6.667,25,TREASURE ISLAND,3,bus,scheduled
25,1,Treasure Island Road,6.667,25,TREASURE ISLAND,3,bus,scheduled
25,1,Fremont Street,1.481,25,TREASURE ISLAND,3,bus,scheduled
25,1,Mission Street,1.481,25,TREASURE ISLAND,3,bus,scheduled
27,0,Bryant Street,28.571,27,BRYANT,3,bus,scheduled
27,0,Jones Street,16.667,27,BRYANT,3,bus,scheduled
27,0,Hyde Street,11.905,27,BRYANT,3,bus,scheduled
27,0,8th Street,9.524,27,BRYANT,3,bus,scheduled
27,0,Folsom Street,9.524,27,BRYANT,3,bus,scheduled
27,0,Van Ness Avenue,7.143,27,BRYANT,3,bus,scheduled
27,0,11th Street,4.762,27,BRYANT,3,bus,scheduled
27,0,24th Street,4.762,27,BRYANT,3,bus,scheduled
27,0,Bush Street,4.762,27,BRYANT,3,bus,scheduled
27,0,Cesar Chavez Street,4.762,27,BRYANT,3,bus,scheduled
27,0,Harrison Street,4.762,27,BRYANT,3,bus,scheduled
27,0,Mission Street,4.762,27,BRYANT,3,bus,scheduled
27,0,Pacific Avenue,4.762,27,BRYANT,3,bus,scheduled
27,0,Washington Street,4.762,27,BRYANT,3,bus,scheduled
27,0,14th Street,2.381,27,BRYANT,3,bus,scheduled
27,0,16th Street,2.381,27,BRYANT,3,bus,scheduled
27,0,17th Street,2.381,27,BRYANT,3,bus,scheduled
27,0,18th Street,2.381,27,BRYANT,3,bus,scheduled
27,0,19th Street,2.381,27,BRYANT,3,bus,scheduled
27,0,20th Street,2.381,27,BRYANT,3,bus,scheduled
27,0,21st Street,2.381,27,BRYANT,3,bus,scheduled
27,0,22nd Street,2.381,27,BRYANT,3,bus,scheduled
27,0,23rd Street,2.381,27,BRYANT,3,bus,scheduled
27,0,25th Street,2.381,27,BRYANT,3,bus,scheduled
27,0,26th Street,2.381,27,BRYANT,3,bus,scheduled
27,0,9th Street,2.381,27,BRYANT,3,bus,scheduled
27,0,C. Chavez St&Florida Street,2.381,27,BRYANT,3,bus,scheduled
27,0,C. Chavez St&Harrison Street,2.381,27,BRYANT,3,bus,scheduled
27,0,California Street,2.381,27,BRYANT,3,bus,scheduled
27,0,Clay Street,2.381,27,BRYANT,3,bus,scheduled
27,0,Ellis Street,2.381,27,BRYANT,3,bus,scheduled
27,0,Geary Boulevard,2.381,27,BRYANT,3,bus,scheduled
27,0,Grove Street,2.381,27,BRYANT,3,bus,scheduled
27,0,Howard,2.381,27,BRYANT,3,bus,scheduled
27,0,Larkin Street,2.381,27,BRYANT,3,bus,scheduled
27,0,Leavenworth Street,2.381,27,BRYANT,3,bus,scheduled
27,0,Mariposa Street,2.381,27,BRYANT,3,bus,scheduled
27,0,Market Street,2.381,27,BRYANT,3,bus,scheduled
27,0,Mcallister Street,2.381,27,BRYANT,3,bus,scheduled
27,0,O'Farrell Street,2.381,27,BRYANT,3,bus,scheduled
27,0,Pine Street,2.381,27,BRYANT,3,bus,scheduled
27,0,Polk Street,2.381,27,BRYANT,3,bus,scheduled
27,0,Post Street,2.381,27,BRYANT,3,bus,scheduled
27,0,Sutter Street,2.381,27,BRYANT,3,bus,scheduled
27,0,Turk Street,2.381,27,BRYANT,3,bus,scheduled
27,1,Bryant Street,27.907,27,BRYANT,3,bus,scheduled
27,1,Leavenworth Street,25.581,27,BRYANT,3,bus,scheduled
27,1,Folsom Street,16.279,27,BRYANT,3,bus,scheduled
27,1,Cesar Chavez Street,11.628,27,BRYANT,3,bus,scheduled
27,1,7th Street,9.302,27,BRYANT,3,bus,scheduled
27,1,Jackson Street,9.302,27,BRYANT,3,bus,scheduled
27,1,24th Street,6.977,27,BRYANT,3,bus,scheduled
27,1,Mission Street,6.977,27,BRYANT,3,bus,scheduled
27,1,Valencia Street,6.977,27,BRYANT,3,bus,scheduled
27,1,16th Street,4.651,27,BRYANT,3,bus,scheduled
27,1,25th Street,4.651,27,BRYANT,3,bus,scheduled
27,1,11th Street,2.326,27,BRYANT,3,bus,scheduled
27,1,14th Street,2.326,27,BRYANT,3,bus,scheduled
27,1,17th Street,2.326,27,BRYANT,3,bus,scheduled
27,1,18th Street,2.326,27,BRYANT,3,bus,scheduled
27,1,19th Street,2.326,27,BRYANT,3,bus,scheduled
27,1,20th Street,2.326,27,BRYANT,3,bus,scheduled
27,1,21st Street,2.326,27,BRYANT,3,bus,scheduled
27,1,22nd Street,2.326,27,BRYANT,3,bus,scheduled
27,1,23rd Street,2.326,27,BRYANT,3,bus,scheduled
27,1,26th Street,2.326,27,BRYANT,3,bus,scheduled
27,1,8th Street,2.326,27,BRYANT,3,bus,scheduled
27,1,9th Street,2.326,27,BRYANT,3,bus,scheduled
27,1,Bush Street,2.326,27,BRYANT,3,bus,scheduled
27,1,California Street,2.326,27,BRYANT,3,bus,scheduled
27,1,Clay Street,2.326,27,BRYANT,3,bus,scheduled
27,1,Florida Street,2.326,27,BRYANT,3,bus,scheduled
27,1,Geary Boulevard,2.326,27,BRYANT,3,bus,scheduled
27,1,Harrison Street,2.326,27,BRYANT,3,bus,scheduled
27,1,Howard Street,2.326,27,BRYANT,3,bus,scheduled
27,1,Hyde Street,2.326,27,BRYANT,3,bus,scheduled
27,1,Mariposa Street,2.326,27,BRYANT,3,bus,scheduled
27,1,Market Street,2.326,27,BRYANT,3,bus,scheduled
27,1,O'Farrell Street,2.326,27,BRYANT,3,bus,scheduled
27,1,Pine Street,2.326,27,BRYANT,3,bus,scheduled
27,1,Polk Street,2.326,27,BRYANT,3,bus,scheduled
27,1,Post Street,2.326,27,BRYANT,3,bus,scheduled
27,1,Sacramento Street,2.326,27,BRYANT,3,bus,scheduled
27,1,Sutter Street,2.326,27,BRYANT,3,bus,scheduled
27,1,Turk Street,2.326,27,BRYANT,3,bus,scheduled
27,1,Van Ness Avenue,2.326,27,BRYANT,3,bus,scheduled
28,0,19th Avenue,40.575,28,19TH AVENUE,3,bus,scheduled
28,0,Lombard Street,13.504,28,19TH AVENUE,3,bus,scheduled
28,0,North Point Street,13.472,28,19TH AVENUE,3,bus,scheduled
28,0,Park Presidio Boulevard,8.115,28,19TH AVENUE,3,bus,scheduled
28,0,Junipero Serra Boulevard,5.41,28,19TH AVENUE,3,bus,scheduled
28,0,[UNKNOWN],5.41,28,19TH AVENUE,3,bus,scheduled
28,0,Van Ness Avenue,5.389,28,19TH AVENUE,3,bus,scheduled
28,0,Francisco Street,2.716,28,19TH AVENUE,3,bus,scheduled
28,0,Balboa Street,2.705,28,19TH AVENUE,3,bus,scheduled
28,0,California Street,2.705,28,19TH AVENUE,3,bus,scheduled
28,0,Divisadero Street,2.705,28,19TH AVENUE,3,bus,scheduled
28,0,Eucalyptus Drive,2.705,28,19TH AVENUE,3,bus,scheduled
28,0,Fillmore Street,2.705,28,19TH AVENUE,3,bus,scheduled
28,0,Font Boulevard,2.705,28,19TH AVENUE,3,bus,scheduled
28,0,Fulton Street,2.705,28,19TH AVENUE,3,bus,scheduled
28,0,Geary Boulevard,2.705,28,19TH AVENUE,3,bus,scheduled
28,0,Golden Gate Br Tunnel/Merchant Road,2.705,28,19TH AVENUE,3,bus,scheduled
28,0,Holloway Avenue,2.705,28,19TH AVENUE,3,bus,scheduled
28,0,Irving Street,2.705,28,19TH AVENUE,3,bus,scheduled
28,0,Judah Street,2.705,28,19TH AVENUE,3,bus,scheduled
28,0,Junipero Serra Boulevard / S.F. Golf Club,2.705,28,19TH AVENUE,3,bus,scheduled
28,0,Lawton Street,2.705,28,19TH AVENUE,3,bus,scheduled
28,0,Lincoln Way,2.705,28,19TH AVENUE,3,bus,scheduled
28,0,Noriega Street,2.705,28,19TH AVENUE,3,bus,scheduled
28,0,Ortega Street,2.705,28,19TH AVENUE,3,bus,scheduled
28,0,Park Presidio,2.705,28,19TH AVENUE,3,bus,scheduled
28,0,Pierce Street,2.705,28,19TH AVENUE,3,bus,scheduled
28,0,Polk Street,2.705,28,19TH AVENUE,3,bus,scheduled
28,0,Quintara Street,2.705,28,19TH AVENUE,3,bus,scheduled
28,0,Richardson Avenue,2.705,28,19TH AVENUE,3,bus,scheduled
28,0,Rivera Street,2.705,28,19TH AVENUE,3,bus,scheduled
28,0,Sloat Boulevard,2.705,28,19TH AVENUE,3,bus,scheduled
28,0,Taraval Street,2.705,28,19TH AVENUE,3,bus,scheduled
28,0,Vicente Street,2.705,28,19TH AVENUE,3,bus,scheduled
28,0,Winston Drive,2.705,28,19TH AVENUE,3,bus,scheduled
28,0,Beach Street,2.694,28,19TH AVENUE,3,bus,scheduled
28,0,Chestnut Street,2.694,28,19TH AVENUE,3,bus,scheduled
28,0,Gough Street,2.694,28,19TH AVENUE,3,bus,scheduled
28,0,Hyde Street,2.694,28,19TH AVENUE,3,bus,scheduled
28,0,Jones Street,2.694,28,19TH AVENUE,3,bus,scheduled
28,0,Laguna Street,2.694,28,19TH AVENUE,3,bus,scheduled
28,0,Mason Street,2.694,28,19TH AVENUE,3,bus,scheduled
28,0,Powell Street,2.694,28,19TH AVENUE,3,bus,scheduled
28,1,19th Avenue,36.774,28,19TH AVENUE,3,bus,scheduled
28,1,Lombard Street,12.902,28,19TH AVENUE,3,bus,scheduled
28,1,North Point Street,10.322,28,19TH AVENUE,3,bus,scheduled
28,1,Park Presidio Boulevard,10.322,28,19TH AVENUE,3,bus,scheduled
28,1,Junipero Serra Boulevard,8.714,28,19TH AVENUE,3,bus,scheduled
28,1,[UNKNOWN],8.39,28,19TH AVENUE,3,bus,scheduled
28,1,Van Ness Avenue,5.161,28,19TH AVENUE,3,bus,scheduled
28,1,Brotherhood Way,2.905,28,19TH AVENUE,3,bus,scheduled
28,1,Holloway Street,2.905,28,19TH AVENUE,3,bus,scheduled
28,1,Palmetto Av,2.905,28,19TH AVENUE,3,bus,scheduled
28,1,Balboa Street,2.58,28,19TH AVENUE,3,bus,scheduled
28,1,Bay Street,2.58,28,19TH AVENUE,3,bus,scheduled
28,1,Beach Street,2.58,28,19TH AVENUE,3,bus,scheduled
28,1,California Street,2.58,28,19TH AVENUE,3,bus,scheduled
28,1,Chestnut Street,2.58,28,19TH AVENUE,3,bus,scheduled
28,1,Crossover Drive,2.58,28,19TH AVENUE,3,bus,scheduled
28,1,Divisadero Street,2.58,28,19TH AVENUE,3,bus,scheduled
28,1,Eucalyptus Drive,2.58,28,19TH AVENUE,3,bus,scheduled
28,1,Fillmore Street,2.58,28,19TH AVENUE,3,bus,scheduled
28,1,Francisco Street,2.58,28,19TH AVENUE,3,bus,scheduled
28,1,Fulton Street,2.58,28,19TH AVENUE,3,bus,scheduled
28,1,Geary Boulevard,2.58,28,19TH AVENUE,3,bus,scheduled
28,1,Golden Gate Br Tunnel/Merchant Road,2.58,28,19TH AVENUE,3,bus,scheduled
28,1,Gough Street,2.58,28,19TH AVENUE,3,bus,scheduled
28,1,Hyde Street,2.58,28,19TH AVENUE,3,bus,scheduled
28,1,Irving Street,2.58,28,19TH AVENUE,3,bus,scheduled
28,1,Jones Street,2.58,28,19TH AVENUE,3,bus,scheduled
28,1,Judah Street,2.58,28,19TH AVENUE,3,bus,scheduled
28,1,Laguna Street,2.58,28,19TH AVENUE,3,bus,scheduled
28,1,Lawton Street,2.58,28,19TH AVENUE,3,bus,scheduled
28,1,Lincoln Street,2.58,28,19TH AVENUE,3,bus,scheduled
28,1,Mason Street,2.58,28,19TH AVENUE,3,bus,scheduled
28,1,Noriega Street,2.58,28,19TH AVENUE,3,bus,scheduled
28,1,Ortega Street,2.58,28,19TH AVENUE,3,bus,scheduled
28,1,Pierce Street,2.58,28,19TH AVENUE,3,bus,scheduled
28,1,Polk Street,2.58,28,19TH AVENUE,3,bus,scheduled
28,1,Powell Street,2.58,28,19TH AVENUE,3,bus,scheduled
28,1,Quintara Street,2.58,28,19TH AVENUE,3,bus,scheduled
28,1,Richardson Avenue,2.58,28,19TH AVENUE,3,bus,scheduled
28,1,Rivera Street,2.58,28,19TH AVENUE,3,bus,scheduled
28,1,Sloat Boulevard,2.58,28,19TH AVENUE,3,bus,scheduled
28,1,Taraval Street,2.58,28,19TH AVENUE,3,bus,scheduled
28,1,Vicente Street,2.58,28,19TH AVENUE,3,bus,scheduled
28,1,Winston Drive,2.58,28,19TH AVENUE,3,bus,scheduled
28R,0,19th Avenue,53.846,28R,19TH AVENUE RAPID,3,bus,scheduled
28R,0,California Street,23.077,28R,19TH AVENUE RAPID,3,bus,scheduled
28R,0,Park Presidio Boulevard,15.385,28R,19TH AVENUE RAPID,3,bus,scheduled
28R,0,6th Avenue,7.692,28R,19TH AVENUE RAPID,3,bus,scheduled
28R,0,7th Avenue,7.692,28R,19TH AVENUE RAPID,3,bus,scheduled
28R,0,Fulton Street,7.692,28R,19TH AVENUE RAPID,3,bus,scheduled
28R,0,Geary Boulevard,7.692,28R,19TH AVENUE RAPID,3,bus,scheduled
28R,0,Holloway Avenue,7.692,28R,19TH AVENUE RAPID,3,bus,scheduled
28R,0,Judah Street,7.692,28R,19TH AVENUE RAPID,3,bus,scheduled
28R,0,Lincoln Way,7.692,28R,19TH AVENUE RAPID,3,bus,scheduled
28R,0,Noriega Street,7.692,28R,19TH AVENUE RAPID,3,bus,scheduled
28R,0,Park Presidio,7.692,28R,19TH AVENUE RAPID,3,bus,scheduled
28R,0,Quintara Street,7.692,28R,19TH AVENUE RAPID,3,bus,scheduled
28R,0,Taraval Street,7.692,28R,19TH AVENUE RAPID,3,bus,scheduled
28R,0,Winston Drive,7.692,28R,19TH AVENUE RAPID,3,bus,scheduled
28R,0,[UNKNOWN],7.692,28R,19TH AVENUE RAPID,3,bus,scheduled
28R,1,19th Avenue,46.154,28R,19TH AVENUE RAPID,3,bus,scheduled
28R,1,California Street,15.385,28R,19TH AVENUE RAPID,3,bus,scheduled
28R,1,Park Presidio Boulevard,15.385,28R,19TH AVENUE RAPID,3,bus,scheduled
28R,1,[UNKNOWN],15.385,28R,19TH AVENUE RAPID,3,bus,scheduled
28R,1,12th Avenue,7.692,28R,19TH AVENUE RAPID,3,bus,scheduled
28R,1,7th Avenue,7.692,28R,19TH AVENUE RAPID,3,bus,scheduled
28R,1,Crossover Drive,7.692,28R,19TH AVENUE RAPID,3,bus,scheduled
28R,1,Fulton Street,7.692,28R,19TH AVENUE RAPID,3,bus,scheduled
28R,1,Geary Boulevard,7.692,28R,19TH AVENUE RAPID,3,bus,scheduled
28R,1,Holloway Street,7.692,28R,19TH AVENUE RAPID,3,bus,scheduled
28R,1,Judah Street,7.692,28R,19TH AVENUE RAPID,3,bus,scheduled
28R,1,Lincoln Street,7.692,28R,19TH AVENUE RAPID,3,bus,scheduled
28R,1,Noriega Street,7.692,28R,19TH AVENUE RAPID,3,bus,scheduled
28R,1,Quintara Street,7.692,28R,19TH AVENUE RAPID,3,bus,scheduled
28R,1,Taraval Street,7.692,28R,19TH AVENUE RAPID,3,bus,scheduled
28R,1,Winston Drive,7.692,28R,19TH AVENUE RAPID,3,bus,scheduled
29,0,Sunset Boulevard,13.343,29,SUNSET,3,bus,scheduled
29,0,Lincoln Way,11.984,29,SUNSET,3,bus,scheduled
29,0,Mansell Street,10.782,29,SUNSET,3,bus,scheduled
29,0,Persia Avenue,10.782,29,SUNSET,3,bus,scheduled
29,0,Ocean Avenue,10.69,29,SUNSET,3,bus,scheduled
29,0,25th Avenue,9.228,29,SUNSET,3,bus,scheduled
29,0,Garfield Street,6.681,29,SUNSET,3,bus,scheduled
29,0,Paul Avenue,5.391,29,SUNSET,3,bus,scheduled
29,0,Grafton Avenue,5.345,29,SUNSET,3,bus,scheduled
29,0,Holloway Avenue,5.345,29,SUNSET,3,bus,scheduled
29,0,Plymouth Avenue,4.009,29,SUNSET,3,bus,scheduled
29,0,Winston Drive,4.009,29,SUNSET,3,bus,scheduled
29,0,San Bruno Avenue,2.695,29,SUNSET,3,bus,scheduled
29,0,Beverly Street,2.672,29,SUNSET,3,bus,scheduled
29,0,19th Avenue,2.668,29,SUNSET,3,bus,scheduled
29,0,Bowley Street,2.478,29,SUNSET,3,bus,scheduled
29,0,Lincoln Boulevard,2.478,29,SUNSET,3,bus,scheduled
29,0,Athens Street,1.348,29,SUNSET,3,bus,scheduled
29,0,Brazil Avenue,1.348,29,SUNSET,3,bus,scheduled
29,0,Brussels Street,1.348,29,SUNSET,3,bus,scheduled
29,0,Carr Street,1.348,29,SUNSET,3,bus,scheduled
29,0,Cayuga Avenue,1.348,29,SUNSET,3,bus,scheduled
29,0,Dartmouth Street,1.348,29,SUNSET,3,bus,scheduled
29,0,Fitzgerald Avenue,1.348,29,SUNSET,3,bus,scheduled
29,0,Goettingen Street,1.348,29,SUNSET,3,bus,scheduled
29,0,Gould Street,1.348,29,SUNSET,3,bus,scheduled
29,0,Hamilton Street,1.348,29,SUNSET,3,bus,scheduled
29,0,John F Shelley Drive,1.348,29,SUNSET,3,bus,scheduled
29,0,Keith Street,1.348,29,SUNSET,3,bus,scheduled
29,0,Madrid Street,1.348,29,SUNSET,3,bus,scheduled
29,0,Mission Street,1.348,29,SUNSET,3,bus,scheduled
29,0,Moscow Street,1.348,29,SUNSET,3,bus,scheduled
29,0,Naples Street,1.348,29,SUNSET,3,bus,scheduled
29,0,Paris Street,1.348,29,SUNSET,3,bus,scheduled
29,0,Prague Street,1.348,29,SUNSET,3,bus,scheduled
29,0,Somerset Street,1.348,29,SUNSET,3,bus,scheduled
29,0,Visitacion Avenue,1.348,29,SUNSET,3,bus,scheduled
29,0,Wheat Street,1.348,29,SUNSET,3,bus,scheduled
29,0,20th Avenue,1.336,29,SUNSET,3,bus,scheduled
29,0,37th Avenue,1.336,29,SUNSET,3,bus,scheduled
29,0,Bright Street,1.336,29,SUNSET,3,bus,scheduled
29,0,Buckingham Way,1.336,29,SUNSET,3,bus,scheduled
29,0,Byxbee Street,1.336,29,SUNSET,3,bus,scheduled
29,0,Capitol Avenue,1.336,29,SUNSET,3,bus,scheduled
29,0,Crespi Drive,1.336,29,SUNSET,3,bus,scheduled
29,0,Geneva Avenue,1.336,29,SUNSET,3,bus,scheduled
29,0,Granada Avenue,1.336,29,SUNSET,3,bus,scheduled
29,0,Howth Street,1.336,29,SUNSET,3,bus,scheduled
29,0,Jules Avenue,1.336,29,SUNSET,3,bus,scheduled
29,0,Junipero Serra Boulevard,1.336,29,SUNSET,3,bus,scheduled
29,0,Lake Merced,1.336,29,SUNSET,3,bus,scheduled
29,0,Lake Merced Boulevard,1.336,29,SUNSET,3,bus,scheduled
29,0,Lee Avenue,1.336,29,SUNSET,3,bus,scheduled
29,0,Middlefield Drive,1.336,29,SUNSET,3,bus,scheduled
29,0,Ocean Ave/Balboa Park BART Station,1.336,29,SUNSET,3,bus,scheduled
29,0,Ortega Street,1.336,29,SUNSET,3,bus,scheduled
29,0,Otsego Avenue,1.336,29,SUNSET,3,bus,scheduled
29,0,Quintara Street,1.336,29,SUNSET,3,bus,scheduled
29,0,Rivera Street,1.336,29,SUNSET,3,bus,scheduled
29,0,San Jose Street,1.336,29,SUNSET,3,bus,scheduled
29,0,Taraval Street,1.336,29,SUNSET,3,bus,scheduled
29,0,Varela Avenue,1.336,29,SUNSET,3,bus,scheduled
29,0,Vernon Street,1.336,29,SUNSET,3,bus,scheduled
29,0,Vicente Street,1.336,29,SUNSET,3,bus,scheduled
29,0,Victoria Street,1.336,29,SUNSET,3,bus,scheduled
29,0,Yorba Street,1.336,29,SUNSET,3,bus,scheduled
29,0,21st Avenue,1.332,29,SUNSET,3,bus,scheduled
29,0,27th Avenue,1.332,29,SUNSET,3,bus,scheduled
29,0,29th Avenue,1.332,29,SUNSET,3,bus,scheduled
29,0,31st Avenue,1.332,29,SUNSET,3,bus,scheduled
29,0,33rd Avenue,1.332,29,SUNSET,3,bus,scheduled
29,0,35th Avenue,1.332,29,SUNSET,3,bus,scheduled
29,0,Balboa Street,1.332,29,SUNSET,3,bus,scheduled
29,0,California Street,1.332,29,SUNSET,3,bus,scheduled
29,0,Clement Street,1.332,29,SUNSET,3,bus,scheduled
29,0,Fulton Street,1.332,29,SUNSET,3,bus,scheduled
29,0,Geary Boulevard,1.332,29,SUNSET,3,bus,scheduled
29,0,Judah Street,1.332,29,SUNSET,3,bus,scheduled
29,0,Lawton Street,1.332,29,SUNSET,3,bus,scheduled
29,0,Noriega Street,1.332,29,SUNSET,3,bus,scheduled
29,0,El Camino Del Mar,1.239,29,SUNSET,3,bus,scheduled
29,0,[UNKNOWN],1.239,29,SUNSET,3,bus,scheduled
29,0,Onondaga Avenue,0.012,29,SUNSET,3,bus,scheduled
29,1,Sunset Boulevard,12.29,29,SUNSET,3,bus,scheduled
29,1,Ocean Avenue,9.832,29,SUNSET,3,bus,scheduled
29,1,Persia Avenue,9.832,29,SUNSET,3,bus,scheduled
29,1,Mansell Street,9.82,29,SUNSET,3,bus,scheduled
29,1,25th Avenue,7.639,29,SUNSET,3,bus,scheduled
29,1,Lincoln Way,7.374,29,SUNSET,3,bus,scheduled
29,1,Gilman Avenue,7.349,29,SUNSET,3,bus,scheduled
29,1,Garfield Street,6.145,29,SUNSET,3,bus,scheduled
29,1,Grafton Avenue,4.916,29,SUNSET,3,bus,scheduled
29,1,Plymouth Avenue,4.916,29,SUNSET,3,bus,scheduled
29,1,Fitzgerald Avenue,4.899,29,SUNSET,3,bus,scheduled
29,1,Paul Avenue,4.899,29,SUNSET,3,bus,scheduled
29,1,Lincoln Boulevard,3.82,29,SUNSET,3,bus,scheduled
29,1,Winston Drive,3.687,29,SUNSET,3,bus,scheduled
29,1,Hawes Street,3.674,29,SUNSET,3,bus,scheduled
29,1,Bowley Street,2.59,29,SUNSET,3,bus,scheduled
29,1,Holloway Avenue,2.458,29,SUNSET,3,bus,scheduled
29,1,Griffith Street,2.45,29,SUNSET,3,bus,scheduled
29,1,Ingalls Street,2.45,29,SUNSET,3,bus,scheduled
29,1,Ingerson Avenue,2.45,29,SUNSET,3,bus,scheduled
29,1,Jennings Street,2.45,29,SUNSET,3,bus,scheduled
29,1,San Bruno Avenue,2.45,29,SUNSET,3,bus,scheduled
29,1,California Street,1.361,29,SUNSET,3,bus,scheduled
29,1,El Camino Del Mar,1.361,29,SUNSET,3,bus,scheduled
29,1,19th Avenue,1.229,29,SUNSET,3,bus,scheduled
29,1,20th Avenue,1.229,29,SUNSET,3,bus,scheduled
29,1,21st Avenue,1.229,29,SUNSET,3,bus,scheduled
29,1,27th Avenue,1.229,29,SUNSET,3,bus,scheduled
29,1,30th Avenue,1.229,29,SUNSET,3,bus,scheduled
29,1,34th Avenue,1.229,29,SUNSET,3,bus,scheduled
29,1,36th Avenue,1.229,29,SUNSET,3,bus,scheduled
29,1,Athens Street,1.229,29,SUNSET,3,bus,scheduled
29,1,Balboa Street,1.229,29,SUNSET,3,bus,scheduled
29,1,Beverly Street,1.229,29,SUNSET,3,bus,scheduled
29,1,Brazil Avenue,1.229,29,SUNSET,3,bus,scheduled
29,1,Bright Street,1.229,29,SUNSET,3,bus,scheduled
29,1,Buckingham Way,1.229,29,SUNSET,3,bus,scheduled
29,1,Byxbee Street,1.229,29,SUNSET,3,bus,scheduled
29,1,Capitol Avenue,1.229,29,SUNSET,3,bus,scheduled
29,1,Cayuga Avenue,1.229,29,SUNSET,3,bus,scheduled
29,1,Clement Street,1.229,29,SUNSET,3,bus,scheduled
29,1,Cross Over Drive,1.229,29,SUNSET,3,bus,scheduled
29,1,Crossover Drive,1.229,29,SUNSET,3,bus,scheduled
29,1,Dartmouth Street,1.229,29,SUNSET,3,bus,scheduled
29,1,Fulton Street,1.229,29,SUNSET,3,bus,scheduled
29,1,Geary Boulevard,1.229,29,SUNSET,3,bus,scheduled
29,1,Hamilton Street,1.229,29,SUNSET,3,bus,scheduled
29,1,Holloway Street,1.229,29,SUNSET,3,bus,scheduled
29,1,Howth Street,1.229,29,SUNSET,3,bus,scheduled
29,1,I-280 On Ramp,1.229,29,SUNSET,3,bus,scheduled
29,1,John F Shelley Drive,1.229,29,SUNSET,3,bus,scheduled
29,1,Judah Street,1.229,29,SUNSET,3,bus,scheduled
29,1,Jules Avenue,1.229,29,SUNSET,3,bus,scheduled
29,1,Junipero Serra Boulevard,1.229,29,SUNSET,3,bus,scheduled
29,1,Lake Merced,1.229,29,SUNSET,3,bus,scheduled
29,1,Lake Merced Boulevard,1.229,29,SUNSET,3,bus,scheduled
29,1,Lawton Street,1.229,29,SUNSET,3,bus,scheduled
29,1,Lee Street,1.229,29,SUNSET,3,bus,scheduled
29,1,Lincoln Street,1.229,29,SUNSET,3,bus,scheduled
29,1,Madrid Street,1.229,29,SUNSET,3,bus,scheduled
29,1,Middlefield Drive,1.229,29,SUNSET,3,bus,scheduled
29,1,Mission Street,1.229,29,SUNSET,3,bus,scheduled
29,1,Moscow Street,1.229,29,SUNSET,3,bus,scheduled
29,1,Naples Street,1.229,29,SUNSET,3,bus,scheduled
29,1,Noriega Street,1.229,29,SUNSET,3,bus,scheduled
29,1,Ortega Street,1.229,29,SUNSET,3,bus,scheduled
29,1,Otsego Avenue,1.229,29,SUNSET,3,bus,scheduled
29,1,Paris Street,1.229,29,SUNSET,3,bus,scheduled
29,1,Pershing Drive,1.229,29,SUNSET,3,bus,scheduled
29,1,Prague Street,1.229,29,SUNSET,3,bus,scheduled
29,1,Quintara Street,1.229,29,SUNSET,3,bus,scheduled
29,1,Rivera Street,1.229,29,SUNSET,3,bus,scheduled
29,1,San Jose Avenue,1.229,29,SUNSET,3,bus,scheduled
29,1,Somerset Street,1.229,29,SUNSET,3,bus,scheduled
29,1,Taraval Street,1.229,29,SUNSET,3,bus,scheduled
29,1,University Street,1.229,29,SUNSET,3,bus,scheduled
29,1,Vernon Street,1.229,29,SUNSET,3,bus,scheduled
29,1,Vicente Street,1.229,29,SUNSET,3,bus,scheduled
29,1,Victoria Street,1.229,29,SUNSET,3,bus,scheduled
29,1,Yorba Street,1.229,29,SUNSET,3,bus,scheduled
29,1,3rd Street,1.225,29,SUNSET,3,bus,scheduled
29,1,Bay Shore Boulevard,1.225,29,SUNSET,3,bus,scheduled
29,1,Bill Walsh Way,1.225,29,SUNSET,3,bus,scheduled
29,1,Brussels Street,1.225,29,SUNSET,3,bus,scheduled
29,1,Crane Street,1.225,29,SUNSET,3,bus,scheduled
29,1,Goettingen Street,1.225,29,SUNSET,3,bus,scheduled
29,1,Gould Street,1.225,29,SUNSET,3,bus,scheduled
29,1,Keith Street,1.225,29,SUNSET,3,bus,scheduled
29,1,[UNKNOWN],0.132,29,SUNSET,3,bus,scheduled
30,0,Columbus Avenue,21.431,30,STOCKTON,3,bus,scheduled
30,0,Chestnut Street,18.046,30,STOCKTON,3,bus,scheduled
30,0,Stockton Street,17.859,30,STOCKTON,3,bus,scheduled
30,0,North Point Street,16.689,30,STOCKTON,3,bus,scheduled
30,0,3rd Street,11.349,30,STOCKTON,3,bus,scheduled
30,0,Broderick Street,10.06,30,STOCKTON,3,bus,scheduled
30,0,Kearny Street,7.144,30,STOCKTON,3,bus,scheduled
30,0,Sutter Street,7.144,30,STOCKTON,3,bus,scheduled
30,0,Francisco Street,5.974,30,STOCKTON,3,bus,scheduled
30,0,Van Ness Avenue,5.584,30,STOCKTON,3,bus,scheduled
30,0,Divisadero Street,4.352,30,STOCKTON,3,bus,scheduled
30,0,Clay Street,3.572,30,STOCKTON,3,bus,scheduled
30,0,Folsom Street,3.572,30,STOCKTON,3,bus,scheduled
30,0,Geary Boulevard,3.572,30,STOCKTON,3,bus,scheduled
30,0,Hyde Street,3.572,30,STOCKTON,3,bus,scheduled
30,0,Mason Street,3.572,30,STOCKTON,3,bus,scheduled
30,0,Mission Street,3.572,30,STOCKTON,3,bus,scheduled
30,0,Pacific Avenue,3.572,30,STOCKTON,3,bus,scheduled
30,0,Polk Street,3.572,30,STOCKTON,3,bus,scheduled
30,0,Union Street,3.572,30,STOCKTON,3,bus,scheduled
30,0,Washington Street,3.572,30,STOCKTON,3,bus,scheduled
30,0,Bay Street,2.402,30,STOCKTON,3,bus,scheduled
30,0,Beach Street,2.402,30,STOCKTON,3,bus,scheduled
30,0,Jefferson Street,2.402,30,STOCKTON,3,bus,scheduled
30,0,Brannan Street,2.103,30,STOCKTON,3,bus,scheduled
30,0,Bryant Street,2.103,30,STOCKTON,3,bus,scheduled
30,0,Lusk Street,2.103,30,STOCKTON,3,bus,scheduled
30,0,Townsend Street,2.103,30,STOCKTON,3,bus,scheduled
30,0,Fillmore Street,2.012,30,STOCKTON,3,bus,scheduled
30,0,Gough Street,2.012,30,STOCKTON,3,bus,scheduled
30,0,Laguna Street,2.012,30,STOCKTON,3,bus,scheduled
30,0,Pierce Street,2.012,30,STOCKTON,3,bus,scheduled
30,0,Webster Street,2.012,30,STOCKTON,3,bus,scheduled
30,0,Mason St - Sports Basement,1.622,30,STOCKTON,3,bus,scheduled
30,0,Mason St - Tunnel Top Park,1.622,30,STOCKTON,3,bus,scheduled
30,0,Mason St - Yacht/Girard,1.622,30,STOCKTON,3,bus,scheduled
30,0,[UNKNOWN],1.622,30,STOCKTON,3,bus,scheduled
30,1,Columbus Avenue,26.74,30,STOCKTON,3,bus,scheduled
30,1,Stockton Street,22.92,30,STOCKTON,3,bus,scheduled
30,1,Chestnut Street,15.026,30,STOCKTON,3,bus,scheduled
30,1,North Point Street,13.125,30,STOCKTON,3,bus,scheduled
30,1,4th Street,12.208,30,STOCKTON,3,bus,scheduled
30,1,Divisadero Street,8.806,30,STOCKTON,3,bus,scheduled
30,1,Van Ness Avenue,8.113,30,STOCKTON,3,bus,scheduled
30,1,Bay Street,7.631,30,STOCKTON,3,bus,scheduled
30,1,Francisco Street,5.485,30,STOCKTON,3,bus,scheduled
30,1,Filbert Street,3.82,30,STOCKTON,3,bus,scheduled
30,1,Geary Boulevard,3.82,30,STOCKTON,3,bus,scheduled
30,1,Hyde Street,3.82,30,STOCKTON,3,bus,scheduled
30,1,Lombard Street,3.82,30,STOCKTON,3,bus,scheduled
30,1,Market Street,3.82,30,STOCKTON,3,bus,scheduled
30,1,Mission Street,3.82,30,STOCKTON,3,bus,scheduled
30,1,Pacific Avenue,3.82,30,STOCKTON,3,bus,scheduled
30,1,Polk Street,3.82,30,STOCKTON,3,bus,scheduled
30,1,Sacramento Street,3.82,30,STOCKTON,3,bus,scheduled
30,1,Sutter Street,3.82,30,STOCKTON,3,bus,scheduled
30,1,Taylor Street,3.82,30,STOCKTON,3,bus,scheduled
30,1,Union Street,3.82,30,STOCKTON,3,bus,scheduled
30,1,Washington Street,3.82,30,STOCKTON,3,bus,scheduled
30,1,Folsom Street,2.284,30,STOCKTON,3,bus,scheduled
30,1,Townsend Street,2.284,30,STOCKTON,3,bus,scheduled
30,1,Fillmore Street,2.147,30,STOCKTON,3,bus,scheduled
30,1,Gough Street,2.147,30,STOCKTON,3,bus,scheduled
30,1,Laguna Street,2.147,30,STOCKTON,3,bus,scheduled
30,1,Pierce Street,2.147,30,STOCKTON,3,bus,scheduled
30,1,Webster Street,2.147,30,STOCKTON,3,bus,scheduled
30,1,Beach Street,1.665,30,STOCKTON,3,bus,scheduled
30,1,Mason St - Sports Basement,1.665,30,STOCKTON,3,bus,scheduled
30,1,Mason St - Tunnel Top Park,1.665,30,STOCKTON,3,bus,scheduled
30,1,Mason St - Yacht/Girard,1.665,30,STOCKTON,3,bus,scheduled
30,1,[UNKNOWN],1.665,30,STOCKTON,3,bus,scheduled
30X,1,Chestnut Street,35.0,30X,MARINA EXPRESS,3,bus,scheduled
30X,1,Divisadero Street,30.0,30X,MARINA EXPRESS,3,bus,scheduled
30X,1,California Street,10.0,30X,MARINA EXPRESS,3,bus,scheduled
30X,1,Clay Street,10.0,30X,MARINA EXPRESS,3,bus,scheduled
30X,1,Sansome Street,10.0,30X,MARINA EXPRESS,3,bus,scheduled
30X,1,Battery Street,5.0,30X,MARINA EXPRESS,3,bus,scheduled
30X,1,Bay Street,5.0,30X,MARINA EXPRESS,3,bus,scheduled
30X,1,Beach Street,5.0,30X,MARINA EXPRESS,3,bus,scheduled
30X,1,Beale Street,5.0,30X,MARINA EXPRESS,3,bus,scheduled
30X,1,Davis Street,5.0,30X,MARINA EXPRESS,3,bus,scheduled
30X,1,Fillmore Street,5.0,30X,MARINA EXPRESS,3,bus,scheduled
30X,1,Francisco Street,5.0,30X,MARINA EXPRESS,3,bus,scheduled
30X,1,Gough Street,5.0,30X,MARINA EXPRESS,3,bus,scheduled
30X,1,Howard Street,5.0,30X,MARINA EXPRESS,3,bus,scheduled
30X,1,Hward St&Spear,5.0,30X,MARINA EXPRESS,3,bus,scheduled
30X,1,Jefferson Street,5.0,30X,MARINA EXPRESS,3,bus,scheduled
30X,1,Laguna Street,5.0,30X,MARINA EXPRESS,3,bus,scheduled
30X,1,Main Street,5.0,30X,MARINA EXPRESS,3,bus,scheduled
30X,1,Mission Street,5.0,30X,MARINA EXPRESS,3,bus,scheduled
30X,1,Montgomery Street,5.0,30X,MARINA EXPRESS,3,bus,scheduled
30X,1,North Point Street,5.0,30X,MARINA EXPRESS,3,bus,scheduled
30X,1,Pierce Street,5.0,30X,MARINA EXPRESS,3,bus,scheduled
30X,1,Pine Street,5.0,30X,MARINA EXPRESS,3,bus,scheduled
30X,1,Van Ness Avenue,5.0,30X,MARINA EXPRESS,3,bus,scheduled
30X,1,Webster Street,5.0,30X,MARINA EXPRESS,3,bus,scheduled
31,0,Balboa Street,44.913,31,BALBOA,3,bus,scheduled
31,0,Turk Street,27.933,31,BALBOA,3,bus,scheduled
31,0,Eddy Street,18.561,31,BALBOA,3,bus,scheduled
31,0,Cabrillo Street,6.737,31,BALBOA,3,bus,scheduled
31,0,45th Avenue,4.491,31,BALBOA,3,bus,scheduled
31,0,Larkin Street,3.712,31,BALBOA,3,bus,scheduled
31,0,10th Avenue,2.246,31,BALBOA,3,bus,scheduled
31,0,12th Avenue,2.246,31,BALBOA,3,bus,scheduled
31,0,17th Avenue,2.246,31,BALBOA,3,bus,scheduled
31,0,19th Avenue,2.246,31,BALBOA,3,bus,scheduled
31,0,21st Avenue,2.246,31,BALBOA,3,bus,scheduled
31,0,23rd Avenue,2.246,31,BALBOA,3,bus,scheduled
31,0,25th Avenue,2.246,31,BALBOA,3,bus,scheduled
31,0,28th Avenue,2.246,31,BALBOA,3,bus,scheduled
31,0,30th Avenue,2.246,31,BALBOA,3,bus,scheduled
31,0,32nd Avenue,2.246,31,BALBOA,3,bus,scheduled
31,0,35th Avenue,2.246,31,BALBOA,3,bus,scheduled
31,0,37th Avenue,2.246,31,BALBOA,3,bus,scheduled
31,0,40th Avenue,2.246,31,BALBOA,3,bus,scheduled
31,0,43rd Avenue,2.246,31,BALBOA,3,bus,scheduled
31,0,47th Avenue,2.246,31,BALBOA,3,bus,scheduled
31,0,4th Avenue,2.246,31,BALBOA,3,bus,scheduled
31,0,6th Avenue,2.246,31,BALBOA,3,bus,scheduled
31,0,8th Avenue,2.246,31,BALBOA,3,bus,scheduled
31,0,Arguello Boulevard,2.246,31,BALBOA,3,bus,scheduled
31,0,Chabot Terrace,2.246,31,BALBOA,3,bus,scheduled
31,0,La Playa Street,2.246,31,BALBOA,3,bus,scheduled
31,0,Masonic Avenue,2.246,31,BALBOA,3,bus,scheduled
31,0,Park Presidio Boulevard,2.246,31,BALBOA,3,bus,scheduled
31,0,Parker Avenue,2.246,31,BALBOA,3,bus,scheduled
31,0,Roselyn Terrace,2.246,31,BALBOA,3,bus,scheduled
31,0,Stanyan Street,2.246,31,BALBOA,3,bus,scheduled
31,0,Baker Street,1.856,31,BALBOA,3,bus,scheduled
31,0,Broderick Street,1.856,31,BALBOA,3,bus,scheduled
31,0,Buchanan Street,1.856,31,BALBOA,3,bus,scheduled
31,0,Central Avenue,1.856,31,BALBOA,3,bus,scheduled
31,0,Cyril Magnin Street,1.856,31,BALBOA,3,bus,scheduled
31,0,Divisadero Street,1.856,31,BALBOA,3,bus,scheduled
31,0,Fillmore Street,1.856,31,BALBOA,3,bus,scheduled
31,0,Gough Street,1.856,31,BALBOA,3,bus,scheduled
31,0,Hyde Street,1.856,31,BALBOA,3,bus,scheduled
31,0,Jones Street,1.856,31,BALBOA,3,bus,scheduled
31,0,Laguna Street,1.856,31,BALBOA,3,bus,scheduled
31,0,Leavenworth Street,1.856,31,BALBOA,3,bus,scheduled
31,0,Lyon Street,1.856,31,BALBOA,3,bus,scheduled
31,0,Market Street,1.856,31,BALBOA,3,bus,scheduled
31,0,Pierce Street,1.856,31,BALBOA,3,bus,scheduled
31,0,Polk Street,1.856,31,BALBOA,3,bus,scheduled
31,0,Scott Street,1.856,31,BALBOA,3,bus,scheduled
31,0,Taylor Street,1.856,31,BALBOA,3,bus,scheduled
31,0,Van Ness Avenue,1.856,31,BALBOA,3,bus,scheduled
31,1,Balboa Street,42.174,31,BALBOA,3,bus,scheduled
31,1,Eddy Street,25.985,31,BALBOA,3,bus,scheduled
31,1,Turk Street,20.742,31,BALBOA,3,bus,scheduled
31,1,Cabrillo Street,8.879,31,BALBOA,3,bus,scheduled
31,1,45th Avenue,4.439,31,BALBOA,3,bus,scheduled
31,1,La Playa Street,4.439,31,BALBOA,3,bus,scheduled
31,1,Masonic Avenue,2.583,31,BALBOA,3,bus,scheduled
31,1,10th Avenue,2.22,31,BALBOA,3,bus,scheduled
31,1,12th Avenue,2.22,31,BALBOA,3,bus,scheduled
31,1,17th Avenue,2.22,31,BALBOA,3,bus,scheduled
31,1,19th Avenue,2.22,31,BALBOA,3,bus,scheduled
31,1,21st Avenue,2.22,31,BALBOA,3,bus,scheduled
31,1,23rd Avenue,2.22,31,BALBOA,3,bus,scheduled
31,1,25th Avenue,2.22,31,BALBOA,3,bus,scheduled
31,1,28th Avenue,2.22,31,BALBOA,3,bus,scheduled
31,1,30th Avenue,2.22,31,BALBOA,3,bus,scheduled
31,1,32nd Avenue,2.22,31,BALBOA,3,bus,scheduled
31,1,34th Avenue,2.22,31,BALBOA,3,bus,scheduled
31,1,37th Avenue,2.22,31,BALBOA,3,bus,scheduled
31,1,40th Avenue,2.22,31,BALBOA,3,bus,scheduled
31,1,43rd Avenue,2.22,31,BALBOA,3,bus,scheduled
31,1,47th Avenue,2.22,31,BALBOA,3,bus,scheduled
31,1,4th Avenue,2.22,31,BALBOA,3,bus,scheduled
31,1,6th Avenue,2.22,31,BALBOA,3,bus,scheduled
31,1,8th Avenue,2.22,31,BALBOA,3,bus,scheduled
31,1,Arguello Boulevard,2.22,31,BALBOA,3,bus,scheduled
31,1,Chabot Terrace,2.22,31,BALBOA,3,bus,scheduled
31,1,Park Presidio Boulevard,2.22,31,BALBOA,3,bus,scheduled
31,1,Parker Avenue,2.22,31,BALBOA,3,bus,scheduled
31,1,Roselyn Terrace,2.22,31,BALBOA,3,bus,scheduled
31,1,Stanyan Street,2.22,31,BALBOA,3,bus,scheduled
31,1,Baker Street,1.856,31,BALBOA,3,bus,scheduled
31,1,Broderick Street,1.856,31,BALBOA,3,bus,scheduled
31,1,Buchanan Street,1.856,31,BALBOA,3,bus,scheduled
31,1,Central Avenue,1.856,31,BALBOA,3,bus,scheduled
31,1,Cyril Magnin Street,1.856,31,BALBOA,3,bus,scheduled
31,1,Divisadero Street,1.856,31,BALBOA,3,bus,scheduled
31,1,Fillmore Street,1.856,31,BALBOA,3,bus,scheduled
31,1,Gough Street,1.856,31,BALBOA,3,bus,scheduled
31,1,Hyde Street,1.856,31,BALBOA,3,bus,scheduled
31,1,Jones Street,1.856,31,BALBOA,3,bus,scheduled
31,1,Laguna Street,1.856,31,BALBOA,3,bus,scheduled
31,1,Larkin Street,1.856,31,BALBOA,3,bus,scheduled
31,1,Leavenworth Street,1.856,31,BALBOA,3,bus,scheduled
31,1,Lyon Street,1.856,31,BALBOA,3,bus,scheduled
31,1,Market Street,1.856,31,BALBOA,3,bus,scheduled
31,1,Pierce Street,1.856,31,BALBOA,3,bus,scheduled
31,1,Polk Street,1.856,31,BALBOA,3,bus,scheduled
31,1,Scott Street,1.856,31,BALBOA,3,bus,scheduled
31,1,Taylor Street,1.856,31,BALBOA,3,bus,scheduled
31,1,Van Ness Avenue,1.856,31,BALBOA,3,bus,scheduled
31,1,Geary Boulevard,0.364,31,BALBOA,3,bus,scheduled
33,0,18th Street,26.92,33,ASHBURY-18TH ST,3,bus,scheduled
33,0,Potrero Avenue,17.131,33,ASHBURY-18TH ST,3,bus,scheduled
33,0,Clayton Street,14.683,33,ASHBURY-18TH ST,3,bus,scheduled
33,0,Arguello Boulevard,12.236,33,ASHBURY-18TH ST,3,bus,scheduled
33,0,Ashbury Street,12.236,33,ASHBURY-18TH ST,3,bus,scheduled
33,0,16th Street,9.789,33,ASHBURY-18TH ST,3,bus,scheduled
33,0,Stanyan Street,7.342,33,ASHBURY-18TH ST,3,bus,scheduled
33,0,California Street,4.894,33,ASHBURY-18TH ST,3,bus,scheduled
33,0,Fulton Street,4.894,33,ASHBURY-18TH ST,3,bus,scheduled
33,0,Haight Street,4.894,33,ASHBURY-18TH ST,3,bus,scheduled
33,0,Market Street,4.894,33,ASHBURY-18TH ST,3,bus,scheduled
33,0,Mission Street,4.894,33,ASHBURY-18TH ST,3,bus,scheduled
33,0,Cherry Street,4.557,33,ASHBURY-18TH ST,3,bus,scheduled
33,0,19th Street,2.447,33,ASHBURY-18TH ST,3,bus,scheduled
33,0,21st Street,2.447,33,ASHBURY-18TH ST,3,bus,scheduled
33,0,23rd Street,2.447,33,ASHBURY-18TH ST,3,bus,scheduled
33,0,24th Street,2.447,33,ASHBURY-18TH ST,3,bus,scheduled
33,0,25th Street,2.447,33,ASHBURY-18TH ST,3,bus,scheduled
33,0,Balboa Street,2.447,33,ASHBURY-18TH ST,3,bus,scheduled
33,0,Bryant Street,2.447,33,ASHBURY-18TH ST,3,bus,scheduled
33,0,Castro Street,2.447,33,ASHBURY-18TH ST,3,bus,scheduled
33,0,Church Street,2.447,33,ASHBURY-18TH ST,3,bus,scheduled
33,0,Clement Street,2.447,33,ASHBURY-18TH ST,3,bus,scheduled
33,0,Clifford Terrace,2.447,33,ASHBURY-18TH ST,3,bus,scheduled
33,0,Corbett Avenue,2.447,33,ASHBURY-18TH ST,3,bus,scheduled
33,0,Danvers Street,2.447,33,ASHBURY-18TH ST,3,bus,scheduled
33,0,Diamond Street,2.447,33,ASHBURY-18TH ST,3,bus,scheduled
33,0,Dolores Street,2.447,33,ASHBURY-18TH ST,3,bus,scheduled
33,0,Frederick Street,2.447,33,ASHBURY-18TH ST,3,bus,scheduled
33,0,Geary Boulevard,2.447,33,ASHBURY-18TH ST,3,bus,scheduled
33,0,Guerrero Street,2.447,33,ASHBURY-18TH ST,3,bus,scheduled
33,0,Hattie Street,2.447,33,ASHBURY-18TH ST,3,bus,scheduled
33,0,Hayes Street,2.447,33,ASHBURY-18TH ST,3,bus,scheduled
33,0,Mariposa Street,2.447,33,ASHBURY-18TH ST,3,bus,scheduled
33,0,Noe Street,2.447,33,ASHBURY-18TH ST,3,bus,scheduled
33,0,Piedmont Street,2.447,33,ASHBURY-18TH ST,3,bus,scheduled
33,0,Sanchez Street,2.447,33,ASHBURY-18TH ST,3,bus,scheduled
33,0,Shotwell Street,2.447,33,ASHBURY-18TH ST,3,bus,scheduled
33,0,Twin Peaks Boulevard,2.447,33,ASHBURY-18TH ST,3,bus,scheduled
33,0,Valencia Street,2.447,33,ASHBURY-18TH ST,3,bus,scheduled
33,0,Waller Street,2.447,33,ASHBURY-18TH ST,3,bus,scheduled
33,0,Sacramento Street,2.11,33,ASHBURY-18TH ST,3,bus,scheduled
33,1,18th Street,27.997,33,ASHBURY-18TH ST,3,bus,scheduled
33,1,Potrero Avenue,16.331,33,ASHBURY-18TH ST,3,bus,scheduled
33,1,Ashbury Street,13.998,33,ASHBURY-18TH ST,3,bus,scheduled
33,1,Arguello Boulevard,11.665,33,ASHBURY-18TH ST,3,bus,scheduled
33,1,Clayton Street,11.665,33,ASHBURY-18TH ST,3,bus,scheduled
33,1,16th Street,9.332,33,ASHBURY-18TH ST,3,bus,scheduled
33,1,Haight Street,6.999,33,ASHBURY-18TH ST,3,bus,scheduled
33,1,Stanyan Street,6.999,33,ASHBURY-18TH ST,3,bus,scheduled
33,1,24th Street,4.666,33,ASHBURY-18TH ST,3,bus,scheduled
33,1,Fulton Street,4.666,33,ASHBURY-18TH ST,3,bus,scheduled
33,1,Market Street,4.666,33,ASHBURY-18TH ST,3,bus,scheduled
33,1,Mission Street,4.666,33,ASHBURY-18TH ST,3,bus,scheduled
33,1,19th Street,2.333,33,ASHBURY-18TH ST,3,bus,scheduled
33,1,21st Street,2.333,33,ASHBURY-18TH ST,3,bus,scheduled
33,1,25th Street,2.333,33,ASHBURY-18TH ST,3,bus,scheduled
33,1,Bryant Street,2.333,33,ASHBURY-18TH ST,3,bus,scheduled
33,1,California Street,2.333,33,ASHBURY-18TH ST,3,bus,scheduled
33,1,Castro Street,2.333,33,ASHBURY-18TH ST,3,bus,scheduled
33,1,Church Street,2.333,33,ASHBURY-18TH ST,3,bus,scheduled
33,1,Clifford Terrace,2.333,33,ASHBURY-18TH ST,3,bus,scheduled
33,1,Corbett Avenue,2.333,33,ASHBURY-18TH ST,3,bus,scheduled
33,1,Danvers Street,2.333,33,ASHBURY-18TH ST,3,bus,scheduled
33,1,Deming Street,2.333,33,ASHBURY-18TH ST,3,bus,scheduled
33,1,Dolores Street,2.333,33,ASHBURY-18TH ST,3,bus,scheduled
33,1,Euclid Avenue,2.333,33,ASHBURY-18TH ST,3,bus,scheduled
33,1,Eureka Street,2.333,33,ASHBURY-18TH ST,3,bus,scheduled
33,1,Folsom Street,2.333,33,ASHBURY-18TH ST,3,bus,scheduled
33,1,Frederick Street,2.333,33,ASHBURY-18TH ST,3,bus,scheduled
33,1,Geary Boulevard,2.333,33,ASHBURY-18TH ST,3,bus,scheduled
33,1,Guerrero Street,2.333,33,ASHBURY-18TH ST,3,bus,scheduled
33,1,Hampshire Street,2.333,33,ASHBURY-18TH ST,3,bus,scheduled
33,1,Hattie Street,2.333,33,ASHBURY-18TH ST,3,bus,scheduled
33,1,Hayes Street,2.333,33,ASHBURY-18TH ST,3,bus,scheduled
33,1,Mariposa Street,2.333,33,ASHBURY-18TH ST,3,bus,scheduled
33,1,Noe Street,2.333,33,ASHBURY-18TH ST,3,bus,scheduled
33,1,Oak Street,2.333,33,ASHBURY-18TH ST,3,bus,scheduled
33,1,Piedmont Street,2.333,33,ASHBURY-18TH ST,3,bus,scheduled
33,1,Sanchez Street,2.333,33,ASHBURY-18TH ST,3,bus,scheduled
33,1,Sf General Hospital,2.333,33,ASHBURY-18TH ST,3,bus,scheduled
33,1,Stanyan Stw,2.333,33,ASHBURY-18TH ST,3,bus,scheduled
33,1,Turk Street,2.333,33,ASHBURY-18TH ST,3,bus,scheduled
33,1,Valencia Street,2.333,33,ASHBURY-18TH ST,3,bus,scheduled
33,1,Waller Street,2.333,33,ASHBURY-18TH ST,3,bus,scheduled
33,1,Cherry Street,2.012,33,ASHBURY-18TH ST,3,bus,scheduled
33,1,Sacramento Street,2.012,33,ASHBURY-18TH ST,3,bus,scheduled
35,0,Diamond Street,35.294,35,EUREKA,3,bus,scheduled
35,0,Castro Street,17.647,35,EUREKA,3,bus,scheduled
35,0,Chenery Street,14.706,35,EUREKA,3,bus,scheduled
35,0,20th Street,8.824,35,EUREKA,3,bus,scheduled
35,0,Addison Street,8.824,35,EUREKA,3,bus,scheduled
35,0,Eureka Street,8.824,35,EUREKA,3,bus,scheduled
35,0,24th Street,5.882,35,EUREKA,3,bus,scheduled
35,0,Bemis Street,5.882,35,EUREKA,3,bus,scheduled
35,0,Diamond Heights Boulevard,5.882,35,EUREKA,3,bus,scheduled
35,0,Douglass Street,5.882,35,EUREKA,3,bus,scheduled
35,0,Farnum Street,5.882,35,EUREKA,3,bus,scheduled
35,0,Market Street,5.882,35,EUREKA,3,bus,scheduled
35,0,Miguel Street,5.882,35,EUREKA,3,bus,scheduled
35,0,Moffitt Street,5.882,35,EUREKA,3,bus,scheduled
35,0,18th Street,2.941,35,EUREKA,3,bus,scheduled
35,0,19th Street,2.941,35,EUREKA,3,bus,scheduled
35,0,21st Street,2.941,35,EUREKA,3,bus,scheduled
35,0,22nd Street,2.941,35,EUREKA,3,bus,scheduled
35,0,25th Street,2.941,35,EUREKA,3,bus,scheduled
35,0,26th Street,2.941,35,EUREKA,3,bus,scheduled
35,0,27th Street,2.941,35,EUREKA,3,bus,scheduled
35,0,28th Street,2.941,35,EUREKA,3,bus,scheduled
35,0,29th Street,2.941,35,EUREKA,3,bus,scheduled
35,0,33 Moffitt Street,2.941,35,EUREKA,3,bus,scheduled
35,0,Alvarado Street,2.941,35,EUREKA,3,bus,scheduled
35,0,Bosworth Street,2.941,35,EUREKA,3,bus,scheduled
35,0,Cesar Chavez Street,2.941,35,EUREKA,3,bus,scheduled
35,0,Clipper Street,2.941,35,EUREKA,3,bus,scheduled
35,0,Collingwood Street,2.941,35,EUREKA,3,bus,scheduled
35,0,Duncan Street,2.941,35,EUREKA,3,bus,scheduled
35,0,Laidley Street,2.941,35,EUREKA,3,bus,scheduled
35,0,Mateo Street,2.941,35,EUREKA,3,bus,scheduled
35,0,Roanoke Street,2.941,35,EUREKA,3,bus,scheduled
35,1,Diamond Street,34.286,35,EUREKA,3,bus,scheduled
35,1,Chenery Street,14.286,35,EUREKA,3,bus,scheduled
35,1,Eureka Street,14.286,35,EUREKA,3,bus,scheduled
35,1,Addison Street,11.429,35,EUREKA,3,bus,scheduled
35,1,21st Street,8.571,35,EUREKA,3,bus,scheduled
35,1,24th Street,8.571,35,EUREKA,3,bus,scheduled
35,1,Hoffman Avenue,8.571,35,EUREKA,3,bus,scheduled
35,1,Diamond Heights Boulevard,5.714,35,EUREKA,3,bus,scheduled
35,1,Douglass Street,5.714,35,EUREKA,3,bus,scheduled
35,1,Market Street,5.714,35,EUREKA,3,bus,scheduled
35,1,Miguel Street,5.714,35,EUREKA,3,bus,scheduled
35,1,164 Addison Street,2.857,35,EUREKA,3,bus,scheduled
35,1,18th Street,2.857,35,EUREKA,3,bus,scheduled
35,1,19th Street,2.857,35,EUREKA,3,bus,scheduled
35,1,20th Street,2.857,35,EUREKA,3,bus,scheduled
35,1,22nd Street,2.857,35,EUREKA,3,bus,scheduled
35,1,23rd Street,2.857,35,EUREKA,3,bus,scheduled
35,1,25th Street,2.857,35,EUREKA,3,bus,scheduled
35,1,26th Street,2.857,35,EUREKA,3,bus,scheduled
35,1,27th Street,2.857,35,EUREKA,3,bus,scheduled
35,1,28th Street,2.857,35,EUREKA,3,bus,scheduled
35,1,29th Street,2.857,35,EUREKA,3,bus,scheduled
35,1,46 Addison Street,2.857,35,EUREKA,3,bus,scheduled
35,1,Bemis Street,2.857,35,EUREKA,3,bus,scheduled
35,1,Bosworth Street,2.857,35,EUREKA,3,bus,scheduled
35,1,Castro Street,2.857,35,EUREKA,3,bus,scheduled
35,1,Cesar Chavez Street,2.857,35,EUREKA,3,bus,scheduled
35,1,Clipper Street,2.857,35,EUREKA,3,bus,scheduled
35,1,Digby Street,2.857,35,EUREKA,3,bus,scheduled
35,1,Duncan Street,2.857,35,EUREKA,3,bus,scheduled
35,1,Farnum Street,2.857,35,EUREKA,3,bus,scheduled
35,1,Grand View Avenue,2.857,35,EUREKA,3,bus,scheduled
35,1,Laidley Street,2.857,35,EUREKA,3,bus,scheduled
35,1,Mateo Street,2.857,35,EUREKA,3,bus,scheduled
35,1,Natick Street,2.857,35,EUREKA,3,bus,scheduled
35,1,Roanoke Street,2.857,35,EUREKA,3,bus,scheduled
36,0,Teresita Boulevard,22.441,36,TERESITA,3,bus,scheduled
36,0,Chenery Street,18.096,36,TERESITA,3,bus,scheduled
36,0,Myra Way,14.581,36,TERESITA,3,bus,scheduled
36,0,Monterey Boulevard,11.31,36,TERESITA,3,bus,scheduled
36,0,Foerster Street,9.048,36,TERESITA,3,bus,scheduled
36,0,Woodside Avenue,9.048,36,TERESITA,3,bus,scheduled
36,0,Reposa Way,8.511,36,TERESITA,3,bus,scheduled
36,0,30th Street,6.786,36,TERESITA,3,bus,scheduled
36,0,Diamond Street,4.524,36,TERESITA,3,bus,scheduled
36,0,Mission Street,4.524,36,TERESITA,3,bus,scheduled
36,0,Portola Drive,4.524,36,TERESITA,3,bus,scheduled
36,0,555 Myra Way,4.166,36,TERESITA,3,bus,scheduled
36,0,Molimo Drive,4.166,36,TERESITA,3,bus,scheduled
36,0,Omar Way,4.166,36,TERESITA,3,bus,scheduled
36,0,636 Teresita Boulevard,2.262,36,TERESITA,3,bus,scheduled
36,0,900 Teresita Boulevard,2.262,36,TERESITA,3,bus,scheduled
36,0,Baden Street,2.262,36,TERESITA,3,bus,scheduled
36,0,Balceta Avenue,2.262,36,TERESITA,3,bus,scheduled
36,0,Bella Vista Way,2.262,36,TERESITA,3,bus,scheduled
36,0,Bosworth Street,2.262,36,TERESITA,3,bus,scheduled
36,0,Congo Street,2.262,36,TERESITA,3,bus,scheduled
36,0,Detroit Street,2.262,36,TERESITA,3,bus,scheduled
36,0,Dolores Street,2.262,36,TERESITA,3,bus,scheduled
36,0,Edna Street,2.262,36,TERESITA,3,bus,scheduled
36,0,El Sereno Court,2.262,36,TERESITA,3,bus,scheduled
36,0,Evelyn Way,2.262,36,TERESITA,3,bus,scheduled
36,0,Fairmount Street,2.262,36,TERESITA,3,bus,scheduled
36,0,Fowler Avenue,2.262,36,TERESITA,3,bus,scheduled
36,0,Gaviota Way,2.262,36,TERESITA,3,bus,scheduled
36,0,Hernandez Avenue,2.262,36,TERESITA,3,bus,scheduled
36,0,Isola Way,2.262,36,TERESITA,3,bus,scheduled
36,0,Laguna Honda Blvd/Forest Hill Sta,2.262,36,TERESITA,3,bus,scheduled
36,0,Mangels Avenue,2.262,36,TERESITA,3,bus,scheduled
36,0,Mateo Street,2.262,36,TERESITA,3,bus,scheduled
36,0,Miguel Street,2.262,36,TERESITA,3,bus,scheduled
36,0,Natick Street,2.262,36,TERESITA,3,bus,scheduled
36,0,Randall Street,2.262,36,TERESITA,3,bus,scheduled
36,0,Roanoke Street,2.262,36,TERESITA,3,bus,scheduled
36,0,Stillings Avenue,2.262,36,TERESITA,3,bus,scheduled
36,0,Ulloa Street,2.262,36,TERESITA,3,bus,scheduled
36,0,Valencia Street,2.262,36,TERESITA,3,bus,scheduled
36,0,Dalewood Way,2.083,36,TERESITA,3,bus,scheduled
36,1,Teresita Boulevard,15.066,36,TERESITA,3,bus,scheduled
36,1,Clarendon Avenue,11.398,36,TERESITA,3,bus,scheduled
36,1,Chenery Street,8.865,36,TERESITA,3,bus,scheduled
36,1,Myra Way,7.946,36,TERESITA,3,bus,scheduled
36,1,Monterey Boulevard,7.598,36,TERESITA,3,bus,scheduled
36,1,Panorama Drive,7.598,36,TERESITA,3,bus,scheduled
36,1,Olympia Way,6.332,36,TERESITA,3,bus,scheduled
36,1,Foerster Street,5.066,36,TERESITA,3,bus,scheduled
36,1,Warren Drive,5.066,36,TERESITA,3,bus,scheduled
36,1,Reposa Way,4.672,36,TERESITA,3,bus,scheduled
36,1,30th Street,3.799,36,TERESITA,3,bus,scheduled
36,1,Dellbrook Avenue,3.799,36,TERESITA,3,bus,scheduled
36,1,Laguna Honda Boulevard,3.799,36,TERESITA,3,bus,scheduled
36,1,Mission Street,3.799,36,TERESITA,3,bus,scheduled
36,1,Skyview Way,3.799,36,TERESITA,3,bus,scheduled
36,1,Valencia Street,3.799,36,TERESITA,3,bus,scheduled
36,1,Woodside Avenue,3.799,36,TERESITA,3,bus,scheduled
36,1,7th Avenue,2.533,36,TERESITA,3,bus,scheduled
36,1,City View Way,2.533,36,TERESITA,3,bus,scheduled
36,1,Diamond Street,2.533,36,TERESITA,3,bus,scheduled
36,1,Galewood Circle,2.533,36,TERESITA,3,bus,scheduled
36,1,Marietta Drive,2.533,36,TERESITA,3,bus,scheduled
36,1,Oakpark Drive,2.533,36,TERESITA,3,bus,scheduled
36,1,Portola Drive,2.533,36,TERESITA,3,bus,scheduled
36,1,555 Myra Way,2.27,36,TERESITA,3,bus,scheduled
36,1,Molimo Drive,2.27,36,TERESITA,3,bus,scheduled
36,1,Omar Way,2.27,36,TERESITA,3,bus,scheduled
36,1,117 Warren Drive,1.266,36,TERESITA,3,bus,scheduled
36,1,1697 7th Avenue,1.266,36,TERESITA,3,bus,scheduled
36,1,345 Warren Dr E,1.266,36,TERESITA,3,bus,scheduled
36,1,400 Warren Dr E,1.266,36,TERESITA,3,bus,scheduled
36,1,455 Warren Drive,1.266,36,TERESITA,3,bus,scheduled
36,1,636 Teresita Boulevard,1.266,36,TERESITA,3,bus,scheduled
36,1,900 Teresita Boulevard,1.266,36,TERESITA,3,bus,scheduled
36,1,Acadia Street,1.266,36,TERESITA,3,bus,scheduled
36,1,Aquavista Way,1.266,36,TERESITA,3,bus,scheduled
36,1,Baden Street,1.266,36,TERESITA,3,bus,scheduled
36,1,Bosworth Street,1.266,36,TERESITA,3,bus,scheduled
36,1,Castro Street,1.266,36,TERESITA,3,bus,scheduled
36,1,Cesar Chavez Street,1.266,36,TERESITA,3,bus,scheduled
36,1,Christopher Drive,1.266,36,TERESITA,3,bus,scheduled
36,1,Clarendon Woods S,1.266,36,TERESITA,3,bus,scheduled
36,1,Congo Street,1.266,36,TERESITA,3,bus,scheduled
36,1,Detroit Street,1.266,36,TERESITA,3,bus,scheduled
36,1,Devonshire Way,1.266,36,TERESITA,3,bus,scheduled
36,1,Dewey Boulevard,1.266,36,TERESITA,3,bus,scheduled
36,1,Dolores Street,1.266,36,TERESITA,3,bus,scheduled
36,1,Edna Street,1.266,36,TERESITA,3,bus,scheduled
36,1,El Sereno Court,1.266,36,TERESITA,3,bus,scheduled
36,1,Forest Knolls Drive,1.266,36,TERESITA,3,bus,scheduled
36,1,Fowler Avenue,1.266,36,TERESITA,3,bus,scheduled
36,1,Gaviota Way,1.266,36,TERESITA,3,bus,scheduled
36,1,Gladeview Drive,1.266,36,TERESITA,3,bus,scheduled
36,1,Hernandez Avenue,1.266,36,TERESITA,3,bus,scheduled
36,1,Isola Way,1.266,36,TERESITA,3,bus,scheduled
36,1,Knollview Way,1.266,36,TERESITA,3,bus,scheduled
36,1,Laguna Honda,1.266,36,TERESITA,3,bus,scheduled
36,1,Laguna Honda Blvd/Forest Hill Sta,1.266,36,TERESITA,3,bus,scheduled
36,1,Laguna Honda Blvd/Opp Forest Hill,1.266,36,TERESITA,3,bus,scheduled
36,1,Lawton Street,1.266,36,TERESITA,3,bus,scheduled
36,1,Locksley Avenue,1.266,36,TERESITA,3,bus,scheduled
36,1,Mangels Avenue,1.266,36,TERESITA,3,bus,scheduled
36,1,Marview Way,1.266,36,TERESITA,3,bus,scheduled
36,1,Mateo Street,1.266,36,TERESITA,3,bus,scheduled
36,1,Miguel Street,1.266,36,TERESITA,3,bus,scheduled
36,1,Randall Street,1.266,36,TERESITA,3,bus,scheduled
36,1,Roanoke Street,1.266,36,TERESITA,3,bus,scheduled
36,1,Starview Way,1.266,36,TERESITA,3,bus,scheduled
36,1,Stillings Avenue,1.266,36,TERESITA,3,bus,scheduled
36,1,Ulloa Street,1.266,36,TERESITA,3,bus,scheduled
36,1,Dalewood Way,1.135,36,TERESITA,3,bus,scheduled
37,0,Corbett Avenue,18.059,37,CORBETT,3,bus,scheduled
37,0,Cole Street,13.905,37,CORBETT,3,bus,scheduled
37,0,Roosevelt Way,13.905,37,CORBETT,3,bus,scheduled
37,0,14th Street,9.932,37,CORBETT,3,bus,scheduled
37,0,Burnett Avenue,8.127,37,CORBETT,3,bus,scheduled
37,0,17th Street,7.946,37,CORBETT,3,bus,scheduled
37,0,Haight Street,7.946,37,CORBETT,3,bus,scheduled
37,0,Carmel Street,5.959,37,CORBETT,3,bus,scheduled
37,0,Market Street,5.959,37,CORBETT,3,bus,scheduled
37,0,Crestline Drive,4.064,37,CORBETT,3,bus,scheduled
37,0,Parkridge Drive,4.064,37,CORBETT,3,bus,scheduled
37,0,15th Street,3.973,37,CORBETT,3,bus,scheduled
37,0,Clayton Street,3.973,37,CORBETT,3,bus,scheduled
37,0,120 Portola Drive,2.032,37,CORBETT,3,bus,scheduled
37,0,40 Crestline Drive,2.032,37,CORBETT,3,bus,scheduled
37,0,6 Portola Drive,2.032,37,CORBETT,3,bus,scheduled
37,0,74 Crestline Drive,2.032,37,CORBETT,3,bus,scheduled
37,0,795 Corbett Avenue,2.032,37,CORBETT,3,bus,scheduled
37,0,956 Corbett Avenue,2.032,37,CORBETT,3,bus,scheduled
37,0,Dawnview Way,2.032,37,CORBETT,3,bus,scheduled
37,0,Graystone Terrace,2.032,37,CORBETT,3,bus,scheduled
37,0,Hopkins Avenue,2.032,37,CORBETT,3,bus,scheduled
37,0,Iron Aly,2.032,37,CORBETT,3,bus,scheduled
37,0,Portola Drive,2.032,37,CORBETT,3,bus,scheduled
37,0,Romain Street,2.032,37,CORBETT,3,bus,scheduled
37,0,16th Street,1.986,37,CORBETT,3,bus,scheduled
37,0,210 Corbett Avenue,1.986,37,CORBETT,3,bus,scheduled
37,0,328 Corbett Avenue,1.986,37,CORBETT,3,bus,scheduled
37,0,415 Roosevelt Way,1.986,37,CORBETT,3,bus,scheduled
37,0,Alma Street,1.986,37,CORBETT,3,bus,scheduled
37,0,Ashbury Street,1.986,37,CORBETT,3,bus,scheduled
37,0,Belvedere Street,1.986,37,CORBETT,3,bus,scheduled
37,0,Buena Vista Terrace,1.986,37,CORBETT,3,bus,scheduled
37,0,Carl Street,1.986,37,CORBETT,3,bus,scheduled
37,0,Castro Street,1.986,37,CORBETT,3,bus,scheduled
37,0,Church Street,1.986,37,CORBETT,3,bus,scheduled
37,0,Clifford Terrace,1.986,37,CORBETT,3,bus,scheduled
37,0,Danvers Street,1.986,37,CORBETT,3,bus,scheduled
37,0,Diamond Street,1.986,37,CORBETT,3,bus,scheduled
37,0,Frederick Street,1.986,37,CORBETT,3,bus,scheduled
37,0,Hattie Street,1.986,37,CORBETT,3,bus,scheduled
37,0,Lower Terrace,1.986,37,CORBETT,3,bus,scheduled
37,0,Mars Street,1.986,37,CORBETT,3,bus,scheduled
37,0,Masonic Avenue,1.986,37,CORBETT,3,bus,scheduled
37,0,Museum Way,1.986,37,CORBETT,3,bus,scheduled
37,0,Noe Street,1.986,37,CORBETT,3,bus,scheduled
37,0,Ord Street,1.986,37,CORBETT,3,bus,scheduled
37,0,Parnassus Avenue,1.986,37,CORBETT,3,bus,scheduled
37,0,Sanchez Street,1.986,37,CORBETT,3,bus,scheduled
37,0,Twin Peaks Boulevard,1.986,37,CORBETT,3,bus,scheduled
37,1,Corbett Avenue,19.512,37,CORBETT,3,bus,scheduled
37,1,Cole Street,14.634,37,CORBETT,3,bus,scheduled
37,1,14th Street,12.195,37,CORBETT,3,bus,scheduled
37,1,Roosevelt Way,12.195,37,CORBETT,3,bus,scheduled
37,1,17th Street,9.756,37,CORBETT,3,bus,scheduled
37,1,Burnett Avenue,7.317,37,CORBETT,3,bus,scheduled
37,1,Clayton Street,7.317,37,CORBETT,3,bus,scheduled
37,1,Haight Street,7.317,37,CORBETT,3,bus,scheduled
37,1,Market Street,7.317,37,CORBETT,3,bus,scheduled
37,1,Castro Street,4.878,37,CORBETT,3,bus,scheduled
37,1,Noe Street,4.878,37,CORBETT,3,bus,scheduled
37,1,Sanchez Street,4.878,37,CORBETT,3,bus,scheduled
37,1,211 Corbett Avenue,2.439,37,CORBETT,3,bus,scheduled
37,1,341 Corbett Avenue,2.439,37,CORBETT,3,bus,scheduled
37,1,414 Roosevelt Way,2.439,37,CORBETT,3,bus,scheduled
37,1,539 Corbett Avenue,2.439,37,CORBETT,3,bus,scheduled
37,1,800 Corbett Avenue,2.439,37,CORBETT,3,bus,scheduled
37,1,925 Corbett Avenue,2.439,37,CORBETT,3,bus,scheduled
37,1,Alma Street,2.439,37,CORBETT,3,bus,scheduled
37,1,Alpine Terrace,2.439,37,CORBETT,3,bus,scheduled
37,1,Belvedere Street,2.439,37,CORBETT,3,bus,scheduled
37,1,Buena Vista Terrace,2.439,37,CORBETT,3,bus,scheduled
37,1,Carl Street,2.439,37,CORBETT,3,bus,scheduled
37,1,Church Street,2.439,37,CORBETT,3,bus,scheduled
37,1,Clifford Terrace,2.439,37,CORBETT,3,bus,scheduled
37,1,Clipper Street,2.439,37,CORBETT,3,bus,scheduled
37,1,Crestline Drive,2.439,37,CORBETT,3,bus,scheduled
37,1,Cuesta Court,2.439,37,CORBETT,3,bus,scheduled
37,1,Danvers Street,2.439,37,CORBETT,3,bus,scheduled
37,1,Dawnview Way,2.439,37,CORBETT,3,bus,scheduled
37,1,Douglass Street,2.439,37,CORBETT,3,bus,scheduled
37,1,Graystone Terrace,2.439,37,CORBETT,3,bus,scheduled
37,1,Hattie Street,2.439,37,CORBETT,3,bus,scheduled
37,1,Lower Terrace,2.439,37,CORBETT,3,bus,scheduled
37,1,Mars Street,2.439,37,CORBETT,3,bus,scheduled
37,1,Masonic Avenue,2.439,37,CORBETT,3,bus,scheduled
37,1,Park Hill Avenue,2.439,37,CORBETT,3,bus,scheduled
37,1,Parkridge Drive,2.439,37,CORBETT,3,bus,scheduled
37,1,Parnassus Avenue,2.439,37,CORBETT,3,bus,scheduled
37,1,Portola Drive,2.439,37,CORBETT,3,bus,scheduled
37,1,Romain Street,2.439,37,CORBETT,3,bus,scheduled
37,1,Waller Street,2.439,37,CORBETT,3,bus,scheduled
38,0,Geary Boulevard,82.026,38,GEARY,3,bus,scheduled
38,0,Market Street,7.551,38,GEARY,3,bus,scheduled
38,0,33rd Avenue,4.577,38,GEARY,3,bus,scheduled
38,0,[UNKNOWN],3.706,38,GEARY,3,bus,scheduled
38,0,Point Lobos Avenue,3.252,38,GEARY,3,bus,scheduled
38,0,42nd Avenue,2.676,38,GEARY,3,bus,scheduled
38,0,17th Avenue,2.517,38,GEARY,3,bus,scheduled
38,0,20th Avenue,2.517,38,GEARY,3,bus,scheduled
38,0,22nd Avenue,2.517,38,GEARY,3,bus,scheduled
38,0,25th Avenue,2.517,38,GEARY,3,bus,scheduled
38,0,28th Avenue,2.517,38,GEARY,3,bus,scheduled
38,0,30th Avenue,2.517,38,GEARY,3,bus,scheduled
38,0,3rd Avenue,2.517,38,GEARY,3,bus,scheduled
38,0,6th Avenue,2.517,38,GEARY,3,bus,scheduled
38,0,9th Avenue,2.517,38,GEARY,3,bus,scheduled
38,0,Arguello Boulevard,2.517,38,GEARY,3,bus,scheduled
38,0,Baker Street,2.517,38,GEARY,3,bus,scheduled
38,0,Collins Street,2.517,38,GEARY,3,bus,scheduled
38,0,Commonwealth Street,2.517,38,GEARY,3,bus,scheduled
38,0,Divisadero Street,2.517,38,GEARY,3,bus,scheduled
38,0,Fillmore Street,2.517,38,GEARY,3,bus,scheduled
38,0,Fremont Street,2.517,38,GEARY,3,bus,scheduled
38,0,Gough Street,2.517,38,GEARY,3,bus,scheduled
38,0,Jones Street,2.517,38,GEARY,3,bus,scheduled
38,0,Kearny Street,2.517,38,GEARY,3,bus,scheduled
38,0,Laguna Street,2.517,38,GEARY,3,bus,scheduled
38,0,Larkin Street,2.517,38,GEARY,3,bus,scheduled
38,0,Leavenworth Street,2.517,38,GEARY,3,bus,scheduled
38,0,Montgomery Street,2.517,38,GEARY,3,bus,scheduled
38,0,Park Presidio Boulevard,2.517,38,GEARY,3,bus,scheduled
38,0,Powell Street,2.517,38,GEARY,3,bus,scheduled
38,0,Presidio Avenue,2.517,38,GEARY,3,bus,scheduled
38,0,Sansome Street,2.517,38,GEARY,3,bus,scheduled
38,0,Scott Street,2.517,38,GEARY,3,bus,scheduled
38,0,Spruce Street,2.517,38,GEARY,3,bus,scheduled
38,0,Stockton Street,2.517,38,GEARY,3,bus,scheduled
38,0,Taylor Street,2.517,38,GEARY,3,bus,scheduled
38,0,Van Ness Avenue,2.517,38,GEARY,3,bus,scheduled
38,0,Webster Street,2.517,38,GEARY,3,bus,scheduled
38,0,36th Avenue,1.487,38,GEARY,3,bus,scheduled
38,0,39th Avenue,1.487,38,GEARY,3,bus,scheduled
38,0,Clement Street,1.407,38,GEARY,3,bus,scheduled
38,0,32nd Avenue,1.03,38,GEARY,3,bus,scheduled
38,0,Anza Street,1.03,38,GEARY,3,bus,scheduled
38,0,Balboa Street,1.03,38,GEARY,3,bus,scheduled
38,0,44th Avenue,0.516,38,GEARY,3,bus,scheduled
38,0,46th Avenue,0.516,38,GEARY,3,bus,scheduled
38,0,48th Avenue,0.516,38,GEARY,3,bus,scheduled
38,0,43rd Avenue,0.435,38,GEARY,3,bus,scheduled
38,1,Geary Boulevard,65.552,38,GEARY,3,bus,scheduled
38,1,O'Farrell Street,16.844,38,GEARY,3,bus,scheduled
38,1,Market Street,5.615,38,GEARY,3,bus,scheduled
38,1,[UNKNOWN],3.81,38,GEARY,3,bus,scheduled
38,1,Arguello Boulevard,2.818,38,GEARY,3,bus,scheduled
38,1,1st Street,2.807,38,GEARY,3,bus,scheduled
38,1,3rd Street,2.807,38,GEARY,3,bus,scheduled
38,1,Beale Street,2.807,38,GEARY,3,bus,scheduled
38,1,Collins Street,2.807,38,GEARY,3,bus,scheduled
38,1,Divisadero Street,2.807,38,GEARY,3,bus,scheduled
38,1,Fillmore Street,2.807,38,GEARY,3,bus,scheduled
38,1,Gough Street,2.807,38,GEARY,3,bus,scheduled
38,1,Grant Avenue,2.807,38,GEARY,3,bus,scheduled
38,1,Laguna Street,2.807,38,GEARY,3,bus,scheduled
38,1,Larkin Street,2.807,38,GEARY,3,bus,scheduled
38,1,Leavenworth Street,2.807,38,GEARY,3,bus,scheduled
38,1,Masonic Street,2.807,38,GEARY,3,bus,scheduled
38,1,Mission Street,2.807,38,GEARY,3,bus,scheduled
38,1,Powell Street,2.807,38,GEARY,3,bus,scheduled
38,1,Scott Street,2.807,38,GEARY,3,bus,scheduled
38,1,Spruce Street,2.807,38,GEARY,3,bus,scheduled
38,1,St Joseph'S Avenue,2.807,38,GEARY,3,bus,scheduled
38,1,Stanyan Street,2.807,38,GEARY,3,bus,scheduled
38,1,Starr King Way,2.807,38,GEARY,3,bus,scheduled
38,1,Taylor Street,2.807,38,GEARY,3,bus,scheduled
38,1,Van Ness Avenue,2.807,38,GEARY,3,bus,scheduled
38,1,3rd Avenue,2.797,38,GEARY,3,bus,scheduled
38,1,6th Avenue,2.797,38,GEARY,3,bus,scheduled
38,1,9th Avenue,2.797,38,GEARY,3,bus,scheduled
38,1,Park Presidio Boulevard,2.797,38,GEARY,3,bus,scheduled
38,1,30th Avenue,2.796,38,GEARY,3,bus,scheduled
38,1,32nd Avenue,2.79,38,GEARY,3,bus,scheduled
38,1,17th Avenue,2.789,38,GEARY,3,bus,scheduled
38,1,20th Avenue,2.789,38,GEARY,3,bus,scheduled
38,1,23rd Avenue,2.789,38,GEARY,3,bus,scheduled
38,1,25th Avenue,2.789,38,GEARY,3,bus,scheduled
38,1,28th Avenue,2.789,38,GEARY,3,bus,scheduled
38,1,43rd Avenue,2.006,38,GEARY,3,bus,scheduled
38,1,33rd Avenue,1.552,38,GEARY,3,bus,scheduled
38,1,36th Avenue,1.552,38,GEARY,3,bus,scheduled
38,1,39th Avenue,1.552,38,GEARY,3,bus,scheduled
38,1,42nd Avenue,1.552,38,GEARY,3,bus,scheduled
38,1,Point Lobos Avenue,1.552,38,GEARY,3,bus,scheduled
38,1,Clement Street,1.003,38,GEARY,3,bus,scheduled
38,1,45th Avenue,0.549,38,GEARY,3,bus,scheduled
38,1,48th Avenue,0.549,38,GEARY,3,bus,scheduled
38,1,Anza Street,0.009,38,GEARY,3,bus,scheduled
38R,0,Geary Boulevard,68.0,38R,GEARY RAPID,3,bus,scheduled
38R,0,Point Lobos Avenue,16.0,38R,GEARY RAPID,3,bus,scheduled
38R,0,Market Street,12.0,38R,GEARY RAPID,3,bus,scheduled
38R,0,20th Avenue,4.0,38R,GEARY RAPID,3,bus,scheduled
38R,0,25th Avenue,4.0,38R,GEARY RAPID,3,bus,scheduled
38R,0,33rd Avenue,4.0,38R,GEARY RAPID,3,bus,scheduled
38R,0,36th Avenue,4.0,38R,GEARY RAPID,3,bus,scheduled
38R,0,39th Avenue,4.0,38R,GEARY RAPID,3,bus,scheduled
38R,0,42nd Avenue,4.0,38R,GEARY RAPID,3,bus,scheduled
38R,0,44th Avenue,4.0,38R,GEARY RAPID,3,bus,scheduled
38R,0,46th Avenue,4.0,38R,GEARY RAPID,3,bus,scheduled
38R,0,48th Avenue,4.0,38R,GEARY RAPID,3,bus,scheduled
38R,0,6th Avenue,4.0,38R,GEARY RAPID,3,bus,scheduled
38R,0,Arguello Boulevard,4.0,38R,GEARY RAPID,3,bus,scheduled
38R,0,Divisadero Street,4.0,38R,GEARY RAPID,3,bus,scheduled
38R,0,Fillmore Street,4.0,38R,GEARY RAPID,3,bus,scheduled
38R,0,Fremont Street,4.0,38R,GEARY RAPID,3,bus,scheduled
38R,0,Kearny Street,4.0,38R,GEARY RAPID,3,bus,scheduled
38R,0,Laguna Street,4.0,38R,GEARY RAPID,3,bus,scheduled
38R,0,Leavenworth Street,4.0,38R,GEARY RAPID,3,bus,scheduled
38R,0,Montgomery Street,4.0,38R,GEARY RAPID,3,bus,scheduled
38R,0,Park Presidio Boulevard,4.0,38R,GEARY RAPID,3,bus,scheduled
38R,0,Powell Street,4.0,38R,GEARY RAPID,3,bus,scheduled
38R,0,Presidio Avenue,4.0,38R,GEARY RAPID,3,bus,scheduled
38R,0,Sansome Street,4.0,38R,GEARY RAPID,3,bus,scheduled
38R,0,Stockton Street,4.0,38R,GEARY RAPID,3,bus,scheduled
38R,0,Van Ness Avenue,4.0,38R,GEARY RAPID,3,bus,scheduled
38R,0,[UNKNOWN],4.0,38R,GEARY RAPID,3,bus,scheduled
38R,1,Geary Boulevard,60.87,38R,GEARY RAPID,3,bus,scheduled
38R,1,O'Farrell Street,17.391,38R,GEARY RAPID,3,bus,scheduled
38R,1,Market Street,8.696,38R,GEARY RAPID,3,bus,scheduled
38R,1,1st Street,4.348,38R,GEARY RAPID,3,bus,scheduled
38R,1,20th Avenue,4.348,38R,GEARY RAPID,3,bus,scheduled
38R,1,25th Avenue,4.348,38R,GEARY RAPID,3,bus,scheduled
38R,1,33rd Avenue,4.348,38R,GEARY RAPID,3,bus,scheduled
38R,1,36th Avenue,4.348,38R,GEARY RAPID,3,bus,scheduled
38R,1,39th Avenue,4.348,38R,GEARY RAPID,3,bus,scheduled
38R,1,3rd Street,4.348,38R,GEARY RAPID,3,bus,scheduled
38R,1,42nd Avenue,4.348,38R,GEARY RAPID,3,bus,scheduled
38R,1,45th Avenue,4.348,38R,GEARY RAPID,3,bus,scheduled
38R,1,48th Avenue,4.348,38R,GEARY RAPID,3,bus,scheduled
38R,1,6th Avenue,4.348,38R,GEARY RAPID,3,bus,scheduled
38R,1,Arguello Boulevard,4.348,38R,GEARY RAPID,3,bus,scheduled
38R,1,Beale Street,4.348,38R,GEARY RAPID,3,bus,scheduled
38R,1,Divisadero Street,4.348,38R,GEARY RAPID,3,bus,scheduled
38R,1,Fillmore Street,4.348,38R,GEARY RAPID,3,bus,scheduled
38R,1,Grant Avenue,4.348,38R,GEARY RAPID,3,bus,scheduled
38R,1,Laguna Street,4.348,38R,GEARY RAPID,3,bus,scheduled
38R,1,Masonic Street,4.348,38R,GEARY RAPID,3,bus,scheduled
38R,1,Mission Street,4.348,38R,GEARY RAPID,3,bus,scheduled
38R,1,Park Presidio Boulevard,4.348,38R,GEARY RAPID,3,bus,scheduled
38R,1,Point Lobos Avenue,4.348,38R,GEARY RAPID,3,bus,scheduled
38R,1,Powell Street,4.348,38R,GEARY RAPID,3,bus,scheduled
38R,1,Taylor Street,4.348,38R,GEARY RAPID,3,bus,scheduled
38R,1,Van Ness Avenue,4.348,38R,GEARY RAPID,3,bus,scheduled
38R,1,[UNKNOWN],4.348,38R,GEARY RAPID,3,bus,scheduled
39,0,Powell Street,29.412,39,COIT,3,bus,scheduled
39,0,Stockton Street,29.412,39,COIT,3,bus,scheduled
39,0,Lombard Street,23.529,39,COIT,3,bus,scheduled
39,0,Greenwich Street,11.765,39,COIT,3,bus,scheduled
39,0,North Point Street,11.765,39,COIT,3,bus,scheduled
39,0,Union Street,11.765,39,COIT,3,bus,scheduled
39,0,115 Telegraph Hill Boulevard,5.882,39,COIT,3,bus,scheduled
39,0,225 Telegraph Hill Boulevard,5.882,39,COIT,3,bus,scheduled
39,0,Beach Street,5.882,39,COIT,3,bus,scheduled
39,0,Columbus Avenue,5.882,39,COIT,3,bus,scheduled
39,0,Filbert Street,5.882,39,COIT,3,bus,scheduled
39,0,Francisco Street,5.882,39,COIT,3,bus,scheduled
39,0,Grant Avenue,5.882,39,COIT,3,bus,scheduled
39,0,Kearny Street,5.882,39,COIT,3,bus,scheduled
39,0,Telegraph Hill Boulevard,5.882,39,COIT,3,bus,scheduled
39,0,The Embarcadero,5.882,39,COIT,3,bus,scheduled
39,0,[UNKNOWN],5.882,39,COIT,3,bus,scheduled
39,1,Union Street,36.364,39,COIT,3,bus,scheduled
39,1,Stockton Street,22.727,39,COIT,3,bus,scheduled
39,1,Lombard Street,18.182,39,COIT,3,bus,scheduled
39,1,Powell Street,18.182,39,COIT,3,bus,scheduled
39,1,Grant Avenue,13.636,39,COIT,3,bus,scheduled
39,1,Kearny Street,13.636,39,COIT,3,bus,scheduled
39,1,Filbert Street,9.091,39,COIT,3,bus,scheduled
39,1,Greenwich Street,9.091,39,COIT,3,bus,scheduled
39,1,Montgomery Street,9.091,39,COIT,3,bus,scheduled
39,1,North Point Street,9.091,39,COIT,3,bus,scheduled
39,1,Telegraph Hill Boulevard,9.091,39,COIT,3,bus,scheduled
39,1,225 Telegraph Hill Boulevard,4.545,39,COIT,3,bus,scheduled
39,1,Bay Street,4.545,39,COIT,3,bus,scheduled
39,1,Columbus Avenue,4.545,39,COIT,3,bus,scheduled
39,1,Francisco Street,4.545,39,COIT,3,bus,scheduled
39,1,[UNKNOWN],4.545,39,COIT,3,bus,scheduled
43,0,Masonic Avenue,7.317,43,MASONIC,3,bus,scheduled
43,0,Parnassus Avenue,7.317,43,MASONIC,3,bus,scheduled
43,0,Geneva Avenue,6.098,43,MASONIC,3,bus,scheduled
43,0,Laguna Honda Boulevard,6.098,43,MASONIC,3,bus,scheduled
43,0,Presidio Avenue,6.098,43,MASONIC,3,bus,scheduled
43,0,Cole Street,4.878,43,MASONIC,3,bus,scheduled
43,0,Lombard Street,4.878,43,MASONIC,3,bus,scheduled
43,0,Monterey Boulevard,4.878,43,MASONIC,3,bus,scheduled
43,0,Yerba Buena Avenue,4.878,43,MASONIC,3,bus,scheduled
43,0,7th Avenue,3.659,43,MASONIC,3,bus,scheduled
43,0,9th Avenue,3.659,43,MASONIC,3,bus,scheduled
43,0,Chicago Way,3.659,43,MASONIC,3,bus,scheduled
43,0,Cordova Avenue,3.659,43,MASONIC,3,bus,scheduled
43,0,Gennessee Street,3.659,43,MASONIC,3,bus,scheduled
43,0,Haight Street,3.659,43,MASONIC,3,bus,scheduled
43,0,Judah Street,3.659,43,MASONIC,3,bus,scheduled
43,0,Miraloma Drive,3.659,43,MASONIC,3,bus,scheduled
43,0,Naples Street,3.659,43,MASONIC,3,bus,scheduled
43,0,Prague Street,3.659,43,MASONIC,3,bus,scheduled
43,0,South Hill Boulevard,3.659,43,MASONIC,3,bus,scheduled
43,0,Curtis Street,2.439,43,MASONIC,3,bus,scheduled
43,0,Geary Boulevard,2.439,43,MASONIC,3,bus,scheduled
43,0,Judson Avenue,2.439,43,MASONIC,3,bus,scheduled
43,0,Laguna Street,2.439,43,MASONIC,3,bus,scheduled
43,0,Lawton Street,2.439,43,MASONIC,3,bus,scheduled
43,0,Plymouth Avenue,2.439,43,MASONIC,3,bus,scheduled
43,0,Portola Drive,2.439,43,MASONIC,3,bus,scheduled
43,0,Presidio Boulevard,2.439,43,MASONIC,3,bus,scheduled
43,0,Rolph Street,2.439,43,MASONIC,3,bus,scheduled
43,0,[UNKNOWN],2.439,43,MASONIC,3,bus,scheduled
43,0,126 Miraloma Drive,1.22,43,MASONIC,3,bus,scheduled
43,0,1697 7th Avenue,1.22,43,MASONIC,3,bus,scheduled
43,0,4th Avenue,1.22,43,MASONIC,3,bus,scheduled
43,0,500 Parnassus Avenue,1.22,43,MASONIC,3,bus,scheduled
43,0,6th Avenue,1.22,43,MASONIC,3,bus,scheduled
43,0,Balceta Avenue,1.22,43,MASONIC,3,bus,scheduled
43,0,Brentwood Avenue,1.22,43,MASONIC,3,bus,scheduled
43,0,Brunswick Street,1.22,43,MASONIC,3,bus,scheduled
43,0,California Street,1.22,43,MASONIC,3,bus,scheduled
43,0,Carl Street,1.22,43,MASONIC,3,bus,scheduled
43,0,Cayuga Avenue,1.22,43,MASONIC,3,bus,scheduled
43,0,Chestnut Street,1.22,43,MASONIC,3,bus,scheduled
43,0,Clarendon Avenue,1.22,43,MASONIC,3,bus,scheduled
43,0,Clay Street,1.22,43,MASONIC,3,bus,scheduled
43,0,Clayton Street,1.22,43,MASONIC,3,bus,scheduled
43,0,Divisadero Street,1.22,43,MASONIC,3,bus,scheduled
43,0,Fillmore Street,1.22,43,MASONIC,3,bus,scheduled
43,0,Flood Avenue,1.22,43,MASONIC,3,bus,scheduled
43,0,Frederick Street,1.22,43,MASONIC,3,bus,scheduled
43,0,Frida Khalo Way,1.22,43,MASONIC,3,bus,scheduled
43,0,Fulton Street,1.22,43,MASONIC,3,bus,scheduled
43,0,Geneva Ave/Balboa Park BART,1.22,43,MASONIC,3,bus,scheduled
43,0,Girard Road,1.22,43,MASONIC,3,bus,scheduled
43,0,Halleck St/Army Headquarters,1.22,43,MASONIC,3,bus,scheduled
43,0,Hayes Street,1.22,43,MASONIC,3,bus,scheduled
43,0,Hazelwood Avenue,1.22,43,MASONIC,3,bus,scheduled
43,0,Hillway Avenue,1.22,43,MASONIC,3,bus,scheduled
43,0,Howth Street,1.22,43,MASONIC,3,bus,scheduled
43,0,Idora Avenue,1.22,43,MASONIC,3,bus,scheduled
43,0,Jackson Street,1.22,43,MASONIC,3,bus,scheduled
43,0,Juanita Way,1.22,43,MASONIC,3,bus,scheduled
43,0,Kirkham Street,1.22,43,MASONIC,3,bus,scheduled
43,0,Laguna Honda,1.22,43,MASONIC,3,bus,scheduled
43,0,Laguna Honda Blvd/Forest Hill Sta,1.22,43,MASONIC,3,bus,scheduled
43,0,Letterman Dr/Tides Bldg,1.22,43,MASONIC,3,bus,scheduled
43,0,Letterman Drive,1.22,43,MASONIC,3,bus,scheduled
43,0,Lincoln Boulevard,1.22,43,MASONIC,3,bus,scheduled
43,0,Lyon Street,1.22,43,MASONIC,3,bus,scheduled
43,0,Madrid Street,1.22,43,MASONIC,3,bus,scheduled
43,0,Mangels Avenue,1.22,43,MASONIC,3,bus,scheduled
43,0,Marina Boulevard,1.22,43,MASONIC,3,bus,scheduled
43,0,Marne Avenue,1.22,43,MASONIC,3,bus,scheduled
43,0,Mission Street,1.22,43,MASONIC,3,bus,scheduled
43,0,Munich Street,1.22,43,MASONIC,3,bus,scheduled
43,0,Naylor Street,1.22,43,MASONIC,3,bus,scheduled
43,0,Oak Street,1.22,43,MASONIC,3,bus,scheduled
43,0,Pierce Street,1.22,43,MASONIC,3,bus,scheduled
43,0,Ridgewood Avenue,1.22,43,MASONIC,3,bus,scheduled
43,0,Saint Elmo Way,1.22,43,MASONIC,3,bus,scheduled
43,0,Shrader Street,1.22,43,MASONIC,3,bus,scheduled
43,0,Stanyan Street,1.22,43,MASONIC,3,bus,scheduled
43,0,Sumner Avenue,1.22,43,MASONIC,3,bus,scheduled
43,0,Sutter Street,1.22,43,MASONIC,3,bus,scheduled
43,0,Turk Street,1.22,43,MASONIC,3,bus,scheduled
43,0,Valdez Avenue,1.22,43,MASONIC,3,bus,scheduled
43,0,Vasquez Avenue,1.22,43,MASONIC,3,bus,scheduled
43,0,Waithman Way,1.22,43,MASONIC,3,bus,scheduled
43,0,Willard Street,1.22,43,MASONIC,3,bus,scheduled
43,0,Winding Way,1.22,43,MASONIC,3,bus,scheduled
43,1,Masonic Avenue,6.897,43,MASONIC,3,bus,scheduled
43,1,Geneva Avenue,5.747,43,MASONIC,3,bus,scheduled
43,1,Laguna Honda Boulevard,5.747,43,MASONIC,3,bus,scheduled
43,1,Lombard Street,5.747,43,MASONIC,3,bus,scheduled
43,1,Monterey Boulevard,5.747,43,MASONIC,3,bus,scheduled
43,1,Parnassus Avenue,5.747,43,MASONIC,3,bus,scheduled
43,1,Presidio Avenue,5.747,43,MASONIC,3,bus,scheduled
43,1,Cole Street,4.598,43,MASONIC,3,bus,scheduled
43,1,Cordova Avenue,4.598,43,MASONIC,3,bus,scheduled
43,1,Naples Street,4.598,43,MASONIC,3,bus,scheduled
43,1,Yerba Buena Avenue,4.598,43,MASONIC,3,bus,scheduled
43,1,9th Avenue,3.448,43,MASONIC,3,bus,scheduled
43,1,Chicago Way,3.448,43,MASONIC,3,bus,scheduled
43,1,Foerster Street,3.448,43,MASONIC,3,bus,scheduled
43,1,Haight Street,3.448,43,MASONIC,3,bus,scheduled
43,1,Judah Street,3.448,43,MASONIC,3,bus,scheduled
43,1,Judson Avenue,3.448,43,MASONIC,3,bus,scheduled
43,1,Letterman Drive,3.448,43,MASONIC,3,bus,scheduled
43,1,Miraloma Drive,3.448,43,MASONIC,3,bus,scheduled
43,1,Munich Street,3.448,43,MASONIC,3,bus,scheduled
43,1,Plymouth Avenue,3.448,43,MASONIC,3,bus,scheduled
43,1,7th Avenue,2.299,43,MASONIC,3,bus,scheduled
43,1,Geary Boulevard,2.299,43,MASONIC,3,bus,scheduled
43,1,Gennessee Street,2.299,43,MASONIC,3,bus,scheduled
43,1,Laguna Street,2.299,43,MASONIC,3,bus,scheduled
43,1,Lawton Street,2.299,43,MASONIC,3,bus,scheduled
43,1,Lincoln Boulevard,2.299,43,MASONIC,3,bus,scheduled
43,1,Portola Drive,2.299,43,MASONIC,3,bus,scheduled
43,1,Presidio Boulevard,2.299,43,MASONIC,3,bus,scheduled
43,1,Rolph Street,2.299,43,MASONIC,3,bus,scheduled
43,1,South Hill Boulevard,2.299,43,MASONIC,3,bus,scheduled
43,1,[UNKNOWN],2.299,43,MASONIC,3,bus,scheduled
43,1,1697 7th Avenue,1.149,43,MASONIC,3,bus,scheduled
43,1,513 Parnassus Avenue,1.149,43,MASONIC,3,bus,scheduled
43,1,5th Avenue,1.149,43,MASONIC,3,bus,scheduled
43,1,Athens Street,1.149,43,MASONIC,3,bus,scheduled
43,1,Balceta Avenue,1.149,43,MASONIC,3,bus,scheduled
43,1,Bay Street,1.149,43,MASONIC,3,bus,scheduled
43,1,Bengal Aly,1.149,43,MASONIC,3,bus,scheduled
43,1,Brentwood Avenue,1.149,43,MASONIC,3,bus,scheduled
43,1,Buchanan Street,1.149,43,MASONIC,3,bus,scheduled
43,1,California Street,1.149,43,MASONIC,3,bus,scheduled
43,1,Carl Street,1.149,43,MASONIC,3,bus,scheduled
43,1,Cayuga Avenue,1.149,43,MASONIC,3,bus,scheduled
43,1,Chestnut Street,1.149,43,MASONIC,3,bus,scheduled
43,1,Clarendon Avenue,1.149,43,MASONIC,3,bus,scheduled
43,1,Clay Street,1.149,43,MASONIC,3,bus,scheduled
43,1,Clayton Street,1.149,43,MASONIC,3,bus,scheduled
43,1,Del Sur Avenue,1.149,43,MASONIC,3,bus,scheduled
43,1,Dewey Boulevard,1.149,43,MASONIC,3,bus,scheduled
43,1,Divisadero Street,1.149,43,MASONIC,3,bus,scheduled
43,1,Fillmore Street,1.149,43,MASONIC,3,bus,scheduled
43,1,Flood Avenue,1.149,43,MASONIC,3,bus,scheduled
43,1,Frida Khalo Way,1.149,43,MASONIC,3,bus,scheduled
43,1,Fulton Street,1.149,43,MASONIC,3,bus,scheduled
43,1,Geneva Ave/Balboa Park BART,1.149,43,MASONIC,3,bus,scheduled
43,1,Girard Road,1.149,43,MASONIC,3,bus,scheduled
43,1,Halleck St/Army Headquarters,1.149,43,MASONIC,3,bus,scheduled
43,1,Hayes Street,1.149,43,MASONIC,3,bus,scheduled
43,1,Hazelwood Avenue,1.149,43,MASONIC,3,bus,scheduled
43,1,Hillway Avenue,1.149,43,MASONIC,3,bus,scheduled
43,1,Howth Street,1.149,43,MASONIC,3,bus,scheduled
43,1,Idora Avenue,1.149,43,MASONIC,3,bus,scheduled
43,1,Jackson Street,1.149,43,MASONIC,3,bus,scheduled
43,1,Juanita Way,1.149,43,MASONIC,3,bus,scheduled
43,1,Kirkham Street,1.149,43,MASONIC,3,bus,scheduled
43,1,Laguna Honda Blvd/Opp Forest Hill,1.149,43,MASONIC,3,bus,scheduled
43,1,Lombard,1.149,43,MASONIC,3,bus,scheduled
43,1,Lyon Street,1.149,43,MASONIC,3,bus,scheduled
43,1,Madrid Street,1.149,43,MASONIC,3,bus,scheduled
43,1,Mangels Avenue,1.149,43,MASONIC,3,bus,scheduled
43,1,Marina Boulevard,1.149,43,MASONIC,3,bus,scheduled
43,1,Marne Avenue,1.149,43,MASONIC,3,bus,scheduled
43,1,Mission Street,1.149,43,MASONIC,3,bus,scheduled
43,1,Naylor Street,1.149,43,MASONIC,3,bus,scheduled
43,1,Oak Street,1.149,43,MASONIC,3,bus,scheduled
43,1,Parnassus Ave &4th Avenue,1.149,43,MASONIC,3,bus,scheduled
43,1,Pierce Street,1.149,43,MASONIC,3,bus,scheduled
43,1,Prague Street,1.149,43,MASONIC,3,bus,scheduled
43,1,Ravenwood Drive,1.149,43,MASONIC,3,bus,scheduled
43,1,Rex Avenue,1.149,43,MASONIC,3,bus,scheduled
43,1,Richardson Avenue,1.149,43,MASONIC,3,bus,scheduled
43,1,Ridgewood Avenue,1.149,43,MASONIC,3,bus,scheduled
43,1,Seville Street,1.149,43,MASONIC,3,bus,scheduled
43,1,Shrader Street,1.149,43,MASONIC,3,bus,scheduled
43,1,Simonds Loop,1.149,43,MASONIC,3,bus,scheduled
43,1,Stanyan Street,1.149,43,MASONIC,3,bus,scheduled
43,1,Sutter Street,1.149,43,MASONIC,3,bus,scheduled
43,1,Turk Street,1.149,43,MASONIC,3,bus,scheduled
43,1,Ulloa Street,1.149,43,MASONIC,3,bus,scheduled
43,1,Valdez Avenue,1.149,43,MASONIC,3,bus,scheduled
43,1,Waller Street,1.149,43,MASONIC,3,bus,scheduled
43,1,Willard Street,1.149,43,MASONIC,3,bus,scheduled
43,1,Winding Way,1.149,43,MASONIC,3,bus,scheduled
44,0,Silver Avenue,25.86,44,O'SHAUGHNESSY,3,bus,scheduled
44,0,Palou Avenue,10.426,44,O'SHAUGHNESSY,3,bus,scheduled
44,0,9th Avenue,7.189,44,O'SHAUGHNESSY,3,bus,scheduled
44,0,Keith Street,6.951,44,O'SHAUGHNESSY,3,bus,scheduled
44,0,6th Avenue,5.751,44,O'SHAUGHNESSY,3,bus,scheduled
44,0,Evans Avenue,5.213,44,O'SHAUGHNESSY,3,bus,scheduled
44,0,Hudson Avenue,5.213,44,O'SHAUGHNESSY,3,bus,scheduled
44,0,Middle Point Road,5.213,44,O'SHAUGHNESSY,3,bus,scheduled
44,0,Bosworth Street,4.593,44,O'SHAUGHNESSY,3,bus,scheduled
44,0,7th Avenue,4.313,44,O'SHAUGHNESSY,3,bus,scheduled
44,0,O'Shaughnessy Boulevard,4.313,44,O'SHAUGHNESSY,3,bus,scheduled
44,0,Woodside Avenue,4.313,44,O'SHAUGHNESSY,3,bus,scheduled
44,0,3rd Street,3.475,44,O'SHAUGHNESSY,3,bus,scheduled
44,0,Fairfax Avenue,3.475,44,O'SHAUGHNESSY,3,bus,scheduled
44,0,Ingalls Street,3.475,44,O'SHAUGHNESSY,3,bus,scheduled
44,0,Newcomb Avenue,3.475,44,O'SHAUGHNESSY,3,bus,scheduled
44,0,Newhall Street,3.475,44,O'SHAUGHNESSY,3,bus,scheduled
44,0,Whitney Young Circle,3.475,44,O'SHAUGHNESSY,3,bus,scheduled
44,0,Alemany Boulevard,3.434,44,O'SHAUGHNESSY,3,bus,scheduled
44,0,Lawton Street,2.875,44,O'SHAUGHNESSY,3,bus,scheduled
44,0,Acacia Avenue,1.738,44,O'SHAUGHNESSY,3,bus,scheduled
44,0,Bay Shore Boulevard,1.738,44,O'SHAUGHNESSY,3,bus,scheduled
44,0,Harbor Road,1.738,44,O'SHAUGHNESSY,3,bus,scheduled
44,0,La Salle Avenue,1.738,44,O'SHAUGHNESSY,3,bus,scheduled
44,0,Lane Street,1.738,44,O'SHAUGHNESSY,3,bus,scheduled
44,0,Memory Lane,1.738,44,O'SHAUGHNESSY,3,bus,scheduled
44,0,Mendell Street,1.738,44,O'SHAUGHNESSY,3,bus,scheduled
44,0,Oakdale Avenue,1.738,44,O'SHAUGHNESSY,3,bus,scheduled
44,0,Phelps Street,1.738,44,O'SHAUGHNESSY,3,bus,scheduled
44,0,Progress Street,1.738,44,O'SHAUGHNESSY,3,bus,scheduled
44,0,Revere Avenue,1.738,44,O'SHAUGHNESSY,3,bus,scheduled
44,0,San Bruno Avenue,1.738,44,O'SHAUGHNESSY,3,bus,scheduled
44,0,Santa Fe Avenue,1.738,44,O'SHAUGHNESSY,3,bus,scheduled
44,0,Uspo,1.738,44,O'SHAUGHNESSY,3,bus,scheduled
44,0,Cambridge Street,1.717,44,O'SHAUGHNESSY,3,bus,scheduled
44,0,Congdon Street,1.717,44,O'SHAUGHNESSY,3,bus,scheduled
44,0,Dartmouth Street,1.717,44,O'SHAUGHNESSY,3,bus,scheduled
44,0,Diamond Street,1.717,44,O'SHAUGHNESSY,3,bus,scheduled
44,0,Gambier Street,1.717,44,O'SHAUGHNESSY,3,bus,scheduled
44,0,Holyoke Street,1.717,44,O'SHAUGHNESSY,3,bus,scheduled
44,0,Lisbon Street,1.717,44,O'SHAUGHNESSY,3,bus,scheduled
44,0,Lyell Street,1.717,44,O'SHAUGHNESSY,3,bus,scheduled
44,0,Merrill Street,1.717,44,O'SHAUGHNESSY,3,bus,scheduled
44,0,Mission Street,1.717,44,O'SHAUGHNESSY,3,bus,scheduled
44,0,Princeton Street,1.717,44,O'SHAUGHNESSY,3,bus,scheduled
44,0,1697 7th Avenue,1.438,44,O'SHAUGHNESSY,3,bus,scheduled
44,0,8th Avenue,1.438,44,O'SHAUGHNESSY,3,bus,scheduled
44,0,Balboa Street,1.438,44,O'SHAUGHNESSY,3,bus,scheduled
44,0,Balceta Avenue,1.438,44,O'SHAUGHNESSY,3,bus,scheduled
44,0,Cabrillo Street,1.438,44,O'SHAUGHNESSY,3,bus,scheduled
44,0,California Street,1.438,44,O'SHAUGHNESSY,3,bus,scheduled
44,0,Clarendon Avenue,1.438,44,O'SHAUGHNESSY,3,bus,scheduled
44,0,Clement Street,1.438,44,O'SHAUGHNESSY,3,bus,scheduled
44,0,Del Vale Avenue,1.438,44,O'SHAUGHNESSY,3,bus,scheduled
44,0,Elk Street,1.438,44,O'SHAUGHNESSY,3,bus,scheduled
44,0,Fulton Street,1.438,44,O'SHAUGHNESSY,3,bus,scheduled
44,0,Geary Boulevard,1.438,44,O'SHAUGHNESSY,3,bus,scheduled
44,0,Hernandez Avenue,1.438,44,O'SHAUGHNESSY,3,bus,scheduled
44,0,Irving Street,1.438,44,O'SHAUGHNESSY,3,bus,scheduled
44,0,Judah Street,1.438,44,O'SHAUGHNESSY,3,bus,scheduled
44,0,Kirkham Street,1.438,44,O'SHAUGHNESSY,3,bus,scheduled
44,0,Laguna Honda,1.438,44,O'SHAUGHNESSY,3,bus,scheduled
44,0,Laguna Honda Blvd/Forest Hill Sta,1.438,44,O'SHAUGHNESSY,3,bus,scheduled
44,0,Laguna Honda Boulevard,1.438,44,O'SHAUGHNESSY,3,bus,scheduled
44,0,Lincoln Way,1.438,44,O'SHAUGHNESSY,3,bus,scheduled
44,0,Lippard Avenue,1.438,44,O'SHAUGHNESSY,3,bus,scheduled
44,0,Malta Drive,1.438,44,O'SHAUGHNESSY,3,bus,scheduled
44,0,Portola Drive,1.438,44,O'SHAUGHNESSY,3,bus,scheduled
44,0,Tea Garden Dr/Deyoung Museum,1.438,44,O'SHAUGHNESSY,3,bus,scheduled
44,0,Ulloa Street,1.438,44,O'SHAUGHNESSY,3,bus,scheduled
44,0,Burrows Street,0.01,44,O'SHAUGHNESSY,3,bus,scheduled
44,0,Girard Street,0.01,44,O'SHAUGHNESSY,3,bus,scheduled
44,1,Silver Avenue,24.448,44,O'SHAUGHNESSY,3,bus,scheduled
44,1,Palou Avenue,9.779,44,O'SHAUGHNESSY,3,bus,scheduled
44,1,9th Avenue,6.961,44,O'SHAUGHNESSY,3,bus,scheduled
44,1,Evans Avenue,6.519,44,O'SHAUGHNESSY,3,bus,scheduled
44,1,Keith Street,6.519,44,O'SHAUGHNESSY,3,bus,scheduled
44,1,6th Avenue,5.569,44,O'SHAUGHNESSY,3,bus,scheduled
44,1,3rd Street,4.89,44,O'SHAUGHNESSY,3,bus,scheduled
44,1,Hudson Avenue,4.89,44,O'SHAUGHNESSY,3,bus,scheduled
44,1,Middle Point Road,4.89,44,O'SHAUGHNESSY,3,bus,scheduled
44,1,Bosworth Street,4.414,44,O'SHAUGHNESSY,3,bus,scheduled
44,1,Woodside Avenue,4.177,44,O'SHAUGHNESSY,3,bus,scheduled
44,1,Ingalls Street,3.26,44,O'SHAUGHNESSY,3,bus,scheduled
44,1,Newcomb Avenue,3.26,44,O'SHAUGHNESSY,3,bus,scheduled
44,1,Whitney Young Circle,3.26,44,O'SHAUGHNESSY,3,bus,scheduled
44,1,7th Avenue,2.784,44,O'SHAUGHNESSY,3,bus,scheduled
44,1,Laguna Honda Boulevard,2.784,44,O'SHAUGHNESSY,3,bus,scheduled
44,1,Lawton Street,2.784,44,O'SHAUGHNESSY,3,bus,scheduled
44,1,O'Shaughnessy Boulevard,2.784,44,O'SHAUGHNESSY,3,bus,scheduled
44,1,Acacia,1.63,44,O'SHAUGHNESSY,3,bus,scheduled
44,1,Alemany Boulevard,1.63,44,O'SHAUGHNESSY,3,bus,scheduled
44,1,Augusta Street,1.63,44,O'SHAUGHNESSY,3,bus,scheduled
44,1,Boylston Street,1.63,44,O'SHAUGHNESSY,3,bus,scheduled
44,1,Cambridge Street,1.63,44,O'SHAUGHNESSY,3,bus,scheduled
44,1,Cayuga Avenue,1.63,44,O'SHAUGHNESSY,3,bus,scheduled
44,1,Charter Oak Avenue,1.63,44,O'SHAUGHNESSY,3,bus,scheduled
44,1,Congdon Street,1.63,44,O'SHAUGHNESSY,3,bus,scheduled
44,1,Dartmouth Street,1.63,44,O'SHAUGHNESSY,3,bus,scheduled
44,1,Diamond Street,1.63,44,O'SHAUGHNESSY,3,bus,scheduled
44,1,Evans Ave Opposite Us Post Office,1.63,44,O'SHAUGHNESSY,3,bus,scheduled
44,1,Fair Fax Avenue,1.63,44,O'SHAUGHNESSY,3,bus,scheduled
44,1,Gambier Street,1.63,44,O'SHAUGHNESSY,3,bus,scheduled
44,1,Harbor Road,1.63,44,O'SHAUGHNESSY,3,bus,scheduled
44,1,Innes Avenue,1.63,44,O'SHAUGHNESSY,3,bus,scheduled
44,1,La Salle Avenue,1.63,44,O'SHAUGHNESSY,3,bus,scheduled
44,1,Lane Street,1.63,44,O'SHAUGHNESSY,3,bus,scheduled
44,1,Lisbon Street,1.63,44,O'SHAUGHNESSY,3,bus,scheduled
44,1,Lyell Street,1.63,44,O'SHAUGHNESSY,3,bus,scheduled
44,1,Mendell Street,1.63,44,O'SHAUGHNESSY,3,bus,scheduled
44,1,Merrill Street,1.63,44,O'SHAUGHNESSY,3,bus,scheduled
44,1,Middle Point,1.63,44,O'SHAUGHNESSY,3,bus,scheduled
44,1,Mission Street,1.63,44,O'SHAUGHNESSY,3,bus,scheduled
44,1,Newhall Street,1.63,44,O'SHAUGHNESSY,3,bus,scheduled
44,1,Oakdale Avenue,1.63,44,O'SHAUGHNESSY,3,bus,scheduled
44,1,Phelps Street,1.63,44,O'SHAUGHNESSY,3,bus,scheduled
44,1,Princeton Street,1.63,44,O'SHAUGHNESSY,3,bus,scheduled
44,1,Progress Street,1.63,44,O'SHAUGHNESSY,3,bus,scheduled
44,1,Quint Street,1.63,44,O'SHAUGHNESSY,3,bus,scheduled
44,1,Revere Avenue,1.63,44,O'SHAUGHNESSY,3,bus,scheduled
44,1,Rousseau Street,1.63,44,O'SHAUGHNESSY,3,bus,scheduled
44,1,San Bruno Avenue,1.63,44,O'SHAUGHNESSY,3,bus,scheduled
44,1,Still Street,1.63,44,O'SHAUGHNESSY,3,bus,scheduled
44,1,Topeka Avenue,1.63,44,O'SHAUGHNESSY,3,bus,scheduled
44,1,1697 7th Avenue,1.392,44,O'SHAUGHNESSY,3,bus,scheduled
44,1,8th Avenue,1.392,44,O'SHAUGHNESSY,3,bus,scheduled
44,1,Acad Of Sciences,1.392,44,O'SHAUGHNESSY,3,bus,scheduled
44,1,Balboa Street,1.392,44,O'SHAUGHNESSY,3,bus,scheduled
44,1,Cabrillo Street,1.392,44,O'SHAUGHNESSY,3,bus,scheduled
44,1,California Street,1.392,44,O'SHAUGHNESSY,3,bus,scheduled
44,1,Clarendon Avenue,1.392,44,O'SHAUGHNESSY,3,bus,scheduled
44,1,Clement Street,1.392,44,O'SHAUGHNESSY,3,bus,scheduled
44,1,Concourse Drive,1.392,44,O'SHAUGHNESSY,3,bus,scheduled
44,1,Del Vale Avenue,1.392,44,O'SHAUGHNESSY,3,bus,scheduled
44,1,Dewey Boulevard,1.392,44,O'SHAUGHNESSY,3,bus,scheduled
44,1,Elk Street,1.392,44,O'SHAUGHNESSY,3,bus,scheduled
44,1,Fulton Street,1.392,44,O'SHAUGHNESSY,3,bus,scheduled
44,1,Geary Boulevard,1.392,44,O'SHAUGHNESSY,3,bus,scheduled
44,1,Hernandez Avenue,1.392,44,O'SHAUGHNESSY,3,bus,scheduled
44,1,Irving Street,1.392,44,O'SHAUGHNESSY,3,bus,scheduled
44,1,Judah Street,1.392,44,O'SHAUGHNESSY,3,bus,scheduled
44,1,Kirkham Street,1.392,44,O'SHAUGHNESSY,3,bus,scheduled
44,1,Laguna Honda Blvd/Opp Forest Hill,1.392,44,O'SHAUGHNESSY,3,bus,scheduled
44,1,Lincoln Way,1.392,44,O'SHAUGHNESSY,3,bus,scheduled
44,1,Lippard Avenue,1.392,44,O'SHAUGHNESSY,3,bus,scheduled
44,1,Malta Drive,1.392,44,O'SHAUGHNESSY,3,bus,scheduled
44,1,O'Shaughnessy Blvd - Sf School Of The Arts,1.392,44,O'SHAUGHNESSY,3,bus,scheduled
44,1,Portola Drive,1.392,44,O'SHAUGHNESSY,3,bus,scheduled
44,1,Ulloa Street,1.392,44,O'SHAUGHNESSY,3,bus,scheduled
45,0,Union Street,52.597,45,UNION-STOCKTON,3,bus,scheduled
45,0,Stockton Street,14.461,45,UNION-STOCKTON,3,bus,scheduled
45,0,3rd Street,13.111,45,UNION-STOCKTON,3,bus,scheduled
45,0,Baker Street,9.998,45,UNION-STOCKTON,3,bus,scheduled
45,0,Greenwich Street,9.998,45,UNION-STOCKTON,3,bus,scheduled
45,0,Kearny Street,6.555,45,UNION-STOCKTON,3,bus,scheduled
45,0,Sutter Street,6.17,45,UNION-STOCKTON,3,bus,scheduled
45,0,Columbus Avenue,5.785,45,UNION-STOCKTON,3,bus,scheduled
45,0,Divisadero Street,4.999,45,UNION-STOCKTON,3,bus,scheduled
45,0,Lyon Street,4.999,45,UNION-STOCKTON,3,bus,scheduled
45,0,Pierce Street,4.999,45,UNION-STOCKTON,3,bus,scheduled
45,0,Brannan Street,3.278,45,UNION-STOCKTON,3,bus,scheduled
45,0,Bryant Street,3.278,45,UNION-STOCKTON,3,bus,scheduled
45,0,Folsom Street,3.278,45,UNION-STOCKTON,3,bus,scheduled
45,0,Geary Boulevard,3.278,45,UNION-STOCKTON,3,bus,scheduled
45,0,Lusk Street,3.278,45,UNION-STOCKTON,3,bus,scheduled
45,0,Mission Street,3.278,45,UNION-STOCKTON,3,bus,scheduled
45,0,Townsend Street,3.278,45,UNION-STOCKTON,3,bus,scheduled
45,0,Buchanan Street,2.892,45,UNION-STOCKTON,3,bus,scheduled
45,0,Clay Street,2.892,45,UNION-STOCKTON,3,bus,scheduled
45,0,Fillmore Street,2.892,45,UNION-STOCKTON,3,bus,scheduled
45,0,Gough Street,2.892,45,UNION-STOCKTON,3,bus,scheduled
45,0,Hyde Street,2.892,45,UNION-STOCKTON,3,bus,scheduled
45,0,Jones Street,2.892,45,UNION-STOCKTON,3,bus,scheduled
45,0,Laguna Street,2.892,45,UNION-STOCKTON,3,bus,scheduled
45,0,Larkin Street,2.892,45,UNION-STOCKTON,3,bus,scheduled
45,0,Leavenworth Street,2.892,45,UNION-STOCKTON,3,bus,scheduled
45,0,Mason Street,2.892,45,UNION-STOCKTON,3,bus,scheduled
45,0,Pacific Avenue,2.892,45,UNION-STOCKTON,3,bus,scheduled
45,0,Polk Street,2.892,45,UNION-STOCKTON,3,bus,scheduled
45,0,Taylor Street,2.892,45,UNION-STOCKTON,3,bus,scheduled
45,0,Van Ness Avenue,2.892,45,UNION-STOCKTON,3,bus,scheduled
45,0,Washington Street,2.892,45,UNION-STOCKTON,3,bus,scheduled
45,1,Union Street,56.865,45,UNION-STOCKTON,3,bus,scheduled
45,1,Stockton Street,17.796,45,UNION-STOCKTON,3,bus,scheduled
45,1,4th Street,14.83,45,UNION-STOCKTON,3,bus,scheduled
45,1,Lyon Street,9.153,45,UNION-STOCKTON,3,bus,scheduled
45,1,Columbus Avenue,5.932,45,UNION-STOCKTON,3,bus,scheduled
45,1,Townsend Street,5.932,45,UNION-STOCKTON,3,bus,scheduled
45,1,Baker Street,4.577,45,UNION-STOCKTON,3,bus,scheduled
45,1,Divisadero Street,4.577,45,UNION-STOCKTON,3,bus,scheduled
45,1,Greenwich Street,4.577,45,UNION-STOCKTON,3,bus,scheduled
45,1,Pierce Street,4.577,45,UNION-STOCKTON,3,bus,scheduled
45,1,5th Street,2.966,45,UNION-STOCKTON,3,bus,scheduled
45,1,Brannan Street,2.966,45,UNION-STOCKTON,3,bus,scheduled
45,1,Buchanan Street,2.966,45,UNION-STOCKTON,3,bus,scheduled
45,1,Fillmore Street,2.966,45,UNION-STOCKTON,3,bus,scheduled
45,1,Folsom Street,2.966,45,UNION-STOCKTON,3,bus,scheduled
45,1,Geary Boulevard,2.966,45,UNION-STOCKTON,3,bus,scheduled
45,1,Gough Street,2.966,45,UNION-STOCKTON,3,bus,scheduled
45,1,Harrison Street,2.966,45,UNION-STOCKTON,3,bus,scheduled
45,1,Hyde Street,2.966,45,UNION-STOCKTON,3,bus,scheduled
45,1,Jones Street,2.966,45,UNION-STOCKTON,3,bus,scheduled
45,1,Laguna Street,2.966,45,UNION-STOCKTON,3,bus,scheduled
45,1,Larkin Street,2.966,45,UNION-STOCKTON,3,bus,scheduled
45,1,Leavenworth Street,2.966,45,UNION-STOCKTON,3,bus,scheduled
45,1,Lusk Street,2.966,45,UNION-STOCKTON,3,bus,scheduled
45,1,Market Street,2.966,45,UNION-STOCKTON,3,bus,scheduled
45,1,Mason Street,2.966,45,UNION-STOCKTON,3,bus,scheduled
45,1,Mission Street,2.966,45,UNION-STOCKTON,3,bus,scheduled
45,1,Pacific Avenue,2.966,45,UNION-STOCKTON,3,bus,scheduled
45,1,Polk Street,2.966,45,UNION-STOCKTON,3,bus,scheduled
45,1,Sacramento Street,2.966,45,UNION-STOCKTON,3,bus,scheduled
45,1,Sutter Street,2.966,45,UNION-STOCKTON,3,bus,scheduled
45,1,Taylor Street,2.966,45,UNION-STOCKTON,3,bus,scheduled
45,1,Van Ness Avenue,2.966,45,UNION-STOCKTON,3,bus,scheduled
45,1,Washington Street,2.966,45,UNION-STOCKTON,3,bus,scheduled
48,0,24th Street,23.246,48,QUINTARA-24TH STREET,3,bus,scheduled
48,0,Quintara Street,22.245,48,QUINTARA-24TH STREET,3,bus,scheduled
48,0,25th Street,10.275,48,QUINTARA-24TH STREET,3,bus,scheduled
48,0,Portola Drive,8.004,48,QUINTARA-24TH STREET,3,bus,scheduled
48,0,26th Street,7.152,48,QUINTARA-24TH STREET,3,bus,scheduled
48,0,Rivera Street,5.501,48,QUINTARA-24TH STREET,3,bus,scheduled
48,0,23rd Street,5.364,48,QUINTARA-24TH STREET,3,bus,scheduled
48,0,Kansas Street,5.364,48,QUINTARA-24TH STREET,3,bus,scheduled
48,0,Clipper Street,5.336,48,QUINTARA-24TH STREET,3,bus,scheduled
48,0,14th Avenue,4.194,48,QUINTARA-24TH STREET,3,bus,scheduled
48,0,17th Avenue,4.194,48,QUINTARA-24TH STREET,3,bus,scheduled
48,0,Ulloa Street,4.194,48,QUINTARA-24TH STREET,3,bus,scheduled
48,0,Pennsylvania Avenue,3.576,48,QUINTARA-24TH STREET,3,bus,scheduled
48,0,Wisconsin Street,3.576,48,QUINTARA-24TH STREET,3,bus,scheduled
48,0,Castro Street,3.122,48,QUINTARA-24TH STREET,3,bus,scheduled
48,0,Santiago Street,2.796,48,QUINTARA-24TH STREET,3,bus,scheduled
48,0,Sunset Boulevard,2.765,48,QUINTARA-24TH STREET,3,bus,scheduled
48,0,39th Avenue,2.735,48,QUINTARA-24TH STREET,3,bus,scheduled
48,0,22nd Street,1.788,48,QUINTARA-24TH STREET,3,bus,scheduled
48,0,Bryant Street,1.788,48,QUINTARA-24TH STREET,3,bus,scheduled
48,0,Church Street,1.788,48,QUINTARA-24TH STREET,3,bus,scheduled
48,0,Connecticut Street,1.788,48,QUINTARA-24TH STREET,3,bus,scheduled
48,0,Dakota Street,1.788,48,QUINTARA-24TH STREET,3,bus,scheduled
48,0,De Haro Street,1.788,48,QUINTARA-24TH STREET,3,bus,scheduled
48,0,Dolores Street,1.788,48,QUINTARA-24TH STREET,3,bus,scheduled
48,0,Folsom Street,1.788,48,QUINTARA-24TH STREET,3,bus,scheduled
48,0,Guerrero Street,1.788,48,QUINTARA-24TH STREET,3,bus,scheduled
48,0,Harrison Street,1.788,48,QUINTARA-24TH STREET,3,bus,scheduled
48,0,Iowa Street,1.788,48,QUINTARA-24TH STREET,3,bus,scheduled
48,0,Mission Street,1.788,48,QUINTARA-24TH STREET,3,bus,scheduled
48,0,Noe Street,1.788,48,QUINTARA-24TH STREET,3,bus,scheduled
48,0,Potrero Avenue,1.788,48,QUINTARA-24TH STREET,3,bus,scheduled
48,0,Rhode Island Street,1.788,48,QUINTARA-24TH STREET,3,bus,scheduled
48,0,Sanchez Street,1.788,48,QUINTARA-24TH STREET,3,bus,scheduled
48,0,Utah Street,1.788,48,QUINTARA-24TH STREET,3,bus,scheduled
48,0,Valencia Street,1.788,48,QUINTARA-24TH STREET,3,bus,scheduled
48,0,Van Ness Avenue,1.788,48,QUINTARA-24TH STREET,3,bus,scheduled
48,0,19th Avenue,1.398,48,QUINTARA-24TH STREET,3,bus,scheduled
48,0,22nd Avenue,1.398,48,QUINTARA-24TH STREET,3,bus,scheduled
48,0,24th Avenue,1.398,48,QUINTARA-24TH STREET,3,bus,scheduled
48,0,26th Avenue,1.398,48,QUINTARA-24TH STREET,3,bus,scheduled
48,0,27th Avenue,1.398,48,QUINTARA-24TH STREET,3,bus,scheduled
48,0,28th Avenue,1.398,48,QUINTARA-24TH STREET,3,bus,scheduled
48,0,29th Avenue,1.398,48,QUINTARA-24TH STREET,3,bus,scheduled
48,0,31st Avenue,1.398,48,QUINTARA-24TH STREET,3,bus,scheduled
48,0,33rd Avenue,1.398,48,QUINTARA-24TH STREET,3,bus,scheduled
48,0,35th Avenue,1.398,48,QUINTARA-24TH STREET,3,bus,scheduled
48,0,Forest Side Avenue,1.398,48,QUINTARA-24TH STREET,3,bus,scheduled
48,0,Lenox Way,1.398,48,QUINTARA-24TH STREET,3,bus,scheduled
48,0,Taraval Street,1.398,48,QUINTARA-24TH STREET,3,bus,scheduled
48,0,41st Avenue,1.368,48,QUINTARA-24TH STREET,3,bus,scheduled
48,0,43rd Avenue,1.368,48,QUINTARA-24TH STREET,3,bus,scheduled
48,0,46th Avenue,1.368,48,QUINTARA-24TH STREET,3,bus,scheduled
48,0,48th Avenue,1.368,48,QUINTARA-24TH STREET,3,bus,scheduled
48,0,Lower Great Highway,1.368,48,QUINTARA-24TH STREET,3,bus,scheduled
48,0,Quintra Street,1.368,48,QUINTARA-24TH STREET,3,bus,scheduled
48,0,Claremont Avenue,1.334,48,QUINTARA-24TH STREET,3,bus,scheduled
48,0,Diamond Heights Boulevard,1.334,48,QUINTARA-24TH STREET,3,bus,scheduled
48,0,Diamond Street,1.334,48,QUINTARA-24TH STREET,3,bus,scheduled
48,0,Dorchester Way,1.334,48,QUINTARA-24TH STREET,3,bus,scheduled
48,0,Douglass Street,1.334,48,QUINTARA-24TH STREET,3,bus,scheduled
48,0,Glenview Drive,1.334,48,QUINTARA-24TH STREET,3,bus,scheduled
48,0,Grand View Avenue,1.334,48,QUINTARA-24TH STREET,3,bus,scheduled
48,0,Laguna Honda Boulevard,1.334,48,QUINTARA-24TH STREET,3,bus,scheduled
48,0,Portola Avenue,1.334,48,QUINTARA-24TH STREET,3,bus,scheduled
48,0,San Pablo Avenue,1.334,48,QUINTARA-24TH STREET,3,bus,scheduled
48,0,Waithman Way,1.334,48,QUINTARA-24TH STREET,3,bus,scheduled
48,0,Woodside Avenue,1.334,48,QUINTARA-24TH STREET,3,bus,scheduled
48,1,24th Street,24.593,48,QUINTARA-24TH STREET,3,bus,scheduled
48,1,Quintara Street,20.075,48,QUINTARA-24TH STREET,3,bus,scheduled
48,1,Portola Drive,11.401,48,QUINTARA-24TH STREET,3,bus,scheduled
48,1,23rd Street,8.212,48,QUINTARA-24TH STREET,3,bus,scheduled
48,1,25th Street,7.848,48,QUINTARA-24TH STREET,3,bus,scheduled
48,1,Rivera Street,7.525,48,QUINTARA-24TH STREET,3,bus,scheduled
48,1,Rhode Island Street,6.57,48,QUINTARA-24TH STREET,3,bus,scheduled
48,1,22nd Street,6.557,48,QUINTARA-24TH STREET,3,bus,scheduled
48,1,14th Avenue,3.8,48,QUINTARA-24TH STREET,3,bus,scheduled
48,1,Ulloa Street,3.8,48,QUINTARA-24TH STREET,3,bus,scheduled
48,1,17th Avenue,3.779,48,QUINTARA-24TH STREET,3,bus,scheduled
48,1,26th Street,3.285,48,QUINTARA-24TH STREET,3,bus,scheduled
48,1,Pennsylvania Avenue,3.285,48,QUINTARA-24TH STREET,3,bus,scheduled
48,1,Iowa Street,3.273,48,QUINTARA-24TH STREET,3,bus,scheduled
48,1,Clipper Street,2.534,48,QUINTARA-24TH STREET,3,bus,scheduled
48,1,Diamond Street,2.534,48,QUINTARA-24TH STREET,3,bus,scheduled
48,1,Santiago Street,2.526,48,QUINTARA-24TH STREET,3,bus,scheduled
48,1,39th Avenue,2.506,48,QUINTARA-24TH STREET,3,bus,scheduled
48,1,46th Avenue,2.506,48,QUINTARA-24TH STREET,3,bus,scheduled
48,1,Castro Street,1.994,48,QUINTARA-24TH STREET,3,bus,scheduled
48,1,25th Avenue,1.642,48,QUINTARA-24TH STREET,3,bus,scheduled
48,1,3rd Street,1.642,48,QUINTARA-24TH STREET,3,bus,scheduled
48,1,Bryant Street,1.642,48,QUINTARA-24TH STREET,3,bus,scheduled
48,1,Church Street,1.642,48,QUINTARA-24TH STREET,3,bus,scheduled
48,1,Connecticut Street,1.642,48,QUINTARA-24TH STREET,3,bus,scheduled
48,1,Dakota Street,1.642,48,QUINTARA-24TH STREET,3,bus,scheduled
48,1,De Haro Street,1.642,48,QUINTARA-24TH STREET,3,bus,scheduled
48,1,Dolores Street,1.642,48,QUINTARA-24TH STREET,3,bus,scheduled
48,1,Folsom Street,1.642,48,QUINTARA-24TH STREET,3,bus,scheduled
48,1,Guerrero Street,1.642,48,QUINTARA-24TH STREET,3,bus,scheduled
48,1,Harrison Street,1.642,48,QUINTARA-24TH STREET,3,bus,scheduled
48,1,Illinois Street,1.642,48,QUINTARA-24TH STREET,3,bus,scheduled
48,1,Kansas Street,1.642,48,QUINTARA-24TH STREET,3,bus,scheduled
48,1,Minnesota Street,1.642,48,QUINTARA-24TH STREET,3,bus,scheduled
48,1,Mission Street,1.642,48,QUINTARA-24TH STREET,3,bus,scheduled
48,1,Noe Street,1.642,48,QUINTARA-24TH STREET,3,bus,scheduled
48,1,Potrero Avenue,1.642,48,QUINTARA-24TH STREET,3,bus,scheduled
48,1,Utah Street,1.642,48,QUINTARA-24TH STREET,3,bus,scheduled
48,1,Valencia Street,1.642,48,QUINTARA-24TH STREET,3,bus,scheduled
48,1,Van Ness Avenue,1.642,48,QUINTARA-24TH STREET,3,bus,scheduled
48,1,Wisconsin Street,1.642,48,QUINTARA-24TH STREET,3,bus,scheduled
48,1,Sanchez Street,1.636,48,QUINTARA-24TH STREET,3,bus,scheduled
48,1,Claremont Boulevard,1.267,48,QUINTARA-24TH STREET,3,bus,scheduled
48,1,Del Sur Avenue,1.267,48,QUINTARA-24TH STREET,3,bus,scheduled
48,1,Douglass Street,1.267,48,QUINTARA-24TH STREET,3,bus,scheduled
48,1,Forest Side Avenue,1.267,48,QUINTARA-24TH STREET,3,bus,scheduled
48,1,Glenview Drive,1.267,48,QUINTARA-24TH STREET,3,bus,scheduled
48,1,Laguna Honda Boulevard,1.267,48,QUINTARA-24TH STREET,3,bus,scheduled
48,1,O'Shaughnessy Boulevard,1.267,48,QUINTARA-24TH STREET,3,bus,scheduled
48,1,Rex Avenue,1.267,48,QUINTARA-24TH STREET,3,bus,scheduled
48,1,San Lorenzo Avenue,1.267,48,QUINTARA-24TH STREET,3,bus,scheduled
48,1,San Pablo Avenue,1.267,48,QUINTARA-24TH STREET,3,bus,scheduled
48,1,Taraval Street,1.267,48,QUINTARA-24TH STREET,3,bus,scheduled
48,1,West Portal Avenue,1.267,48,QUINTARA-24TH STREET,3,bus,scheduled
48,1,19th Avenue,1.26,48,QUINTARA-24TH STREET,3,bus,scheduled
48,1,22nd Avenue,1.26,48,QUINTARA-24TH STREET,3,bus,scheduled
48,1,24th Avenue,1.26,48,QUINTARA-24TH STREET,3,bus,scheduled
48,1,26th Avenue,1.253,48,QUINTARA-24TH STREET,3,bus,scheduled
48,1,27th Avenue,1.253,48,QUINTARA-24TH STREET,3,bus,scheduled
48,1,28th Avenue,1.253,48,QUINTARA-24TH STREET,3,bus,scheduled
48,1,29th Avenue,1.253,48,QUINTARA-24TH STREET,3,bus,scheduled
48,1,31st Avenue,1.253,48,QUINTARA-24TH STREET,3,bus,scheduled
48,1,33rd Avenue,1.253,48,QUINTARA-24TH STREET,3,bus,scheduled
48,1,35th Avenue,1.253,48,QUINTARA-24TH STREET,3,bus,scheduled
48,1,36th Avenue,1.253,48,QUINTARA-24TH STREET,3,bus,scheduled
48,1,37th Avenue,1.253,48,QUINTARA-24TH STREET,3,bus,scheduled
48,1,41st Avenue,1.253,48,QUINTARA-24TH STREET,3,bus,scheduled
48,1,44th Avenue,1.253,48,QUINTARA-24TH STREET,3,bus,scheduled
48,1,48th Avenue,1.253,48,QUINTARA-24TH STREET,3,bus,scheduled
48,1,Lower Great Highway,1.253,48,QUINTARA-24TH STREET,3,bus,scheduled
49,0,Mission Street,47.368,49,VAN NESS-MISSION,3,bus,scheduled
49,0,Van Ness Avenue,28.947,49,VAN NESS-MISSION,3,bus,scheduled
49,0,Ocean Avenue,15.789,49,VAN NESS-MISSION,3,bus,scheduled
49,0,12th Street,2.632,49,VAN NESS-MISSION,3,bus,scheduled
49,0,14th Street,2.632,49,VAN NESS-MISSION,3,bus,scheduled
49,0,16th Street,2.632,49,VAN NESS-MISSION,3,bus,scheduled
49,0,18th Street,2.632,49,VAN NESS-MISSION,3,bus,scheduled
49,0,20th Street,2.632,49,VAN NESS-MISSION,3,bus,scheduled
49,0,22nd Street,2.632,49,VAN NESS-MISSION,3,bus,scheduled
49,0,24th Street,2.632,49,VAN NESS-MISSION,3,bus,scheduled
49,0,26th Street,2.632,49,VAN NESS-MISSION,3,bus,scheduled
49,0,30th Street,2.632,49,VAN NESS-MISSION,3,bus,scheduled
49,0,4080 Mission Street,2.632,49,VAN NESS-MISSION,3,bus,scheduled
49,0,Appleton Avenue,2.632,49,VAN NESS-MISSION,3,bus,scheduled
49,0,Bosworth Street,2.632,49,VAN NESS-MISSION,3,bus,scheduled
49,0,Cayuga Avenue,2.632,49,VAN NESS-MISSION,3,bus,scheduled
49,0,Chestnut Street,2.632,49,VAN NESS-MISSION,3,bus,scheduled
49,0,Cortland Avenue,2.632,49,VAN NESS-MISSION,3,bus,scheduled
49,0,Eddy Street,2.632,49,VAN NESS-MISSION,3,bus,scheduled
49,0,Francis Street,2.632,49,VAN NESS-MISSION,3,bus,scheduled
49,0,Highland Avenue,2.632,49,VAN NESS-MISSION,3,bus,scheduled
49,0,Howth Street,2.632,49,VAN NESS-MISSION,3,bus,scheduled
49,0,I-280 On Ramp,2.632,49,VAN NESS-MISSION,3,bus,scheduled
49,0,Jackson Street,2.632,49,VAN NESS-MISSION,3,bus,scheduled
49,0,Market Street,2.632,49,VAN NESS-MISSION,3,bus,scheduled
49,0,Mcallister Street,2.632,49,VAN NESS-MISSION,3,bus,scheduled
49,0,Mccoppin Street,2.632,49,VAN NESS-MISSION,3,bus,scheduled
49,0,North Point Street,2.632,49,VAN NESS-MISSION,3,bus,scheduled
49,0,O'Farrell Street,2.632,49,VAN NESS-MISSION,3,bus,scheduled
49,0,Otis,2.632,49,VAN NESS-MISSION,3,bus,scheduled
49,0,Otis Street,2.632,49,VAN NESS-MISSION,3,bus,scheduled
49,0,Otsego Avenue,2.632,49,VAN NESS-MISSION,3,bus,scheduled
49,0,Richland Avenue,2.632,49,VAN NESS-MISSION,3,bus,scheduled
49,0,Sacramento Street,2.632,49,VAN NESS-MISSION,3,bus,scheduled
49,0,San Jose Avenue,2.632,49,VAN NESS-MISSION,3,bus,scheduled
49,0,Silver Avenue,2.632,49,VAN NESS-MISSION,3,bus,scheduled
49,0,Sutter Street,2.632,49,VAN NESS-MISSION,3,bus,scheduled
49,0,Trumbull Street,2.632,49,VAN NESS-MISSION,3,bus,scheduled
49,0,Union Street,2.632,49,VAN NESS-MISSION,3,bus,scheduled
49,0,Valencia Street,2.632,49,VAN NESS-MISSION,3,bus,scheduled
49,0,Vallejo Street,2.632,49,VAN NESS-MISSION,3,bus,scheduled
49,0,[UNKNOWN],2.632,49,VAN NESS-MISSION,3,bus,scheduled
49,1,Mission Street,46.834,49,VAN NESS-MISSION,3,bus,scheduled
49,1,Van Ness Avenue,34.952,49,VAN NESS-MISSION,3,bus,scheduled
49,1,Ocean Avenue,13.01,49,VAN NESS-MISSION,3,bus,scheduled
49,1,Bay Street,2.913,49,VAN NESS-MISSION,3,bus,scheduled
49,1,Bush Street,2.913,49,VAN NESS-MISSION,3,bus,scheduled
49,1,Chestnut Street,2.913,49,VAN NESS-MISSION,3,bus,scheduled
49,1,Clay Street,2.913,49,VAN NESS-MISSION,3,bus,scheduled
49,1,Eddy Street,2.913,49,VAN NESS-MISSION,3,bus,scheduled
49,1,Geary Boulevard,2.913,49,VAN NESS-MISSION,3,bus,scheduled
49,1,Market Street,2.913,49,VAN NESS-MISSION,3,bus,scheduled
49,1,Mcallister Street,2.913,49,VAN NESS-MISSION,3,bus,scheduled
49,1,North Point Street,2.913,49,VAN NESS-MISSION,3,bus,scheduled
49,1,Pacific Street,2.913,49,VAN NESS-MISSION,3,bus,scheduled
49,1,Union Street,2.913,49,VAN NESS-MISSION,3,bus,scheduled
49,1,Vallejo Street,2.913,49,VAN NESS-MISSION,3,bus,scheduled
49,1,13th Street,2.602,49,VAN NESS-MISSION,3,bus,scheduled
49,1,14th Street,2.602,49,VAN NESS-MISSION,3,bus,scheduled
49,1,16th Street,2.602,49,VAN NESS-MISSION,3,bus,scheduled
49,1,18th Street,2.602,49,VAN NESS-MISSION,3,bus,scheduled
49,1,20th Street,2.602,49,VAN NESS-MISSION,3,bus,scheduled
49,1,22nd Street,2.602,49,VAN NESS-MISSION,3,bus,scheduled
49,1,24th Street,2.602,49,VAN NESS-MISSION,3,bus,scheduled
49,1,26th Street,2.602,49,VAN NESS-MISSION,3,bus,scheduled
49,1,30th Street,2.602,49,VAN NESS-MISSION,3,bus,scheduled
49,1,Appleton Avenue,2.602,49,VAN NESS-MISSION,3,bus,scheduled
49,1,Cayuga Avenue,2.602,49,VAN NESS-MISSION,3,bus,scheduled
49,1,Cortland Avenue,2.602,49,VAN NESS-MISSION,3,bus,scheduled
49,1,Excelsior Avenue,2.602,49,VAN NESS-MISSION,3,bus,scheduled
49,1,Highland Avenue,2.602,49,VAN NESS-MISSION,3,bus,scheduled
49,1,Howth Street,2.602,49,VAN NESS-MISSION,3,bus,scheduled
49,1,Murray Street,2.602,49,VAN NESS-MISSION,3,bus,scheduled
49,1,Ocean Ave/Balboa Park BART Station,2.602,49,VAN NESS-MISSION,3,bus,scheduled
49,1,Otsego Avenue,2.602,49,VAN NESS-MISSION,3,bus,scheduled
49,1,Persia Avenue,2.602,49,VAN NESS-MISSION,3,bus,scheduled
49,1,Power Street,2.602,49,VAN NESS-MISSION,3,bus,scheduled
49,1,Richland Avenue,2.602,49,VAN NESS-MISSION,3,bus,scheduled
49,1,San Jose Street,2.602,49,VAN NESS-MISSION,3,bus,scheduled
49,1,Silver Avenue,2.602,49,VAN NESS-MISSION,3,bus,scheduled
49,1,Trumbull Street,2.602,49,VAN NESS-MISSION,3,bus,scheduled
49,1,[UNKNOWN],2.602,49,VAN NESS-MISSION,3,bus,scheduled
5,0,Fulton Street,46.71,5,FULTON,3,bus,scheduled
5,0,Mcallister Street,34.168,5,FULTON,3,bus,scheduled
5,0,Market Street,9.176,5,FULTON,3,bus,scheduled
5,0,Cabrillo Street,5.169,5,FULTON,3,bus,scheduled
5,0,La Playa Street,5.073,5,FULTON,3,bus,scheduled
5,0,6th Avenue,3.833,5,FULTON,3,bus,scheduled
5,0,8th Avenue,3.478,5,FULTON,3,bus,scheduled
5,0,4th Avenue,3.466,5,FULTON,3,bus,scheduled
5,0,Arguello Boulevard,3.466,5,FULTON,3,bus,scheduled
5,0,Baker Street,3.466,5,FULTON,3,bus,scheduled
5,0,Clayton Street,3.466,5,FULTON,3,bus,scheduled
5,0,Divisadero Street,3.466,5,FULTON,3,bus,scheduled
5,0,Fillmore Street,3.466,5,FULTON,3,bus,scheduled
5,0,Masonic Avenue,3.466,5,FULTON,3,bus,scheduled
5,0,Parker Avenue,3.466,5,FULTON,3,bus,scheduled
5,0,Pierce Street,3.466,5,FULTON,3,bus,scheduled
5,0,Stanyan Stw,3.466,5,FULTON,3,bus,scheduled
5,0,Gough Street,3.384,5,FULTON,3,bus,scheduled
5,0,Hyde Street,3.384,5,FULTON,3,bus,scheduled
5,0,Jones Street,3.384,5,FULTON,3,bus,scheduled
5,0,Laguna Street,3.384,5,FULTON,3,bus,scheduled
5,0,Larkin Street,3.384,5,FULTON,3,bus,scheduled
5,0,Van Ness Avenue,3.384,5,FULTON,3,bus,scheduled
5,0,7th Avenue,1.787,5,FULTON,3,bus,scheduled
5,0,10th Avenue,1.691,5,FULTON,3,bus,scheduled
5,0,18th Avenue,1.691,5,FULTON,3,bus,scheduled
5,0,22nd Avenue,1.691,5,FULTON,3,bus,scheduled
5,0,25th Avenue,1.691,5,FULTON,3,bus,scheduled
5,0,33rd Avenue,1.691,5,FULTON,3,bus,scheduled
5,0,36th Avenue,1.691,5,FULTON,3,bus,scheduled
5,0,40th Avenue,1.691,5,FULTON,3,bus,scheduled
5,0,43rd Avenue,1.691,5,FULTON,3,bus,scheduled
5,0,46th Avenue,1.691,5,FULTON,3,bus,scheduled
5,0,Fulton S T& 28th Avenue,1.691,5,FULTON,3,bus,scheduled
5,0,Fulton S T& 30th Avenue,1.691,5,FULTON,3,bus,scheduled
5,0,Park Presidio Boulevard,1.691,5,FULTON,3,bus,scheduled
5,0,Grant Avenue,1.596,5,FULTON,3,bus,scheduled
5,0,Mason Street,1.596,5,FULTON,3,bus,scheduled
5,0,Powell Street,1.596,5,FULTON,3,bus,scheduled
5,0,Fremont Street,1.395,5,FULTON,3,bus,scheduled
5,0,Montgomery Street,1.395,5,FULTON,3,bus,scheduled
5,0,Sansome Street,1.395,5,FULTON,3,bus,scheduled
5,0,[UNKNOWN],1.395,5,FULTON,3,bus,scheduled
5,0,4th Street,0.201,5,FULTON,3,bus,scheduled
5,1,Fulton Street,52.766,5,FULTON,3,bus,scheduled
5,1,Mcallister Street,32.289,5,FULTON,3,bus,scheduled
5,1,La Playa Street,5.414,5,FULTON,3,bus,scheduled
5,1,Market Street,5.115,5,FULTON,3,bus,scheduled
5,1,6th Avenue,3.988,5,FULTON,3,bus,scheduled
5,1,8th Avenue,3.793,5,FULTON,3,bus,scheduled
5,1,Cabrillo Street,3.609,5,FULTON,3,bus,scheduled
5,1,4th Avenue,3.588,5,FULTON,3,bus,scheduled
5,1,Arguello Boulevard,3.588,5,FULTON,3,bus,scheduled
5,1,Baker Street,3.588,5,FULTON,3,bus,scheduled
5,1,Clayton Street,3.588,5,FULTON,3,bus,scheduled
5,1,Divisadero Street,3.588,5,FULTON,3,bus,scheduled
5,1,Fillmore Street,3.588,5,FULTON,3,bus,scheduled
5,1,Gough Street,3.588,5,FULTON,3,bus,scheduled
5,1,Hyde Street,3.588,5,FULTON,3,bus,scheduled
5,1,Laguna Street,3.588,5,FULTON,3,bus,scheduled
5,1,Leavenworth Street,3.588,5,FULTON,3,bus,scheduled
5,1,Masonic Avenue,3.588,5,FULTON,3,bus,scheduled
5,1,Pierce Street,3.588,5,FULTON,3,bus,scheduled
5,1,Shrader Street,3.588,5,FULTON,3,bus,scheduled
5,1,Stanyan Street,3.588,5,FULTON,3,bus,scheduled
5,1,Van Ness Avenue,3.588,5,FULTON,3,bus,scheduled
5,1,3rd Street,2.987,5,FULTON,3,bus,scheduled
5,1,4th Street,1.846,5,FULTON,3,bus,scheduled
5,1,10th Avenue,1.805,5,FULTON,3,bus,scheduled
5,1,18th Avenue,1.805,5,FULTON,3,bus,scheduled
5,1,22nd Avenue,1.805,5,FULTON,3,bus,scheduled
5,1,25th Avenue,1.805,5,FULTON,3,bus,scheduled
5,1,28th Avenue,1.805,5,FULTON,3,bus,scheduled
5,1,30th Avenue,1.805,5,FULTON,3,bus,scheduled
5,1,33rd Avenue,1.805,5,FULTON,3,bus,scheduled
5,1,37th Avenue,1.805,5,FULTON,3,bus,scheduled
5,1,40th Avenue,1.805,5,FULTON,3,bus,scheduled
5,1,43rd Avenue,1.805,5,FULTON,3,bus,scheduled
5,1,46th Avenue,1.805,5,FULTON,3,bus,scheduled
5,1,Park Presidio Boulevard,1.805,5,FULTON,3,bus,scheduled
5,1,1st Street,1.634,5,FULTON,3,bus,scheduled
5,1,Beale Street,1.634,5,FULTON,3,bus,scheduled
5,1,Mission Street,1.634,5,FULTON,3,bus,scheduled
5,1,[UNKNOWN],1.634,5,FULTON,3,bus,scheduled
5,1,5th Street,1.599,5,FULTON,3,bus,scheduled
5,1,Market St Between 5th,1.599,5,FULTON,3,bus,scheduled
5,1,Market St Between 4th,1.353,5,FULTON,3,bus,scheduled
52,0,Diamond Street,21.622,52,EXCELSIOR,3,bus,scheduled
52,0,Brazil Avenue,13.514,52,EXCELSIOR,3,bus,scheduled
52,0,Diamond Heights Boulevard,13.514,52,EXCELSIOR,3,bus,scheduled
52,0,Duncan Street,10.811,52,EXCELSIOR,3,bus,scheduled
52,0,Excelsior Avenue,10.811,52,EXCELSIOR,3,bus,scheduled
52,0,Woodside Avenue,10.811,52,EXCELSIOR,3,bus,scheduled
52,0,Portola Drive,8.108,52,EXCELSIOR,3,bus,scheduled
52,0,Alemany Boulevard,5.405,52,EXCELSIOR,3,bus,scheduled
52,0,Amber Drive,5.405,52,EXCELSIOR,3,bus,scheduled
52,0,Gold Mine Drive,5.405,52,EXCELSIOR,3,bus,scheduled
52,0,Mission Street,5.405,52,EXCELSIOR,3,bus,scheduled
52,0,Naples Street,5.405,52,EXCELSIOR,3,bus,scheduled
52,0,Prague Street,5.405,52,EXCELSIOR,3,bus,scheduled
52,0,Silver Avenue,5.405,52,EXCELSIOR,3,bus,scheduled
52,0,Arbor Street,2.703,52,EXCELSIOR,3,bus,scheduled
52,0,Athens Street,2.703,52,EXCELSIOR,3,bus,scheduled
52,0,Balceta Avenue,2.703,52,EXCELSIOR,3,bus,scheduled
52,0,Berkeley Way,2.703,52,EXCELSIOR,3,bus,scheduled
52,0,Bosworth Street,2.703,52,EXCELSIOR,3,bus,scheduled
52,0,Cameo Way,2.703,52,EXCELSIOR,3,bus,scheduled
52,0,Chenery Street,2.703,52,EXCELSIOR,3,bus,scheduled
52,0,Clipper Street,2.703,52,EXCELSIOR,3,bus,scheduled
52,0,Conrad Street,2.703,52,EXCELSIOR,3,bus,scheduled
52,0,Diamond St (South)/Diamond Hts,2.703,52,EXCELSIOR,3,bus,scheduled
52,0,Dublin Street,2.703,52,EXCELSIOR,3,bus,scheduled
52,0,Glenview Drive,2.703,52,EXCELSIOR,3,bus,scheduled
52,0,Hernandez Avenue,2.703,52,EXCELSIOR,3,bus,scheduled
52,0,La Grande Avenue,2.703,52,EXCELSIOR,3,bus,scheduled
52,0,Laguna Honda Blvd/Forest Hill Sta,2.703,52,EXCELSIOR,3,bus,scheduled
52,0,Lyell Street,2.703,52,EXCELSIOR,3,bus,scheduled
52,0,Madrid Street,2.703,52,EXCELSIOR,3,bus,scheduled
52,0,Moffitt Street,2.703,52,EXCELSIOR,3,bus,scheduled
52,0,Moscow Street,2.703,52,EXCELSIOR,3,bus,scheduled
52,0,Munich Street,2.703,52,EXCELSIOR,3,bus,scheduled
52,0,Paris Street,2.703,52,EXCELSIOR,3,bus,scheduled
52,0,Persia Avenue,2.703,52,EXCELSIOR,3,bus,scheduled
52,0,Surrey Street,2.703,52,EXCELSIOR,3,bus,scheduled
52,0,Sussex Street,2.703,52,EXCELSIOR,3,bus,scheduled
52,0,Ulloa Street,2.703,52,EXCELSIOR,3,bus,scheduled
52,1,Diamond Street,26.471,52,EXCELSIOR,3,bus,scheduled
52,1,Brazil Avenue,20.588,52,EXCELSIOR,3,bus,scheduled
52,1,Diamond Heights Boulevard,20.588,52,EXCELSIOR,3,bus,scheduled
52,1,Mission Street,8.824,52,EXCELSIOR,3,bus,scheduled
52,1,Woodside Avenue,8.824,52,EXCELSIOR,3,bus,scheduled
52,1,Duncan Street,5.882,52,EXCELSIOR,3,bus,scheduled
52,1,Portola Drive,5.882,52,EXCELSIOR,3,bus,scheduled
52,1,Silver Avenue,5.882,52,EXCELSIOR,3,bus,scheduled
52,1,5157 Diamond Heights Boulevard,2.941,52,EXCELSIOR,3,bus,scheduled
52,1,Addison Street,2.941,52,EXCELSIOR,3,bus,scheduled
52,1,Alemany Boulevard,2.941,52,EXCELSIOR,3,bus,scheduled
52,1,Arbor Street,2.941,52,EXCELSIOR,3,bus,scheduled
52,1,Athens Street,2.941,52,EXCELSIOR,3,bus,scheduled
52,1,Berkeley,2.941,52,EXCELSIOR,3,bus,scheduled
52,1,Bosworth Street,2.941,52,EXCELSIOR,3,bus,scheduled
52,1,Cayuga Avenue,2.941,52,EXCELSIOR,3,bus,scheduled
52,1,Chenery Street,2.941,52,EXCELSIOR,3,bus,scheduled
52,1,Conrad Street,2.941,52,EXCELSIOR,3,bus,scheduled
52,1,Dewey Boulevard,2.941,52,EXCELSIOR,3,bus,scheduled
52,1,Dublin Street,2.941,52,EXCELSIOR,3,bus,scheduled
52,1,Excelsior Avenue,2.941,52,EXCELSIOR,3,bus,scheduled
52,1,Glenview Drive,2.941,52,EXCELSIOR,3,bus,scheduled
52,1,Gold Mine Drive,2.941,52,EXCELSIOR,3,bus,scheduled
52,1,Hernandez Avenue,2.941,52,EXCELSIOR,3,bus,scheduled
52,1,La Grande Avenue,2.941,52,EXCELSIOR,3,bus,scheduled
52,1,Laguna Honda Blvd/Forest Hill Sta,2.941,52,EXCELSIOR,3,bus,scheduled
52,1,Laguna Honda Boulevard,2.941,52,EXCELSIOR,3,bus,scheduled
52,1,Lyell Street,2.941,52,EXCELSIOR,3,bus,scheduled
52,1,Madrid Street,2.941,52,EXCELSIOR,3,bus,scheduled
52,1,Moffitt Street,2.941,52,EXCELSIOR,3,bus,scheduled
52,1,Moscow Street,2.941,52,EXCELSIOR,3,bus,scheduled
52,1,Naples Street,2.941,52,EXCELSIOR,3,bus,scheduled
52,1,Paris Street,2.941,52,EXCELSIOR,3,bus,scheduled
52,1,Prague Street,2.941,52,EXCELSIOR,3,bus,scheduled
52,1,Rousseau Street,2.941,52,EXCELSIOR,3,bus,scheduled
52,1,Still Street,2.941,52,EXCELSIOR,3,bus,scheduled
52,1,Surrey Street,2.941,52,EXCELSIOR,3,bus,scheduled
52,1,Sussex Street,2.941,52,EXCELSIOR,3,bus,scheduled
52,1,Ulloa Street,2.941,52,EXCELSIOR,3,bus,scheduled
54,0,Moscow Street,10.145,54,FELTON,3,bus,scheduled
54,0,Plymouth Avenue,10.145,54,FELTON,3,bus,scheduled
54,0,Felton Street,8.696,54,FELTON,3,bus,scheduled
54,0,Geneva Avenue,8.696,54,FELTON,3,bus,scheduled
54,0,3rd Street,7.246,54,FELTON,3,bus,scheduled
54,0,Bacon Street,7.246,54,FELTON,3,bus,scheduled
54,0,Revere Avenue,5.797,54,FELTON,3,bus,scheduled
54,0,Alemany Boulevard,4.348,54,FELTON,3,bus,scheduled
54,0,Howth Street,4.348,54,FELTON,3,bus,scheduled
54,0,Ingalls Street,4.348,54,FELTON,3,bus,scheduled
54,0,Phelps Street,4.348,54,FELTON,3,bus,scheduled
54,0,University Street,4.348,54,FELTON,3,bus,scheduled
54,0,Van Dyke Avenue,4.348,54,FELTON,3,bus,scheduled
54,0,Woolsey Street,4.348,54,FELTON,3,bus,scheduled
54,0,Bridge View Drive,2.899,54,FELTON,3,bus,scheduled
54,0,Grafton Avenue,2.899,54,FELTON,3,bus,scheduled
54,0,Jennings Street,2.899,54,FELTON,3,bus,scheduled
54,0,Newhall Street,2.899,54,FELTON,3,bus,scheduled
54,0,Persia Avenue,2.899,54,FELTON,3,bus,scheduled
54,0,Prague Street,2.899,54,FELTON,3,bus,scheduled
54,0,Reddy Street,2.899,54,FELTON,3,bus,scheduled
54,0,Russia Avenue,2.899,54,FELTON,3,bus,scheduled
54,0,Sagamore Street,2.899,54,FELTON,3,bus,scheduled
54,0,St Charles Avenue,2.899,54,FELTON,3,bus,scheduled
54,0,Topeka Avenue,2.899,54,FELTON,3,bus,scheduled
54,0,Williams Avenue,2.899,54,FELTON,3,bus,scheduled
54,0,274 Sagamore Street,1.449,54,FELTON,3,bus,scheduled
54,0,Amherst Street,1.449,54,FELTON,3,bus,scheduled
54,0,Arch Street,1.449,54,FELTON,3,bus,scheduled
54,0,Avalon Avenue,1.449,54,FELTON,3,bus,scheduled
54,0,Belle Avenue,1.449,54,FELTON,3,bus,scheduled
54,0,Bowdoin Street,1.449,54,FELTON,3,bus,scheduled
54,0,Brazil Avenue,1.449,54,FELTON,3,bus,scheduled
54,0,Broad Street,1.449,54,FELTON,3,bus,scheduled
54,0,Cambridge Street,1.449,54,FELTON,3,bus,scheduled
54,0,Capitol Avenue,1.449,54,FELTON,3,bus,scheduled
54,0,Carroll Avenue,1.449,54,FELTON,3,bus,scheduled
54,0,Cayuga Avenue,1.449,54,FELTON,3,bus,scheduled
54,0,Daly City BART West Station Road,1.449,54,FELTON,3,bus,scheduled
54,0,Egbert Avenue,1.449,54,FELTON,3,bus,scheduled
54,0,Excelsior Avenue,1.449,54,FELTON,3,bus,scheduled
54,0,France Avenue,1.449,54,FELTON,3,bus,scheduled
54,0,Geneva Ave/Balboa Park BART,1.449,54,FELTON,3,bus,scheduled
54,0,Girard Street,1.449,54,FELTON,3,bus,scheduled
54,0,Goettingen Street,1.449,54,FELTON,3,bus,scheduled
54,0,Hamilton Street,1.449,54,FELTON,3,bus,scheduled
54,0,Harold Avenue,1.449,54,FELTON,3,bus,scheduled
54,0,Harvard Street,1.449,54,FELTON,3,bus,scheduled
54,0,Holyoke Street,1.449,54,FELTON,3,bus,scheduled
54,0,Hudson,1.449,54,FELTON,3,bus,scheduled
54,0,Innes Avenue,1.449,54,FELTON,3,bus,scheduled
54,0,Italy Avenue,1.449,54,FELTON,3,bus,scheduled
54,0,Keith Street,1.449,54,FELTON,3,bus,scheduled
54,0,Kirkwood Avenue,1.449,54,FELTON,3,bus,scheduled
54,0,La Grande Avenue,1.449,54,FELTON,3,bus,scheduled
54,0,Lakeview Avenue,1.449,54,FELTON,3,bus,scheduled
54,0,Lane Street,1.449,54,FELTON,3,bus,scheduled
54,0,Lobos Street,1.449,54,FELTON,3,bus,scheduled
54,0,Madison Street,1.449,54,FELTON,3,bus,scheduled
54,0,Madrid Street,1.449,54,FELTON,3,bus,scheduled
54,0,Mission Street,1.449,54,FELTON,3,bus,scheduled
54,0,Montana Street,1.449,54,FELTON,3,bus,scheduled
54,0,Mt Vernon Avenue,1.449,54,FELTON,3,bus,scheduled
54,0,Naples Street,1.449,54,FELTON,3,bus,scheduled
54,0,Niagra Avenue,1.449,54,FELTON,3,bus,scheduled
54,0,Oakdale Avenue,1.449,54,FELTON,3,bus,scheduled
54,0,Peru Avenue,1.449,54,FELTON,3,bus,scheduled
54,0,San Bruno Avenue,1.449,54,FELTON,3,bus,scheduled
54,0,Scotia Avenue,1.449,54,FELTON,3,bus,scheduled
54,0,Somerset Street,1.449,54,FELTON,3,bus,scheduled
54,0,Thomas Avenue,1.449,54,FELTON,3,bus,scheduled
54,0,Thornton Avenue,1.449,54,FELTON,3,bus,scheduled
54,0,Thrift Street,1.449,54,FELTON,3,bus,scheduled
54,0,Vesta Street,1.449,54,FELTON,3,bus,scheduled
54,0,Victoria Street,1.449,54,FELTON,3,bus,scheduled
54,0,Wayland Street,1.449,54,FELTON,3,bus,scheduled
54,1,Hudson Avenue,10.933,54,FELTON,3,bus,scheduled
54,1,Ingalls Street,8.747,54,FELTON,3,bus,scheduled
54,1,Moscow Street,8.647,54,FELTON,3,bus,scheduled
54,1,Plymouth Avenue,7.566,54,FELTON,3,bus,scheduled
54,1,Geneva Avenue,6.485,54,FELTON,3,bus,scheduled
54,1,3rd Street,5.467,54,FELTON,3,bus,scheduled
54,1,La Salle Avenue,5.467,54,FELTON,3,bus,scheduled
54,1,Bacon Street,5.417,54,FELTON,3,bus,scheduled
54,1,Felton Street,5.404,54,FELTON,3,bus,scheduled
54,1,Cashmere Street,4.373,54,FELTON,3,bus,scheduled
54,1,Revere Avenue,4.373,54,FELTON,3,bus,scheduled
54,1,Keith Street,3.28,54,FELTON,3,bus,scheduled
54,1,Kiska Road,3.28,54,FELTON,3,bus,scheduled
54,1,Northridge Road,3.28,54,FELTON,3,bus,scheduled
54,1,Phelps Street,3.28,54,FELTON,3,bus,scheduled
54,1,Topeka Avenue,3.28,54,FELTON,3,bus,scheduled
54,1,Van Dyke Avenue,3.28,54,FELTON,3,bus,scheduled
54,1,Williams Avenue,3.28,54,FELTON,3,bus,scheduled
54,1,Alemany Boulevard,3.243,54,FELTON,3,bus,scheduled
54,1,Avalon Avenue,3.243,54,FELTON,3,bus,scheduled
54,1,Louisburg Street,3.243,54,FELTON,3,bus,scheduled
54,1,Sagamore Street,3.243,54,FELTON,3,bus,scheduled
54,1,University Street,3.243,54,FELTON,3,bus,scheduled
54,1,Woolsey Street,3.243,54,FELTON,3,bus,scheduled
54,1,Dormitory Road,2.187,54,FELTON,3,bus,scheduled
54,1,Jennings Street,2.187,54,FELTON,3,bus,scheduled
54,1,Mendell Street,2.187,54,FELTON,3,bus,scheduled
54,1,Whitney Young Circle,2.187,54,FELTON,3,bus,scheduled
54,1,Grafton Avenue,2.162,54,FELTON,3,bus,scheduled
54,1,Mt Vernon Avenue,2.162,54,FELTON,3,bus,scheduled
54,1,Persia Avenue,2.162,54,FELTON,3,bus,scheduled
54,1,Prague Street,2.162,54,FELTON,3,bus,scheduled
54,1,Russia Avenue,2.162,54,FELTON,3,bus,scheduled
54,1,Ardath Court,1.093,54,FELTON,3,bus,scheduled
54,1,Beatrice Lane,1.093,54,FELTON,3,bus,scheduled
54,1,Bridge View Drive,1.093,54,FELTON,3,bus,scheduled
54,1,Carroll Avenue,1.093,54,FELTON,3,bus,scheduled
54,1,Donner Avenue,1.093,54,FELTON,3,bus,scheduled
54,1,Earl Street,1.093,54,FELTON,3,bus,scheduled
54,1,Girard Street,1.093,54,FELTON,3,bus,scheduled
54,1,Harbor Road,1.093,54,FELTON,3,bus,scheduled
54,1,Hudson,1.093,54,FELTON,3,bus,scheduled
54,1,Kirkwood Avenue,1.093,54,FELTON,3,bus,scheduled
54,1,Lane Street,1.093,54,FELTON,3,bus,scheduled
54,1,Newcomb Avenue,1.093,54,FELTON,3,bus,scheduled
54,1,Newhall Street,1.093,54,FELTON,3,bus,scheduled
54,1,Osceola Drive,1.093,54,FELTON,3,bus,scheduled
54,1,Palou Avenue,1.093,54,FELTON,3,bus,scheduled
54,1,Reardon Road,1.093,54,FELTON,3,bus,scheduled
54,1,Reddy Street,1.093,54,FELTON,3,bus,scheduled
54,1,San Bruno Avenue,1.093,54,FELTON,3,bus,scheduled
54,1,Scotia Avenue,1.093,54,FELTON,3,bus,scheduled
54,1,Thomas Avenue,1.093,54,FELTON,3,bus,scheduled
54,1,Thornton Avenue,1.093,54,FELTON,3,bus,scheduled
54,1,Thornton Drive,1.093,54,FELTON,3,bus,scheduled
54,1,Venus Street,1.093,54,FELTON,3,bus,scheduled
54,1,Amherst Street,1.081,54,FELTON,3,bus,scheduled
54,1,Arch Street,1.081,54,FELTON,3,bus,scheduled
54,1,Bowdoin Street,1.081,54,FELTON,3,bus,scheduled
54,1,Brazil Street,1.081,54,FELTON,3,bus,scheduled
54,1,Broad Street,1.081,54,FELTON,3,bus,scheduled
54,1,Cambridge Street,1.081,54,FELTON,3,bus,scheduled
54,1,Capitol Avenue,1.081,54,FELTON,3,bus,scheduled
54,1,Cayuga Avenue,1.081,54,FELTON,3,bus,scheduled
54,1,Daly City BART West Station Road,1.081,54,FELTON,3,bus,scheduled
54,1,Excelsior Avenue,1.081,54,FELTON,3,bus,scheduled
54,1,France Avenue,1.081,54,FELTON,3,bus,scheduled
54,1,Geneva Ave/Balboa Park BART,1.081,54,FELTON,3,bus,scheduled
54,1,Goettingen Street,1.081,54,FELTON,3,bus,scheduled
54,1,Hamilton Street,1.081,54,FELTON,3,bus,scheduled
54,1,Harvard Street,1.081,54,FELTON,3,bus,scheduled
54,1,Holyoke Street,1.081,54,FELTON,3,bus,scheduled
54,1,Howth Street,1.081,54,FELTON,3,bus,scheduled
54,1,Italy Avenue,1.081,54,FELTON,3,bus,scheduled
54,1,La Grande Avenue,1.081,54,FELTON,3,bus,scheduled
54,1,Lakeview Avenue,1.081,54,FELTON,3,bus,scheduled
54,1,Lee Street,1.081,54,FELTON,3,bus,scheduled
54,1,Lobos Street,1.081,54,FELTON,3,bus,scheduled
54,1,Madison Street,1.081,54,FELTON,3,bus,scheduled
54,1,Madrid Street,1.081,54,FELTON,3,bus,scheduled
54,1,Mission Street,1.081,54,FELTON,3,bus,scheduled
54,1,Montana Street,1.081,54,FELTON,3,bus,scheduled
54,1,Naples Street,1.081,54,FELTON,3,bus,scheduled
54,1,Niagra Avenue,1.081,54,FELTON,3,bus,scheduled
54,1,Orizaba Avenue,1.081,54,FELTON,3,bus,scheduled
54,1,Peru Avenue,1.081,54,FELTON,3,bus,scheduled
54,1,Somerset Street,1.081,54,FELTON,3,bus,scheduled
54,1,St Charles Avenue,1.081,54,FELTON,3,bus,scheduled
54,1,Thrift Street,1.081,54,FELTON,3,bus,scheduled
54,1,Victoria Street,1.081,54,FELTON,3,bus,scheduled
54,1,Wayland Street,1.081,54,FELTON,3,bus,scheduled
54,1,Burrows Street,0.012,54,FELTON,3,bus,scheduled
55,0,16th Street,33.333,55,DOGPATCH,3,bus,scheduled
55,0,20th Street,20.0,55,DOGPATCH,3,bus,scheduled
55,0,22nd Street,20.0,55,DOGPATCH,3,bus,scheduled
55,0,Connecticut Street,20.0,55,DOGPATCH,3,bus,scheduled
55,0,3rd Street,13.333,55,DOGPATCH,3,bus,scheduled
55,0,16th St& Rhode Island Street,6.667,55,DOGPATCH,3,bus,scheduled
55,0,17th Street,6.667,55,DOGPATCH,3,bus,scheduled
55,0,18th Street,6.667,55,DOGPATCH,3,bus,scheduled
55,0,19th Street,6.667,55,DOGPATCH,3,bus,scheduled
55,0,Bryant Street,6.667,55,DOGPATCH,3,bus,scheduled
55,0,Iowa Street,6.667,55,DOGPATCH,3,bus,scheduled
55,0,Minnesota Street,6.667,55,DOGPATCH,3,bus,scheduled
55,0,Mission Street,6.667,55,DOGPATCH,3,bus,scheduled
55,0,Missouri Street,6.667,55,DOGPATCH,3,bus,scheduled
55,0,Pennsylvania Avenue,6.667,55,DOGPATCH,3,bus,scheduled
55,0,Potrero Avenue,6.667,55,DOGPATCH,3,bus,scheduled
55,0,Shotwell Street,6.667,55,DOGPATCH,3,bus,scheduled
55,0,Wisconsin Street,6.667,55,DOGPATCH,3,bus,scheduled
55,1,16th Street,46.667,55,DOGPATCH,3,bus,scheduled
55,1,20th Street,20.0,55,DOGPATCH,3,bus,scheduled
55,1,Connecticut Street,20.0,55,DOGPATCH,3,bus,scheduled
55,1,22nd Street,13.333,55,DOGPATCH,3,bus,scheduled
55,1,Mission Street,13.333,55,DOGPATCH,3,bus,scheduled
55,1,17th Street,6.667,55,DOGPATCH,3,bus,scheduled
55,1,18th Street,6.667,55,DOGPATCH,3,bus,scheduled
55,1,19th Street,6.667,55,DOGPATCH,3,bus,scheduled
55,1,3rd Street,6.667,55,DOGPATCH,3,bus,scheduled
55,1,Bryant Street,6.667,55,DOGPATCH,3,bus,scheduled
55,1,Folsom Street,6.667,55,DOGPATCH,3,bus,scheduled
55,1,Iowa Street,6.667,55,DOGPATCH,3,bus,scheduled
55,1,Minnesota Street,6.667,55,DOGPATCH,3,bus,scheduled
55,1,Missouri Street,6.667,55,DOGPATCH,3,bus,scheduled
55,1,Pennslvania Avenue,6.667,55,DOGPATCH,3,bus,scheduled
55,1,Potrero Avenue,6.667,55,DOGPATCH,3,bus,scheduled
55,1,Rhode Island Street,6.667,55,DOGPATCH,3,bus,scheduled
55,1,Wisconsin Street,6.667,55,DOGPATCH,3,bus,scheduled
56,0,Mansell Street,28.177,56,RUTLAND,3,bus,scheduled
56,0,Sunnydale Avenue,21.133,56,RUTLAND,3,bus,scheduled
56,0,Blanken Avenue,21.112,56,RUTLAND,3,bus,scheduled
56,0,Leland Avenue,10.566,56,RUTLAND,3,bus,scheduled
56,0,Rutland Street,10.566,56,RUTLAND,3,bus,scheduled
56,0,Visitacion Avenue,10.566,56,RUTLAND,3,bus,scheduled
56,0,Bayshore Boulevard,7.044,56,RUTLAND,3,bus,scheduled
56,0,Dartmouth Street,7.044,56,RUTLAND,3,bus,scheduled
56,0,Hahn Street,7.044,56,RUTLAND,3,bus,scheduled
56,0,Hamilton Street,7.044,56,RUTLAND,3,bus,scheduled
56,0,Somerset Street,7.044,56,RUTLAND,3,bus,scheduled
56,0,Executive Park Boulevard,4.222,56,RUTLAND,3,bus,scheduled
56,0,Gillette Avenue,4.222,56,RUTLAND,3,bus,scheduled
56,0,Nueva Avenue,4.222,56,RUTLAND,3,bus,scheduled
56,0,Peninsula Avenue,4.222,56,RUTLAND,3,bus,scheduled
56,0,Tunnel Avenue,4.222,56,RUTLAND,3,bus,scheduled
56,0,50 Thomas Mellon Drive,3.522,56,RUTLAND,3,bus,scheduled
56,0,Alpha Street,3.522,56,RUTLAND,3,bus,scheduled
56,0,Cora Street,3.522,56,RUTLAND,3,bus,scheduled
56,0,Garrison Avenue,3.522,56,RUTLAND,3,bus,scheduled
56,0,Sawyer Street,3.522,56,RUTLAND,3,bus,scheduled
56,0,Schwerin Street,3.522,56,RUTLAND,3,bus,scheduled
56,0,Thomas Mellon Drive,3.522,56,RUTLAND,3,bus,scheduled
56,0,University Street,3.522,56,RUTLAND,3,bus,scheduled
56,0,[UNKNOWN],3.522,56,RUTLAND,3,bus,scheduled
56,0,Alana Way,0.7,56,RUTLAND,3,bus,scheduled
56,0,Arleta Avenue,0.7,56,RUTLAND,3,bus,scheduled
56,0,San Bruno Avenue,0.7,56,RUTLAND,3,bus,scheduled
56,0,Thomas Mellon Circle,0.7,56,RUTLAND,3,bus,scheduled
56,1,Rutland Street,20.714,56,RUTLAND,3,bus,scheduled
56,1,Wilde Avenue,20.714,56,RUTLAND,3,bus,scheduled
56,1,Raymond Avenue,16.571,56,RUTLAND,3,bus,scheduled
56,1,Blanken Avenue,15.206,56,RUTLAND,3,bus,scheduled
56,1,Delta Street,12.428,56,RUTLAND,3,bus,scheduled
56,1,Arleta Avenue,8.285,56,RUTLAND,3,bus,scheduled
56,1,San Bruno Avenue,8.285,56,RUTLAND,3,bus,scheduled
56,1,Sawyer Street,8.285,56,RUTLAND,3,bus,scheduled
56,1,Tioga Avenue,8.285,56,RUTLAND,3,bus,scheduled
56,1,356 Wilde Avenue,4.143,56,RUTLAND,3,bus,scheduled
56,1,3801 San Bruno Avenue,4.143,56,RUTLAND,3,bus,scheduled
56,1,Brussels Street,4.143,56,RUTLAND,3,bus,scheduled
56,1,Campbell Avenue,4.143,56,RUTLAND,3,bus,scheduled
56,1,Elliot Street,4.143,56,RUTLAND,3,bus,scheduled
56,1,Girard Street,4.143,56,RUTLAND,3,bus,scheduled
56,1,Goettingen Street,4.143,56,RUTLAND,3,bus,scheduled
56,1,Somerset Street,4.143,56,RUTLAND,3,bus,scheduled
56,1,Visitacion Avenue,4.143,56,RUTLAND,3,bus,scheduled
56,1,[UNKNOWN],4.143,56,RUTLAND,3,bus,scheduled
56,1,50 Thomas Mellon Drive,3.041,56,RUTLAND,3,bus,scheduled
56,1,Alana Way,3.041,56,RUTLAND,3,bus,scheduled
56,1,Executive Park Boulevard,3.041,56,RUTLAND,3,bus,scheduled
56,1,Gillette Avenue,3.041,56,RUTLAND,3,bus,scheduled
56,1,Nueva Avenue,3.041,56,RUTLAND,3,bus,scheduled
56,1,Peninsula Avenue,3.041,56,RUTLAND,3,bus,scheduled
56,1,Thomas Mellon Circle,3.041,56,RUTLAND,3,bus,scheduled
56,1,Tunnel Avenue,3.041,56,RUTLAND,3,bus,scheduled
57,0,Font Boulevard,33.333,57,PARKMERCED,3,bus,scheduled
57,0,West Portal Avenue,14.815,57,PARKMERCED,3,bus,scheduled
57,0,Winston Drive,11.111,57,PARKMERCED,3,bus,scheduled
57,0,Chumasero Drive,7.407,57,PARKMERCED,3,bus,scheduled
57,0,Junipero Serra Boulevard,7.407,57,PARKMERCED,3,bus,scheduled
57,0,14th Avenue,3.704,57,PARKMERCED,3,bus,scheduled
57,0,15th Avenue,3.704,57,PARKMERCED,3,bus,scheduled
57,0,170 Buckingham Way,3.704,57,PARKMERCED,3,bus,scheduled
57,0,19th Avenue,3.704,57,PARKMERCED,3,bus,scheduled
57,0,20th Ave/Stonestown Mall,3.704,57,PARKMERCED,3,bus,scheduled
57,0,20th Avenue,3.704,57,PARKMERCED,3,bus,scheduled
57,0,281 Buckingham Way,3.704,57,PARKMERCED,3,bus,scheduled
57,0,90 Buckingham Way,3.704,57,PARKMERCED,3,bus,scheduled
57,0,Alemany Boulevard,3.704,57,PARKMERCED,3,bus,scheduled
57,0,Arballo Drive,3.704,57,PARKMERCED,3,bus,scheduled
57,0,Arch Street,3.704,57,PARKMERCED,3,bus,scheduled
57,0,Brotherhood Way,3.704,57,PARKMERCED,3,bus,scheduled
57,0,Buckingham Way,3.704,57,PARKMERCED,3,bus,scheduled
57,0,Cambon Drive,3.704,57,PARKMERCED,3,bus,scheduled
57,0,Eucalyptus Drive,3.704,57,PARKMERCED,3,bus,scheduled
57,0,Gonzalez Drive,3.704,57,PARKMERCED,3,bus,scheduled
57,0,Juan Bautisa Circle,3.704,57,PARKMERCED,3,bus,scheduled
57,0,Juan Bautista Circle,3.704,57,PARKMERCED,3,bus,scheduled
57,0,Lake Merced Blvd/Sfsu,3.704,57,PARKMERCED,3,bus,scheduled
57,0,Lake Merced Boulevard,3.704,57,PARKMERCED,3,bus,scheduled
57,0,Mary Ward Hall,3.704,57,PARKMERCED,3,bus,scheduled
57,0,Ocean Avenue,3.704,57,PARKMERCED,3,bus,scheduled
57,0,Serrano Drive,3.704,57,PARKMERCED,3,bus,scheduled
57,0,Sloat Boulevard,3.704,57,PARKMERCED,3,bus,scheduled
57,0,Tapia Drive,3.704,57,PARKMERCED,3,bus,scheduled
57,0,Ulloa Street,3.704,57,PARKMERCED,3,bus,scheduled
57,0,Vicente Street,3.704,57,PARKMERCED,3,bus,scheduled
57,0,[UNKNOWN],3.704,57,PARKMERCED,3,bus,scheduled
57,1,Font Boulevard,34.483,57,PARKMERCED,3,bus,scheduled
57,1,West Portal Avenue,13.793,57,PARKMERCED,3,bus,scheduled
57,1,Chumasero Drive,10.345,57,PARKMERCED,3,bus,scheduled
57,1,Winston Drive,10.345,57,PARKMERCED,3,bus,scheduled
57,1,Eucalyptus Drive,6.897,57,PARKMERCED,3,bus,scheduled
57,1,Juan Bautista Circle,6.897,57,PARKMERCED,3,bus,scheduled
57,1,Junipero Serra Boulevard,6.897,57,PARKMERCED,3,bus,scheduled
57,1,Lake Merced Boulevard,6.897,57,PARKMERCED,3,bus,scheduled
57,1,[UNKNOWN],6.897,57,PARKMERCED,3,bus,scheduled
57,1,14th Avenue,3.448,57,PARKMERCED,3,bus,scheduled
57,1,15th Avenue,3.448,57,PARKMERCED,3,bus,scheduled
57,1,190 Buckingham Way,3.448,57,PARKMERCED,3,bus,scheduled
57,1,19th Avenue,3.448,57,PARKMERCED,3,bus,scheduled
57,1,20th Avenue,3.448,57,PARKMERCED,3,bus,scheduled
57,1,280 Buckingham Way,3.448,57,PARKMERCED,3,bus,scheduled
57,1,91 Buckingham Way,3.448,57,PARKMERCED,3,bus,scheduled
57,1,Alemany Boulevard,3.448,57,PARKMERCED,3,bus,scheduled
57,1,Alemany Street,3.448,57,PARKMERCED,3,bus,scheduled
57,1,Arballo Drive,3.448,57,PARKMERCED,3,bus,scheduled
57,1,Arch Street,3.448,57,PARKMERCED,3,bus,scheduled
57,1,Brotherhood Way,3.448,57,PARKMERCED,3,bus,scheduled
57,1,Buckingham Way,3.448,57,PARKMERCED,3,bus,scheduled
57,1,Cambon Drive,3.448,57,PARKMERCED,3,bus,scheduled
57,1,Galindo Avenue,3.448,57,PARKMERCED,3,bus,scheduled
57,1,Gonzalez Drive,3.448,57,PARKMERCED,3,bus,scheduled
57,1,Mary Ward Hall,3.448,57,PARKMERCED,3,bus,scheduled
57,1,Ocean Avenue,3.448,57,PARKMERCED,3,bus,scheduled
57,1,Serrano Drive,3.448,57,PARKMERCED,3,bus,scheduled
57,1,Sloat Boulevard,3.448,57,PARKMERCED,3,bus,scheduled
57,1,St Charles Avenue,3.448,57,PARKMERCED,3,bus,scheduled
57,1,Tapia Drive,3.448,57,PARKMERCED,3,bus,scheduled
57,1,Ulloa Street,3.448,57,PARKMERCED,3,bus,scheduled
58,0,Brotherhood Way,13.636,58,LAKE MERCED,3,bus,scheduled
58,0,Skyline Boulevard,13.636,58,LAKE MERCED,3,bus,scheduled
58,0,Winston Drive,13.636,58,LAKE MERCED,3,bus,scheduled
58,0,Buckingham Way,9.091,58,LAKE MERCED,3,bus,scheduled
58,0,Lake Merced,9.091,58,LAKE MERCED,3,bus,scheduled
58,0,Lake Merced Boulevard,9.091,58,LAKE MERCED,3,bus,scheduled
58,0,Sloat Boulevard,9.091,58,LAKE MERCED,3,bus,scheduled
58,0,Sunset Boulevard,9.091,58,LAKE MERCED,3,bus,scheduled
58,0,Zoo Road,9.091,58,LAKE MERCED,3,bus,scheduled
58,0,19th Avenue,4.545,58,LAKE MERCED,3,bus,scheduled
58,0,20th Avenue,4.545,58,LAKE MERCED,3,bus,scheduled
58,0,36th Avenue,4.545,58,LAKE MERCED,3,bus,scheduled
58,0,515 John Muir Drive,4.545,58,LAKE MERCED,3,bus,scheduled
58,0,655 John Muir Avenue,4.545,58,LAKE MERCED,3,bus,scheduled
58,0,Alemany Boulevard,4.545,58,LAKE MERCED,3,bus,scheduled
58,0,Amory Road,4.545,58,LAKE MERCED,3,bus,scheduled
58,0,Arch Street,4.545,58,LAKE MERCED,3,bus,scheduled
58,0,Church Access Road,4.545,58,LAKE MERCED,3,bus,scheduled
58,0,Flournoy,4.545,58,LAKE MERCED,3,bus,scheduled
58,0,Grace Community Church,4.545,58,LAKE MERCED,3,bus,scheduled
58,0,John Muir,4.545,58,LAKE MERCED,3,bus,scheduled
58,0,John Muir Drive,4.545,58,LAKE MERCED,3,bus,scheduled
58,0,Lake Merced Hills Boulevard,4.545,58,LAKE MERCED,3,bus,scheduled
58,0,Middlefield Drive,4.545,58,LAKE MERCED,3,bus,scheduled
58,0,Mission Street,4.545,58,LAKE MERCED,3,bus,scheduled
58,0,Ocean Avenue,4.545,58,LAKE MERCED,3,bus,scheduled
58,0,Summit Way,4.545,58,LAKE MERCED,3,bus,scheduled
58,0,Yorba Street,4.545,58,LAKE MERCED,3,bus,scheduled
58,0,[UNKNOWN],4.545,58,LAKE MERCED,3,bus,scheduled
58,1,Skyline Boulevard,22.727,58,LAKE MERCED,3,bus,scheduled
58,1,Brotherhood Way,13.636,58,LAKE MERCED,3,bus,scheduled
58,1,Lake Merced Boulevard,13.636,58,LAKE MERCED,3,bus,scheduled
58,1,Winston Drive,13.636,58,LAKE MERCED,3,bus,scheduled
58,1,Buckingham Way,9.091,58,LAKE MERCED,3,bus,scheduled
58,1,Lake Merced,9.091,58,LAKE MERCED,3,bus,scheduled
58,1,19th Avenue,4.545,58,LAKE MERCED,3,bus,scheduled
58,1,20th Avenue,4.545,58,LAKE MERCED,3,bus,scheduled
58,1,515 John Muir Drive,4.545,58,LAKE MERCED,3,bus,scheduled
58,1,655 John Muir Avenue,4.545,58,LAKE MERCED,3,bus,scheduled
58,1,Alemany Boulevard,4.545,58,LAKE MERCED,3,bus,scheduled
58,1,Alemany Street,4.545,58,LAKE MERCED,3,bus,scheduled
58,1,Arch Street,4.545,58,LAKE MERCED,3,bus,scheduled
58,1,Chumasero Drive,4.545,58,LAKE MERCED,3,bus,scheduled
58,1,Flournoy,4.545,58,LAKE MERCED,3,bus,scheduled
58,1,Grace Community Church,4.545,58,LAKE MERCED,3,bus,scheduled
58,1,Harding Road,4.545,58,LAKE MERCED,3,bus,scheduled
58,1,John Muir,4.545,58,LAKE MERCED,3,bus,scheduled
58,1,John Muir Drive,4.545,58,LAKE MERCED,3,bus,scheduled
58,1,Lake Merced Hills Boulevard,4.545,58,LAKE MERCED,3,bus,scheduled
58,1,Middlefield Drive,4.545,58,LAKE MERCED,3,bus,scheduled
58,1,Mission Street,4.545,58,LAKE MERCED,3,bus,scheduled
58,1,Ocean Avenue,4.545,58,LAKE MERCED,3,bus,scheduled
58,1,Sloat Boulevard,4.545,58,LAKE MERCED,3,bus,scheduled
58,1,St Charles Avenue,4.545,58,LAKE MERCED,3,bus,scheduled
58,1,Summit Way,4.545,58,LAKE MERCED,3,bus,scheduled
58,1,Sunset Boulevard,4.545,58,LAKE MERCED,3,bus,scheduled
58,1,Zoo Road,4.545,58,LAKE MERCED,3,bus,scheduled
58,1,[UNKNOWN],4.545,58,LAKE MERCED,3,bus,scheduled
5R,0,Fulton Street,50.968,5R,FULTON RAPID,3,bus,scheduled
5R,0,Market Street,18.064,5R,FULTON RAPID,3,bus,scheduled
5R,0,Mcallister Street,15.053,5R,FULTON RAPID,3,bus,scheduled
5R,0,La Playa Street,9.678,5R,FULTON RAPID,3,bus,scheduled
5R,0,Cabrillo Street,6.452,5R,FULTON RAPID,3,bus,scheduled
5R,0,10th Avenue,3.226,5R,FULTON RAPID,3,bus,scheduled
5R,0,18th Avenue,3.226,5R,FULTON RAPID,3,bus,scheduled
5R,0,22nd Avenue,3.226,5R,FULTON RAPID,3,bus,scheduled
5R,0,25th Avenue,3.226,5R,FULTON RAPID,3,bus,scheduled
5R,0,33rd Avenue,3.226,5R,FULTON RAPID,3,bus,scheduled
5R,0,36th Avenue,3.226,5R,FULTON RAPID,3,bus,scheduled
5R,0,40th Avenue,3.226,5R,FULTON RAPID,3,bus,scheduled
5R,0,43rd Avenue,3.226,5R,FULTON RAPID,3,bus,scheduled
5R,0,46th Avenue,3.226,5R,FULTON RAPID,3,bus,scheduled
5R,0,6th Avenue,3.226,5R,FULTON RAPID,3,bus,scheduled
5R,0,8th Avenue,3.226,5R,FULTON RAPID,3,bus,scheduled
5R,0,Fulton S T& 28th Avenue,3.226,5R,FULTON RAPID,3,bus,scheduled
5R,0,Fulton S T& 30th Avenue,3.226,5R,FULTON RAPID,3,bus,scheduled
5R,0,Park Presidio Boulevard,3.226,5R,FULTON RAPID,3,bus,scheduled
5R,0,Arguello Boulevard,3.011,5R,FULTON RAPID,3,bus,scheduled
5R,0,Divisadero Street,3.011,5R,FULTON RAPID,3,bus,scheduled
5R,0,Fillmore Street,3.011,5R,FULTON RAPID,3,bus,scheduled
5R,0,Fremont Street,3.011,5R,FULTON RAPID,3,bus,scheduled
5R,0,Grant Avenue,3.011,5R,FULTON RAPID,3,bus,scheduled
5R,0,Jones Street,3.011,5R,FULTON RAPID,3,bus,scheduled
5R,0,Laguna Street,3.011,5R,FULTON RAPID,3,bus,scheduled
5R,0,Mason Street,3.011,5R,FULTON RAPID,3,bus,scheduled
5R,0,Masonic Avenue,3.011,5R,FULTON RAPID,3,bus,scheduled
5R,0,Montgomery Street,3.011,5R,FULTON RAPID,3,bus,scheduled
5R,0,Parker Avenue,3.011,5R,FULTON RAPID,3,bus,scheduled
5R,0,Powell Street,3.011,5R,FULTON RAPID,3,bus,scheduled
5R,0,Sansome Street,3.011,5R,FULTON RAPID,3,bus,scheduled
5R,0,Van Ness Avenue,3.011,5R,FULTON RAPID,3,bus,scheduled
5R,0,[UNKNOWN],3.011,5R,FULTON RAPID,3,bus,scheduled
5R,1,Fulton Street,53.416,5R,FULTON RAPID,3,bus,scheduled
5R,1,Mcallister Street,16.533,5R,FULTON RAPID,3,bus,scheduled
5R,1,Market Street,10.501,5R,FULTON RAPID,3,bus,scheduled
5R,1,La Playa Street,8.612,5R,FULTON RAPID,3,bus,scheduled
5R,1,3rd Street,6.904,5R,FULTON RAPID,3,bus,scheduled
5R,1,Cabrillo Street,5.741,5R,FULTON RAPID,3,bus,scheduled
5R,1,1st Street,3.597,5R,FULTON RAPID,3,bus,scheduled
5R,1,Beale Street,3.597,5R,FULTON RAPID,3,bus,scheduled
5R,1,Mission Street,3.597,5R,FULTON RAPID,3,bus,scheduled
5R,1,[UNKNOWN],3.597,5R,FULTON RAPID,3,bus,scheduled
5R,1,4th Street,3.307,5R,FULTON RAPID,3,bus,scheduled
5R,1,5th Street,3.307,5R,FULTON RAPID,3,bus,scheduled
5R,1,6th Avenue,3.307,5R,FULTON RAPID,3,bus,scheduled
5R,1,Arguello Boulevard,3.307,5R,FULTON RAPID,3,bus,scheduled
5R,1,Divisadero Street,3.307,5R,FULTON RAPID,3,bus,scheduled
5R,1,Fillmore Street,3.307,5R,FULTON RAPID,3,bus,scheduled
5R,1,Laguna Street,3.307,5R,FULTON RAPID,3,bus,scheduled
5R,1,Leavenworth Street,3.307,5R,FULTON RAPID,3,bus,scheduled
5R,1,Market St Between 4th,3.307,5R,FULTON RAPID,3,bus,scheduled
5R,1,Market St Between 5th,3.307,5R,FULTON RAPID,3,bus,scheduled
5R,1,Masonic Avenue,3.307,5R,FULTON RAPID,3,bus,scheduled
5R,1,Shrader Street,3.307,5R,FULTON RAPID,3,bus,scheduled
5R,1,Van Ness Avenue,3.307,5R,FULTON RAPID,3,bus,scheduled
5R,1,10th Avenue,2.871,5R,FULTON RAPID,3,bus,scheduled
5R,1,18th Avenue,2.871,5R,FULTON RAPID,3,bus,scheduled
5R,1,22nd Avenue,2.871,5R,FULTON RAPID,3,bus,scheduled
5R,1,25th Avenue,2.871,5R,FULTON RAPID,3,bus,scheduled
5R,1,28th Avenue,2.871,5R,FULTON RAPID,3,bus,scheduled
5R,1,30th Avenue,2.871,5R,FULTON RAPID,3,bus,scheduled
5R,1,33rd Avenue,2.871,5R,FULTON RAPID,3,bus,scheduled
5R,1,37th Avenue,2.871,5R,FULTON RAPID,3,bus,scheduled
5R,1,40th Avenue,2.871,5R,FULTON RAPID,3,bus,scheduled
5R,1,43rd Avenue,2.871,5R,FULTON RAPID,3,bus,scheduled
5R,1,46th Avenue,2.871,5R,FULTON RAPID,3,bus,scheduled
5R,1,8th Avenue,2.871,5R,FULTON RAPID,3,bus,scheduled
5R,1,Park Presidio Boulevard,2.871,5R,FULTON RAPID,3,bus,scheduled
6,0,Hayes Street,30.635,6,HAYES-PARNASSUS,3,bus,scheduled
6,0,Parnassus Avenue,16.202,6,HAYES-PARNASSUS,3,bus,scheduled
6,0,9th Avenue,13.888,6,HAYES-PARNASSUS,3,bus,scheduled
6,0,Quintara Street,11.573,6,HAYES-PARNASSUS,3,bus,scheduled
6,0,Masonic Avenue,9.001,6,HAYES-PARNASSUS,3,bus,scheduled
6,0,10th Avenue,6.944,6,HAYES-PARNASSUS,3,bus,scheduled
6,0,Clayton Street,6.944,6,HAYES-PARNASSUS,3,bus,scheduled
6,0,Frederick Street,6.944,6,HAYES-PARNASSUS,3,bus,scheduled
6,0,Judah Street,6.944,6,HAYES-PARNASSUS,3,bus,scheduled
6,0,Ortega Street,4.629,6,HAYES-PARNASSUS,3,bus,scheduled
6,0,Baker Street,2.371,6,HAYES-PARNASSUS,3,bus,scheduled
6,0,Buchanan Street,2.371,6,HAYES-PARNASSUS,3,bus,scheduled
6,0,Central Avenue,2.371,6,HAYES-PARNASSUS,3,bus,scheduled
6,0,Divisadero Street,2.371,6,HAYES-PARNASSUS,3,bus,scheduled
6,0,Fillmore Street,2.371,6,HAYES-PARNASSUS,3,bus,scheduled
6,0,Gough Street,2.371,6,HAYES-PARNASSUS,3,bus,scheduled
6,0,Grove Street,2.371,6,HAYES-PARNASSUS,3,bus,scheduled
6,0,Hyde Street,2.371,6,HAYES-PARNASSUS,3,bus,scheduled
6,0,Laguna Street,2.371,6,HAYES-PARNASSUS,3,bus,scheduled
6,0,Larkin Street,2.371,6,HAYES-PARNASSUS,3,bus,scheduled
6,0,Pierce Street,2.371,6,HAYES-PARNASSUS,3,bus,scheduled
6,0,Steiner Street,2.371,6,HAYES-PARNASSUS,3,bus,scheduled
6,0,Van Ness Avenue,2.371,6,HAYES-PARNASSUS,3,bus,scheduled
6,0,Webster Street,2.371,6,HAYES-PARNASSUS,3,bus,scheduled
6,0,12th Avenue,2.315,6,HAYES-PARNASSUS,3,bus,scheduled
6,0,14th Avenue,2.315,6,HAYES-PARNASSUS,3,bus,scheduled
6,0,4th Avenue,2.315,6,HAYES-PARNASSUS,3,bus,scheduled
6,0,500 Parnassus Avenue,2.315,6,HAYES-PARNASSUS,3,bus,scheduled
6,0,6th Avenue,2.315,6,HAYES-PARNASSUS,3,bus,scheduled
6,0,7th Avenue,2.315,6,HAYES-PARNASSUS,3,bus,scheduled
6,0,Ashbury Street,2.315,6,HAYES-PARNASSUS,3,bus,scheduled
6,0,Carl Street,2.315,6,HAYES-PARNASSUS,3,bus,scheduled
6,0,Cole Street,2.315,6,HAYES-PARNASSUS,3,bus,scheduled
6,0,Cragmont Avenue,2.315,6,HAYES-PARNASSUS,3,bus,scheduled
6,0,Funston Avenue,2.315,6,HAYES-PARNASSUS,3,bus,scheduled
6,0,Haight Street,2.315,6,HAYES-PARNASSUS,3,bus,scheduled
6,0,Hillway Avenue,2.315,6,HAYES-PARNASSUS,3,bus,scheduled
6,0,Kirkham Street,2.315,6,HAYES-PARNASSUS,3,bus,scheduled
6,0,Lawton Street,2.315,6,HAYES-PARNASSUS,3,bus,scheduled
6,0,Moraga Street,2.315,6,HAYES-PARNASSUS,3,bus,scheduled
6,0,Noriega Street,2.315,6,HAYES-PARNASSUS,3,bus,scheduled
6,0,Pacheco Street,2.315,6,HAYES-PARNASSUS,3,bus,scheduled
6,0,Shrader Street,2.315,6,HAYES-PARNASSUS,3,bus,scheduled
6,0,Stanyan Street,2.315,6,HAYES-PARNASSUS,3,bus,scheduled
6,0,Willard Street,2.315,6,HAYES-PARNASSUS,3,bus,scheduled
6,0,Oak Street,2.186,6,HAYES-PARNASSUS,3,bus,scheduled
6,1,Hayes Street,23.584,6,HAYES-PARNASSUS,3,bus,scheduled
6,1,9th Avenue,13.861,6,HAYES-PARNASSUS,3,bus,scheduled
6,1,Parnassus Avenue,11.551,6,HAYES-PARNASSUS,3,bus,scheduled
6,1,Quintara Street,11.551,6,HAYES-PARNASSUS,3,bus,scheduled
6,1,Grove Street,9.384,6,HAYES-PARNASSUS,3,bus,scheduled
6,1,Masonic Avenue,7.09,6,HAYES-PARNASSUS,3,bus,scheduled
6,1,10th Avenue,6.931,6,HAYES-PARNASSUS,3,bus,scheduled
6,1,Clayton Street,6.931,6,HAYES-PARNASSUS,3,bus,scheduled
6,1,Frederick Street,6.931,6,HAYES-PARNASSUS,3,bus,scheduled
6,1,Judah Street,6.931,6,HAYES-PARNASSUS,3,bus,scheduled
6,1,Hyde Street,4.692,6,HAYES-PARNASSUS,3,bus,scheduled
6,1,Laguna Street,4.692,6,HAYES-PARNASSUS,3,bus,scheduled
6,1,Ortega Street,4.62,6,HAYES-PARNASSUS,3,bus,scheduled
6,1,Baker Street,2.346,6,HAYES-PARNASSUS,3,bus,scheduled
6,1,Buchanan Street,2.346,6,HAYES-PARNASSUS,3,bus,scheduled
6,1,Divisadero Street,2.346,6,HAYES-PARNASSUS,3,bus,scheduled
6,1,Fillmore Street,2.346,6,HAYES-PARNASSUS,3,bus,scheduled
6,1,Gough Street,2.346,6,HAYES-PARNASSUS,3,bus,scheduled
6,1,Lyon Street,2.346,6,HAYES-PARNASSUS,3,bus,scheduled
6,1,Mcallister Street,2.346,6,HAYES-PARNASSUS,3,bus,scheduled
6,1,Pierce Street,2.346,6,HAYES-PARNASSUS,3,bus,scheduled
6,1,Steiner Street,2.346,6,HAYES-PARNASSUS,3,bus,scheduled
6,1,Van Ness Avenue,2.346,6,HAYES-PARNASSUS,3,bus,scheduled
6,1,Webster Street,2.346,6,HAYES-PARNASSUS,3,bus,scheduled
6,1,12th Avenue,2.31,6,HAYES-PARNASSUS,3,bus,scheduled
6,1,14th Avenue,2.31,6,HAYES-PARNASSUS,3,bus,scheduled
6,1,513 Parnassus Avenue,2.31,6,HAYES-PARNASSUS,3,bus,scheduled
6,1,5th Avenue,2.31,6,HAYES-PARNASSUS,3,bus,scheduled
6,1,7th Avenue,2.31,6,HAYES-PARNASSUS,3,bus,scheduled
6,1,Ashbury Street,2.31,6,HAYES-PARNASSUS,3,bus,scheduled
6,1,Carl Street,2.31,6,HAYES-PARNASSUS,3,bus,scheduled
6,1,Cole Street,2.31,6,HAYES-PARNASSUS,3,bus,scheduled
6,1,Cragmont Avenue,2.31,6,HAYES-PARNASSUS,3,bus,scheduled
6,1,Funston Avenue,2.31,6,HAYES-PARNASSUS,3,bus,scheduled
6,1,Haight Street,2.31,6,HAYES-PARNASSUS,3,bus,scheduled
6,1,Kirkham Street,2.31,6,HAYES-PARNASSUS,3,bus,scheduled
6,1,Lawton Street,2.31,6,HAYES-PARNASSUS,3,bus,scheduled
6,1,Masonic Street,2.31,6,HAYES-PARNASSUS,3,bus,scheduled
6,1,Moraga Street,2.31,6,HAYES-PARNASSUS,3,bus,scheduled
6,1,Noriega Street,2.31,6,HAYES-PARNASSUS,3,bus,scheduled
6,1,Oak Street,2.31,6,HAYES-PARNASSUS,3,bus,scheduled
6,1,Pacheco Street,2.31,6,HAYES-PARNASSUS,3,bus,scheduled
6,1,Parnassus Ave &4th Avenue,2.31,6,HAYES-PARNASSUS,3,bus,scheduled
6,1,Shrader Street,2.31,6,HAYES-PARNASSUS,3,bus,scheduled
6,1,Stanyan Street,2.31,6,HAYES-PARNASSUS,3,bus,scheduled
6,1,Willard Street,2.31,6,HAYES-PARNASSUS,3,bus,scheduled
66,0,Quintara Street,34.483,66,QUINTARA,3,bus,scheduled
66,0,30th Avenue,20.69,66,QUINTARA,3,bus,scheduled
66,0,Lawton Street,20.69,66,QUINTARA,3,bus,scheduled
66,0,16th Avenue,17.241,66,QUINTARA,3,bus,scheduled
66,0,15th Avenue,13.793,66,QUINTARA,3,bus,scheduled
66,0,9th Avenue,10.345,66,QUINTARA,3,bus,scheduled
66,0,Lomita Avenue,6.897,66,QUINTARA,3,bus,scheduled
66,0,Noriega Street,6.897,66,QUINTARA,3,bus,scheduled
66,0,11th Avenue,3.448,66,QUINTARA,3,bus,scheduled
66,0,17th Avenue,3.448,66,QUINTARA,3,bus,scheduled
66,0,19th Avenue,3.448,66,QUINTARA,3,bus,scheduled
66,0,22nd Avenue,3.448,66,QUINTARA,3,bus,scheduled
66,0,24th Avenue,3.448,66,QUINTARA,3,bus,scheduled
66,0,26th Avenue,3.448,66,QUINTARA,3,bus,scheduled
66,0,27th Avenue,3.448,66,QUINTARA,3,bus,scheduled
66,0,28th Avenue,3.448,66,QUINTARA,3,bus,scheduled
66,0,29th Avenue,3.448,66,QUINTARA,3,bus,scheduled
66,0,Funston Avenue,3.448,66,QUINTARA,3,bus,scheduled
66,0,Judah Street,3.448,66,QUINTARA,3,bus,scheduled
66,0,Kirkham Street,3.448,66,QUINTARA,3,bus,scheduled
66,0,Moraga Street,3.448,66,QUINTARA,3,bus,scheduled
66,0,Ortega Street,3.448,66,QUINTARA,3,bus,scheduled
66,0,Pacheco Street,3.448,66,QUINTARA,3,bus,scheduled
66,0,Rivera Street,3.448,66,QUINTARA,3,bus,scheduled
66,0,Santiago Street,3.448,66,QUINTARA,3,bus,scheduled
66,0,Taraval Street,3.448,66,QUINTARA,3,bus,scheduled
66,0,Ulloa Street,3.448,66,QUINTARA,3,bus,scheduled
66,0,Vicente Street,3.448,66,QUINTARA,3,bus,scheduled
66,1,Quintara Street,36.871,66,QUINTARA,3,bus,scheduled
66,1,16th Avenue,22.358,66,QUINTARA,3,bus,scheduled
66,1,30th Avenue,22.096,66,QUINTARA,3,bus,scheduled
66,1,Lawton Street,18.632,66,QUINTARA,3,bus,scheduled
66,1,9th Avenue,7.453,66,QUINTARA,3,bus,scheduled
66,1,29th Avenue,7.365,66,QUINTARA,3,bus,scheduled
66,1,Vicente Street,7.365,66,QUINTARA,3,bus,scheduled
66,1,11th Avenue,3.726,66,QUINTARA,3,bus,scheduled
66,1,8th Avenue,3.726,66,QUINTARA,3,bus,scheduled
66,1,Funston Avenue,3.726,66,QUINTARA,3,bus,scheduled
66,1,Judah Avenue,3.726,66,QUINTARA,3,bus,scheduled
66,1,Judah Street,3.726,66,QUINTARA,3,bus,scheduled
66,1,Lomita Avenue,3.726,66,QUINTARA,3,bus,scheduled
66,1,Moraga Street,3.726,66,QUINTARA,3,bus,scheduled
66,1,Noriega Street,3.726,66,QUINTARA,3,bus,scheduled
66,1,Ortega Street,3.726,66,QUINTARA,3,bus,scheduled
66,1,Pacheco Street,3.726,66,QUINTARA,3,bus,scheduled
66,1,Santiago Street,3.726,66,QUINTARA,3,bus,scheduled
66,1,17th Avenue,3.683,66,QUINTARA,3,bus,scheduled
66,1,19th Avenue,3.683,66,QUINTARA,3,bus,scheduled
66,1,22nd Avenue,3.683,66,QUINTARA,3,bus,scheduled
66,1,24th Avenue,3.683,66,QUINTARA,3,bus,scheduled
66,1,26th Avenue,3.683,66,QUINTARA,3,bus,scheduled
66,1,27th Avenue,3.683,66,QUINTARA,3,bus,scheduled
66,1,28th Avenue,3.683,66,QUINTARA,3,bus,scheduled
66,1,Rivera Street,3.683,66,QUINTARA,3,bus,scheduled
66,1,Taraval Street,3.683,66,QUINTARA,3,bus,scheduled
66,1,Ulloa Street,3.683,66,QUINTARA,3,bus,scheduled
66,1,14th Avenue,0.044,66,QUINTARA,3,bus,scheduled
67,0,Folsom Street,41.667,67,BERNAL HEIGHTS,3,bus,scheduled
67,0,24th Street,12.5,67,BERNAL HEIGHTS,3,bus,scheduled
67,0,Bernal Heights Boulevard,12.5,67,BERNAL HEIGHTS,3,bus,scheduled
67,0,Cortland Avenue,12.5,67,BERNAL HEIGHTS,3,bus,scheduled
67,0,Crescent Avenue,12.5,67,BERNAL HEIGHTS,3,bus,scheduled
67,0,Bradford Street,8.333,67,BERNAL HEIGHTS,3,bus,scheduled
67,0,25th Street,4.167,67,BERNAL HEIGHTS,3,bus,scheduled
67,0,831 Ellsworth Street,4.167,67,BERNAL HEIGHTS,3,bus,scheduled
67,0,909 Ellsworth Street,4.167,67,BERNAL HEIGHTS,3,bus,scheduled
67,0,945 Ellsworth Street,4.167,67,BERNAL HEIGHTS,3,bus,scheduled
67,0,989 Ellsworth Street,4.167,67,BERNAL HEIGHTS,3,bus,scheduled
67,0,Alemany Boulevard,4.167,67,BERNAL HEIGHTS,3,bus,scheduled
67,0,Bessie Street,4.167,67,BERNAL HEIGHTS,3,bus,scheduled
67,0,Cesar Chavez Street,4.167,67,BERNAL HEIGHTS,3,bus,scheduled
67,0,Ellsworth Street,4.167,67,BERNAL HEIGHTS,3,bus,scheduled
67,0,Flosom Street,4.167,67,BERNAL HEIGHTS,3,bus,scheduled
67,0,Mission Street,4.167,67,BERNAL HEIGHTS,3,bus,scheduled
67,0,Nevada Street,4.167,67,BERNAL HEIGHTS,3,bus,scheduled
67,0,Ogden Street,4.167,67,BERNAL HEIGHTS,3,bus,scheduled
67,0,Powhattan Street,4.167,67,BERNAL HEIGHTS,3,bus,scheduled
67,0,Prentiss Street,4.167,67,BERNAL HEIGHTS,3,bus,scheduled
67,0,Putnam Street,4.167,67,BERNAL HEIGHTS,3,bus,scheduled
67,0,Ripley Street,4.167,67,BERNAL HEIGHTS,3,bus,scheduled
67,0,Stoneman Street,4.167,67,BERNAL HEIGHTS,3,bus,scheduled
67,0,Tompkins Street,4.167,67,BERNAL HEIGHTS,3,bus,scheduled
67,0,Van Ness Avenue,4.167,67,BERNAL HEIGHTS,3,bus,scheduled
67,1,Folsom Street,52.632,67,BERNAL HEIGHTS,3,bus,scheduled
67,1,24th Street,15.789,67,BERNAL HEIGHTS,3,bus,scheduled
67,1,Cortland Avenue,15.789,67,BERNAL HEIGHTS,3,bus,scheduled
67,1,Bernal Heights Boulevard,10.526,67,BERNAL HEIGHTS,3,bus,scheduled
67,1,Bradford Street,10.526,67,BERNAL HEIGHTS,3,bus,scheduled
67,1,Crescent Avenue,10.526,67,BERNAL HEIGHTS,3,bus,scheduled
67,1,Ripley Street,10.526,67,BERNAL HEIGHTS,3,bus,scheduled
67,1,25th Street,5.263,67,BERNAL HEIGHTS,3,bus,scheduled
67,1,Alabama Street,5.263,67,BERNAL HEIGHTS,3,bus,scheduled
67,1,Cesar Chavez Street,5.263,67,BERNAL HEIGHTS,3,bus,scheduled
67,1,Ellsworth Street,5.263,67,BERNAL HEIGHTS,3,bus,scheduled
67,1,Esmeralda Avenue,5.263,67,BERNAL HEIGHTS,3,bus,scheduled
67,1,Mission Street,5.263,67,BERNAL HEIGHTS,3,bus,scheduled
67,1,Nevada Street,5.263,67,BERNAL HEIGHTS,3,bus,scheduled
67,1,Ogden Street,5.263,67,BERNAL HEIGHTS,3,bus,scheduled
67,1,Powhattan Avenue,5.263,67,BERNAL HEIGHTS,3,bus,scheduled
67,1,Precita Avenue,5.263,67,BERNAL HEIGHTS,3,bus,scheduled
67,1,Prentiss Street,5.263,67,BERNAL HEIGHTS,3,bus,scheduled
67,1,Stoneman Street,5.263,67,BERNAL HEIGHTS,3,bus,scheduled
67,1,Tompkins Street,5.263,67,BERNAL HEIGHTS,3,bus,scheduled
67,1,Van Ness Avenue,5.263,67,BERNAL HEIGHTS,3,bus,scheduled
7,0,Noriega Street,23.077,7,HAIGHT-NORIEGA,3,bus,scheduled
7,0,Market Street,21.154,7,HAIGHT-NORIEGA,3,bus,scheduled
7,0,Haight Street,19.231,7,HAIGHT-NORIEGA,3,bus,scheduled
7,0,Lincoln Way,15.385,7,HAIGHT-NORIEGA,3,bus,scheduled
7,0,23rd Avenue,13.462,7,HAIGHT-NORIEGA,3,bus,scheduled
7,0,Frederick Street,5.769,7,HAIGHT-NORIEGA,3,bus,scheduled
7,0,Stanyan Street,5.769,7,HAIGHT-NORIEGA,3,bus,scheduled
7,0,48th Avenue,3.846,7,HAIGHT-NORIEGA,3,bus,scheduled
7,0,15th Avenue,1.923,7,HAIGHT-NORIEGA,3,bus,scheduled
7,0,17th Avenue,1.923,7,HAIGHT-NORIEGA,3,bus,scheduled
7,0,19th Avenue,1.923,7,HAIGHT-NORIEGA,3,bus,scheduled
7,0,21st Avenue,1.923,7,HAIGHT-NORIEGA,3,bus,scheduled
7,0,24th Avenue,1.923,7,HAIGHT-NORIEGA,3,bus,scheduled
7,0,28th Avenue,1.923,7,HAIGHT-NORIEGA,3,bus,scheduled
7,0,2nd Street,1.923,7,HAIGHT-NORIEGA,3,bus,scheduled
7,0,30th Avenue,1.923,7,HAIGHT-NORIEGA,3,bus,scheduled
7,0,34th Avenue,1.923,7,HAIGHT-NORIEGA,3,bus,scheduled
7,0,38th Avenue,1.923,7,HAIGHT-NORIEGA,3,bus,scheduled
7,0,40th Avenue,1.923,7,HAIGHT-NORIEGA,3,bus,scheduled
7,0,42nd Avenue,1.923,7,HAIGHT-NORIEGA,3,bus,scheduled
7,0,44th Avenue,1.923,7,HAIGHT-NORIEGA,3,bus,scheduled
7,0,46th Avenue,1.923,7,HAIGHT-NORIEGA,3,bus,scheduled
7,0,5th Avenue,1.923,7,HAIGHT-NORIEGA,3,bus,scheduled
7,0,5th Street,1.923,7,HAIGHT-NORIEGA,3,bus,scheduled
7,0,7th Street,1.923,7,HAIGHT-NORIEGA,3,bus,scheduled
7,0,9th Avenue,1.923,7,HAIGHT-NORIEGA,3,bus,scheduled
7,0,Arguello Boulevard,1.923,7,HAIGHT-NORIEGA,3,bus,scheduled
7,0,Baker Street,1.923,7,HAIGHT-NORIEGA,3,bus,scheduled
7,0,Battery Street,1.923,7,HAIGHT-NORIEGA,3,bus,scheduled
7,0,Buchanan Street,1.923,7,HAIGHT-NORIEGA,3,bus,scheduled
7,0,Clayton Street,1.923,7,HAIGHT-NORIEGA,3,bus,scheduled
7,0,Divisadero Street,1.923,7,HAIGHT-NORIEGA,3,bus,scheduled
7,0,Fillmore Street,1.923,7,HAIGHT-NORIEGA,3,bus,scheduled
7,0,Fremont Street,1.923,7,HAIGHT-NORIEGA,3,bus,scheduled
7,0,Funston Avenue,1.923,7,HAIGHT-NORIEGA,3,bus,scheduled
7,0,Gough Street,1.923,7,HAIGHT-NORIEGA,3,bus,scheduled
7,0,Hyde Street,1.923,7,HAIGHT-NORIEGA,3,bus,scheduled
7,0,Irving Street,1.923,7,HAIGHT-NORIEGA,3,bus,scheduled
7,0,Judah Street,1.923,7,HAIGHT-NORIEGA,3,bus,scheduled
7,0,Kearny Street,1.923,7,HAIGHT-NORIEGA,3,bus,scheduled
7,0,Kirkham Street,1.923,7,HAIGHT-NORIEGA,3,bus,scheduled
7,0,Laguna Street,1.923,7,HAIGHT-NORIEGA,3,bus,scheduled
7,0,Larkin Street,1.923,7,HAIGHT-NORIEGA,3,bus,scheduled
7,0,Lawton Street,1.923,7,HAIGHT-NORIEGA,3,bus,scheduled
7,0,Masonic Avenue,1.923,7,HAIGHT-NORIEGA,3,bus,scheduled
7,0,Moraga Street,1.923,7,HAIGHT-NORIEGA,3,bus,scheduled
7,0,Ortega Street,1.923,7,HAIGHT-NORIEGA,3,bus,scheduled
7,0,Pierce Street,1.923,7,HAIGHT-NORIEGA,3,bus,scheduled
7,0,Stockton Street,1.923,7,HAIGHT-NORIEGA,3,bus,scheduled
7,0,Sunset Boulevard,1.923,7,HAIGHT-NORIEGA,3,bus,scheduled
7,0,Taylor Street,1.923,7,HAIGHT-NORIEGA,3,bus,scheduled
7,0,Van Ness Avenue,1.923,7,HAIGHT-NORIEGA,3,bus,scheduled
7,0,Waller Street,1.923,7,HAIGHT-NORIEGA,3,bus,scheduled
7,0,Willard Street,1.923,7,HAIGHT-NORIEGA,3,bus,scheduled
7,0,[UNKNOWN],1.923,7,HAIGHT-NORIEGA,3,bus,scheduled
7,1,Noriega Street,22.0,7,HAIGHT-NORIEGA,3,bus,scheduled
7,1,Lincoln Way,20.0,7,HAIGHT-NORIEGA,3,bus,scheduled
7,1,Haight Street,18.0,7,HAIGHT-NORIEGA,3,bus,scheduled
7,1,Market Street,16.0,7,HAIGHT-NORIEGA,3,bus,scheduled
7,1,22nd Avenue,14.0,7,HAIGHT-NORIEGA,3,bus,scheduled
7,1,3rd Street,4.0,7,HAIGHT-NORIEGA,3,bus,scheduled
7,1,Frederick Street,4.0,7,HAIGHT-NORIEGA,3,bus,scheduled
7,1,Stanyan Street,4.0,7,HAIGHT-NORIEGA,3,bus,scheduled
7,1,15th Avenue,2.0,7,HAIGHT-NORIEGA,3,bus,scheduled
7,1,17th Avenue,2.0,7,HAIGHT-NORIEGA,3,bus,scheduled
7,1,19th Avenue,2.0,7,HAIGHT-NORIEGA,3,bus,scheduled
7,1,1st Street,2.0,7,HAIGHT-NORIEGA,3,bus,scheduled
7,1,21st Avenue,2.0,7,HAIGHT-NORIEGA,3,bus,scheduled
7,1,25th Avenue,2.0,7,HAIGHT-NORIEGA,3,bus,scheduled
7,1,27th Avenue,2.0,7,HAIGHT-NORIEGA,3,bus,scheduled
7,1,29th Avenue,2.0,7,HAIGHT-NORIEGA,3,bus,scheduled
7,1,31st Avenue,2.0,7,HAIGHT-NORIEGA,3,bus,scheduled
7,1,34th Avenue,2.0,7,HAIGHT-NORIEGA,3,bus,scheduled
7,1,39th Avenue,2.0,7,HAIGHT-NORIEGA,3,bus,scheduled
7,1,3rd Avenue,2.0,7,HAIGHT-NORIEGA,3,bus,scheduled
7,1,41st Avenue,2.0,7,HAIGHT-NORIEGA,3,bus,scheduled
7,1,43rd Avenue,2.0,7,HAIGHT-NORIEGA,3,bus,scheduled
7,1,46th Avenue,2.0,7,HAIGHT-NORIEGA,3,bus,scheduled
7,1,48th Avenue,2.0,7,HAIGHT-NORIEGA,3,bus,scheduled
7,1,4th Street,2.0,7,HAIGHT-NORIEGA,3,bus,scheduled
7,1,5th Avenue,2.0,7,HAIGHT-NORIEGA,3,bus,scheduled
7,1,5th Street,2.0,7,HAIGHT-NORIEGA,3,bus,scheduled
7,1,6th Street,2.0,7,HAIGHT-NORIEGA,3,bus,scheduled
7,1,7th Street,2.0,7,HAIGHT-NORIEGA,3,bus,scheduled
7,1,8th Street,2.0,7,HAIGHT-NORIEGA,3,bus,scheduled
7,1,9th Avenue,2.0,7,HAIGHT-NORIEGA,3,bus,scheduled
7,1,9th Street,2.0,7,HAIGHT-NORIEGA,3,bus,scheduled
7,1,Arguello Boulevard,2.0,7,HAIGHT-NORIEGA,3,bus,scheduled
7,1,Beale Street,2.0,7,HAIGHT-NORIEGA,3,bus,scheduled
7,1,Buchanan Street,2.0,7,HAIGHT-NORIEGA,3,bus,scheduled
7,1,Buena Vista East Avenue,2.0,7,HAIGHT-NORIEGA,3,bus,scheduled
7,1,Clayton Street,2.0,7,HAIGHT-NORIEGA,3,bus,scheduled
7,1,Divisadero Street,2.0,7,HAIGHT-NORIEGA,3,bus,scheduled
7,1,Fillmore Street,2.0,7,HAIGHT-NORIEGA,3,bus,scheduled
7,1,Funston Avenue,2.0,7,HAIGHT-NORIEGA,3,bus,scheduled
7,1,Gough Street,2.0,7,HAIGHT-NORIEGA,3,bus,scheduled
7,1,Irving Street,2.0,7,HAIGHT-NORIEGA,3,bus,scheduled
7,1,Judah Street,2.0,7,HAIGHT-NORIEGA,3,bus,scheduled
7,1,Kirkham Street,2.0,7,HAIGHT-NORIEGA,3,bus,scheduled
7,1,Lawton Street,2.0,7,HAIGHT-NORIEGA,3,bus,scheduled
7,1,Market St Between 4th,2.0,7,HAIGHT-NORIEGA,3,bus,scheduled
7,1,Market St Between 5th,2.0,7,HAIGHT-NORIEGA,3,bus,scheduled
7,1,Masonic Avenue,2.0,7,HAIGHT-NORIEGA,3,bus,scheduled
7,1,Mission Street,2.0,7,HAIGHT-NORIEGA,3,bus,scheduled
7,1,Moraga Street,2.0,7,HAIGHT-NORIEGA,3,bus,scheduled
7,1,Ortega Street,2.0,7,HAIGHT-NORIEGA,3,bus,scheduled
7,1,Pierce Street,2.0,7,HAIGHT-NORIEGA,3,bus,scheduled
7,1,Sunset Boulevard,2.0,7,HAIGHT-NORIEGA,3,bus,scheduled
7,1,Van Ness Avenue,2.0,7,HAIGHT-NORIEGA,3,bus,scheduled
7,1,Willard Street,2.0,7,HAIGHT-NORIEGA,3,bus,scheduled
7,1,[UNKNOWN],2.0,7,HAIGHT-NORIEGA,3,bus,scheduled
714,0,Mission Street,50.0,714,BART EARLY BIRD,3,bus,scheduled
714,0,[UNKNOWN],25.0,714,BART EARLY BIRD,3,bus,scheduled
714,0,16th Street,12.5,714,BART EARLY BIRD,3,bus,scheduled
714,0,24th Street,12.5,714,BART EARLY BIRD,3,bus,scheduled
714,0,5th Street,12.5,714,BART EARLY BIRD,3,bus,scheduled
714,0,8th Street,12.5,714,BART EARLY BIRD,3,bus,scheduled
714,0,Bosworth Street,12.5,714,BART EARLY BIRD,3,bus,scheduled
714,0,Diamond Street,12.5,714,BART EARLY BIRD,3,bus,scheduled
714,0,Geneva Avenue,12.5,714,BART EARLY BIRD,3,bus,scheduled
714,0,San Jose Avenue,12.5,714,BART EARLY BIRD,3,bus,scheduled
714,1,Mission Street,50.0,714,BART EARLY BIRD,3,bus,scheduled
714,1,[UNKNOWN],25.0,714,BART EARLY BIRD,3,bus,scheduled
714,1,16th Street,12.5,714,BART EARLY BIRD,3,bus,scheduled
714,1,24th Street,12.5,714,BART EARLY BIRD,3,bus,scheduled
714,1,5th Street,12.5,714,BART EARLY BIRD,3,bus,scheduled
714,1,8th Street,12.5,714,BART EARLY BIRD,3,bus,scheduled
714,1,Bosworth Street,12.5,714,BART EARLY BIRD,3,bus,scheduled
714,1,Diamond Street,12.5,714,BART EARLY BIRD,3,bus,scheduled
714,1,Geneva Ave/Balboa Park BART,12.5,714,BART EARLY BIRD,3,bus,scheduled
8,0,Geneva Avenue,16.939,8,BAYSHORE,3,bus,scheduled
8,0,Stockton Street,13.309,8,BAYSHORE,3,bus,scheduled
8,0,San Bruno Avenue,13.175,8,BAYSHORE,3,bus,scheduled
8,0,Visitacion Avenue,11.293,8,BAYSHORE,3,bus,scheduled
8,0,Powell Street,7.596,8,BAYSHORE,3,bus,scheduled
8,0,4th Street,7.551,8,BAYSHORE,3,bus,scheduled
8,0,North Point Street,7.529,8,BAYSHORE,3,bus,scheduled
8,0,Sunnydale Avenue,7.529,8,BAYSHORE,3,bus,scheduled
8,0,Harrison Street,5.646,8,BAYSHORE,3,bus,scheduled
8,0,Columbus Avenue,3.809,8,BAYSHORE,3,bus,scheduled
8,0,Hahn Street,3.764,8,BAYSHORE,3,bus,scheduled
8,0,Kearny Street,3.764,8,BAYSHORE,3,bus,scheduled
8,0,Mission Street,3.764,8,BAYSHORE,3,bus,scheduled
8,0,Sawyer Street,3.764,8,BAYSHORE,3,bus,scheduled
8,0,Schwerin Street,3.764,8,BAYSHORE,3,bus,scheduled
8,0,Filbert Street,1.905,8,BAYSHORE,3,bus,scheduled
8,0,Francisco Street,1.905,8,BAYSHORE,3,bus,scheduled
8,0,Geary Boulevard,1.905,8,BAYSHORE,3,bus,scheduled
8,0,Lombard Street,1.905,8,BAYSHORE,3,bus,scheduled
8,0,Market Street,1.905,8,BAYSHORE,3,bus,scheduled
8,0,Pacific Avenue,1.905,8,BAYSHORE,3,bus,scheduled
8,0,Sacramento Street,1.905,8,BAYSHORE,3,bus,scheduled
8,0,Sutter Street,1.905,8,BAYSHORE,3,bus,scheduled
8,0,Union Street,1.905,8,BAYSHORE,3,bus,scheduled
8,0,Washington Street,1.905,8,BAYSHORE,3,bus,scheduled
8,0,1650 Geneva Avenue,1.882,8,BAYSHORE,3,bus,scheduled
8,0,1721 Geneva Avenue,1.882,8,BAYSHORE,3,bus,scheduled
8,0,3800 San Bruno Avenue,1.882,8,BAYSHORE,3,bus,scheduled
8,0,5th Street,1.882,8,BAYSHORE,3,bus,scheduled
8,0,6th Street,1.882,8,BAYSHORE,3,bus,scheduled
8,0,Arleta Avenue,1.882,8,BAYSHORE,3,bus,scheduled
8,0,Bacon Street,1.882,8,BAYSHORE,3,bus,scheduled
8,0,Bay Shore Boulevard,1.882,8,BAYSHORE,3,bus,scheduled
8,0,Bayshore Blvd &L Eland Avenue,1.882,8,BAYSHORE,3,bus,scheduled
8,0,Bayshore Boulevard,1.882,8,BAYSHORE,3,bus,scheduled
8,0,Britton Street,1.882,8,BAYSHORE,3,bus,scheduled
8,0,Carter Street,1.882,8,BAYSHORE,3,bus,scheduled
8,0,Cayuga Avenue,1.882,8,BAYSHORE,3,bus,scheduled
8,0,Dwight Street,1.882,8,BAYSHORE,3,bus,scheduled
8,0,Felton Street,1.882,8,BAYSHORE,3,bus,scheduled
8,0,Folsom Street,1.882,8,BAYSHORE,3,bus,scheduled
8,0,Garrison Avenue,1.882,8,BAYSHORE,3,bus,scheduled
8,0,Geneva Ave/Balboa Park BART,1.882,8,BAYSHORE,3,bus,scheduled
8,0,Howth Street,1.882,8,BAYSHORE,3,bus,scheduled
8,0,Madrid Street,1.882,8,BAYSHORE,3,bus,scheduled
8,0,Mansell Street,1.882,8,BAYSHORE,3,bus,scheduled
8,0,Moscow Street,1.882,8,BAYSHORE,3,bus,scheduled
8,0,Naples Street,1.882,8,BAYSHORE,3,bus,scheduled
8,0,Prague Street,1.882,8,BAYSHORE,3,bus,scheduled
8,0,Rutland Street,1.882,8,BAYSHORE,3,bus,scheduled
8,0,Santos Street,1.882,8,BAYSHORE,3,bus,scheduled
8,0,Somerset Street,1.882,8,BAYSHORE,3,bus,scheduled
8,0,Ward Street,1.882,8,BAYSHORE,3,bus,scheduled
8,0,Wilde Avenue,1.882,8,BAYSHORE,3,bus,scheduled
8,0,[UNKNOWN],1.882,8,BAYSHORE,3,bus,scheduled
8,1,San Bruno Avenue,18.705,8,BAYSHORE,3,bus,scheduled
8,1,Kearny Street,16.626,8,BAYSHORE,3,bus,scheduled
8,1,Geneva Avenue,14.645,8,BAYSHORE,3,bus,scheduled
8,1,Visitacion Avenue,8.362,8,BAYSHORE,3,bus,scheduled
8,1,Bryant Street,8.313,8,BAYSHORE,3,bus,scheduled
8,1,Columbus Avenue,8.313,8,BAYSHORE,3,bus,scheduled
8,1,3rd Street,6.235,8,BAYSHORE,3,bus,scheduled
8,1,Powell Street,6.235,8,BAYSHORE,3,bus,scheduled
8,1,Schwerin Street,4.189,8,BAYSHORE,3,bus,scheduled
8,1,Mission Street,4.173,8,BAYSHORE,3,bus,scheduled
8,1,Bay Street,4.157,8,BAYSHORE,3,bus,scheduled
8,1,Cayuga Avenue,2.111,8,BAYSHORE,3,bus,scheduled
8,1,1650 Geneva Avenue,2.094,8,BAYSHORE,3,bus,scheduled
8,1,1750 Geneva Avenue,2.094,8,BAYSHORE,3,bus,scheduled
8,1,Bayshore Boulevard,2.094,8,BAYSHORE,3,bus,scheduled
8,1,Cora Street,2.094,8,BAYSHORE,3,bus,scheduled
8,1,Geneva Ave&Carter Street,2.094,8,BAYSHORE,3,bus,scheduled
8,1,Madrid Street,2.094,8,BAYSHORE,3,bus,scheduled
8,1,Munich Street,2.094,8,BAYSHORE,3,bus,scheduled
8,1,Naples Street,2.094,8,BAYSHORE,3,bus,scheduled
8,1,Rutland Street,2.094,8,BAYSHORE,3,bus,scheduled
8,1,Santos Street,2.094,8,BAYSHORE,3,bus,scheduled
8,1,Sunnydale Avenue,2.094,8,BAYSHORE,3,bus,scheduled
8,1,3801 San Bruno Avenue,2.078,8,BAYSHORE,3,bus,scheduled
8,1,4th Street,2.078,8,BAYSHORE,3,bus,scheduled
8,1,5th Street,2.078,8,BAYSHORE,3,bus,scheduled
8,1,6th Street,2.078,8,BAYSHORE,3,bus,scheduled
8,1,Arleta Avenue,2.078,8,BAYSHORE,3,bus,scheduled
8,1,Bacon Street,2.078,8,BAYSHORE,3,bus,scheduled
8,1,Broadway,2.078,8,BAYSHORE,3,bus,scheduled
8,1,Bush Street,2.078,8,BAYSHORE,3,bus,scheduled
8,1,California Street,2.078,8,BAYSHORE,3,bus,scheduled
8,1,Clay Street,2.078,8,BAYSHORE,3,bus,scheduled
8,1,Folsom Street,2.078,8,BAYSHORE,3,bus,scheduled
8,1,Francisco Street,2.078,8,BAYSHORE,3,bus,scheduled
8,1,Geary Boulevard,2.078,8,BAYSHORE,3,bus,scheduled
8,1,Geneva Ave/Balboa Park BART,2.078,8,BAYSHORE,3,bus,scheduled
8,1,Green Street,2.078,8,BAYSHORE,3,bus,scheduled
8,1,Harkness Avenue,2.078,8,BAYSHORE,3,bus,scheduled
8,1,Howth Street,2.078,8,BAYSHORE,3,bus,scheduled
8,1,Jackson Street,2.078,8,BAYSHORE,3,bus,scheduled
8,1,Lombard Street,2.078,8,BAYSHORE,3,bus,scheduled
8,1,Mansell Street,2.078,8,BAYSHORE,3,bus,scheduled
8,1,Midway Street,2.078,8,BAYSHORE,3,bus,scheduled
8,1,North Point Street,2.078,8,BAYSHORE,3,bus,scheduled
8,1,Paul Avenue,2.078,8,BAYSHORE,3,bus,scheduled
8,1,Silver Avenue,2.078,8,BAYSHORE,3,bus,scheduled
8,1,Somerset Street,2.078,8,BAYSHORE,3,bus,scheduled
8,1,Sutter Street,2.078,8,BAYSHORE,3,bus,scheduled
8,1,Thornton Avenue,2.078,8,BAYSHORE,3,bus,scheduled
8,1,Union Street,2.078,8,BAYSHORE,3,bus,scheduled
8,1,Wayland Street,2.078,8,BAYSHORE,3,bus,scheduled
8,1,[UNKNOWN],2.078,8,BAYSHORE,3,bus,scheduled
8,1,Blanken Avenue,0.016,8,BAYSHORE,3,bus,scheduled
8,1,Onondaga Avenue,0.016,8,BAYSHORE,3,bus,scheduled
8AX,0,San Bruno Avenue,30.435,8AX,BAYSHORE A EXPRESS,3,bus,scheduled
8AX,0,Stockton Street,21.739,8AX,BAYSHORE A EXPRESS,3,bus,scheduled
8AX,0,4th Street,17.391,8AX,BAYSHORE A EXPRESS,3,bus,scheduled
8AX,0,Harrison Street,13.043,8AX,BAYSHORE A EXPRESS,3,bus,scheduled
8AX,0,Pacific Avenue,8.696,8AX,BAYSHORE A EXPRESS,3,bus,scheduled
8AX,0,3800 San Bruno Avenue,4.348,8AX,BAYSHORE A EXPRESS,3,bus,scheduled
8AX,0,5th Street,4.348,8AX,BAYSHORE A EXPRESS,3,bus,scheduled
8AX,0,6th Street,4.348,8AX,BAYSHORE A EXPRESS,3,bus,scheduled
8AX,0,Arleta Avenue,4.348,8AX,BAYSHORE A EXPRESS,3,bus,scheduled
8AX,0,Bacon Street,4.348,8AX,BAYSHORE A EXPRESS,3,bus,scheduled
8AX,0,Bayshore Boulevard,4.348,8AX,BAYSHORE A EXPRESS,3,bus,scheduled
8AX,0,Broadway,4.348,8AX,BAYSHORE A EXPRESS,3,bus,scheduled
8AX,0,Dwight Street,4.348,8AX,BAYSHORE A EXPRESS,3,bus,scheduled
8AX,0,Felton Street,4.348,8AX,BAYSHORE A EXPRESS,3,bus,scheduled
8AX,0,Folsom Street,4.348,8AX,BAYSHORE A EXPRESS,3,bus,scheduled
8AX,0,Geary Boulevard,4.348,8AX,BAYSHORE A EXPRESS,3,bus,scheduled
8AX,0,Geneva Street,4.348,8AX,BAYSHORE A EXPRESS,3,bus,scheduled
8AX,0,Grant Avenue,4.348,8AX,BAYSHORE A EXPRESS,3,bus,scheduled
8AX,0,Kearny Street,4.348,8AX,BAYSHORE A EXPRESS,3,bus,scheduled
8AX,0,Mansell Street,4.348,8AX,BAYSHORE A EXPRESS,3,bus,scheduled
8AX,0,Market Street,4.348,8AX,BAYSHORE A EXPRESS,3,bus,scheduled
8AX,0,Mission Street,4.348,8AX,BAYSHORE A EXPRESS,3,bus,scheduled
8AX,0,Sacramento Street,4.348,8AX,BAYSHORE A EXPRESS,3,bus,scheduled
8AX,0,Schwerin Street,4.348,8AX,BAYSHORE A EXPRESS,3,bus,scheduled
8AX,0,Somerset Street,4.348,8AX,BAYSHORE A EXPRESS,3,bus,scheduled
8AX,0,Sutter Street,4.348,8AX,BAYSHORE A EXPRESS,3,bus,scheduled
8AX,0,Ward Street,4.348,8AX,BAYSHORE A EXPRESS,3,bus,scheduled
8AX,0,Washington Street,4.348,8AX,BAYSHORE A EXPRESS,3,bus,scheduled
8AX,0,Wilde Avenue,4.348,8AX,BAYSHORE A EXPRESS,3,bus,scheduled
8AX,1,San Bruno Avenue,37.5,8AX,BAYSHORE A EXPRESS,3,bus,scheduled
8AX,1,Kearny Street,29.167,8AX,BAYSHORE A EXPRESS,3,bus,scheduled
8AX,1,Bryant Street,16.667,8AX,BAYSHORE A EXPRESS,3,bus,scheduled
8AX,1,3rd Street,12.5,8AX,BAYSHORE A EXPRESS,3,bus,scheduled
8AX,1,3801 San Bruno Avenue,4.167,8AX,BAYSHORE A EXPRESS,3,bus,scheduled
8AX,1,4th Street,4.167,8AX,BAYSHORE A EXPRESS,3,bus,scheduled
8AX,1,5th Street,4.167,8AX,BAYSHORE A EXPRESS,3,bus,scheduled
8AX,1,6th Street,4.167,8AX,BAYSHORE A EXPRESS,3,bus,scheduled
8AX,1,Arleta Avenue,4.167,8AX,BAYSHORE A EXPRESS,3,bus,scheduled
8AX,1,Bacon Street,4.167,8AX,BAYSHORE A EXPRESS,3,bus,scheduled
8AX,1,Bush Street,4.167,8AX,BAYSHORE A EXPRESS,3,bus,scheduled
8AX,1,California Street,4.167,8AX,BAYSHORE A EXPRESS,3,bus,scheduled
8AX,1,Clay Street,4.167,8AX,BAYSHORE A EXPRESS,3,bus,scheduled
8AX,1,Folsom Street,4.167,8AX,BAYSHORE A EXPRESS,3,bus,scheduled
8AX,1,Geary Boulevard,4.167,8AX,BAYSHORE A EXPRESS,3,bus,scheduled
8AX,1,Geneva Street,4.167,8AX,BAYSHORE A EXPRESS,3,bus,scheduled
8AX,1,Harkness Avenue,4.167,8AX,BAYSHORE A EXPRESS,3,bus,scheduled
8AX,1,Jackson Street,4.167,8AX,BAYSHORE A EXPRESS,3,bus,scheduled
8AX,1,Mansell Street,4.167,8AX,BAYSHORE A EXPRESS,3,bus,scheduled
8AX,1,Mission Street,4.167,8AX,BAYSHORE A EXPRESS,3,bus,scheduled
8AX,1,Pacific Avenue,4.167,8AX,BAYSHORE A EXPRESS,3,bus,scheduled
8AX,1,Paul Avenue,4.167,8AX,BAYSHORE A EXPRESS,3,bus,scheduled
8AX,1,Schwerin Street,4.167,8AX,BAYSHORE A EXPRESS,3,bus,scheduled
8AX,1,Silver Avenue,4.167,8AX,BAYSHORE A EXPRESS,3,bus,scheduled
8AX,1,Somerset Street,4.167,8AX,BAYSHORE A EXPRESS,3,bus,scheduled
8AX,1,Sutter Street,4.167,8AX,BAYSHORE A EXPRESS,3,bus,scheduled
8AX,1,Thornton Avenue,4.167,8AX,BAYSHORE A EXPRESS,3,bus,scheduled
8AX,1,Wayland Street,4.167,8AX,BAYSHORE A EXPRESS,3,bus,scheduled
8BX,0,Geneva Avenue,20.0,8BX,BAYSHORE B EXPRESS,3,bus,scheduled
8BX,0,Stockton Street,15.556,8BX,BAYSHORE B EXPRESS,3,bus,scheduled
8BX,0,Visitacion Avenue,13.333,8BX,BAYSHORE B EXPRESS,3,bus,scheduled
8BX,0,4th Street,8.889,8BX,BAYSHORE B EXPRESS,3,bus,scheduled
8BX,0,North Point Street,8.889,8BX,BAYSHORE B EXPRESS,3,bus,scheduled
8BX,0,Powell Street,8.889,8BX,BAYSHORE B EXPRESS,3,bus,scheduled
8BX,0,Sunnydale Avenue,8.889,8BX,BAYSHORE B EXPRESS,3,bus,scheduled
8BX,0,Harrison Street,6.667,8BX,BAYSHORE B EXPRESS,3,bus,scheduled
8BX,0,Columbus Avenue,4.444,8BX,BAYSHORE B EXPRESS,3,bus,scheduled
8BX,0,Hahn Street,4.444,8BX,BAYSHORE B EXPRESS,3,bus,scheduled
8BX,0,Kearny Street,4.444,8BX,BAYSHORE B EXPRESS,3,bus,scheduled
8BX,0,Mission Street,4.444,8BX,BAYSHORE B EXPRESS,3,bus,scheduled
8BX,0,Sawyer Street,4.444,8BX,BAYSHORE B EXPRESS,3,bus,scheduled
8BX,0,Schwerin Street,4.444,8BX,BAYSHORE B EXPRESS,3,bus,scheduled
8BX,0,1650 Geneva Avenue,2.222,8BX,BAYSHORE B EXPRESS,3,bus,scheduled
8BX,0,1721 Geneva Avenue,2.222,8BX,BAYSHORE B EXPRESS,3,bus,scheduled
8BX,0,5th Street,2.222,8BX,BAYSHORE B EXPRESS,3,bus,scheduled
8BX,0,6th Street,2.222,8BX,BAYSHORE B EXPRESS,3,bus,scheduled
8BX,0,Arleta Avenue,2.222,8BX,BAYSHORE B EXPRESS,3,bus,scheduled
8BX,0,Bay Shore Boulevard,2.222,8BX,BAYSHORE B EXPRESS,3,bus,scheduled
8BX,0,Bayshore Blvd &L Eland Avenue,2.222,8BX,BAYSHORE B EXPRESS,3,bus,scheduled
8BX,0,Bayshore Boulevard,2.222,8BX,BAYSHORE B EXPRESS,3,bus,scheduled
8BX,0,Britton Street,2.222,8BX,BAYSHORE B EXPRESS,3,bus,scheduled
8BX,0,Carter Street,2.222,8BX,BAYSHORE B EXPRESS,3,bus,scheduled
8BX,0,Cayuga Avenue,2.222,8BX,BAYSHORE B EXPRESS,3,bus,scheduled
8BX,0,Filbert Street,2.222,8BX,BAYSHORE B EXPRESS,3,bus,scheduled
8BX,0,Folsom Street,2.222,8BX,BAYSHORE B EXPRESS,3,bus,scheduled
8BX,0,Francisco Street,2.222,8BX,BAYSHORE B EXPRESS,3,bus,scheduled
8BX,0,Garrison Avenue,2.222,8BX,BAYSHORE B EXPRESS,3,bus,scheduled
8BX,0,Geary Boulevard,2.222,8BX,BAYSHORE B EXPRESS,3,bus,scheduled
8BX,0,Geneva Ave/Balboa Park BART,2.222,8BX,BAYSHORE B EXPRESS,3,bus,scheduled
8BX,0,Howth Street,2.222,8BX,BAYSHORE B EXPRESS,3,bus,scheduled
8BX,0,Lombard Street,2.222,8BX,BAYSHORE B EXPRESS,3,bus,scheduled
8BX,0,Madrid Street,2.222,8BX,BAYSHORE B EXPRESS,3,bus,scheduled
8BX,0,Market Street,2.222,8BX,BAYSHORE B EXPRESS,3,bus,scheduled
8BX,0,Moscow Street,2.222,8BX,BAYSHORE B EXPRESS,3,bus,scheduled
8BX,0,Naples Street,2.222,8BX,BAYSHORE B EXPRESS,3,bus,scheduled
8BX,0,Pacific Avenue,2.222,8BX,BAYSHORE B EXPRESS,3,bus,scheduled
8BX,0,Prague Street,2.222,8BX,BAYSHORE B EXPRESS,3,bus,scheduled
8BX,0,Rutland Street,2.222,8BX,BAYSHORE B EXPRESS,3,bus,scheduled
8BX,0,Sacramento Street,2.222,8BX,BAYSHORE B EXPRESS,3,bus,scheduled
8BX,0,Santos Street,2.222,8BX,BAYSHORE B EXPRESS,3,bus,scheduled
8BX,0,Sutter Street,2.222,8BX,BAYSHORE B EXPRESS,3,bus,scheduled
8BX,0,Union Street,2.222,8BX,BAYSHORE B EXPRESS,3,bus,scheduled
8BX,0,Washington Street,2.222,8BX,BAYSHORE B EXPRESS,3,bus,scheduled
8BX,0,[UNKNOWN],2.222,8BX,BAYSHORE B EXPRESS,3,bus,scheduled
8BX,1,Kearny Street,20.513,8BX,BAYSHORE B EXPRESS,3,bus,scheduled
8BX,1,Geneva Avenue,17.949,8BX,BAYSHORE B EXPRESS,3,bus,scheduled
8BX,1,Bryant Street,10.256,8BX,BAYSHORE B EXPRESS,3,bus,scheduled
8BX,1,Columbus Avenue,10.256,8BX,BAYSHORE B EXPRESS,3,bus,scheduled
8BX,1,Visitacion Avenue,10.256,8BX,BAYSHORE B EXPRESS,3,bus,scheduled
8BX,1,3rd Street,7.692,8BX,BAYSHORE B EXPRESS,3,bus,scheduled
8BX,1,Powell Street,7.692,8BX,BAYSHORE B EXPRESS,3,bus,scheduled
8BX,1,Bay Street,5.128,8BX,BAYSHORE B EXPRESS,3,bus,scheduled
8BX,1,Bayshore Boulevard,5.128,8BX,BAYSHORE B EXPRESS,3,bus,scheduled
8BX,1,Mission Street,5.128,8BX,BAYSHORE B EXPRESS,3,bus,scheduled
8BX,1,Schwerin Street,5.128,8BX,BAYSHORE B EXPRESS,3,bus,scheduled
8BX,1,1650 Geneva Avenue,2.564,8BX,BAYSHORE B EXPRESS,3,bus,scheduled
8BX,1,1750 Geneva Avenue,2.564,8BX,BAYSHORE B EXPRESS,3,bus,scheduled
8BX,1,4th Street,2.564,8BX,BAYSHORE B EXPRESS,3,bus,scheduled
8BX,1,5th Street,2.564,8BX,BAYSHORE B EXPRESS,3,bus,scheduled
8BX,1,6th Street,2.564,8BX,BAYSHORE B EXPRESS,3,bus,scheduled
8BX,1,Blanken Avenue,2.564,8BX,BAYSHORE B EXPRESS,3,bus,scheduled
8BX,1,Broadway,2.564,8BX,BAYSHORE B EXPRESS,3,bus,scheduled
8BX,1,Bush Street,2.564,8BX,BAYSHORE B EXPRESS,3,bus,scheduled
8BX,1,California Street,2.564,8BX,BAYSHORE B EXPRESS,3,bus,scheduled
8BX,1,Cayuga Avenue,2.564,8BX,BAYSHORE B EXPRESS,3,bus,scheduled
8BX,1,Clay Street,2.564,8BX,BAYSHORE B EXPRESS,3,bus,scheduled
8BX,1,Cora Street,2.564,8BX,BAYSHORE B EXPRESS,3,bus,scheduled
8BX,1,Folsom Street,2.564,8BX,BAYSHORE B EXPRESS,3,bus,scheduled
8BX,1,Francisco Street,2.564,8BX,BAYSHORE B EXPRESS,3,bus,scheduled
8BX,1,Geary Boulevard,2.564,8BX,BAYSHORE B EXPRESS,3,bus,scheduled
8BX,1,Geneva Ave&Carter Street,2.564,8BX,BAYSHORE B EXPRESS,3,bus,scheduled
8BX,1,Geneva Ave/Balboa Park BART,2.564,8BX,BAYSHORE B EXPRESS,3,bus,scheduled
8BX,1,Green Street,2.564,8BX,BAYSHORE B EXPRESS,3,bus,scheduled
8BX,1,Howth Street,2.564,8BX,BAYSHORE B EXPRESS,3,bus,scheduled
8BX,1,Jackson Street,2.564,8BX,BAYSHORE B EXPRESS,3,bus,scheduled
8BX,1,Lombard Street,2.564,8BX,BAYSHORE B EXPRESS,3,bus,scheduled
8BX,1,Madrid Street,2.564,8BX,BAYSHORE B EXPRESS,3,bus,scheduled
8BX,1,Midway Street,2.564,8BX,BAYSHORE B EXPRESS,3,bus,scheduled
8BX,1,Munich Street,2.564,8BX,BAYSHORE B EXPRESS,3,bus,scheduled
8BX,1,Naples Street,2.564,8BX,BAYSHORE B EXPRESS,3,bus,scheduled
8BX,1,North Point Street,2.564,8BX,BAYSHORE B EXPRESS,3,bus,scheduled
8BX,1,Rutland Street,2.564,8BX,BAYSHORE B EXPRESS,3,bus,scheduled
8BX,1,Santos Street,2.564,8BX,BAYSHORE B EXPRESS,3,bus,scheduled
8BX,1,Sunnydale Avenue,2.564,8BX,BAYSHORE B EXPRESS,3,bus,scheduled
8BX,1,Sutter Street,2.564,8BX,BAYSHORE B EXPRESS,3,bus,scheduled
8BX,1,Union Street,2.564,8BX,BAYSHORE B EXPRESS,3,bus,scheduled
8BX,1,[UNKNOWN],2.564,8BX,BAYSHORE B EXPRESS,3,bus,scheduled
9,0,San Bruno Avenue,21.979,9,SAN BRUNO,3,bus,scheduled
9,0,Bayshore Boulevard,18.518,9,SAN BRUNO,3,bus,scheduled
9,0,Potrero Avenue,17.094,9,SAN BRUNO,3,bus,scheduled
9,0,Market Street,13.501,9,SAN BRUNO,3,bus,scheduled
9,0,11th Street,9.768,9,SAN BRUNO,3,bus,scheduled
9,0,Sunnydale Avenue,5.091,9,SAN BRUNO,3,bus,scheduled
9,0,Silver Avenue,4.884,9,SAN BRUNO,3,bus,scheduled
9,0,Geneva Avenue,4.073,9,SAN BRUNO,3,bus,scheduled
9,0,Schwerin Street,4.073,9,SAN BRUNO,3,bus,scheduled
9,0,16th Street,2.442,9,SAN BRUNO,3,bus,scheduled
9,0,19th Street,2.442,9,SAN BRUNO,3,bus,scheduled
9,0,21st Street,2.442,9,SAN BRUNO,3,bus,scheduled
9,0,23rd Street,2.442,9,SAN BRUNO,3,bus,scheduled
9,0,240 Bayshore Boulevard,2.442,9,SAN BRUNO,3,bus,scheduled
9,0,24th Street,2.442,9,SAN BRUNO,3,bus,scheduled
9,0,3800 San Bruno Avenue,2.442,9,SAN BRUNO,3,bus,scheduled
9,0,Alameda Street,2.442,9,SAN BRUNO,3,bus,scheduled
9,0,Alemany Boulevard,2.442,9,SAN BRUNO,3,bus,scheduled
9,0,Arleta Avenue,2.442,9,SAN BRUNO,3,bus,scheduled
9,0,Augusta Street,2.442,9,SAN BRUNO,3,bus,scheduled
9,0,Bacon Street,2.442,9,SAN BRUNO,3,bus,scheduled
9,0,Bryant Street,2.442,9,SAN BRUNO,3,bus,scheduled
9,0,Cortland Avenue,2.442,9,SAN BRUNO,3,bus,scheduled
9,0,Division Street,2.442,9,SAN BRUNO,3,bus,scheduled
9,0,Dwight Street,2.442,9,SAN BRUNO,3,bus,scheduled
9,0,Felton Street,2.442,9,SAN BRUNO,3,bus,scheduled
9,0,Harrison Street,2.442,9,SAN BRUNO,3,bus,scheduled
9,0,Howard Street,2.442,9,SAN BRUNO,3,bus,scheduled
9,0,Leland Avenue,2.442,9,SAN BRUNO,3,bus,scheduled
9,0,Mansell Street,2.442,9,SAN BRUNO,3,bus,scheduled
9,0,Mariposa Street,2.442,9,SAN BRUNO,3,bus,scheduled
9,0,Mission Street,2.442,9,SAN BRUNO,3,bus,scheduled
9,0,Oakdale Avenue,2.442,9,SAN BRUNO,3,bus,scheduled
9,0,Somerset Street,2.442,9,SAN BRUNO,3,bus,scheduled
9,0,Ward Street,2.442,9,SAN BRUNO,3,bus,scheduled
9,0,Wilde Avenue,2.442,9,SAN BRUNO,3,bus,scheduled
9,0,Woolsey Street,2.442,9,SAN BRUNO,3,bus,scheduled
9,0,Visitacion Avenue,1.424,9,SAN BRUNO,3,bus,scheduled
9,0,Bay Shore Boulevard,1.018,9,SAN BRUNO,3,bus,scheduled
9,0,Blythdale Avenue,1.018,9,SAN BRUNO,3,bus,scheduled
9,0,Brookdale Avenue,1.018,9,SAN BRUNO,3,bus,scheduled
9,0,Castillo Street,1.018,9,SAN BRUNO,3,bus,scheduled
9,0,Cora Street,1.018,9,SAN BRUNO,3,bus,scheduled
9,0,Garrison Avenue,1.018,9,SAN BRUNO,3,bus,scheduled
9,0,Rio Verde Street,1.018,9,SAN BRUNO,3,bus,scheduled
9,0,Rutland Street,1.018,9,SAN BRUNO,3,bus,scheduled
9,0,Santos Street,1.018,9,SAN BRUNO,3,bus,scheduled
9,0,Sunnydale Avenue / Mclaren School,1.018,9,SAN BRUNO,3,bus,scheduled
9,0,Sunnyvale Avenue,1.018,9,SAN BRUNO,3,bus,scheduled
9,0,Talbert Street,1.018,9,SAN BRUNO,3,bus,scheduled
9,0,Velasco Avenue,1.018,9,SAN BRUNO,3,bus,scheduled
9,0,Western Access Road,1.018,9,SAN BRUNO,3,bus,scheduled
9,0,2nd Street,1.005,9,SAN BRUNO,3,bus,scheduled
9,0,5th Street,1.005,9,SAN BRUNO,3,bus,scheduled
9,0,7th Street,1.005,9,SAN BRUNO,3,bus,scheduled
9,0,Battery Street,1.005,9,SAN BRUNO,3,bus,scheduled
9,0,Drumm Street,1.005,9,SAN BRUNO,3,bus,scheduled
9,0,Hyde Street,1.005,9,SAN BRUNO,3,bus,scheduled
9,0,Kearny Street,1.005,9,SAN BRUNO,3,bus,scheduled
9,0,Larkin Street,1.005,9,SAN BRUNO,3,bus,scheduled
9,0,Steuart Street,1.005,9,SAN BRUNO,3,bus,scheduled
9,0,Stockton Street,1.005,9,SAN BRUNO,3,bus,scheduled
9,0,Taylor Street,1.005,9,SAN BRUNO,3,bus,scheduled
9,1,San Bruno Avenue,23.756,9,SAN BRUNO,3,bus,scheduled
9,1,Potrero Avenue,18.274,9,SAN BRUNO,3,bus,scheduled
9,1,Market Street,14.724,9,SAN BRUNO,3,bus,scheduled
9,1,Bayshore Boulevard,14.675,9,SAN BRUNO,3,bus,scheduled
9,1,11th Street,10.443,9,SAN BRUNO,3,bus,scheduled
9,1,Silver Avenue,5.273,9,SAN BRUNO,3,bus,scheduled
9,1,Visitacion Avenue,4.232,9,SAN BRUNO,3,bus,scheduled
9,1,Schwerin Street,3.955,9,SAN BRUNO,3,bus,scheduled
9,1,Sunnydale Avenue,3.955,9,SAN BRUNO,3,bus,scheduled
9,1,Geneva Avenue,2.966,9,SAN BRUNO,3,bus,scheduled
9,1,Bacon Street,2.663,9,SAN BRUNO,3,bus,scheduled
9,1,Mansell Street,2.663,9,SAN BRUNO,3,bus,scheduled
9,1,Paul Avenue,2.663,9,SAN BRUNO,3,bus,scheduled
9,1,Somerset Street,2.663,9,SAN BRUNO,3,bus,scheduled
9,1,Thornton Avenue,2.663,9,SAN BRUNO,3,bus,scheduled
9,1,Wayland Street,2.663,9,SAN BRUNO,3,bus,scheduled
9,1,16th Street,2.611,9,SAN BRUNO,3,bus,scheduled
9,1,19th Street,2.611,9,SAN BRUNO,3,bus,scheduled
9,1,201 Bayshore Blvd E,2.611,9,SAN BRUNO,3,bus,scheduled
9,1,21st Street,2.611,9,SAN BRUNO,3,bus,scheduled
9,1,24th Street,2.611,9,SAN BRUNO,3,bus,scheduled
9,1,25th Street,2.611,9,SAN BRUNO,3,bus,scheduled
9,1,3801 San Bruno Avenue,2.611,9,SAN BRUNO,3,bus,scheduled
9,1,Arleta Avenue,2.611,9,SAN BRUNO,3,bus,scheduled
9,1,Boutwell Street,2.611,9,SAN BRUNO,3,bus,scheduled
9,1,Bryant Street,2.611,9,SAN BRUNO,3,bus,scheduled
9,1,Cortland Avenue,2.611,9,SAN BRUNO,3,bus,scheduled
9,1,Flower Street,2.611,9,SAN BRUNO,3,bus,scheduled
9,1,Harkness Avenue,2.611,9,SAN BRUNO,3,bus,scheduled
9,1,Harrison Street,2.611,9,SAN BRUNO,3,bus,scheduled
9,1,Howard Street,2.611,9,SAN BRUNO,3,bus,scheduled
9,1,Mariposa Street,2.611,9,SAN BRUNO,3,bus,scheduled
9,1,Potrero Ave&15th Street,2.611,9,SAN BRUNO,3,bus,scheduled
9,1,Sf General Hospital,2.611,9,SAN BRUNO,3,bus,scheduled
9,1,1st Street,1.009,9,SAN BRUNO,3,bus,scheduled
9,1,3rd Street,1.009,9,SAN BRUNO,3,bus,scheduled
9,1,4th Street,1.009,9,SAN BRUNO,3,bus,scheduled
9,1,5th Street,1.009,9,SAN BRUNO,3,bus,scheduled
9,1,6th Street,1.009,9,SAN BRUNO,3,bus,scheduled
9,1,7th Street,1.009,9,SAN BRUNO,3,bus,scheduled
9,1,8th Street,1.009,9,SAN BRUNO,3,bus,scheduled
9,1,9th Street,1.009,9,SAN BRUNO,3,bus,scheduled
9,1,Beale Street,1.009,9,SAN BRUNO,3,bus,scheduled
9,1,New Montgomery Street,1.009,9,SAN BRUNO,3,bus,scheduled
9,1,Spear Street,1.009,9,SAN BRUNO,3,bus,scheduled
9,1,Steuart Street,1.009,9,SAN BRUNO,3,bus,scheduled
9,1,Bay Shore Boulevard,0.989,9,SAN BRUNO,3,bus,scheduled
9,1,Blythdale Avenue,0.989,9,SAN BRUNO,3,bus,scheduled
9,1,Brookdale Avenue,0.989,9,SAN BRUNO,3,bus,scheduled
9,1,Castillo Street,0.989,9,SAN BRUNO,3,bus,scheduled
9,1,Cora Street,0.989,9,SAN BRUNO,3,bus,scheduled
9,1,Garrison Avenue,0.989,9,SAN BRUNO,3,bus,scheduled
9,1,Macdonald Avenue,0.989,9,SAN BRUNO,3,bus,scheduled
9,1,Rio Verde Street,0.989,9,SAN BRUNO,3,bus,scheduled
9,1,Santos Street,0.989,9,SAN BRUNO,3,bus,scheduled
9,1,Sunnydale Avenue / Mclaren School,0.989,9,SAN BRUNO,3,bus,scheduled
9,1,Sunnyvale Avenue,0.989,9,SAN BRUNO,3,bus,scheduled
9,1,Talbert Street,0.989,9,SAN BRUNO,3,bus,scheduled
9,1,Velasco Avenue,0.989,9,SAN BRUNO,3,bus,scheduled
9,1,W.Access Road,0.989,9,SAN BRUNO,3,bus,scheduled
90,0,Van Ness Avenue,28.205,90,SAN BRUNO OWL,3,bus,scheduled
90,0,San Bruno Avenue,23.077,90,SAN BRUNO OWL,3,bus,scheduled
90,0,Potrero Avenue,17.949,90,SAN BRUNO OWL,3,bus,scheduled
90,0,Bayshore Boulevard,15.385,90,SAN BRUNO OWL,3,bus,scheduled
90,0,11th Street,7.692,90,SAN BRUNO OWL,3,bus,scheduled
90,0,Silver Avenue,5.128,90,SAN BRUNO OWL,3,bus,scheduled
90,0,16th Street,2.564,90,SAN BRUNO OWL,3,bus,scheduled
90,0,19th Street,2.564,90,SAN BRUNO OWL,3,bus,scheduled
90,0,21st Street,2.564,90,SAN BRUNO OWL,3,bus,scheduled
90,0,23rd Street,2.564,90,SAN BRUNO OWL,3,bus,scheduled
90,0,240 Bayshore Boulevard,2.564,90,SAN BRUNO OWL,3,bus,scheduled
90,0,24th Street,2.564,90,SAN BRUNO OWL,3,bus,scheduled
90,0,3800 San Bruno Avenue,2.564,90,SAN BRUNO OWL,3,bus,scheduled
90,0,Alameda Street,2.564,90,SAN BRUNO OWL,3,bus,scheduled
90,0,Alemany Boulevard,2.564,90,SAN BRUNO OWL,3,bus,scheduled
90,0,Arleta Avenue,2.564,90,SAN BRUNO OWL,3,bus,scheduled
90,0,Augusta Street,2.564,90,SAN BRUNO OWL,3,bus,scheduled
90,0,Bacon Street,2.564,90,SAN BRUNO OWL,3,bus,scheduled
90,0,Bryant Street,2.564,90,SAN BRUNO OWL,3,bus,scheduled
90,0,Chestnut Street,2.564,90,SAN BRUNO OWL,3,bus,scheduled
90,0,Cortland Avenue,2.564,90,SAN BRUNO OWL,3,bus,scheduled
90,0,Division Street,2.564,90,SAN BRUNO OWL,3,bus,scheduled
90,0,Dwight Street,2.564,90,SAN BRUNO OWL,3,bus,scheduled
90,0,Eddy Street,2.564,90,SAN BRUNO OWL,3,bus,scheduled
90,0,Felton Street,2.564,90,SAN BRUNO OWL,3,bus,scheduled
90,0,Harrison Street,2.564,90,SAN BRUNO OWL,3,bus,scheduled
90,0,Howard Street,2.564,90,SAN BRUNO OWL,3,bus,scheduled
90,0,Jackson Street,2.564,90,SAN BRUNO OWL,3,bus,scheduled
90,0,Mansell Street,2.564,90,SAN BRUNO OWL,3,bus,scheduled
90,0,Mariposa Street,2.564,90,SAN BRUNO OWL,3,bus,scheduled
90,0,Market Street,2.564,90,SAN BRUNO OWL,3,bus,scheduled
90,0,Mcallister Street,2.564,90,SAN BRUNO OWL,3,bus,scheduled
90,0,Mission Street,2.564,90,SAN BRUNO OWL,3,bus,scheduled
90,0,North Point Street,2.564,90,SAN BRUNO OWL,3,bus,scheduled
90,0,O'Farrell Street,2.564,90,SAN BRUNO OWL,3,bus,scheduled
90,0,Oakdale Avenue,2.564,90,SAN BRUNO OWL,3,bus,scheduled
90,0,Sacramento Street,2.564,90,SAN BRUNO OWL,3,bus,scheduled
90,0,Somerset Street,2.564,90,SAN BRUNO OWL,3,bus,scheduled
90,0,Sutter Street,2.564,90,SAN BRUNO OWL,3,bus,scheduled
90,0,Union Street,2.564,90,SAN BRUNO OWL,3,bus,scheduled
90,0,Vallejo Street,2.564,90,SAN BRUNO OWL,3,bus,scheduled
90,0,Ward Street,2.564,90,SAN BRUNO OWL,3,bus,scheduled
90,0,Wilde Avenue,2.564,90,SAN BRUNO OWL,3,bus,scheduled
90,0,Woolsey Street,2.564,90,SAN BRUNO OWL,3,bus,scheduled
90,1,Van Ness Avenue,30.769,90,SAN BRUNO OWL,3,bus,scheduled
90,1,San Bruno Avenue,23.077,90,SAN BRUNO OWL,3,bus,scheduled
90,1,Potrero Avenue,17.949,90,SAN BRUNO OWL,3,bus,scheduled
90,1,11th Street,10.256,90,SAN BRUNO OWL,3,bus,scheduled
90,1,Bayshore Boulevard,10.256,90,SAN BRUNO OWL,3,bus,scheduled
90,1,Silver Avenue,5.128,90,SAN BRUNO OWL,3,bus,scheduled
90,1,16th Street,2.564,90,SAN BRUNO OWL,3,bus,scheduled
90,1,19th Street,2.564,90,SAN BRUNO OWL,3,bus,scheduled
90,1,201 Bayshore Blvd E,2.564,90,SAN BRUNO OWL,3,bus,scheduled
90,1,21st Street,2.564,90,SAN BRUNO OWL,3,bus,scheduled
90,1,24th Street,2.564,90,SAN BRUNO OWL,3,bus,scheduled
90,1,25th Street,2.564,90,SAN BRUNO OWL,3,bus,scheduled
90,1,3801 San Bruno Avenue,2.564,90,SAN BRUNO OWL,3,bus,scheduled
90,1,Arleta Avenue,2.564,90,SAN BRUNO OWL,3,bus,scheduled
90,1,Bacon Street,2.564,90,SAN BRUNO OWL,3,bus,scheduled
90,1,Bay Street,2.564,90,SAN BRUNO OWL,3,bus,scheduled
90,1,Boutwell Street,2.564,90,SAN BRUNO OWL,3,bus,scheduled
90,1,Bryant Street,2.564,90,SAN BRUNO OWL,3,bus,scheduled
90,1,Bush Street,2.564,90,SAN BRUNO OWL,3,bus,scheduled
90,1,Chestnut Street,2.564,90,SAN BRUNO OWL,3,bus,scheduled
90,1,Clay Street,2.564,90,SAN BRUNO OWL,3,bus,scheduled
90,1,Cortland Avenue,2.564,90,SAN BRUNO OWL,3,bus,scheduled
90,1,Eddy Street,2.564,90,SAN BRUNO OWL,3,bus,scheduled
90,1,Flower Street,2.564,90,SAN BRUNO OWL,3,bus,scheduled
90,1,Geary Boulevard,2.564,90,SAN BRUNO OWL,3,bus,scheduled
90,1,Harkness Avenue,2.564,90,SAN BRUNO OWL,3,bus,scheduled
90,1,Harrison Street,2.564,90,SAN BRUNO OWL,3,bus,scheduled
90,1,Howard Street,2.564,90,SAN BRUNO OWL,3,bus,scheduled
90,1,Mansell Street,2.564,90,SAN BRUNO OWL,3,bus,scheduled
90,1,Mariposa Street,2.564,90,SAN BRUNO OWL,3,bus,scheduled
90,1,Market Street,2.564,90,SAN BRUNO OWL,3,bus,scheduled
90,1,Mcallister Street,2.564,90,SAN BRUNO OWL,3,bus,scheduled
90,1,Mission Street,2.564,90,SAN BRUNO OWL,3,bus,scheduled
90,1,North Point Street,2.564,90,SAN BRUNO OWL,3,bus,scheduled
90,1,Pacific Street,2.564,90,SAN BRUNO OWL,3,bus,scheduled
90,1,Paul Avenue,2.564,90,SAN BRUNO OWL,3,bus,scheduled
90,1,Potrero Ave&15th Street,2.564,90,SAN BRUNO OWL,3,bus,scheduled
90,1,Sf General Hospital,2.564,90,SAN BRUNO OWL,3,bus,scheduled
90,1,Somerset Street,2.564,90,SAN BRUNO OWL,3,bus,scheduled
90,1,Thornton Avenue,2.564,90,SAN BRUNO OWL,3,bus,scheduled
90,1,Union Street,2.564,90,SAN BRUNO OWL,3,bus,scheduled
90,1,Vallejo Street,2.564,90,SAN BRUNO OWL,3,bus,scheduled
90,1,Wayland Street,2.564,90,SAN BRUNO OWL,3,bus,scheduled
91,0,3rd Street,15.954,91,3RD-19TH AVE OWL,3,bus,scheduled
91,0,19th Avenue,11.111,91,3RD-19TH AVE OWL,3,bus,scheduled
91,0,Geneva Avenue,10.256,91,3RD-19TH AVE OWL,3,bus,scheduled
91,0,Ocean Avenue,7.977,91,3RD-19TH AVE OWL,3,bus,scheduled
91,0,Visitacion Avenue,6.838,91,3RD-19TH AVE OWL,3,bus,scheduled
91,0,4th Street,6.838,91,3RD-19TH AVE OWL,3,bus,scheduled
91,0,Columbus Avenue,5.983,91,3RD-19TH AVE OWL,3,bus,scheduled
91,0,Lombard Street,5.128,91,3RD-19TH AVE OWL,3,bus,scheduled
91,0,Stockton Street,5.128,91,3RD-19TH AVE OWL,3,bus,scheduled
91,0,Park Presidio Boulevard,3.419,91,3RD-19TH AVE OWL,3,bus,scheduled
91,0,West Portal Avenue,3.419,91,3RD-19TH AVE OWL,3,bus,scheduled
91,0,North Point Street,2.564,91,3RD-19TH AVE OWL,3,bus,scheduled
91,0,Van Ness Avenue,2.564,91,3RD-19TH AVE OWL,3,bus,scheduled
91,0,Bayshore Boulevard,2.279,91,3RD-19TH AVE OWL,3,bus,scheduled
91,0,Cargo Way,2.279,91,3RD-19TH AVE OWL,3,bus,scheduled
91,0,Evans Avenue,2.279,91,3RD-19TH AVE OWL,3,bus,scheduled
91,0,Hahn Street,2.279,91,3RD-19TH AVE OWL,3,bus,scheduled
91,0,Mendell Street,2.279,91,3RD-19TH AVE OWL,3,bus,scheduled
91,0,Newhall Street,2.279,91,3RD-19TH AVE OWL,3,bus,scheduled
91,0,Third Street,2.279,91,3RD-19TH AVE OWL,3,bus,scheduled
91,0,Mission Street,1.994,91,3RD-19TH AVE OWL,3,bus,scheduled
91,0,Sloat Boulevard,1.994,91,3RD-19TH AVE OWL,3,bus,scheduled
91,0,Bay Street,1.709,91,3RD-19TH AVE OWL,3,bus,scheduled
91,0,Francisco Street,1.709,91,3RD-19TH AVE OWL,3,bus,scheduled
91,0,Geary Boulevard,1.709,91,3RD-19TH AVE OWL,3,bus,scheduled
91,0,14th Avenue,1.14,91,3RD-19TH AVE OWL,3,bus,scheduled
91,0,1650 Geneva Avenue,1.14,91,3RD-19TH AVE OWL,3,bus,scheduled
91,0,1721 Geneva Avenue,1.14,91,3RD-19TH AVE OWL,3,bus,scheduled
91,0,20th Street,1.14,91,3RD-19TH AVE OWL,3,bus,scheduled
91,0,23rd Street,1.14,91,3RD-19TH AVE OWL,3,bus,scheduled
91,0,Aptos Avenue,1.14,91,3RD-19TH AVE OWL,3,bus,scheduled
91,0,Arleta Avenue,1.14,91,3RD-19TH AVE OWL,3,bus,scheduled
91,0,Bay Shore Boulevard,1.14,91,3RD-19TH AVE OWL,3,bus,scheduled
91,0,Bayshore Blvd &L Eland Avenue,1.14,91,3RD-19TH AVE OWL,3,bus,scheduled
91,0,Bayview Street,1.14,91,3RD-19TH AVE OWL,3,bus,scheduled
91,0,Berry Street,1.14,91,3RD-19TH AVE OWL,3,bus,scheduled
91,0,Britton Street,1.14,91,3RD-19TH AVE OWL,3,bus,scheduled
91,0,Carroll Avenue,1.14,91,3RD-19TH AVE OWL,3,bus,scheduled
91,0,Carter Street,1.14,91,3RD-19TH AVE OWL,3,bus,scheduled
91,0,Cayuga Avenue,1.14,91,3RD-19TH AVE OWL,3,bus,scheduled
91,0,Dorado Terrace,1.14,91,3RD-19TH AVE OWL,3,bus,scheduled
91,0,Fairfield Way,1.14,91,3RD-19TH AVE OWL,3,bus,scheduled
91,0,Gene Friend Way,1.14,91,3RD-19TH AVE OWL,3,bus,scheduled
91,0,Geneva Ave/Balboa Park BART,1.14,91,3RD-19TH AVE OWL,3,bus,scheduled
91,0,Howth Street,1.14,91,3RD-19TH AVE OWL,3,bus,scheduled
91,0,Innes Avenue,1.14,91,3RD-19TH AVE OWL,3,bus,scheduled
91,0,Junipero Serra Boulevard,1.14,91,3RD-19TH AVE OWL,3,bus,scheduled
91,0,Kirkwood Avenue,1.14,91,3RD-19TH AVE OWL,3,bus,scheduled
91,0,Lee Street,1.14,91,3RD-19TH AVE OWL,3,bus,scheduled
91,0,Madrid Street,1.14,91,3RD-19TH AVE OWL,3,bus,scheduled
91,0,Marin Street,1.14,91,3RD-19TH AVE OWL,3,bus,scheduled
91,0,Mariposa Street,1.14,91,3RD-19TH AVE OWL,3,bus,scheduled
91,0,Mendell St Opposite Us Post Office,1.14,91,3RD-19TH AVE OWL,3,bus,scheduled
91,0,Miramar Avenue,1.14,91,3RD-19TH AVE OWL,3,bus,scheduled
91,0,Moscow Street,1.14,91,3RD-19TH AVE OWL,3,bus,scheduled
91,0,Naples Street,1.14,91,3RD-19TH AVE OWL,3,bus,scheduled
91,0,Oakdale Avenue,1.14,91,3RD-19TH AVE OWL,3,bus,scheduled
91,0,Paul Avenue,1.14,91,3RD-19TH AVE OWL,3,bus,scheduled
91,0,Prague Street,1.14,91,3RD-19TH AVE OWL,3,bus,scheduled
91,0,Rutland Street,1.14,91,3RD-19TH AVE OWL,3,bus,scheduled
91,0,Salinas Avenue,1.14,91,3RD-19TH AVE OWL,3,bus,scheduled
91,0,San Leandro Way,1.14,91,3RD-19TH AVE OWL,3,bus,scheduled
91,0,Santos Street,1.14,91,3RD-19TH AVE OWL,3,bus,scheduled
91,0,Sawyer Street,1.14,91,3RD-19TH AVE OWL,3,bus,scheduled
91,0,Schwerin Street,1.14,91,3RD-19TH AVE OWL,3,bus,scheduled
91,0,Sunnydale Avenue,1.14,91,3RD-19TH AVE OWL,3,bus,scheduled
91,0,Townsend Street,1.14,91,3RD-19TH AVE OWL,3,bus,scheduled
91,0,Tunnel Avenue,1.14,91,3RD-19TH AVE OWL,3,bus,scheduled
91,0,Ulloa Street,1.14,91,3RD-19TH AVE OWL,3,bus,scheduled
91,0,Williams Avenue,1.14,91,3RD-19TH AVE OWL,3,bus,scheduled
91,0,Balboa Street,0.855,91,3RD-19TH AVE OWL,3,bus,scheduled
91,0,Brannan Street,0.855,91,3RD-19TH AVE OWL,3,bus,scheduled
91,0,California Street,0.855,91,3RD-19TH AVE OWL,3,bus,scheduled
91,0,Chestnut Street,0.855,91,3RD-19TH AVE OWL,3,bus,scheduled
91,0,Crossover Drive,0.855,91,3RD-19TH AVE OWL,3,bus,scheduled
91,0,Divisadero Street,0.855,91,3RD-19TH AVE OWL,3,bus,scheduled
91,0,Eucalyptus Drive,0.855,91,3RD-19TH AVE OWL,3,bus,scheduled
91,0,Filbert Street,0.855,91,3RD-19TH AVE OWL,3,bus,scheduled
91,0,Fillmore Street,0.855,91,3RD-19TH AVE OWL,3,bus,scheduled
91,0,Folsom Street,0.855,91,3RD-19TH AVE OWL,3,bus,scheduled
91,0,Fulton Street,0.855,91,3RD-19TH AVE OWL,3,bus,scheduled
91,0,Gough Street,0.855,91,3RD-19TH AVE OWL,3,bus,scheduled
91,0,Holloway Street,0.855,91,3RD-19TH AVE OWL,3,bus,scheduled
91,0,Hyde Street,0.855,91,3RD-19TH AVE OWL,3,bus,scheduled
91,0,Irving Street,0.855,91,3RD-19TH AVE OWL,3,bus,scheduled
91,0,Judah Street,0.855,91,3RD-19TH AVE OWL,3,bus,scheduled
91,0,Laguna Street,0.855,91,3RD-19TH AVE OWL,3,bus,scheduled
91,0,Lawton Street,0.855,91,3RD-19TH AVE OWL,3,bus,scheduled
91,0,Lincoln Street,0.855,91,3RD-19TH AVE OWL,3,bus,scheduled
91,0,Market Street,0.855,91,3RD-19TH AVE OWL,3,bus,scheduled
91,0,Noriega Street,0.855,91,3RD-19TH AVE OWL,3,bus,scheduled
91,0,Ortega Street,0.855,91,3RD-19TH AVE OWL,3,bus,scheduled
91,0,Pacific Avenue,0.855,91,3RD-19TH AVE OWL,3,bus,scheduled
91,0,Pierce Street,0.855,91,3RD-19TH AVE OWL,3,bus,scheduled
91,0,Polk Street,0.855,91,3RD-19TH AVE OWL,3,bus,scheduled
91,0,Quintara Street,0.855,91,3RD-19TH AVE OWL,3,bus,scheduled
91,0,Richardson Avenue,0.855,91,3RD-19TH AVE OWL,3,bus,scheduled
91,0,Rivera Street,0.855,91,3RD-19TH AVE OWL,3,bus,scheduled
91,0,Sacramento Street,0.855,91,3RD-19TH AVE OWL,3,bus,scheduled
91,0,Sutter Street,0.855,91,3RD-19TH AVE OWL,3,bus,scheduled
91,0,Taraval Street,0.855,91,3RD-19TH AVE OWL,3,bus,scheduled
91,0,Taylor Street,0.855,91,3RD-19TH AVE OWL,3,bus,scheduled
91,0,Union Street,0.855,91,3RD-19TH AVE OWL,3,bus,scheduled
91,0,Vicente Street,0.855,91,3RD-19TH AVE OWL,3,bus,scheduled
91,0,Washington Street,0.855,91,3RD-19TH AVE OWL,3,bus,scheduled
91,0,Winston Drive,0.855,91,3RD-19TH AVE OWL,3,bus,scheduled
91,1,3rd Street,17.895,91,3RD-19TH AVE OWL,3,bus,scheduled
91,1,19th Avenue,14.737,91,3RD-19TH AVE OWL,3,bus,scheduled
91,1,Geneva Avenue,8.421,91,3RD-19TH AVE OWL,3,bus,scheduled
91,1,Ocean Avenue,8.421,91,3RD-19TH AVE OWL,3,bus,scheduled
91,1,Columbus Avenue,6.316,91,3RD-19TH AVE OWL,3,bus,scheduled
91,1,Visitacion Avenue,6.316,91,3RD-19TH AVE OWL,3,bus,scheduled
91,1,Lombard Street,5.263,91,3RD-19TH AVE OWL,3,bus,scheduled
91,1,Stockton Street,5.263,91,3RD-19TH AVE OWL,3,bus,scheduled
91,1,North Point Street,4.211,91,3RD-19TH AVE OWL,3,bus,scheduled
91,1,Bayshore Boulevard,3.158,91,3RD-19TH AVE OWL,3,bus,scheduled
91,1,Park Presidio Boulevard,3.158,91,3RD-19TH AVE OWL,3,bus,scheduled
91,1,Third Street,3.158,91,3RD-19TH AVE OWL,3,bus,scheduled
91,1,4th Street,2.105,91,3RD-19TH AVE OWL,3,bus,scheduled
91,1,Cargo Way,2.105,91,3RD-19TH AVE OWL,3,bus,scheduled
91,1,Chestnut Street,2.105,91,3RD-19TH AVE OWL,3,bus,scheduled
91,1,Francisco Street,2.105,91,3RD-19TH AVE OWL,3,bus,scheduled
91,1,Geary Boulevard,2.105,91,3RD-19TH AVE OWL,3,bus,scheduled
91,1,Kearny Street,2.105,91,3RD-19TH AVE OWL,3,bus,scheduled
91,1,Mendell Street,2.105,91,3RD-19TH AVE OWL,3,bus,scheduled
91,1,Mission Street,2.105,91,3RD-19TH AVE OWL,3,bus,scheduled
91,1,Sutter Street,2.105,91,3RD-19TH AVE OWL,3,bus,scheduled
91,1,Van Ness Avenue,2.105,91,3RD-19TH AVE OWL,3,bus,scheduled
91,1,West Portal Avenue,2.105,91,3RD-19TH AVE OWL,3,bus,scheduled
91,1,14th Avenue,1.053,91,3RD-19TH AVE OWL,3,bus,scheduled
91,1,1650 Geneva Avenue,1.053,91,3RD-19TH AVE OWL,3,bus,scheduled
91,1,1750 Geneva Avenue,1.053,91,3RD-19TH AVE OWL,3,bus,scheduled
91,1,20th Street,1.053,91,3RD-19TH AVE OWL,3,bus,scheduled
91,1,23rd Street,1.053,91,3RD-19TH AVE OWL,3,bus,scheduled
91,1,Aptos Avenue,1.053,91,3RD-19TH AVE OWL,3,bus,scheduled
91,1,Balboa Street,1.053,91,3RD-19TH AVE OWL,3,bus,scheduled
91,1,Blanken Avenue,1.053,91,3RD-19TH AVE OWL,3,bus,scheduled
91,1,Brannan Street,1.053,91,3RD-19TH AVE OWL,3,bus,scheduled
91,1,Britton Street,1.053,91,3RD-19TH AVE OWL,3,bus,scheduled
91,1,Bryant Street,1.053,91,3RD-19TH AVE OWL,3,bus,scheduled
91,1,California Street,1.053,91,3RD-19TH AVE OWL,3,bus,scheduled
91,1,Carroll Avenue,1.053,91,3RD-19TH AVE OWL,3,bus,scheduled
91,1,Cayuga Avenue,1.053,91,3RD-19TH AVE OWL,3,bus,scheduled
91,1,Clay Street,1.053,91,3RD-19TH AVE OWL,3,bus,scheduled
91,1,Cora Street,1.053,91,3RD-19TH AVE OWL,3,bus,scheduled
91,1,Divisadero Street,1.053,91,3RD-19TH AVE OWL,3,bus,scheduled
91,1,Eucalyptus Drive,1.053,91,3RD-19TH AVE OWL,3,bus,scheduled
91,1,Evans Avenue,1.053,91,3RD-19TH AVE OWL,3,bus,scheduled
91,1,Fillmore Street,1.053,91,3RD-19TH AVE OWL,3,bus,scheduled
91,1,Fitzgerald Avenue,1.053,91,3RD-19TH AVE OWL,3,bus,scheduled
91,1,Folsom Street,1.053,91,3RD-19TH AVE OWL,3,bus,scheduled
91,1,Fulton Street,1.053,91,3RD-19TH AVE OWL,3,bus,scheduled
91,1,Geneva Ave&Carter Street,1.053,91,3RD-19TH AVE OWL,3,bus,scheduled
91,1,Geneva Ave/Balboa Park BART,1.053,91,3RD-19TH AVE OWL,3,bus,scheduled
91,1,Gough Street,1.053,91,3RD-19TH AVE OWL,3,bus,scheduled
91,1,Hahn Street,1.053,91,3RD-19TH AVE OWL,3,bus,scheduled
91,1,Hester Avenue,1.053,91,3RD-19TH AVE OWL,3,bus,scheduled
91,1,Holloway Avenue,1.053,91,3RD-19TH AVE OWL,3,bus,scheduled
91,1,Howth Street,1.053,91,3RD-19TH AVE OWL,3,bus,scheduled
91,1,Hudson Avenue,1.053,91,3RD-19TH AVE OWL,3,bus,scheduled
91,1,Hyde Street,1.053,91,3RD-19TH AVE OWL,3,bus,scheduled
91,1,Irving Street,1.053,91,3RD-19TH AVE OWL,3,bus,scheduled
91,1,Judah Street,1.053,91,3RD-19TH AVE OWL,3,bus,scheduled
91,1,Jules Avenue,1.053,91,3RD-19TH AVE OWL,3,bus,scheduled
91,1,Junipero Serra Boulevard,1.053,91,3RD-19TH AVE OWL,3,bus,scheduled
91,1,King Street,1.053,91,3RD-19TH AVE OWL,3,bus,scheduled
91,1,La Salle Avenue,1.053,91,3RD-19TH AVE OWL,3,bus,scheduled
91,1,Laguna Street,1.053,91,3RD-19TH AVE OWL,3,bus,scheduled
91,1,Lawton Street,1.053,91,3RD-19TH AVE OWL,3,bus,scheduled
91,1,Le Conte Avenue,1.053,91,3RD-19TH AVE OWL,3,bus,scheduled
91,1,Lee Street,1.053,91,3RD-19TH AVE OWL,3,bus,scheduled
91,1,Lincoln Way,1.053,91,3RD-19TH AVE OWL,3,bus,scheduled
91,1,Madrid Street,1.053,91,3RD-19TH AVE OWL,3,bus,scheduled
91,1,Marin Street,1.053,91,3RD-19TH AVE OWL,3,bus,scheduled
91,1,Mariposa Street,1.053,91,3RD-19TH AVE OWL,3,bus,scheduled
91,1,Mason Street,1.053,91,3RD-19TH AVE OWL,3,bus,scheduled
91,1,Mendell St/Us Post Office,1.053,91,3RD-19TH AVE OWL,3,bus,scheduled
91,1,Miramar Avenue,1.053,91,3RD-19TH AVE OWL,3,bus,scheduled
91,1,Munich Street,1.053,91,3RD-19TH AVE OWL,3,bus,scheduled
91,1,Naples Street,1.053,91,3RD-19TH AVE OWL,3,bus,scheduled
91,1,Newhall Street,1.053,91,3RD-19TH AVE OWL,3,bus,scheduled
91,1,Noriega Street,1.053,91,3RD-19TH AVE OWL,3,bus,scheduled
91,1,Ortega Street,1.053,91,3RD-19TH AVE OWL,3,bus,scheduled
91,1,Pacific Avenue,1.053,91,3RD-19TH AVE OWL,3,bus,scheduled
91,1,Palou Avenue,1.053,91,3RD-19TH AVE OWL,3,bus,scheduled
91,1,Park Presidio,1.053,91,3RD-19TH AVE OWL,3,bus,scheduled
91,1,Pierce Street,1.053,91,3RD-19TH AVE OWL,3,bus,scheduled
91,1,Polk Street,1.053,91,3RD-19TH AVE OWL,3,bus,scheduled
91,1,Quintara Street,1.053,91,3RD-19TH AVE OWL,3,bus,scheduled
91,1,Revere Avenue,1.053,91,3RD-19TH AVE OWL,3,bus,scheduled
91,1,Richardson Avenue,1.053,91,3RD-19TH AVE OWL,3,bus,scheduled
91,1,Rivera Street,1.053,91,3RD-19TH AVE OWL,3,bus,scheduled
91,1,Rutland Street,1.053,91,3RD-19TH AVE OWL,3,bus,scheduled
91,1,San Leandro Way,1.053,91,3RD-19TH AVE OWL,3,bus,scheduled
91,1,Santos Street,1.053,91,3RD-19TH AVE OWL,3,bus,scheduled
91,1,Sawyer Street,1.053,91,3RD-19TH AVE OWL,3,bus,scheduled
91,1,Schwerin Street,1.053,91,3RD-19TH AVE OWL,3,bus,scheduled
91,1,Sloat Boulevard,1.053,91,3RD-19TH AVE OWL,3,bus,scheduled
91,1,Sunnydale Avenue,1.053,91,3RD-19TH AVE OWL,3,bus,scheduled
91,1,Taraval Street,1.053,91,3RD-19TH AVE OWL,3,bus,scheduled
91,1,Ulloa Street,1.053,91,3RD-19TH AVE OWL,3,bus,scheduled
91,1,Union Street,1.053,91,3RD-19TH AVE OWL,3,bus,scheduled
91,1,Van Dyke Avenue,1.053,91,3RD-19TH AVE OWL,3,bus,scheduled
91,1,Vicente Street,1.053,91,3RD-19TH AVE OWL,3,bus,scheduled
91,1,Victoria Street,1.053,91,3RD-19TH AVE OWL,3,bus,scheduled
91,1,Warriors Way,1.053,91,3RD-19TH AVE OWL,3,bus,scheduled
91,1,Washington Street,1.053,91,3RD-19TH AVE OWL,3,bus,scheduled
91,1,West Portal/Sloat/St Francis Circle,1.053,91,3RD-19TH AVE OWL,3,bus,scheduled
91,1,Winston Drive,1.053,91,3RD-19TH AVE OWL,3,bus,scheduled
9R,0,Market Street,27.027,9R,SAN BRUNO RAPID,3,bus,scheduled
9R,0,Sunnydale Avenue,13.514,9R,SAN BRUNO RAPID,3,bus,scheduled
9R,0,Bayshore Boulevard,10.811,9R,SAN BRUNO RAPID,3,bus,scheduled
9R,0,Geneva Avenue,10.811,9R,SAN BRUNO RAPID,3,bus,scheduled
9R,0,San Bruno Avenue,10.811,9R,SAN BRUNO RAPID,3,bus,scheduled
9R,0,Schwerin Street,10.811,9R,SAN BRUNO RAPID,3,bus,scheduled
9R,0,Potrero Avenue,8.108,9R,SAN BRUNO RAPID,3,bus,scheduled
9R,0,11th Street,5.405,9R,SAN BRUNO RAPID,3,bus,scheduled
9R,0,16th Street,2.703,9R,SAN BRUNO RAPID,3,bus,scheduled
9R,0,23rd Street,2.703,9R,SAN BRUNO RAPID,3,bus,scheduled
9R,0,24th Street,2.703,9R,SAN BRUNO RAPID,3,bus,scheduled
9R,0,2nd Street,2.703,9R,SAN BRUNO RAPID,3,bus,scheduled
9R,0,5th Street,2.703,9R,SAN BRUNO RAPID,3,bus,scheduled
9R,0,7th Street,2.703,9R,SAN BRUNO RAPID,3,bus,scheduled
9R,0,Arleta Avenue,2.703,9R,SAN BRUNO RAPID,3,bus,scheduled
9R,0,Bacon Street,2.703,9R,SAN BRUNO RAPID,3,bus,scheduled
9R,0,Battery Street,2.703,9R,SAN BRUNO RAPID,3,bus,scheduled
9R,0,Bay Shore Boulevard,2.703,9R,SAN BRUNO RAPID,3,bus,scheduled
9R,0,Blythdale Avenue,2.703,9R,SAN BRUNO RAPID,3,bus,scheduled
9R,0,Brookdale Avenue,2.703,9R,SAN BRUNO RAPID,3,bus,scheduled
9R,0,Castillo Street,2.703,9R,SAN BRUNO RAPID,3,bus,scheduled
9R,0,Cora Street,2.703,9R,SAN BRUNO RAPID,3,bus,scheduled
9R,0,Cortland Avenue,2.703,9R,SAN BRUNO RAPID,3,bus,scheduled
9R,0,Dwight Street,2.703,9R,SAN BRUNO RAPID,3,bus,scheduled
9R,0,Garrison Avenue,2.703,9R,SAN BRUNO RAPID,3,bus,scheduled
9R,0,Harrison Street,2.703,9R,SAN BRUNO RAPID,3,bus,scheduled
9R,0,Hyde Street,2.703,9R,SAN BRUNO RAPID,3,bus,scheduled
9R,0,Kearny Street,2.703,9R,SAN BRUNO RAPID,3,bus,scheduled
9R,0,Larkin Street,2.703,9R,SAN BRUNO RAPID,3,bus,scheduled
9R,0,Leland Avenue,2.703,9R,SAN BRUNO RAPID,3,bus,scheduled
9R,0,Main Street,2.703,9R,SAN BRUNO RAPID,3,bus,scheduled
9R,0,Mission Street,2.703,9R,SAN BRUNO RAPID,3,bus,scheduled
9R,0,Oakdale Avenue,2.703,9R,SAN BRUNO RAPID,3,bus,scheduled
9R,0,Rio Verde Street,2.703,9R,SAN BRUNO RAPID,3,bus,scheduled
9R,0,Rutland Street,2.703,9R,SAN BRUNO RAPID,3,bus,scheduled
9R,0,Santos Street,2.703,9R,SAN BRUNO RAPID,3,bus,scheduled
9R,0,Silver Avenue,2.703,9R,SAN BRUNO RAPID,3,bus,scheduled
9R,0,Stockton Street,2.703,9R,SAN BRUNO RAPID,3,bus,scheduled
9R,0,Sunnydale Avenue / Mclaren School,2.703,9R,SAN BRUNO RAPID,3,bus,scheduled
9R,0,Sunnyvale Avenue,2.703,9R,SAN BRUNO RAPID,3,bus,scheduled
9R,0,Talbert Street,2.703,9R,SAN BRUNO RAPID,3,bus,scheduled
9R,0,Taylor Street,2.703,9R,SAN BRUNO RAPID,3,bus,scheduled
9R,0,Velasco Avenue,2.703,9R,SAN BRUNO RAPID,3,bus,scheduled
9R,0,Western Access Road,2.703,9R,SAN BRUNO RAPID,3,bus,scheduled
9R,0,Wilde Avenue,2.703,9R,SAN BRUNO RAPID,3,bus,scheduled
9R,1,Market Street,31.579,9R,SAN BRUNO RAPID,3,bus,scheduled
9R,1,San Bruno Avenue,13.158,9R,SAN BRUNO RAPID,3,bus,scheduled
9R,1,Schwerin Street,10.526,9R,SAN BRUNO RAPID,3,bus,scheduled
9R,1,Sunnydale Avenue,10.526,9R,SAN BRUNO RAPID,3,bus,scheduled
9R,1,Bayshore Boulevard,7.895,9R,SAN BRUNO RAPID,3,bus,scheduled
9R,1,Geneva Avenue,7.895,9R,SAN BRUNO RAPID,3,bus,scheduled
9R,1,Potrero Avenue,7.895,9R,SAN BRUNO RAPID,3,bus,scheduled
9R,1,11th Street,5.263,9R,SAN BRUNO RAPID,3,bus,scheduled
9R,1,16th Street,2.632,9R,SAN BRUNO RAPID,3,bus,scheduled
9R,1,1st Street,2.632,9R,SAN BRUNO RAPID,3,bus,scheduled
9R,1,24th Street,2.632,9R,SAN BRUNO RAPID,3,bus,scheduled
9R,1,3rd Street,2.632,9R,SAN BRUNO RAPID,3,bus,scheduled
9R,1,4th Street,2.632,9R,SAN BRUNO RAPID,3,bus,scheduled
9R,1,5th Street,2.632,9R,SAN BRUNO RAPID,3,bus,scheduled
9R,1,6th Street,2.632,9R,SAN BRUNO RAPID,3,bus,scheduled
9R,1,7th Street,2.632,9R,SAN BRUNO RAPID,3,bus,scheduled
9R,1,8th Street,2.632,9R,SAN BRUNO RAPID,3,bus,scheduled
9R,1,9th Street,2.632,9R,SAN BRUNO RAPID,3,bus,scheduled
9R,1,Arleta Avenue,2.632,9R,SAN BRUNO RAPID,3,bus,scheduled
9R,1,Bacon Street,2.632,9R,SAN BRUNO RAPID,3,bus,scheduled
9R,1,Bay Shore Boulevard,2.632,9R,SAN BRUNO RAPID,3,bus,scheduled
9R,1,Beale Street,2.632,9R,SAN BRUNO RAPID,3,bus,scheduled
9R,1,Blythdale Avenue,2.632,9R,SAN BRUNO RAPID,3,bus,scheduled
9R,1,Brookdale Avenue,2.632,9R,SAN BRUNO RAPID,3,bus,scheduled
9R,1,Castillo Street,2.632,9R,SAN BRUNO RAPID,3,bus,scheduled
9R,1,Cora Street,2.632,9R,SAN BRUNO RAPID,3,bus,scheduled
9R,1,Cortland Avenue,2.632,9R,SAN BRUNO RAPID,3,bus,scheduled
9R,1,Flower Street,2.632,9R,SAN BRUNO RAPID,3,bus,scheduled
9R,1,Garrison Avenue,2.632,9R,SAN BRUNO RAPID,3,bus,scheduled
9R,1,Harkness Avenue,2.632,9R,SAN BRUNO RAPID,3,bus,scheduled
9R,1,Harrison Street,2.632,9R,SAN BRUNO RAPID,3,bus,scheduled
9R,1,Macdonald Avenue,2.632,9R,SAN BRUNO RAPID,3,bus,scheduled
9R,1,Main Street,2.632,9R,SAN BRUNO RAPID,3,bus,scheduled
9R,1,Mission Street,2.632,9R,SAN BRUNO RAPID,3,bus,scheduled
9R,1,New Montgomery Street,2.632,9R,SAN BRUNO RAPID,3,bus,scheduled
9R,1,Paul Avenue,2.632,9R,SAN BRUNO RAPID,3,bus,scheduled
9R,1,Rio Verde Street,2.632,9R,SAN BRUNO RAPID,3,bus,scheduled
9R,1,Santos Street,2.632,9R,SAN BRUNO RAPID,3,bus,scheduled
9R,1,Sf General Hospital,2.632,9R,SAN BRUNO RAPID,3,bus,scheduled
9R,1,Silver Avenue,2.632,9R,SAN BRUNO RAPID,3,bus,scheduled
9R,1,Spear Street,2.632,9R,SAN BRUNO RAPID,3,bus,scheduled
9R,1,Sunnydale Avenue / Mclaren School,2.632,9R,SAN BRUNO RAPID,3,bus,scheduled
9R,1,Sunnyvale Avenue,2.632,9R,SAN BRUNO RAPID,3,bus,scheduled
9R,1,Talbert Street,2.632,9R,SAN BRUNO RAPID,3,bus,scheduled
9R,1,Velasco Avenue,2.632,9R,SAN BRUNO RAPID,3,bus,scheduled
9R,1,Visitacion Avenue,2.632,9R,SAN BRUNO RAPID,3,bus,scheduled
9R,1,W.Access Road,2.632,9R,SAN BRUNO RAPID,3,bus,scheduled
CA,0,California Street,100.0,CA,CALIFORNIA STREET CABLE CAR,5,cable tram,scheduled
CA,0,Hyde Street,7.154,CA,CALIFORNIA STREET CABLE CAR,5,cable tram,scheduled
CA,0,Larkin Street,7.154,CA,CALIFORNIA STREET CABLE CAR,5,cable tram,scheduled
CA,0,Polk Street,7.154,CA,CALIFORNIA STREET CABLE CAR,5,cable tram,scheduled
CA,0,Van Ness Avenue,7.154,CA,CALIFORNIA STREET CABLE CAR,5,cable tram,scheduled
CA,0,Battery Street,5.099,CA,CALIFORNIA STREET CABLE CAR,5,cable tram,scheduled
CA,0,Davis Street,5.099,CA,CALIFORNIA STREET CABLE CAR,5,cable tram,scheduled
CA,0,Drumm Street,5.099,CA,CALIFORNIA STREET CABLE CAR,5,cable tram,scheduled
CA,0,Front Street,5.099,CA,CALIFORNIA STREET CABLE CAR,5,cable tram,scheduled
CA,0,Grant Avenue,5.099,CA,CALIFORNIA STREET CABLE CAR,5,cable tram,scheduled
CA,0,Jones Street,5.099,CA,CALIFORNIA STREET CABLE CAR,5,cable tram,scheduled
CA,0,Kearny Street,5.099,CA,CALIFORNIA STREET CABLE CAR,5,cable tram,scheduled
CA,0,Leavenworth Street,5.099,CA,CALIFORNIA STREET CABLE CAR,5,cable tram,scheduled
CA,0,Mason Street,5.099,CA,CALIFORNIA STREET CABLE CAR,5,cable tram,scheduled
CA,0,Montgomery Street,5.099,CA,CALIFORNIA STREET CABLE CAR,5,cable tram,scheduled
CA,0,Powell Street,5.099,CA,CALIFORNIA STREET CABLE CAR,5,cable tram,scheduled
CA,0,Sansome Street,5.099,CA,CALIFORNIA STREET CABLE CAR,5,cable tram,scheduled
CA,0,Stockton Street,5.099,CA,CALIFORNIA STREET CABLE CAR,5,cable tram,scheduled
CA,0,Taylor Street,5.099,CA,CALIFORNIA STREET CABLE CAR,5,cable tram,scheduled
CA,1,California Street,100.0,CA,CALIFORNIA STREET CABLE CAR,5,cable tram,scheduled
CA,1,Davis Street,9.661,CA,CALIFORNIA STREET CABLE CAR,5,cable tram,scheduled
CA,1,Hyde Street,6.885,CA,CALIFORNIA STREET CABLE CAR,5,cable tram,scheduled
CA,1,Larkin Street,6.885,CA,CALIFORNIA STREET CABLE CAR,5,cable tram,scheduled
CA,1,Polk Street,6.885,CA,CALIFORNIA STREET CABLE CAR,5,cable tram,scheduled
CA,1,Van Ness Avenue,6.885,CA,CALIFORNIA STREET CABLE CAR,5,cable tram,scheduled
CA,1,Battery Street,4.831,CA,CALIFORNIA STREET CABLE CAR,5,cable tram,scheduled
CA,1,Drumm Street,4.831,CA,CALIFORNIA STREET CABLE CAR,5,cable tram,scheduled
CA,1,Front Street,4.831,CA,CALIFORNIA STREET CABLE CAR,5,cable tram,scheduled
CA,1,Grant Avenue,4.831,CA,CALIFORNIA STREET CABLE CAR,5,cable tram,scheduled
CA,1,Jones Street,4.831,CA,CALIFORNIA STREET CABLE CAR,5,cable tram,scheduled
CA,1,Kearny Street,4.831,CA,CALIFORNIA STREET CABLE CAR,5,cable tram,scheduled
CA,1,Leavenworth Street,4.831,CA,CALIFORNIA STREET CABLE CAR,5,cable tram,scheduled
CA,1,Mason Street,4.831,CA,CALIFORNIA STREET CABLE CAR,5,cable tram,scheduled
CA,1,Montgomery Street,4.831,CA,CALIFORNIA STREET CABLE CAR,5,cable tram,scheduled
CA,1,Powell Street,4.831,CA,CALIFORNIA STREET CABLE CAR,5,cable tram,scheduled
CA,1,Sansome Street,4.831,CA,CALIFORNIA STREET CABLE CAR,5,cable tram,scheduled
CA,1,Stockton Street,4.831,CA,CALIFORNIA STREET CABLE CAR,5,cable tram,scheduled
CA,1,Taylor Street,4.831,CA,CALIFORNIA STREET CABLE CAR,5,cable tram,scheduled
F,0,Market Street,58.621,F,MARKET & WHARVES,0,tram/streetcar/light rail,scheduled
F,0,The Embarcadero,24.138,F,MARKET & WHARVES,0,tram/streetcar/light rail,scheduled
F,0,Beach Street,10.345,F,MARKET & WHARVES,0,tram/streetcar/light rail,scheduled
F,0,Stockton Street,6.897,F,MARKET & WHARVES,0,tram/streetcar/light rail,scheduled
F,0,Noe Street,4.128,F,MARKET & WHARVES,0,tram/streetcar/light rail,scheduled
F,0,17th Street,3.448,F,MARKET & WHARVES,0,tram/streetcar/light rail,scheduled
F,0,2nd Street,3.448,F,MARKET & WHARVES,0,tram/streetcar/light rail,scheduled
F,0,5th Street,3.448,F,MARKET & WHARVES,0,tram/streetcar/light rail,scheduled
F,0,7th Street,3.448,F,MARKET & WHARVES,0,tram/streetcar/light rail,scheduled
F,0,Battery Street,3.448,F,MARKET & WHARVES,0,tram/streetcar/light rail,scheduled
F,0,Bay Street,3.448,F,MARKET & WHARVES,0,tram/streetcar/light rail,scheduled
F,0,Broadway,3.448,F,MARKET & WHARVES,0,tram/streetcar/light rail,scheduled
F,0,Buchanan Street,3.448,F,MARKET & WHARVES,0,tram/streetcar/light rail,scheduled
F,0,Church Street,3.448,F,MARKET & WHARVES,0,tram/streetcar/light rail,scheduled
F,0,Don Chee Way/Steuart Street,3.448,F,MARKET & WHARVES,0,tram/streetcar/light rail,scheduled
F,0,Drumm Street,3.448,F,MARKET & WHARVES,0,tram/streetcar/light rail,scheduled
F,0,Ferry Building,3.448,F,MARKET & WHARVES,0,tram/streetcar/light rail,scheduled
F,0,Gough Street,3.448,F,MARKET & WHARVES,0,tram/streetcar/light rail,scheduled
F,0,Green Street,3.448,F,MARKET & WHARVES,0,tram/streetcar/light rail,scheduled
F,0,Greenwich Street,3.448,F,MARKET & WHARVES,0,tram/streetcar/light rail,scheduled
F,0,Hyde Street,3.448,F,MARKET & WHARVES,0,tram/streetcar/light rail,scheduled
F,0,Jones Street,3.448,F,MARKET & WHARVES,0,tram/streetcar/light rail,scheduled
F,0,Kearny Street,3.448,F,MARKET & WHARVES,0,tram/streetcar/light rail,scheduled
F,0,Laguna Street,3.448,F,MARKET & WHARVES,0,tram/streetcar/light rail,scheduled
F,0,Larkin Street,3.448,F,MARKET & WHARVES,0,tram/streetcar/light rail,scheduled
F,0,Mason Street,3.448,F,MARKET & WHARVES,0,tram/streetcar/light rail,scheduled
F,0,Sanchez Street,3.448,F,MARKET & WHARVES,0,tram/streetcar/light rail,scheduled
F,0,Sansome Street,3.448,F,MARKET & WHARVES,0,tram/streetcar/light rail,scheduled
F,0,Taylor Street,3.448,F,MARKET & WHARVES,0,tram/streetcar/light rail,scheduled
F,0,Van Ness Avenue,3.448,F,MARKET & WHARVES,0,tram/streetcar/light rail,scheduled
F,0,Washington Street,3.448,F,MARKET & WHARVES,0,tram/streetcar/light rail,scheduled
F,0,Castro Street,2.768,F,MARKET & WHARVES,0,tram/streetcar/light rail,scheduled
F,1,Market Street,56.667,F,MARKET & WHARVES,0,tram/streetcar/light rail,scheduled
F,1,The Embarcadero,23.333,F,MARKET & WHARVES,0,tram/streetcar/light rail,scheduled
F,1,Jefferson Street,6.667,F,MARKET & WHARVES,0,tram/streetcar/light rail,scheduled
F,1,17th Street,3.333,F,MARKET & WHARVES,0,tram/streetcar/light rail,scheduled
F,1,1st Street,3.333,F,MARKET & WHARVES,0,tram/streetcar/light rail,scheduled
F,1,3rd Street,3.333,F,MARKET & WHARVES,0,tram/streetcar/light rail,scheduled
F,1,4th Street,3.333,F,MARKET & WHARVES,0,tram/streetcar/light rail,scheduled
F,1,5th Street,3.333,F,MARKET & WHARVES,0,tram/streetcar/light rail,scheduled
F,1,6th Street,3.333,F,MARKET & WHARVES,0,tram/streetcar/light rail,scheduled
F,1,7th Street,3.333,F,MARKET & WHARVES,0,tram/streetcar/light rail,scheduled
F,1,8th Street,3.333,F,MARKET & WHARVES,0,tram/streetcar/light rail,scheduled
F,1,9th Street,3.333,F,MARKET & WHARVES,0,tram/streetcar/light rail,scheduled
F,1,Bay Street,3.333,F,MARKET & WHARVES,0,tram/streetcar/light rail,scheduled
F,1,Beach Street,3.333,F,MARKET & WHARVES,0,tram/streetcar/light rail,scheduled
F,1,Broadway,3.333,F,MARKET & WHARVES,0,tram/streetcar/light rail,scheduled
F,1,Castro Street,3.333,F,MARKET & WHARVES,0,tram/streetcar/light rail,scheduled
F,1,Church Street,3.333,F,MARKET & WHARVES,0,tram/streetcar/light rail,scheduled
F,1,Dolores Street,3.333,F,MARKET & WHARVES,0,tram/streetcar/light rail,scheduled
F,1,Don Chee Way/Steuart Street,3.333,F,MARKET & WHARVES,0,tram/streetcar/light rail,scheduled
F,1,Embarcadero,3.333,F,MARKET & WHARVES,0,tram/streetcar/light rail,scheduled
F,1,Ferry Building,3.333,F,MARKET & WHARVES,0,tram/streetcar/light rail,scheduled
F,1,Gough Street,3.333,F,MARKET & WHARVES,0,tram/streetcar/light rail,scheduled
F,1,Green Street,3.333,F,MARKET & WHARVES,0,tram/streetcar/light rail,scheduled
F,1,Greenwich Street,3.333,F,MARKET & WHARVES,0,tram/streetcar/light rail,scheduled
F,1,Guerrero Street,3.333,F,MARKET & WHARVES,0,tram/streetcar/light rail,scheduled
F,1,Jones Street,3.333,F,MARKET & WHARVES,0,tram/streetcar/light rail,scheduled
F,1,Main Street,3.333,F,MARKET & WHARVES,0,tram/streetcar/light rail,scheduled
F,1,New Montgomery Street,3.333,F,MARKET & WHARVES,0,tram/streetcar/light rail,scheduled
F,1,Noe Street,3.333,F,MARKET & WHARVES,0,tram/streetcar/light rail,scheduled
F,1,Powell Street,3.333,F,MARKET & WHARVES,0,tram/streetcar/light rail,scheduled
F,1,Sanchez Street,3.333,F,MARKET & WHARVES,0,tram/streetcar/light rail,scheduled
F,1,Sansome Street,3.333,F,MARKET & WHARVES,0,tram/streetcar/light rail,scheduled
F,1,Stockton Street,3.333,F,MARKET & WHARVES,0,tram/streetcar/light rail,scheduled
F,1,Taylor Street,3.333,F,MARKET & WHARVES,0,tram/streetcar/light rail,scheduled
F,1,Van Ness Avenue,3.333,F,MARKET & WHARVES,0,tram/streetcar/light rail,scheduled
F,1,Washington Street,3.333,F,MARKET & WHARVES,0,tram/streetcar/light rail,scheduled
FBUS,0,Market Street,58.621,FBUS,MARKET & WHARVES BUS,3,bus,scheduled
FBUS,0,The Embarcadero,24.138,FBUS,MARKET & WHARVES BUS,3,bus,scheduled
FBUS,0,Beach Street,10.345,FBUS,MARKET & WHARVES BUS,3,bus,scheduled
FBUS,0,Stockton Street,6.897,FBUS,MARKET & WHARVES BUS,3,bus,scheduled
FBUS,0,17th Street,3.448,FBUS,MARKET & WHARVES BUS,3,bus,scheduled
FBUS,0,2nd Street,3.448,FBUS,MARKET & WHARVES BUS,3,bus,scheduled
FBUS,0,5th Street,3.448,FBUS,MARKET & WHARVES BUS,3,bus,scheduled
FBUS,0,7th Street,3.448,FBUS,MARKET & WHARVES BUS,3,bus,scheduled
FBUS,0,Battery Street,3.448,FBUS,MARKET & WHARVES BUS,3,bus,scheduled
FBUS,0,Bay Street,3.448,FBUS,MARKET & WHARVES BUS,3,bus,scheduled
FBUS,0,Broadway,3.448,FBUS,MARKET & WHARVES BUS,3,bus,scheduled
FBUS,0,Buchanan Street,3.448,FBUS,MARKET & WHARVES BUS,3,bus,scheduled
FBUS,0,Castro Street,3.448,FBUS,MARKET & WHARVES BUS,3,bus,scheduled
FBUS,0,Church Street,3.448,FBUS,MARKET & WHARVES BUS,3,bus,scheduled
FBUS,0,Don Chee Way/Steuart Street,3.448,FBUS,MARKET & WHARVES BUS,3,bus,scheduled
FBUS,0,Drumm Street,3.448,FBUS,MARKET & WHARVES BUS,3,bus,scheduled
FBUS,0,Ferry Building,3.448,FBUS,MARKET & WHARVES BUS,3,bus,scheduled
FBUS,0,Gough Street,3.448,FBUS,MARKET & WHARVES BUS,3,bus,scheduled
FBUS,0,Green Street,3.448,FBUS,MARKET & WHARVES BUS,3,bus,scheduled
FBUS,0,Greenwich Street,3.448,FBUS,MARKET & WHARVES BUS,3,bus,scheduled
FBUS,0,Hyde Street,3.448,FBUS,MARKET & WHARVES BUS,3,bus,scheduled
FBUS,0,Jones Street,3.448,FBUS,MARKET & WHARVES BUS,3,bus,scheduled
FBUS,0,Kearny Street,3.448,FBUS,MARKET & WHARVES BUS,3,bus,scheduled
FBUS,0,Laguna Street,3.448,FBUS,MARKET & WHARVES BUS,3,bus,scheduled
FBUS,0,Larkin Street,3.448,FBUS,MARKET & WHARVES BUS,3,bus,scheduled
FBUS,0,Mason Street,3.448,FBUS,MARKET & WHARVES BUS,3,bus,scheduled
FBUS,0,Noe Street,3.448,FBUS,MARKET & WHARVES BUS,3,bus,scheduled
FBUS,0,Sanchez Street,3.448,FBUS,MARKET & WHARVES BUS,3,bus,scheduled
FBUS,0,Sansome Street,3.448,FBUS,MARKET & WHARVES BUS,3,bus,scheduled
FBUS,0,Taylor Street,3.448,FBUS,MARKET & WHARVES BUS,3,bus,scheduled
FBUS,0,Van Ness Avenue,3.448,FBUS,MARKET & WHARVES BUS,3,bus,scheduled
FBUS,0,Washington Street,3.448,FBUS,MARKET & WHARVES BUS,3,bus,scheduled
FBUS,1,Market Street,56.667,FBUS,MARKET & WHARVES BUS,3,bus,scheduled
FBUS,1,The Embarcadero,23.333,FBUS,MARKET & WHARVES BUS,3,bus,scheduled
FBUS,1,Jefferson Street,6.667,FBUS,MARKET & WHARVES BUS,3,bus,scheduled
FBUS,1,17th Street,3.333,FBUS,MARKET & WHARVES BUS,3,bus,scheduled
FBUS,1,1st Street,3.333,FBUS,MARKET & WHARVES BUS,3,bus,scheduled
FBUS,1,3rd Street,3.333,FBUS,MARKET & WHARVES BUS,3,bus,scheduled
FBUS,1,4th Street,3.333,FBUS,MARKET & WHARVES BUS,3,bus,scheduled
FBUS,1,5th Street,3.333,FBUS,MARKET & WHARVES BUS,3,bus,scheduled
FBUS,1,6th Street,3.333,FBUS,MARKET & WHARVES BUS,3,bus,scheduled
FBUS,1,7th Street,3.333,FBUS,MARKET & WHARVES BUS,3,bus,scheduled
FBUS,1,8th Street,3.333,FBUS,MARKET & WHARVES BUS,3,bus,scheduled
FBUS,1,9th Street,3.333,FBUS,MARKET & WHARVES BUS,3,bus,scheduled
FBUS,1,Bay Street,3.333,FBUS,MARKET & WHARVES BUS,3,bus,scheduled
FBUS,1,Beach Street,3.333,FBUS,MARKET & WHARVES BUS,3,bus,scheduled
FBUS,1,Broadway,3.333,FBUS,MARKET & WHARVES BUS,3,bus,scheduled
FBUS,1,Castro Street,3.333,FBUS,MARKET & WHARVES BUS,3,bus,scheduled
FBUS,1,Church Street,3.333,FBUS,MARKET & WHARVES BUS,3,bus,scheduled
FBUS,1,Dolores Street,3.333,FBUS,MARKET & WHARVES BUS,3,bus,scheduled
FBUS,1,Don Chee Way/Steuart Street,3.333,FBUS,MARKET & WHARVES BUS,3,bus,scheduled
FBUS,1,Embarcadero,3.333,FBUS,MARKET & WHARVES BUS,3,bus,scheduled
FBUS,1,Ferry Building,3.333,FBUS,MARKET & WHARVES BUS,3,bus,scheduled
FBUS,1,Gough Street,3.333,FBUS,MARKET & WHARVES BUS,3,bus,scheduled
FBUS,1,Green Street,3.333,FBUS,MARKET & WHARVES BUS,3,bus,scheduled
FBUS,1,Greenwich Street,3.333,FBUS,MARKET & WHARVES BUS,3,bus,scheduled
FBUS,1,Guerrero Street,3.333,FBUS,MARKET & WHARVES BUS,3,bus,scheduled
FBUS,1,Jones Street,3.333,FBUS,MARKET & WHARVES BUS,3,bus,scheduled
FBUS,1,Main Street,3.333,FBUS,MARKET & WHARVES BUS,3,bus,scheduled
FBUS,1,New Montgomery Street,3.333,FBUS,MARKET & WHARVES BUS,3,bus,scheduled
FBUS,1,Noe Street,3.333,FBUS,MARKET & WHARVES BUS,3,bus,scheduled
FBUS,1,Powell Street,3.333,FBUS,MARKET & WHARVES BUS,3,bus,scheduled
FBUS,1,Sanchez Street,3.333,FBUS,MARKET & WHARVES BUS,3,bus,scheduled
FBUS,1,Sansome Street,3.333,FBUS,MARKET & WHARVES BUS,3,bus,scheduled
FBUS,1,Stockton Street,3.333,FBUS,MARKET & WHARVES BUS,3,bus,scheduled
FBUS,1,Taylor Street,3.333,FBUS,MARKET & WHARVES BUS,3,bus,scheduled
FBUS,1,Van Ness Avenue,3.333,FBUS,MARKET & WHARVES BUS,3,bus,scheduled
FBUS,1,Washington Street,3.333,FBUS,MARKET & WHARVES BUS,3,bus,scheduled
J,0,Church Street,36.502,J,CHURCH,0,tram/streetcar/light rail,scheduled
J,0,[UNKNOWN],23.241,J,CHURCH,0,tram/streetcar/light rail,scheduled
J,0,San Jose Avenue,17.892,J,CHURCH,0,tram/streetcar/light rail,scheduled
J,0,16th Street,4.473,J,CHURCH,0,tram/streetcar/light rail,scheduled
J,0,18th Street,4.473,J,CHURCH,0,tram/streetcar/light rail,scheduled
J,0,22nd Street,4.473,J,CHURCH,0,tram/streetcar/light rail,scheduled
J,0,24th Street,4.473,J,CHURCH,0,tram/streetcar/light rail,scheduled
J,0,26th Street,4.473,J,CHURCH,0,tram/streetcar/light rail,scheduled
J,0,28th Street,4.473,J,CHURCH,0,tram/streetcar/light rail,scheduled
J,0,30th Street,4.473,J,CHURCH,0,tram/streetcar/light rail,scheduled
J,0,Day Street,4.473,J,CHURCH,0,tram/streetcar/light rail,scheduled
J,0,Dolores Street,4.473,J,CHURCH,0,tram/streetcar/light rail,scheduled
J,0,Market Street,4.473,J,CHURCH,0,tram/streetcar/light rail,scheduled
J,0,Ocean Avenue,4.473,J,CHURCH,0,tram/streetcar/light rail,scheduled
J,0,Randall Street,4.473,J,CHURCH,0,tram/streetcar/light rail,scheduled
J,0,Right Of Way/20th Street,4.473,J,CHURCH,0,tram/streetcar/light rail,scheduled
J,0,Right Of Way/21st Street,4.473,J,CHURCH,0,tram/streetcar/light rail,scheduled
J,0,Right Of Way/Liberty Street,4.473,J,CHURCH,0,tram/streetcar/light rail,scheduled
J,0,San Jose Ave/Glen Park Station,4.473,J,CHURCH,0,tram/streetcar/light rail,scheduled
J,0,Santa Rosa Avenue,4.473,J,CHURCH,0,tram/streetcar/light rail,scheduled
J,0,Santa Ynez Avenue,4.473,J,CHURCH,0,tram/streetcar/light rail,scheduled
J,0,Duboce Avenue,0.719,J,CHURCH,0,tram/streetcar/light rail,scheduled
J,1,Church Street,37.246,J,CHURCH,0,tram/streetcar/light rail,scheduled
J,1,San Jose Avenue,20.692,J,CHURCH,0,tram/streetcar/light rail,scheduled
J,1,[UNKNOWN],17.231,J,CHURCH,0,tram/streetcar/light rail,scheduled
J,1,30th Street,8.277,J,CHURCH,0,tram/streetcar/light rail,scheduled
J,1,16th Street,4.138,J,CHURCH,0,tram/streetcar/light rail,scheduled
J,1,22nd Street,4.138,J,CHURCH,0,tram/streetcar/light rail,scheduled
J,1,24th Street,4.138,J,CHURCH,0,tram/streetcar/light rail,scheduled
J,1,26th Street,4.138,J,CHURCH,0,tram/streetcar/light rail,scheduled
J,1,28th Street,4.138,J,CHURCH,0,tram/streetcar/light rail,scheduled
J,1,29th Street,4.138,J,CHURCH,0,tram/streetcar/light rail,scheduled
J,1,Dolores Street,4.138,J,CHURCH,0,tram/streetcar/light rail,scheduled
J,1,Duboce Avenue,4.138,J,CHURCH,0,tram/streetcar/light rail,scheduled
J,1,Geneva Avenue,4.138,J,CHURCH,0,tram/streetcar/light rail,scheduled
J,1,Market Street,4.138,J,CHURCH,0,tram/streetcar/light rail,scheduled
J,1,Ocean Avenue,4.138,J,CHURCH,0,tram/streetcar/light rail,scheduled
J,1,Randall Street,4.138,J,CHURCH,0,tram/streetcar/light rail,scheduled
J,1,Right Of Way/18th Street,4.138,J,CHURCH,0,tram/streetcar/light rail,scheduled
J,1,Right Of Way/20th Street,4.138,J,CHURCH,0,tram/streetcar/light rail,scheduled
J,1,Right Of Way/21st Street,4.138,J,CHURCH,0,tram/streetcar/light rail,scheduled
J,1,Right Of Way/Liberty Street,4.138,J,CHURCH,0,tram/streetcar/light rail,scheduled
J,1,San Jose Ave/Glen Park Station,4.138,J,CHURCH,0,tram/streetcar/light rail,scheduled
J,1,Santa Rosa Avenue,4.138,J,CHURCH,0,tram/streetcar/light rail,scheduled
J,1,Santa Ynez Avenue,4.138,J,CHURCH,0,tram/streetcar/light rail,scheduled
K,0,[UNKNOWN],49.33,K,INGLESIDE,0,tram/streetcar/light rail,scheduled
K,0,Ocean Avenue,35.423,K,INGLESIDE,0,tram/streetcar/light rail,scheduled
K,0,14th Avenue,5.06,K,INGLESIDE,0,tram/streetcar/light rail,scheduled
K,0,Aptos Avenue,5.06,K,INGLESIDE,0,tram/streetcar/light rail,scheduled
K,0,Jules Avenue,5.06,K,INGLESIDE,0,tram/streetcar/light rail,scheduled
K,0,Junipero Serra Boulevard,5.06,K,INGLESIDE,0,tram/streetcar/light rail,scheduled
K,0,Lee Street,5.06,K,INGLESIDE,0,tram/streetcar/light rail,scheduled
K,0,Miramar Avenue,5.06,K,INGLESIDE,0,tram/streetcar/light rail,scheduled
K,0,Ocean Ave/Ccsf Pedestrian Bridge,5.06,K,INGLESIDE,0,tram/streetcar/light rail,scheduled
K,0,San Leandro Way,5.06,K,INGLESIDE,0,tram/streetcar/light rail,scheduled
K,0,Victoria Street,5.06,K,INGLESIDE,0,tram/streetcar/light rail,scheduled
K,0,West Portal Avenue,5.06,K,INGLESIDE,0,tram/streetcar/light rail,scheduled
K,0,West Portal/Sloat/St Francis Circle,5.06,K,INGLESIDE,0,tram/streetcar/light rail,scheduled
K,0,Folsom Street,0.067,K,INGLESIDE,0,tram/streetcar/light rail,scheduled
K,0,The Embarcadero,0.067,K,INGLESIDE,0,tram/streetcar/light rail,scheduled
K,1,[UNKNOWN],44.842,K,INGLESIDE,0,tram/streetcar/light rail,scheduled
K,1,Ocean Avenue,35.033,K,INGLESIDE,0,tram/streetcar/light rail,scheduled
K,1,14th Avenue,5.005,K,INGLESIDE,0,tram/streetcar/light rail,scheduled
K,1,Aptos Avenue,5.005,K,INGLESIDE,0,tram/streetcar/light rail,scheduled
K,1,Dorado Terrace,5.005,K,INGLESIDE,0,tram/streetcar/light rail,scheduled
K,1,Fairfield Way,5.005,K,INGLESIDE,0,tram/streetcar/light rail,scheduled
K,1,Geneva Avenue,5.005,K,INGLESIDE,0,tram/streetcar/light rail,scheduled
K,1,Junipero Serra Boulevard,5.005,K,INGLESIDE,0,tram/streetcar/light rail,scheduled
K,1,Lee Street,5.005,K,INGLESIDE,0,tram/streetcar/light rail,scheduled
K,1,Miramar Avenue,5.005,K,INGLESIDE,0,tram/streetcar/light rail,scheduled
K,1,Ocean Ave/Ccsf Pedestrian Bridge,5.005,K,INGLESIDE,0,tram/streetcar/light rail,scheduled
K,1,San Jose Avenue,5.005,K,INGLESIDE,0,tram/streetcar/light rail,scheduled
K,1,San Leandro Way,5.005,K,INGLESIDE,0,tram/streetcar/light rail,scheduled
K,1,West Portal Avenue,5.005,K,INGLESIDE,0,tram/streetcar/light rail,scheduled
K,1,West Portal/Sloat/St Francis Circle,5.005,K,INGLESIDE,0,tram/streetcar/light rail,scheduled
K,1,Folsom Street,0.106,K,INGLESIDE,0,tram/streetcar/light rail,scheduled
K,1,The Embarcadero,0.106,K,INGLESIDE,0,tram/streetcar/light rail,scheduled
KBUS,0,Market Street,55.556,KBUS,INGLESIDE BUS,3,bus,scheduled
KBUS,0,Ocean Avenue,22.222,KBUS,INGLESIDE BUS,3,bus,scheduled
KBUS,0,Geneva Avenue,5.556,KBUS,INGLESIDE BUS,3,bus,scheduled
KBUS,0,Junipero Serra Boulevard,5.556,KBUS,INGLESIDE BUS,3,bus,scheduled
KBUS,0,Portola Drive,5.556,KBUS,INGLESIDE BUS,3,bus,scheduled
KBUS,0,Steuart Street,5.556,KBUS,INGLESIDE BUS,3,bus,scheduled
KBUS,0,14th Avenue,2.778,KBUS,INGLESIDE BUS,3,bus,scheduled
KBUS,0,16th Street,2.778,KBUS,INGLESIDE BUS,3,bus,scheduled
KBUS,0,17th Street,2.778,KBUS,INGLESIDE BUS,3,bus,scheduled
KBUS,0,2nd Street,2.778,KBUS,INGLESIDE BUS,3,bus,scheduled
KBUS,0,5th Street,2.778,KBUS,INGLESIDE BUS,3,bus,scheduled
KBUS,0,7th Street,2.778,KBUS,INGLESIDE BUS,3,bus,scheduled
KBUS,0,Aptos Avenue,2.778,KBUS,INGLESIDE BUS,3,bus,scheduled
KBUS,0,Battery Street,2.778,KBUS,INGLESIDE BUS,3,bus,scheduled
KBUS,0,Buchanan Street,2.778,KBUS,INGLESIDE BUS,3,bus,scheduled
KBUS,0,Burnett Avenue,2.778,KBUS,INGLESIDE BUS,3,bus,scheduled
KBUS,0,Church Street,2.778,KBUS,INGLESIDE BUS,3,bus,scheduled
KBUS,0,Claremont Street,2.778,KBUS,INGLESIDE BUS,3,bus,scheduled
KBUS,0,Clayton Street,2.778,KBUS,INGLESIDE BUS,3,bus,scheduled
KBUS,0,Drumm Street,2.778,KBUS,INGLESIDE BUS,3,bus,scheduled
KBUS,0,Gough Street,2.778,KBUS,INGLESIDE BUS,3,bus,scheduled
KBUS,0,Hyde Street,2.778,KBUS,INGLESIDE BUS,3,bus,scheduled
KBUS,0,Jules Avenue,2.778,KBUS,INGLESIDE BUS,3,bus,scheduled
KBUS,0,Kearny Street,2.778,KBUS,INGLESIDE BUS,3,bus,scheduled
KBUS,0,Laguna Street,2.778,KBUS,INGLESIDE BUS,3,bus,scheduled
KBUS,0,Larkin Street,2.778,KBUS,INGLESIDE BUS,3,bus,scheduled
KBUS,0,Lee Street,2.778,KBUS,INGLESIDE BUS,3,bus,scheduled
KBUS,0,Miramar Avenue,2.778,KBUS,INGLESIDE BUS,3,bus,scheduled
KBUS,0,Mission Street,2.778,KBUS,INGLESIDE BUS,3,bus,scheduled
KBUS,0,San Jose Avenue,2.778,KBUS,INGLESIDE BUS,3,bus,scheduled
KBUS,0,San Leandro Way,2.778,KBUS,INGLESIDE BUS,3,bus,scheduled
KBUS,0,Sanchez Street,2.778,KBUS,INGLESIDE BUS,3,bus,scheduled
KBUS,0,Sloat Boulevard,2.778,KBUS,INGLESIDE BUS,3,bus,scheduled
KBUS,0,Stockton Street,2.778,KBUS,INGLESIDE BUS,3,bus,scheduled
KBUS,0,Taylor Street,2.778,KBUS,INGLESIDE BUS,3,bus,scheduled
KBUS,0,Ulloa Street,2.778,KBUS,INGLESIDE BUS,3,bus,scheduled
KBUS,0,Van Ness Avenue,2.778,KBUS,INGLESIDE BUS,3,bus,scheduled
KBUS,0,Victoria Street,2.778,KBUS,INGLESIDE BUS,3,bus,scheduled
KBUS,0,West Portal Avenue,2.778,KBUS,INGLESIDE BUS,3,bus,scheduled
KBUS,0,West Portal/Sloat/St Francis Circle,2.778,KBUS,INGLESIDE BUS,3,bus,scheduled
KBUS,0,Woodside Avenue,2.778,KBUS,INGLESIDE BUS,3,bus,scheduled
KBUS,1,Market Street,57.143,KBUS,INGLESIDE BUS,3,bus,scheduled
KBUS,1,Ocean Avenue,22.857,KBUS,INGLESIDE BUS,3,bus,scheduled
KBUS,1,West Portal Avenue,8.571,KBUS,INGLESIDE BUS,3,bus,scheduled
KBUS,1,Geneva Avenue,5.714,KBUS,INGLESIDE BUS,3,bus,scheduled
KBUS,1,Portola Drive,5.714,KBUS,INGLESIDE BUS,3,bus,scheduled
KBUS,1,14th Avenue,2.857,KBUS,INGLESIDE BUS,3,bus,scheduled
KBUS,1,1st Street,2.857,KBUS,INGLESIDE BUS,3,bus,scheduled
KBUS,1,3rd Street,2.857,KBUS,INGLESIDE BUS,3,bus,scheduled
KBUS,1,4th Street,2.857,KBUS,INGLESIDE BUS,3,bus,scheduled
KBUS,1,5th Street,2.857,KBUS,INGLESIDE BUS,3,bus,scheduled
KBUS,1,6th Street,2.857,KBUS,INGLESIDE BUS,3,bus,scheduled
KBUS,1,7th Street,2.857,KBUS,INGLESIDE BUS,3,bus,scheduled
KBUS,1,8th Street,2.857,KBUS,INGLESIDE BUS,3,bus,scheduled
KBUS,1,9th Street,2.857,KBUS,INGLESIDE BUS,3,bus,scheduled
KBUS,1,Aptos Avenue,2.857,KBUS,INGLESIDE BUS,3,bus,scheduled
KBUS,1,Beale Street,2.857,KBUS,INGLESIDE BUS,3,bus,scheduled
KBUS,1,Castro Street,2.857,KBUS,INGLESIDE BUS,3,bus,scheduled
KBUS,1,Church Street,2.857,KBUS,INGLESIDE BUS,3,bus,scheduled
KBUS,1,Clayton Street,2.857,KBUS,INGLESIDE BUS,3,bus,scheduled
KBUS,1,Clipper Street,2.857,KBUS,INGLESIDE BUS,3,bus,scheduled
KBUS,1,Dolores Street,2.857,KBUS,INGLESIDE BUS,3,bus,scheduled
KBUS,1,Dorado Terrace,2.857,KBUS,INGLESIDE BUS,3,bus,scheduled
KBUS,1,Fairfield Way,2.857,KBUS,INGLESIDE BUS,3,bus,scheduled
KBUS,1,Gough Street,2.857,KBUS,INGLESIDE BUS,3,bus,scheduled
KBUS,1,Guerrero Street,2.857,KBUS,INGLESIDE BUS,3,bus,scheduled
KBUS,1,Junipero Serra Boulevard,2.857,KBUS,INGLESIDE BUS,3,bus,scheduled
KBUS,1,Lee Street,2.857,KBUS,INGLESIDE BUS,3,bus,scheduled
KBUS,1,Miramar Avenue,2.857,KBUS,INGLESIDE BUS,3,bus,scheduled
KBUS,1,Mission Street,2.857,KBUS,INGLESIDE BUS,3,bus,scheduled
KBUS,1,New Montgomery Street,2.857,KBUS,INGLESIDE BUS,3,bus,scheduled
KBUS,1,Noe Street,2.857,KBUS,INGLESIDE BUS,3,bus,scheduled
KBUS,1,O'Shaughnessy Boulevard,2.857,KBUS,INGLESIDE BUS,3,bus,scheduled
KBUS,1,San Jose Avenue,2.857,KBUS,INGLESIDE BUS,3,bus,scheduled
KBUS,1,San Leandro Way,2.857,KBUS,INGLESIDE BUS,3,bus,scheduled
KBUS,1,Sanchez Street,2.857,KBUS,INGLESIDE BUS,3,bus,scheduled
KBUS,1,Sloat Boulevard,2.857,KBUS,INGLESIDE BUS,3,bus,scheduled
KBUS,1,Spear Street,2.857,KBUS,INGLESIDE BUS,3,bus,scheduled
KBUS,1,Steuart Street,2.857,KBUS,INGLESIDE BUS,3,bus,scheduled
KBUS,1,Ulloa Street,2.857,KBUS,INGLESIDE BUS,3,bus,scheduled
KBUS,1,Van Ness Avenue,2.857,KBUS,INGLESIDE BUS,3,bus,scheduled
L,0,Taraval Street,47.603,L,TARAVAL,0,tram/streetcar/light rail,scheduled
L,0,[UNKNOWN],34.446,L,TARAVAL,0,tram/streetcar/light rail,scheduled
L,0,46th Avenue,12.983,L,TARAVAL,0,tram/streetcar/light rail,scheduled
L,0,Ulloa Street,9.155,L,TARAVAL,0,tram/streetcar/light rail,scheduled
L,0,14th Avenue,4.328,L,TARAVAL,0,tram/streetcar/light rail,scheduled
L,0,15th Avenue,4.328,L,TARAVAL,0,tram/streetcar/light rail,scheduled
L,0,19th Avenue,4.328,L,TARAVAL,0,tram/streetcar/light rail,scheduled
L,0,23rd Avenue,4.328,L,TARAVAL,0,tram/streetcar/light rail,scheduled
L,0,26th Avenue,4.328,L,TARAVAL,0,tram/streetcar/light rail,scheduled
L,0,30th Avenue,4.328,L,TARAVAL,0,tram/streetcar/light rail,scheduled
L,0,32nd Avenue,4.328,L,TARAVAL,0,tram/streetcar/light rail,scheduled
L,0,40th Avenue,4.328,L,TARAVAL,0,tram/streetcar/light rail,scheduled
L,0,42nd Avenue,4.328,L,TARAVAL,0,tram/streetcar/light rail,scheduled
L,0,44th Avenue,4.328,L,TARAVAL,0,tram/streetcar/light rail,scheduled
L,0,47th Avenue,4.328,L,TARAVAL,0,tram/streetcar/light rail,scheduled
L,0,Cutler Avenue,4.328,L,TARAVAL,0,tram/streetcar/light rail,scheduled
L,0,Sunset Boulevard,4.328,L,TARAVAL,0,tram/streetcar/light rail,scheduled
L,0,Vicente Street,4.328,L,TARAVAL,0,tram/streetcar/light rail,scheduled
L,0,Lenox Way,0.5,L,TARAVAL,0,tram/streetcar/light rail,scheduled
L,0,Folsom Street,0.14,L,TARAVAL,0,tram/streetcar/light rail,scheduled
L,0,The Embarcadero,0.14,L,TARAVAL,0,tram/streetcar/light rail,scheduled
L,1,Taraval Street,47.169,L,TARAVAL,0,tram/streetcar/light rail,scheduled
L,1,[UNKNOWN],35.077,L,TARAVAL,0,tram/streetcar/light rail,scheduled
L,1,46th Avenue,12.864,L,TARAVAL,0,tram/streetcar/light rail,scheduled
L,1,Ulloa Street,8.967,L,TARAVAL,0,tram/streetcar/light rail,scheduled
L,1,14th Avenue,4.288,L,TARAVAL,0,tram/streetcar/light rail,scheduled
L,1,17th Avenue,4.288,L,TARAVAL,0,tram/streetcar/light rail,scheduled
L,1,19th Avenue,4.288,L,TARAVAL,0,tram/streetcar/light rail,scheduled
L,1,22nd Avenue,4.288,L,TARAVAL,0,tram/streetcar/light rail,scheduled
L,1,26th Avenue,4.288,L,TARAVAL,0,tram/streetcar/light rail,scheduled
L,1,30th Avenue,4.288,L,TARAVAL,0,tram/streetcar/light rail,scheduled
L,1,32nd Avenue,4.288,L,TARAVAL,0,tram/streetcar/light rail,scheduled
L,1,40th Avenue,4.288,L,TARAVAL,0,tram/streetcar/light rail,scheduled
L,1,42nd Avenue,4.288,L,TARAVAL,0,tram/streetcar/light rail,scheduled
L,1,44th Avenue,4.288,L,TARAVAL,0,tram/streetcar/light rail,scheduled
L,1,Sunset Boulevard,4.288,L,TARAVAL,0,tram/streetcar/light rail,scheduled
L,1,Vicente Street,4.288,L,TARAVAL,0,tram/streetcar/light rail,scheduled
L,1,Wawona/46th Ave /Sf Zoo,4.288,L,TARAVAL,0,tram/streetcar/light rail,scheduled
L,1,West Portal Avenue,0.391,L,TARAVAL,0,tram/streetcar/light rail,scheduled
L,1,Folsom Street,0.211,L,TARAVAL,0,tram/streetcar/light rail,scheduled
L,1,The Embarcadero,0.211,L,TARAVAL,0,tram/streetcar/light rail,scheduled
LOWL,0,Market Street,28.283,LOWL,OWL TARAVAL,3,bus,scheduled
LOWL,0,The Embarcadero,25.455,LOWL,OWL TARAVAL,3,bus,scheduled
LOWL,0,Taraval Street,16.97,LOWL,OWL TARAVAL,3,bus,scheduled
LOWL,0,Beach Street,10.909,LOWL,OWL TARAVAL,3,bus,scheduled
LOWL,0,46th Avenue,5.657,LOWL,OWL TARAVAL,3,bus,scheduled
LOWL,0,Ulloa Street,5.657,LOWL,OWL TARAVAL,3,bus,scheduled
LOWL,0,Stockton Street,5.051,LOWL,OWL TARAVAL,3,bus,scheduled
LOWL,0,Portola Drive,4.242,LOWL,OWL TARAVAL,3,bus,scheduled
LOWL,0,Woodside Avenue,4.242,LOWL,OWL TARAVAL,3,bus,scheduled
LOWL,0,Bay Street,3.636,LOWL,OWL TARAVAL,3,bus,scheduled
LOWL,0,Broadway,3.636,LOWL,OWL TARAVAL,3,bus,scheduled
LOWL,0,Ferry Building,3.636,LOWL,OWL TARAVAL,3,bus,scheduled
LOWL,0,Green Street,3.636,LOWL,OWL TARAVAL,3,bus,scheduled
LOWL,0,Greenwich Street,3.636,LOWL,OWL TARAVAL,3,bus,scheduled
LOWL,0,Jones Street,3.636,LOWL,OWL TARAVAL,3,bus,scheduled
LOWL,0,Mason Street,3.636,LOWL,OWL TARAVAL,3,bus,scheduled
LOWL,0,Sansome Street,3.636,LOWL,OWL TARAVAL,3,bus,scheduled
LOWL,0,Washington Street,3.636,LOWL,OWL TARAVAL,3,bus,scheduled
LOWL,0,120 Portola Drive,1.414,LOWL,OWL TARAVAL,3,bus,scheduled
LOWL,0,15th Avenue,1.414,LOWL,OWL TARAVAL,3,bus,scheduled
LOWL,0,16th Street,1.414,LOWL,OWL TARAVAL,3,bus,scheduled
LOWL,0,17th Street,1.414,LOWL,OWL TARAVAL,3,bus,scheduled
LOWL,0,19th Avenue,1.414,LOWL,OWL TARAVAL,3,bus,scheduled
LOWL,0,23rd Avenue,1.414,LOWL,OWL TARAVAL,3,bus,scheduled
LOWL,0,26th Avenue,1.414,LOWL,OWL TARAVAL,3,bus,scheduled
LOWL,0,2nd Street,1.414,LOWL,OWL TARAVAL,3,bus,scheduled
LOWL,0,30th Avenue,1.414,LOWL,OWL TARAVAL,3,bus,scheduled
LOWL,0,32nd Avenue,1.414,LOWL,OWL TARAVAL,3,bus,scheduled
LOWL,0,40th Avenue,1.414,LOWL,OWL TARAVAL,3,bus,scheduled
LOWL,0,42nd Avenue,1.414,LOWL,OWL TARAVAL,3,bus,scheduled
LOWL,0,44th Avenue,1.414,LOWL,OWL TARAVAL,3,bus,scheduled
LOWL,0,5th Street,1.414,LOWL,OWL TARAVAL,3,bus,scheduled
LOWL,0,6 Portola Drive,1.414,LOWL,OWL TARAVAL,3,bus,scheduled
LOWL,0,7th Street,1.414,LOWL,OWL TARAVAL,3,bus,scheduled
LOWL,0,Battery Street,1.414,LOWL,OWL TARAVAL,3,bus,scheduled
LOWL,0,Buchanan Street,1.414,LOWL,OWL TARAVAL,3,bus,scheduled
LOWL,0,Burnett Avenue,1.414,LOWL,OWL TARAVAL,3,bus,scheduled
LOWL,0,Church Street,1.414,LOWL,OWL TARAVAL,3,bus,scheduled
LOWL,0,Clayton Street,1.414,LOWL,OWL TARAVAL,3,bus,scheduled
LOWL,0,Don Chee Way/Steuart Street,1.414,LOWL,OWL TARAVAL,3,bus,scheduled
LOWL,0,Drumm Street,1.414,LOWL,OWL TARAVAL,3,bus,scheduled
LOWL,0,Forest Side Avenue,1.414,LOWL,OWL TARAVAL,3,bus,scheduled
LOWL,0,Glenview Drive,1.414,LOWL,OWL TARAVAL,3,bus,scheduled
LOWL,0,Gough Street,1.414,LOWL,OWL TARAVAL,3,bus,scheduled
LOWL,0,Hernandez Avenue,1.414,LOWL,OWL TARAVAL,3,bus,scheduled
LOWL,0,Hyde Street,1.414,LOWL,OWL TARAVAL,3,bus,scheduled
LOWL,0,Kearny Street,1.414,LOWL,OWL TARAVAL,3,bus,scheduled
LOWL,0,Laguna Street,1.414,LOWL,OWL TARAVAL,3,bus,scheduled
LOWL,0,Larkin Street,1.414,LOWL,OWL TARAVAL,3,bus,scheduled
LOWL,0,Lenox Way,1.414,LOWL,OWL TARAVAL,3,bus,scheduled
LOWL,0,Sanchez Street,1.414,LOWL,OWL TARAVAL,3,bus,scheduled
LOWL,0,Steuart Street,1.414,LOWL,OWL TARAVAL,3,bus,scheduled
LOWL,0,Sunset Boulevard,1.414,LOWL,OWL TARAVAL,3,bus,scheduled
LOWL,0,Taylor Street,1.414,LOWL,OWL TARAVAL,3,bus,scheduled
LOWL,0,Van Ness Avenue,1.414,LOWL,OWL TARAVAL,3,bus,scheduled
LOWL,0,Vicente Street,1.414,LOWL,OWL TARAVAL,3,bus,scheduled
LOWL,0,Wawona/46th Ave /Sf Zoo,1.414,LOWL,OWL TARAVAL,3,bus,scheduled
LOWL,1,Market Street,35.185,LOWL,OWL TARAVAL,3,bus,scheduled
LOWL,1,Taraval Street,22.222,LOWL,OWL TARAVAL,3,bus,scheduled
LOWL,1,The Embarcadero,12.963,LOWL,OWL TARAVAL,3,bus,scheduled
LOWL,1,Ulloa Street,7.407,LOWL,OWL TARAVAL,3,bus,scheduled
LOWL,1,Woodside Avenue,7.407,LOWL,OWL TARAVAL,3,bus,scheduled
LOWL,1,46th Avenue,5.556,LOWL,OWL TARAVAL,3,bus,scheduled
LOWL,1,Portola Drive,5.556,LOWL,OWL TARAVAL,3,bus,scheduled
LOWL,1,Jefferson Street,3.704,LOWL,OWL TARAVAL,3,bus,scheduled
LOWL,1,15th Avenue,1.852,LOWL,OWL TARAVAL,3,bus,scheduled
LOWL,1,17th Avenue,1.852,LOWL,OWL TARAVAL,3,bus,scheduled
LOWL,1,19th Avenue,1.852,LOWL,OWL TARAVAL,3,bus,scheduled
LOWL,1,1st Street,1.852,LOWL,OWL TARAVAL,3,bus,scheduled
LOWL,1,22nd Avenue,1.852,LOWL,OWL TARAVAL,3,bus,scheduled
LOWL,1,26th Avenue,1.852,LOWL,OWL TARAVAL,3,bus,scheduled
LOWL,1,30th Avenue,1.852,LOWL,OWL TARAVAL,3,bus,scheduled
LOWL,1,32nd Avenue,1.852,LOWL,OWL TARAVAL,3,bus,scheduled
LOWL,1,3rd Street,1.852,LOWL,OWL TARAVAL,3,bus,scheduled
LOWL,1,40th Avenue,1.852,LOWL,OWL TARAVAL,3,bus,scheduled
LOWL,1,42nd Avenue,1.852,LOWL,OWL TARAVAL,3,bus,scheduled
LOWL,1,44th Avenue,1.852,LOWL,OWL TARAVAL,3,bus,scheduled
LOWL,1,4th Street,1.852,LOWL,OWL TARAVAL,3,bus,scheduled
LOWL,1,5th Street,1.852,LOWL,OWL TARAVAL,3,bus,scheduled
LOWL,1,6th Street,1.852,LOWL,OWL TARAVAL,3,bus,scheduled
LOWL,1,7th Street,1.852,LOWL,OWL TARAVAL,3,bus,scheduled
LOWL,1,8th Street,1.852,LOWL,OWL TARAVAL,3,bus,scheduled
LOWL,1,9th Street,1.852,LOWL,OWL TARAVAL,3,bus,scheduled
LOWL,1,Balceta Avenue,1.852,LOWL,OWL TARAVAL,3,bus,scheduled
LOWL,1,Bay Street,1.852,LOWL,OWL TARAVAL,3,bus,scheduled
LOWL,1,Beach Street,1.852,LOWL,OWL TARAVAL,3,bus,scheduled
LOWL,1,Beale Street,1.852,LOWL,OWL TARAVAL,3,bus,scheduled
LOWL,1,Broadway,1.852,LOWL,OWL TARAVAL,3,bus,scheduled
LOWL,1,Castro Street,1.852,LOWL,OWL TARAVAL,3,bus,scheduled
LOWL,1,Church Street,1.852,LOWL,OWL TARAVAL,3,bus,scheduled
LOWL,1,Clayton Street,1.852,LOWL,OWL TARAVAL,3,bus,scheduled
LOWL,1,Clipper Street,1.852,LOWL,OWL TARAVAL,3,bus,scheduled
LOWL,1,Dolores Street,1.852,LOWL,OWL TARAVAL,3,bus,scheduled
LOWL,1,Don Chee Way/Steuart Street,1.852,LOWL,OWL TARAVAL,3,bus,scheduled
LOWL,1,Embarcadero,1.852,LOWL,OWL TARAVAL,3,bus,scheduled
LOWL,1,Ferry Building,1.852,LOWL,OWL TARAVAL,3,bus,scheduled
LOWL,1,Forest Side Avenue,1.852,LOWL,OWL TARAVAL,3,bus,scheduled
LOWL,1,Glenview Drive,1.852,LOWL,OWL TARAVAL,3,bus,scheduled
LOWL,1,Gough Street,1.852,LOWL,OWL TARAVAL,3,bus,scheduled
LOWL,1,Green Street,1.852,LOWL,OWL TARAVAL,3,bus,scheduled
LOWL,1,Greenwich Street,1.852,LOWL,OWL TARAVAL,3,bus,scheduled
LOWL,1,Guerrero Street,1.852,LOWL,OWL TARAVAL,3,bus,scheduled
LOWL,1,Hernandez Avenue,1.852,LOWL,OWL TARAVAL,3,bus,scheduled
LOWL,1,Jones Street,1.852,LOWL,OWL TARAVAL,3,bus,scheduled
LOWL,1,New Montgomery Street,1.852,LOWL,OWL TARAVAL,3,bus,scheduled
LOWL,1,Noe Street,1.852,LOWL,OWL TARAVAL,3,bus,scheduled
LOWL,1,Powell Street,1.852,LOWL,OWL TARAVAL,3,bus,scheduled
LOWL,1,Sanchez Street,1.852,LOWL,OWL TARAVAL,3,bus,scheduled
LOWL,1,Sansome Street,1.852,LOWL,OWL TARAVAL,3,bus,scheduled
LOWL,1,Stockton Street,1.852,LOWL,OWL TARAVAL,3,bus,scheduled
LOWL,1,Sunset Boulevard,1.852,LOWL,OWL TARAVAL,3,bus,scheduled
LOWL,1,Taylor Street,1.852,LOWL,OWL TARAVAL,3,bus,scheduled
LOWL,1,Van Ness Avenue,1.852,LOWL,OWL TARAVAL,3,bus,scheduled
LOWL,1,Vicente Street,1.852,LOWL,OWL TARAVAL,3,bus,scheduled
LOWL,1,Washington Street,1.852,LOWL,OWL TARAVAL,3,bus,scheduled
LOWL,1,Wawona/46th Ave /Sf Zoo,1.852,LOWL,OWL TARAVAL,3,bus,scheduled
LOWL,1,West Portal Avenue,1.852,LOWL,OWL TARAVAL,3,bus,scheduled
M,0,[UNKNOWN],32.551,M,OCEAN VIEW,0,tram/streetcar/light rail,scheduled
M,0,19th Avenue,16.692,M,OCEAN VIEW,0,tram/streetcar/light rail,scheduled
M,0,Randolph Street,16.692,M,OCEAN VIEW,0,tram/streetcar/light rail,scheduled
M,0,Broad Street,12.519,M,OCEAN VIEW,0,tram/streetcar/light rail,scheduled
M,0,San Jose Avenue,12.519,M,OCEAN VIEW,0,tram/streetcar/light rail,scheduled
M,0,West Portal Avenue,4.729,M,OCEAN VIEW,0,tram/streetcar/light rail,scheduled
M,0,14th Avenue,4.173,M,OCEAN VIEW,0,tram/streetcar/light rail,scheduled
M,0,Arch Street,4.173,M,OCEAN VIEW,0,tram/streetcar/light rail,scheduled
M,0,Bright Street,4.173,M,OCEAN VIEW,0,tram/streetcar/light rail,scheduled
M,0,Capitol Avenue,4.173,M,OCEAN VIEW,0,tram/streetcar/light rail,scheduled
M,0,Farallones Street,4.173,M,OCEAN VIEW,0,tram/streetcar/light rail,scheduled
M,0,Holloway Avenue,4.173,M,OCEAN VIEW,0,tram/streetcar/light rail,scheduled
M,0,Lakeview Avenue,4.173,M,OCEAN VIEW,0,tram/streetcar/light rail,scheduled
M,0,Niagra Avenue,4.173,M,OCEAN VIEW,0,tram/streetcar/light rail,scheduled
M,0,Orizaba Avenue,4.173,M,OCEAN VIEW,0,tram/streetcar/light rail,scheduled
M,0,Plymouth Avenue,4.173,M,OCEAN VIEW,0,tram/streetcar/light rail,scheduled
M,0,Right Of Way/Eucalyptus Drive,4.173,M,OCEAN VIEW,0,tram/streetcar/light rail,scheduled
M,0,Right Of Way/Ocean Avenue,4.173,M,OCEAN VIEW,0,tram/streetcar/light rail,scheduled
M,0,West Portal/Sloat/St Francis Circle,4.173,M,OCEAN VIEW,0,tram/streetcar/light rail,scheduled
M,0,Winston Drive,4.173,M,OCEAN VIEW,0,tram/streetcar/light rail,scheduled
M,0,Ulloa Street,0.556,M,OCEAN VIEW,0,tram/streetcar/light rail,scheduled
M,0,Folsom Street,0.123,M,OCEAN VIEW,0,tram/streetcar/light rail,scheduled
M,0,The Embarcadero,0.123,M,OCEAN VIEW,0,tram/streetcar/light rail,scheduled
M,1,[UNKNOWN],32.389,M,OCEAN VIEW,0,tram/streetcar/light rail,scheduled
M,1,19th Avenue,15.902,M,OCEAN VIEW,0,tram/streetcar/light rail,scheduled
M,1,San Jose Avenue,15.385,M,OCEAN VIEW,0,tram/streetcar/light rail,scheduled
M,1,Broad Street,11.927,M,OCEAN VIEW,0,tram/streetcar/light rail,scheduled
M,1,Randolph Street,11.927,M,OCEAN VIEW,0,tram/streetcar/light rail,scheduled
M,1,Geneva Avenue,7.434,M,OCEAN VIEW,0,tram/streetcar/light rail,scheduled
M,1,14th Avenue,3.976,M,OCEAN VIEW,0,tram/streetcar/light rail,scheduled
M,1,Arch Street,3.976,M,OCEAN VIEW,0,tram/streetcar/light rail,scheduled
M,1,Bright Street,3.976,M,OCEAN VIEW,0,tram/streetcar/light rail,scheduled
M,1,Capitol Avenue,3.976,M,OCEAN VIEW,0,tram/streetcar/light rail,scheduled
M,1,Farallones Street,3.976,M,OCEAN VIEW,0,tram/streetcar/light rail,scheduled
M,1,Holloway Avenue,3.976,M,OCEAN VIEW,0,tram/streetcar/light rail,scheduled
M,1,Junipero Serra Boulevard,3.976,M,OCEAN VIEW,0,tram/streetcar/light rail,scheduled
M,1,Lakeview Avenue,3.976,M,OCEAN VIEW,0,tram/streetcar/light rail,scheduled
M,1,Orizaba Avenue,3.976,M,OCEAN VIEW,0,tram/streetcar/light rail,scheduled
M,1,Plymouth Avenue,3.976,M,OCEAN VIEW,0,tram/streetcar/light rail,scheduled
M,1,Right Of Way/Eucalyptus Drive,3.976,M,OCEAN VIEW,0,tram/streetcar/light rail,scheduled
M,1,Right Of Way/Ocean Avenue,3.976,M,OCEAN VIEW,0,tram/streetcar/light rail,scheduled
M,1,West Portal Avenue,3.976,M,OCEAN VIEW,0,tram/streetcar/light rail,scheduled
M,1,West Portal/Sloat/St Francis Circle,3.976,M,OCEAN VIEW,0,tram/streetcar/light rail,scheduled
M,1,Winston Drive,3.976,M,OCEAN VIEW,0,tram/streetcar/light rail,scheduled
M,1,Lenox Way,0.396,M,OCEAN VIEW,0,tram/streetcar/light rail,scheduled
M,1,Ulloa Street,0.396,M,OCEAN VIEW,0,tram/streetcar/light rail,scheduled
M,1,Folsom Street,0.147,M,OCEAN VIEW,0,tram/streetcar/light rail,scheduled
M,1,The Embarcadero,0.147,M,OCEAN VIEW,0,tram/streetcar/light rail,scheduled
N,0,Judah Street,43.34,N,JUDAH,0,tram/streetcar/light rail,scheduled
N,0,[UNKNOWN],16.958,N,JUDAH,0,tram/streetcar/light rail,scheduled
N,0,Carl Street,9.287,N,JUDAH,0,tram/streetcar/light rail,scheduled
N,0,Irving Street,9.287,N,JUDAH,0,tram/streetcar/light rail,scheduled
N,0,King Street,7.468,N,JUDAH,0,tram/streetcar/light rail,scheduled
N,0,The Embarcadero,7.468,N,JUDAH,0,tram/streetcar/light rail,scheduled
N,0,9th Avenue,6.191,N,JUDAH,0,tram/streetcar/light rail,scheduled
N,0,2nd Street,3.734,N,JUDAH,0,tram/streetcar/light rail,scheduled
N,0,4th Street,3.734,N,JUDAH,0,tram/streetcar/light rail,scheduled
N,0,Brannan Street,3.734,N,JUDAH,0,tram/streetcar/light rail,scheduled
N,0,Folsom Street,3.734,N,JUDAH,0,tram/streetcar/light rail,scheduled
N,0,12th Avenue,3.096,N,JUDAH,0,tram/streetcar/light rail,scheduled
N,0,16th Avenue,3.096,N,JUDAH,0,tram/streetcar/light rail,scheduled
N,0,19th Avenue,3.096,N,JUDAH,0,tram/streetcar/light rail,scheduled
N,0,23rd Avenue,3.096,N,JUDAH,0,tram/streetcar/light rail,scheduled
N,0,25th Avenue,3.096,N,JUDAH,0,tram/streetcar/light rail,scheduled
N,0,28th Avenue,3.096,N,JUDAH,0,tram/streetcar/light rail,scheduled
N,0,2nd Avenue,3.096,N,JUDAH,0,tram/streetcar/light rail,scheduled
N,0,31st Avenue,3.096,N,JUDAH,0,tram/streetcar/light rail,scheduled
N,0,34th Avenue,3.096,N,JUDAH,0,tram/streetcar/light rail,scheduled
N,0,40th Avenue,3.096,N,JUDAH,0,tram/streetcar/light rail,scheduled
N,0,43rd Avenue,3.096,N,JUDAH,0,tram/streetcar/light rail,scheduled
N,0,46th Avenue,3.096,N,JUDAH,0,tram/streetcar/light rail,scheduled
N,0,6th Avenue,3.096,N,JUDAH,0,tram/streetcar/light rail,scheduled
N,0,Church Street,3.096,N,JUDAH,0,tram/streetcar/light rail,scheduled
N,0,Cole Street,3.096,N,JUDAH,0,tram/streetcar/light rail,scheduled
N,0,Duboce Avenue,3.096,N,JUDAH,0,tram/streetcar/light rail,scheduled
N,0,Duboce St/Noe St/Duboce Park,3.096,N,JUDAH,0,tram/streetcar/light rail,scheduled
N,0,Funston Avenue,3.096,N,JUDAH,0,tram/streetcar/light rail,scheduled
N,0,Hillway Avenue,3.096,N,JUDAH,0,tram/streetcar/light rail,scheduled
N,0,Stanyan Street,3.096,N,JUDAH,0,tram/streetcar/light rail,scheduled
N,0,Sunset Boulevard,3.096,N,JUDAH,0,tram/streetcar/light rail,scheduled
N,1,Judah Street,40.538,N,JUDAH,0,tram/streetcar/light rail,scheduled
N,1,[UNKNOWN],19.515,N,JUDAH,0,tram/streetcar/light rail,scheduled
N,1,King Street,9.839,N,JUDAH,0,tram/streetcar/light rail,scheduled
N,1,The Embarcadero,9.839,N,JUDAH,0,tram/streetcar/light rail,scheduled
N,1,Carl Street,8.687,N,JUDAH,0,tram/streetcar/light rail,scheduled
N,1,Irving Street,8.687,N,JUDAH,0,tram/streetcar/light rail,scheduled
N,1,2nd Street,4.919,N,JUDAH,0,tram/streetcar/light rail,scheduled
N,1,4th Street,4.919,N,JUDAH,0,tram/streetcar/light rail,scheduled
N,1,Brannan Street,4.919,N,JUDAH,0,tram/streetcar/light rail,scheduled
N,1,Folsom Street,4.919,N,JUDAH,0,tram/streetcar/light rail,scheduled
N,1,12th Avenue,2.896,N,JUDAH,0,tram/streetcar/light rail,scheduled
N,1,15th Avenue,2.896,N,JUDAH,0,tram/streetcar/light rail,scheduled
N,1,19th Avenue,2.896,N,JUDAH,0,tram/streetcar/light rail,scheduled
N,1,22nd Avenue,2.896,N,JUDAH,0,tram/streetcar/light rail,scheduled
N,1,25th Avenue,2.896,N,JUDAH,0,tram/streetcar/light rail,scheduled
N,1,28th Avenue,2.896,N,JUDAH,0,tram/streetcar/light rail,scheduled
N,1,31st Avenue,2.896,N,JUDAH,0,tram/streetcar/light rail,scheduled
N,1,34th Avenue,2.896,N,JUDAH,0,tram/streetcar/light rail,scheduled
N,1,40th Avenue,2.896,N,JUDAH,0,tram/streetcar/light rail,scheduled
N,1,43rd Avenue,2.896,N,JUDAH,0,tram/streetcar/light rail,scheduled
N,1,46th Avenue,2.896,N,JUDAH,0,tram/streetcar/light rail,scheduled
N,1,5th Avenue,2.896,N,JUDAH,0,tram/streetcar/light rail,scheduled
N,1,8th Avenue,2.896,N,JUDAH,0,tram/streetcar/light rail,scheduled
N,1,9th Avenue,2.896,N,JUDAH,0,tram/streetcar/light rail,scheduled
N,1,Arguello Boulevard,2.896,N,JUDAH,0,tram/streetcar/light rail,scheduled
N,1,Church Street,2.896,N,JUDAH,0,tram/streetcar/light rail,scheduled
N,1,Cole Street,2.896,N,JUDAH,0,tram/streetcar/light rail,scheduled
N,1,Duboce Avenue,2.896,N,JUDAH,0,tram/streetcar/light rail,scheduled
N,1,Funston Avenue,2.896,N,JUDAH,0,tram/streetcar/light rail,scheduled
N,1,Hillway Avenue,2.896,N,JUDAH,0,tram/streetcar/light rail,scheduled
N,1,Stanyan Street,2.896,N,JUDAH,0,tram/streetcar/light rail,scheduled
N,1,Sunset Boulevard,2.896,N,JUDAH,0,tram/streetcar/light rail,scheduled
NBUS,0,Market Street,34.091,NBUS,JUDAH BUS,3,bus,scheduled
NBUS,0,Judah Street,31.818,NBUS,JUDAH BUS,3,bus,scheduled
NBUS,0,Carl Street,6.818,NBUS,JUDAH BUS,3,bus,scheduled
NBUS,0,Irving Street,6.818,NBUS,JUDAH BUS,3,bus,scheduled
NBUS,0,2nd Street,4.545,NBUS,JUDAH BUS,3,bus,scheduled
NBUS,0,5th Street,4.545,NBUS,JUDAH BUS,3,bus,scheduled
NBUS,0,9th Avenue,4.545,NBUS,JUDAH BUS,3,bus,scheduled
NBUS,0,Duboce Avenue,4.545,NBUS,JUDAH BUS,3,bus,scheduled
NBUS,0,The Embarcadero,4.545,NBUS,JUDAH BUS,3,bus,scheduled
NBUS,0,Townsend Street,4.545,NBUS,JUDAH BUS,3,bus,scheduled
NBUS,0,[UNKNOWN],4.545,NBUS,JUDAH BUS,3,bus,scheduled
NBUS,0,12th Avenue,2.273,NBUS,JUDAH BUS,3,bus,scheduled
NBUS,0,16th Avenue,2.273,NBUS,JUDAH BUS,3,bus,scheduled
NBUS,0,19th Avenue,2.273,NBUS,JUDAH BUS,3,bus,scheduled
NBUS,0,23rd Avenue,2.273,NBUS,JUDAH BUS,3,bus,scheduled
NBUS,0,25th Avenue,2.273,NBUS,JUDAH BUS,3,bus,scheduled
NBUS,0,28th Avenue,2.273,NBUS,JUDAH BUS,3,bus,scheduled
NBUS,0,2nd Avenue,2.273,NBUS,JUDAH BUS,3,bus,scheduled
NBUS,0,31st Avenue,2.273,NBUS,JUDAH BUS,3,bus,scheduled
NBUS,0,34th Avenue,2.273,NBUS,JUDAH BUS,3,bus,scheduled
NBUS,0,40th Avenue,2.273,NBUS,JUDAH BUS,3,bus,scheduled
NBUS,0,43rd Avenue,2.273,NBUS,JUDAH BUS,3,bus,scheduled
NBUS,0,46th Avenue,2.273,NBUS,JUDAH BUS,3,bus,scheduled
NBUS,0,4th Street,2.273,NBUS,JUDAH BUS,3,bus,scheduled
NBUS,0,6th Avenue,2.273,NBUS,JUDAH BUS,3,bus,scheduled
NBUS,0,7th Street,2.273,NBUS,JUDAH BUS,3,bus,scheduled
NBUS,0,Battery Street,2.273,NBUS,JUDAH BUS,3,bus,scheduled
NBUS,0,Brannan Street,2.273,NBUS,JUDAH BUS,3,bus,scheduled
NBUS,0,Buchanan Street,2.273,NBUS,JUDAH BUS,3,bus,scheduled
NBUS,0,Church Street,2.273,NBUS,JUDAH BUS,3,bus,scheduled
NBUS,0,Cole Street,2.273,NBUS,JUDAH BUS,3,bus,scheduled
NBUS,0,Drumm Street,2.273,NBUS,JUDAH BUS,3,bus,scheduled
NBUS,0,Folsom Street,2.273,NBUS,JUDAH BUS,3,bus,scheduled
NBUS,0,Funston Avenue,2.273,NBUS,JUDAH BUS,3,bus,scheduled
NBUS,0,Gough Street,2.273,NBUS,JUDAH BUS,3,bus,scheduled
NBUS,0,Hillway Avenue,2.273,NBUS,JUDAH BUS,3,bus,scheduled
NBUS,0,Hyde Street,2.273,NBUS,JUDAH BUS,3,bus,scheduled
NBUS,0,Kearny Street,2.273,NBUS,JUDAH BUS,3,bus,scheduled
NBUS,0,King Street,2.273,NBUS,JUDAH BUS,3,bus,scheduled
NBUS,0,Laguna Street,2.273,NBUS,JUDAH BUS,3,bus,scheduled
NBUS,0,Larkin Street,2.273,NBUS,JUDAH BUS,3,bus,scheduled
NBUS,0,Noe Street,2.273,NBUS,JUDAH BUS,3,bus,scheduled
NBUS,0,Stanyan Street,2.273,NBUS,JUDAH BUS,3,bus,scheduled
NBUS,0,Steuart Street,2.273,NBUS,JUDAH BUS,3,bus,scheduled
NBUS,0,Stockton Street,2.273,NBUS,JUDAH BUS,3,bus,scheduled
NBUS,0,Sunset Boulevard,2.273,NBUS,JUDAH BUS,3,bus,scheduled
NBUS,0,Taylor Street,2.273,NBUS,JUDAH BUS,3,bus,scheduled
NBUS,0,Van Ness Avenue,2.273,NBUS,JUDAH BUS,3,bus,scheduled
NBUS,1,Market Street,35.714,NBUS,JUDAH BUS,3,bus,scheduled
NBUS,1,Judah Street,33.333,NBUS,JUDAH BUS,3,bus,scheduled
NBUS,1,Carl Street,7.143,NBUS,JUDAH BUS,3,bus,scheduled
NBUS,1,Irving Street,7.143,NBUS,JUDAH BUS,3,bus,scheduled
NBUS,1,5th Street,4.762,NBUS,JUDAH BUS,3,bus,scheduled
NBUS,1,Duboce Avenue,4.762,NBUS,JUDAH BUS,3,bus,scheduled
NBUS,1,The Embarcadero,4.762,NBUS,JUDAH BUS,3,bus,scheduled
NBUS,1,Townsend Street,4.762,NBUS,JUDAH BUS,3,bus,scheduled
NBUS,1,12th Avenue,2.381,NBUS,JUDAH BUS,3,bus,scheduled
NBUS,1,15th Avenue,2.381,NBUS,JUDAH BUS,3,bus,scheduled
NBUS,1,19th Avenue,2.381,NBUS,JUDAH BUS,3,bus,scheduled
NBUS,1,1st Street,2.381,NBUS,JUDAH BUS,3,bus,scheduled
NBUS,1,22nd Avenue,2.381,NBUS,JUDAH BUS,3,bus,scheduled
NBUS,1,25th Avenue,2.381,NBUS,JUDAH BUS,3,bus,scheduled
NBUS,1,28th Avenue,2.381,NBUS,JUDAH BUS,3,bus,scheduled
NBUS,1,2nd Street,2.381,NBUS,JUDAH BUS,3,bus,scheduled
NBUS,1,31st Avenue,2.381,NBUS,JUDAH BUS,3,bus,scheduled
NBUS,1,34th Avenue,2.381,NBUS,JUDAH BUS,3,bus,scheduled
NBUS,1,3rd Street,2.381,NBUS,JUDAH BUS,3,bus,scheduled
NBUS,1,40th Avenue,2.381,NBUS,JUDAH BUS,3,bus,scheduled
NBUS,1,43rd Avenue,2.381,NBUS,JUDAH BUS,3,bus,scheduled
NBUS,1,46th Avenue,2.381,NBUS,JUDAH BUS,3,bus,scheduled
NBUS,1,4th Street,2.381,NBUS,JUDAH BUS,3,bus,scheduled
NBUS,1,5th Avenue,2.381,NBUS,JUDAH BUS,3,bus,scheduled
NBUS,1,6th Street,2.381,NBUS,JUDAH BUS,3,bus,scheduled
NBUS,1,7th Street,2.381,NBUS,JUDAH BUS,3,bus,scheduled
NBUS,1,8th Avenue,2.381,NBUS,JUDAH BUS,3,bus,scheduled
NBUS,1,8th Street,2.381,NBUS,JUDAH BUS,3,bus,scheduled
NBUS,1,9th Avenue,2.381,NBUS,JUDAH BUS,3,bus,scheduled
NBUS,1,9th Street,2.381,NBUS,JUDAH BUS,3,bus,scheduled
NBUS,1,Arguello Boulevard,2.381,NBUS,JUDAH BUS,3,bus,scheduled
NBUS,1,Beale Street,2.381,NBUS,JUDAH BUS,3,bus,scheduled
NBUS,1,Church Street,2.381,NBUS,JUDAH BUS,3,bus,scheduled
NBUS,1,Cole Street,2.381,NBUS,JUDAH BUS,3,bus,scheduled
NBUS,1,Dolores Street,2.381,NBUS,JUDAH BUS,3,bus,scheduled
NBUS,1,Folsom Street,2.381,NBUS,JUDAH BUS,3,bus,scheduled
NBUS,1,Funston Avenue,2.381,NBUS,JUDAH BUS,3,bus,scheduled
NBUS,1,Gough Street,2.381,NBUS,JUDAH BUS,3,bus,scheduled
NBUS,1,Guerrero Street,2.381,NBUS,JUDAH BUS,3,bus,scheduled
NBUS,1,Hillway Avenue,2.381,NBUS,JUDAH BUS,3,bus,scheduled
NBUS,1,King Street,2.381,NBUS,JUDAH BUS,3,bus,scheduled
NBUS,1,New Montgomery Street,2.381,NBUS,JUDAH BUS,3,bus,scheduled
NBUS,1,Noe Street,2.381,NBUS,JUDAH BUS,3,bus,scheduled
NBUS,1,Stanyan Street,2.381,NBUS,JUDAH BUS,3,bus,scheduled
NBUS,1,Steuart Street,2.381,NBUS,JUDAH BUS,3,bus,scheduled
NBUS,1,Sunset Boulevard,2.381,NBUS,JUDAH BUS,3,bus,scheduled
NBUS,1,Van Ness Avenue,2.381,NBUS,JUDAH BUS,3,bus,scheduled
NBUS,1,[UNKNOWN],2.381,NBUS,JUDAH BUS,3,bus,scheduled
NOWL,0,Judah Street,26.923,NOWL,OWL JUDAH,3,bus,scheduled
NOWL,0,Market Street,26.923,NOWL,OWL JUDAH,3,bus,scheduled
NOWL,0,Haight Street,13.462,NOWL,OWL JUDAH,3,bus,scheduled
NOWL,0,Carl Street,5.769,NOWL,OWL JUDAH,3,bus,scheduled
NOWL,0,Cole Street,5.769,NOWL,OWL JUDAH,3,bus,scheduled
NOWL,0,Irving Street,5.769,NOWL,OWL JUDAH,3,bus,scheduled
NOWL,0,2nd Street,3.846,NOWL,OWL JUDAH,3,bus,scheduled
NOWL,0,5th Street,3.846,NOWL,OWL JUDAH,3,bus,scheduled
NOWL,0,9th Avenue,3.846,NOWL,OWL JUDAH,3,bus,scheduled
NOWL,0,Fillmore Street,3.846,NOWL,OWL JUDAH,3,bus,scheduled
NOWL,0,The Embarcadero,3.846,NOWL,OWL JUDAH,3,bus,scheduled
NOWL,0,Townsend Street,3.846,NOWL,OWL JUDAH,3,bus,scheduled
NOWL,0,[UNKNOWN],3.846,NOWL,OWL JUDAH,3,bus,scheduled
NOWL,0,12th Avenue,1.923,NOWL,OWL JUDAH,3,bus,scheduled
NOWL,0,16th Avenue,1.923,NOWL,OWL JUDAH,3,bus,scheduled
NOWL,0,19th Avenue,1.923,NOWL,OWL JUDAH,3,bus,scheduled
NOWL,0,23rd Avenue,1.923,NOWL,OWL JUDAH,3,bus,scheduled
NOWL,0,25th Avenue,1.923,NOWL,OWL JUDAH,3,bus,scheduled
NOWL,0,28th Avenue,1.923,NOWL,OWL JUDAH,3,bus,scheduled
NOWL,0,2nd Avenue,1.923,NOWL,OWL JUDAH,3,bus,scheduled
NOWL,0,31st Avenue,1.923,NOWL,OWL JUDAH,3,bus,scheduled
NOWL,0,34th Avenue,1.923,NOWL,OWL JUDAH,3,bus,scheduled
NOWL,0,40th Avenue,1.923,NOWL,OWL JUDAH,3,bus,scheduled
NOWL,0,43rd Avenue,1.923,NOWL,OWL JUDAH,3,bus,scheduled
NOWL,0,46th Avenue,1.923,NOWL,OWL JUDAH,3,bus,scheduled
NOWL,0,4th Street,1.923,NOWL,OWL JUDAH,3,bus,scheduled
NOWL,0,6th Avenue,1.923,NOWL,OWL JUDAH,3,bus,scheduled
NOWL,0,7th Street,1.923,NOWL,OWL JUDAH,3,bus,scheduled
NOWL,0,Baker Street,1.923,NOWL,OWL JUDAH,3,bus,scheduled
NOWL,0,Battery Street,1.923,NOWL,OWL JUDAH,3,bus,scheduled
NOWL,0,Brannan Street,1.923,NOWL,OWL JUDAH,3,bus,scheduled
NOWL,0,Buchanan Street,1.923,NOWL,OWL JUDAH,3,bus,scheduled
NOWL,0,Church Street,1.923,NOWL,OWL JUDAH,3,bus,scheduled
NOWL,0,Clayton Street,1.923,NOWL,OWL JUDAH,3,bus,scheduled
NOWL,0,Divisadero Street,1.923,NOWL,OWL JUDAH,3,bus,scheduled
NOWL,0,Don Chee Way/Steuart Street,1.923,NOWL,OWL JUDAH,3,bus,scheduled
NOWL,0,Drumm Street,1.923,NOWL,OWL JUDAH,3,bus,scheduled
NOWL,0,Duboce Avenue,1.923,NOWL,OWL JUDAH,3,bus,scheduled
NOWL,0,Folsom Street,1.923,NOWL,OWL JUDAH,3,bus,scheduled
NOWL,0,Frederick Street,1.923,NOWL,OWL JUDAH,3,bus,scheduled
NOWL,0,Funston Avenue,1.923,NOWL,OWL JUDAH,3,bus,scheduled
NOWL,0,Gough Street,1.923,NOWL,OWL JUDAH,3,bus,scheduled
NOWL,0,Hermann Street,1.923,NOWL,OWL JUDAH,3,bus,scheduled
NOWL,0,Hillway Avenue,1.923,NOWL,OWL JUDAH,3,bus,scheduled
NOWL,0,Hyde Street,1.923,NOWL,OWL JUDAH,3,bus,scheduled
NOWL,0,Kearny Street,1.923,NOWL,OWL JUDAH,3,bus,scheduled
NOWL,0,King Street,1.923,NOWL,OWL JUDAH,3,bus,scheduled
NOWL,0,Laguna Street,1.923,NOWL,OWL JUDAH,3,bus,scheduled
NOWL,0,Masonic Avenue,1.923,NOWL,OWL JUDAH,3,bus,scheduled
NOWL,0,Pierce Street,1.923,NOWL,OWL JUDAH,3,bus,scheduled
NOWL,0,Stanyan Street,1.923,NOWL,OWL JUDAH,3,bus,scheduled
NOWL,0,Steuart Street,1.923,NOWL,OWL JUDAH,3,bus,scheduled
NOWL,0,Stockton Street,1.923,NOWL,OWL JUDAH,3,bus,scheduled
NOWL,0,Sunset Boulevard,1.923,NOWL,OWL JUDAH,3,bus,scheduled
NOWL,0,Taylor Street,1.923,NOWL,OWL JUDAH,3,bus,scheduled
NOWL,0,Van Ness Avenue,1.923,NOWL,OWL JUDAH,3,bus,scheduled
NOWL,1,Market Street,28.846,NOWL,OWL JUDAH,3,bus,scheduled
NOWL,1,Judah Street,26.923,NOWL,OWL JUDAH,3,bus,scheduled
NOWL,1,Haight Street,13.462,NOWL,OWL JUDAH,3,bus,scheduled
NOWL,1,Carl Street,5.769,NOWL,OWL JUDAH,3,bus,scheduled
NOWL,1,Cole Street,5.769,NOWL,OWL JUDAH,3,bus,scheduled
NOWL,1,Irving Street,5.769,NOWL,OWL JUDAH,3,bus,scheduled
NOWL,1,The Embarcadero,5.769,NOWL,OWL JUDAH,3,bus,scheduled
NOWL,1,5th Street,3.846,NOWL,OWL JUDAH,3,bus,scheduled
NOWL,1,Fillmore Street,3.846,NOWL,OWL JUDAH,3,bus,scheduled
NOWL,1,Steuart Street,3.846,NOWL,OWL JUDAH,3,bus,scheduled
NOWL,1,Townsend Street,3.846,NOWL,OWL JUDAH,3,bus,scheduled
NOWL,1,12th Avenue,1.923,NOWL,OWL JUDAH,3,bus,scheduled
NOWL,1,15th Avenue,1.923,NOWL,OWL JUDAH,3,bus,scheduled
NOWL,1,19th Avenue,1.923,NOWL,OWL JUDAH,3,bus,scheduled
NOWL,1,1st Street,1.923,NOWL,OWL JUDAH,3,bus,scheduled
NOWL,1,22nd Avenue,1.923,NOWL,OWL JUDAH,3,bus,scheduled
NOWL,1,25th Avenue,1.923,NOWL,OWL JUDAH,3,bus,scheduled
NOWL,1,28th Avenue,1.923,NOWL,OWL JUDAH,3,bus,scheduled
NOWL,1,2nd Street,1.923,NOWL,OWL JUDAH,3,bus,scheduled
NOWL,1,31st Avenue,1.923,NOWL,OWL JUDAH,3,bus,scheduled
NOWL,1,34th Avenue,1.923,NOWL,OWL JUDAH,3,bus,scheduled
NOWL,1,3rd Street,1.923,NOWL,OWL JUDAH,3,bus,scheduled
NOWL,1,40th Avenue,1.923,NOWL,OWL JUDAH,3,bus,scheduled
NOWL,1,43rd Avenue,1.923,NOWL,OWL JUDAH,3,bus,scheduled
NOWL,1,46th Avenue,1.923,NOWL,OWL JUDAH,3,bus,scheduled
NOWL,1,4th Street,1.923,NOWL,OWL JUDAH,3,bus,scheduled
NOWL,1,5th Avenue,1.923,NOWL,OWL JUDAH,3,bus,scheduled
NOWL,1,6th Street,1.923,NOWL,OWL JUDAH,3,bus,scheduled
NOWL,1,7th Street,1.923,NOWL,OWL JUDAH,3,bus,scheduled
NOWL,1,8th Avenue,1.923,NOWL,OWL JUDAH,3,bus,scheduled
NOWL,1,8th Street,1.923,NOWL,OWL JUDAH,3,bus,scheduled
NOWL,1,9th Avenue,1.923,NOWL,OWL JUDAH,3,bus,scheduled
NOWL,1,9th Street,1.923,NOWL,OWL JUDAH,3,bus,scheduled
NOWL,1,Arguello Boulevard,1.923,NOWL,OWL JUDAH,3,bus,scheduled
NOWL,1,Beale Street,1.923,NOWL,OWL JUDAH,3,bus,scheduled
NOWL,1,Buena Vista East Avenue,1.923,NOWL,OWL JUDAH,3,bus,scheduled
NOWL,1,Church Street,1.923,NOWL,OWL JUDAH,3,bus,scheduled
NOWL,1,Clayton Street,1.923,NOWL,OWL JUDAH,3,bus,scheduled
NOWL,1,Divisadero Street,1.923,NOWL,OWL JUDAH,3,bus,scheduled
NOWL,1,Dolores Street,1.923,NOWL,OWL JUDAH,3,bus,scheduled
NOWL,1,Duboce Avenue,1.923,NOWL,OWL JUDAH,3,bus,scheduled
NOWL,1,Folsom Street,1.923,NOWL,OWL JUDAH,3,bus,scheduled
NOWL,1,Funston Avenue,1.923,NOWL,OWL JUDAH,3,bus,scheduled
NOWL,1,Gough Street,1.923,NOWL,OWL JUDAH,3,bus,scheduled
NOWL,1,Guerrero Street,1.923,NOWL,OWL JUDAH,3,bus,scheduled
NOWL,1,Hermann Street,1.923,NOWL,OWL JUDAH,3,bus,scheduled
NOWL,1,Hillway Avenue,1.923,NOWL,OWL JUDAH,3,bus,scheduled
NOWL,1,Howard Street,1.923,NOWL,OWL JUDAH,3,bus,scheduled
NOWL,1,King Street,1.923,NOWL,OWL JUDAH,3,bus,scheduled
NOWL,1,Masonic Avenue,1.923,NOWL,OWL JUDAH,3,bus,scheduled
NOWL,1,Mission Street,1.923,NOWL,OWL JUDAH,3,bus,scheduled
NOWL,1,New Montgomery Street,1.923,NOWL,OWL JUDAH,3,bus,scheduled
NOWL,1,Pierce Street,1.923,NOWL,OWL JUDAH,3,bus,scheduled
NOWL,1,Stanyan Street,1.923,NOWL,OWL JUDAH,3,bus,scheduled
NOWL,1,Sunset Boulevard,1.923,NOWL,OWL JUDAH,3,bus,scheduled
NOWL,1,Van Ness Avenue,1.923,NOWL,OWL JUDAH,3,bus,scheduled
NOWL,1,Waller Street,1.923,NOWL,OWL JUDAH,3,bus,scheduled
NOWL,1,[UNKNOWN],1.923,NOWL,OWL JUDAH,3,bus,scheduled
PH,0,Hyde Street,46.235,PH,POWELL-HYDE CABLE CAR,5,cable tram,scheduled
PH,0,Powell Street,39.17,PH,POWELL-HYDE CABLE CAR,5,cable tram,scheduled
PH,0,Jackson Street,21.712,PH,POWELL-HYDE CABLE CAR,5,cable tram,scheduled
PH,0,Mason Street,3.925,PH,POWELL-HYDE CABLE CAR,5,cable tram,scheduled
PH,0,Bush Street,3.561,PH,POWELL-HYDE CABLE CAR,5,cable tram,scheduled
PH,0,California Street,3.561,PH,POWELL-HYDE CABLE CAR,5,cable tram,scheduled
PH,0,Clay Street,3.561,PH,POWELL-HYDE CABLE CAR,5,cable tram,scheduled
PH,0,Geary Boulevard,3.561,PH,POWELL-HYDE CABLE CAR,5,cable tram,scheduled
PH,0,Market Street,3.561,PH,POWELL-HYDE CABLE CAR,5,cable tram,scheduled
PH,0,O'Farrell Street,3.561,PH,POWELL-HYDE CABLE CAR,5,cable tram,scheduled
PH,0,Pine Street,3.561,PH,POWELL-HYDE CABLE CAR,5,cable tram,scheduled
PH,0,Post Street,3.561,PH,POWELL-HYDE CABLE CAR,5,cable tram,scheduled
PH,0,Sacramento Street,3.561,PH,POWELL-HYDE CABLE CAR,5,cable tram,scheduled
PH,0,Sutter Street,3.561,PH,POWELL-HYDE CABLE CAR,5,cable tram,scheduled
PH,0,Bay Street,3.557,PH,POWELL-HYDE CABLE CAR,5,cable tram,scheduled
PH,0,Beach Street,3.557,PH,POWELL-HYDE CABLE CAR,5,cable tram,scheduled
PH,0,Broadway,3.557,PH,POWELL-HYDE CABLE CAR,5,cable tram,scheduled
PH,0,Chestnut Street,3.557,PH,POWELL-HYDE CABLE CAR,5,cable tram,scheduled
PH,0,Filbert Street,3.557,PH,POWELL-HYDE CABLE CAR,5,cable tram,scheduled
PH,0,Green Street,3.557,PH,POWELL-HYDE CABLE CAR,5,cable tram,scheduled
PH,0,Greenwich Street,3.557,PH,POWELL-HYDE CABLE CAR,5,cable tram,scheduled
PH,0,Jones Street,3.557,PH,POWELL-HYDE CABLE CAR,5,cable tram,scheduled
PH,0,Leavenworth Street,3.557,PH,POWELL-HYDE CABLE CAR,5,cable tram,scheduled
PH,0,Lombard Street,3.557,PH,POWELL-HYDE CABLE CAR,5,cable tram,scheduled
PH,0,North Point Street,3.557,PH,POWELL-HYDE CABLE CAR,5,cable tram,scheduled
PH,0,Pacific Avenue,3.557,PH,POWELL-HYDE CABLE CAR,5,cable tram,scheduled
PH,0,Taylor Street,3.557,PH,POWELL-HYDE CABLE CAR,5,cable tram,scheduled
PH,0,Union Street,3.557,PH,POWELL-HYDE CABLE CAR,5,cable tram,scheduled
PH,0,Vallejo Street,3.557,PH,POWELL-HYDE CABLE CAR,5,cable tram,scheduled
PH,1,Hyde Street,44.922,PH,POWELL-HYDE CABLE CAR,5,cable tram,scheduled
PH,1,Powell Street,37.566,PH,POWELL-HYDE CABLE CAR,5,cable tram,scheduled
PH,1,Washington Street,20.927,PH,POWELL-HYDE CABLE CAR,5,cable tram,scheduled
PH,1,Mason Street,7.145,PH,POWELL-HYDE CABLE CAR,5,cable tram,scheduled
PH,1,Bay Street,3.456,PH,POWELL-HYDE CABLE CAR,5,cable tram,scheduled
PH,1,Beach Street,3.456,PH,POWELL-HYDE CABLE CAR,5,cable tram,scheduled
PH,1,Broadway,3.456,PH,POWELL-HYDE CABLE CAR,5,cable tram,scheduled
PH,1,Chestnut Street,3.456,PH,POWELL-HYDE CABLE CAR,5,cable tram,scheduled
PH,1,Filbert Street,3.456,PH,POWELL-HYDE CABLE CAR,5,cable tram,scheduled
PH,1,Green Street,3.456,PH,POWELL-HYDE CABLE CAR,5,cable tram,scheduled
PH,1,Greenwich Street,3.456,PH,POWELL-HYDE CABLE CAR,5,cable tram,scheduled
PH,1,Jackson Street,3.456,PH,POWELL-HYDE CABLE CAR,5,cable tram,scheduled
PH,1,Jones Street,3.456,PH,POWELL-HYDE CABLE CAR,5,cable tram,scheduled
PH,1,Leavenworth Street,3.456,PH,POWELL-HYDE CABLE CAR,5,cable tram,scheduled
PH,1,Lombard Street,3.456,PH,POWELL-HYDE CABLE CAR,5,cable tram,scheduled
PH,1,North Point Street,3.456,PH,POWELL-HYDE CABLE CAR,5,cable tram,scheduled
PH,1,Pacific Avenue,3.456,PH,POWELL-HYDE CABLE CAR,5,cable tram,scheduled
PH,1,Taylor Street,3.456,PH,POWELL-HYDE CABLE CAR,5,cable tram,scheduled
PH,1,Union Street,3.456,PH,POWELL-HYDE CABLE CAR,5,cable tram,scheduled
PH,1,Vallejo Street,3.456,PH,POWELL-HYDE CABLE CAR,5,cable tram,scheduled
PH,1,Bush Street,3.415,PH,POWELL-HYDE CABLE CAR,5,cable tram,scheduled
PH,1,California Street,3.415,PH,POWELL-HYDE CABLE CAR,5,cable tram,scheduled
PH,1,Clay Street,3.415,PH,POWELL-HYDE CABLE CAR,5,cable tram,scheduled
PH,1,Geary Boulevard,3.415,PH,POWELL-HYDE CABLE CAR,5,cable tram,scheduled
PH,1,Market Street,3.415,PH,POWELL-HYDE CABLE CAR,5,cable tram,scheduled
PH,1,O'Farrell Street,3.415,PH,POWELL-HYDE CABLE CAR,5,cable tram,scheduled
PH,1,Pine Street,3.415,PH,POWELL-HYDE CABLE CAR,5,cable tram,scheduled
PH,1,Post Street,3.415,PH,POWELL-HYDE CABLE CAR,5,cable tram,scheduled
PH,1,Sacramento Street,3.415,PH,POWELL-HYDE CABLE CAR,5,cable tram,scheduled
PH,1,Sutter Street,3.415,PH,POWELL-HYDE CABLE CAR,5,cable tram,scheduled
PM,0,Powell Street,47.176,PM,POWELL-MASON CABLE CAR,5,cable tram,scheduled
PM,0,Mason Street,35.306,PM,POWELL-MASON CABLE CAR,5,cable tram,scheduled
PM,0,Jackson Street,8.94,PM,POWELL-MASON CABLE CAR,5,cable tram,scheduled
PM,0,Columbus Avenue,8.759,PM,POWELL-MASON CABLE CAR,5,cable tram,scheduled
PM,0,Taylor Street,8.759,PM,POWELL-MASON CABLE CAR,5,cable tram,scheduled
PM,0,Bay Street,4.379,PM,POWELL-MASON CABLE CAR,5,cable tram,scheduled
PM,0,Broadway,4.379,PM,POWELL-MASON CABLE CAR,5,cable tram,scheduled
PM,0,Chestnut Street,4.379,PM,POWELL-MASON CABLE CAR,5,cable tram,scheduled
PM,0,Filbert Street,4.379,PM,POWELL-MASON CABLE CAR,5,cable tram,scheduled
PM,0,Francisco Street,4.379,PM,POWELL-MASON CABLE CAR,5,cable tram,scheduled
PM,0,Green Street,4.379,PM,POWELL-MASON CABLE CAR,5,cable tram,scheduled
PM,0,Greenwich Street,4.379,PM,POWELL-MASON CABLE CAR,5,cable tram,scheduled
PM,0,Lombard Street,4.379,PM,POWELL-MASON CABLE CAR,5,cable tram,scheduled
PM,0,Pacific Avenue,4.379,PM,POWELL-MASON CABLE CAR,5,cable tram,scheduled
PM,0,Union Street,4.379,PM,POWELL-MASON CABLE CAR,5,cable tram,scheduled
PM,0,Vallejo Street,4.379,PM,POWELL-MASON CABLE CAR,5,cable tram,scheduled
PM,0,Bush Street,4.289,PM,POWELL-MASON CABLE CAR,5,cable tram,scheduled
PM,0,California Street,4.289,PM,POWELL-MASON CABLE CAR,5,cable tram,scheduled
PM,0,Clay Street,4.289,PM,POWELL-MASON CABLE CAR,5,cable tram,scheduled
PM,0,Geary Boulevard,4.289,PM,POWELL-MASON CABLE CAR,5,cable tram,scheduled
PM,0,Market Street,4.289,PM,POWELL-MASON CABLE CAR,5,cable tram,scheduled
PM,0,O'Farrell Street,4.289,PM,POWELL-MASON CABLE CAR,5,cable tram,scheduled
PM,0,Pine Street,4.289,PM,POWELL-MASON CABLE CAR,5,cable tram,scheduled
PM,0,Post Street,4.289,PM,POWELL-MASON CABLE CAR,5,cable tram,scheduled
PM,0,Sacramento Street,4.289,PM,POWELL-MASON CABLE CAR,5,cable tram,scheduled
PM,0,Sutter Street,4.289,PM,POWELL-MASON CABLE CAR,5,cable tram,scheduled
PM,1,Powell Street,47.105,PM,POWELL-MASON CABLE CAR,5,cable tram,scheduled
PM,1,Mason Street,39.782,PM,POWELL-MASON CABLE CAR,5,cable tram,scheduled
PM,1,Washington Street,9.097,PM,POWELL-MASON CABLE CAR,5,cable tram,scheduled
PM,1,Columbus Avenue,8.742,PM,POWELL-MASON CABLE CAR,5,cable tram,scheduled
PM,1,Taylor Street,8.742,PM,POWELL-MASON CABLE CAR,5,cable tram,scheduled
PM,1,Bay Street,4.371,PM,POWELL-MASON CABLE CAR,5,cable tram,scheduled
PM,1,Broadway,4.371,PM,POWELL-MASON CABLE CAR,5,cable tram,scheduled
PM,1,Chestnut Street,4.371,PM,POWELL-MASON CABLE CAR,5,cable tram,scheduled
PM,1,Filbert Street,4.371,PM,POWELL-MASON CABLE CAR,5,cable tram,scheduled
PM,1,Green Street,4.371,PM,POWELL-MASON CABLE CAR,5,cable tram,scheduled
PM,1,Greenwich Street,4.371,PM,POWELL-MASON CABLE CAR,5,cable tram,scheduled
PM,1,Jackson Street,4.371,PM,POWELL-MASON CABLE CAR,5,cable tram,scheduled
PM,1,Pacific Avenue,4.371,PM,POWELL-MASON CABLE CAR,5,cable tram,scheduled
PM,1,Union Street,4.371,PM,POWELL-MASON CABLE CAR,5,cable tram,scheduled
PM,1,Vallejo Street,4.371,PM,POWELL-MASON CABLE CAR,5,cable tram,scheduled
PM,1,Bush Street,4.282,PM,POWELL-MASON CABLE CAR,5,cable tram,scheduled
PM,1,California Street,4.282,PM,POWELL-MASON CABLE CAR,5,cable tram,scheduled
PM,1,Clay Street,4.282,PM,POWELL-MASON CABLE CAR,5,cable tram,scheduled
PM,1,Geary Boulevard,4.282,PM,POWELL-MASON CABLE CAR,5,cable tram,scheduled
PM,1,Market Street,4.282,PM,POWELL-MASON CABLE CAR,5,cable tram,scheduled
PM,1,O'Farrell Street,4.282,PM,POWELL-MASON CABLE CAR,5,cable tram,scheduled
PM,1,Pine Street,4.282,PM,POWELL-MASON CABLE CAR,5,cable tram,scheduled
PM,1,Post Street,4.282,PM,POWELL-MASON CABLE CAR,5,cable tram,scheduled
PM,1,Sacramento Street,4.282,PM,POWELL-MASON CABLE CAR,5,cable tram,scheduled
PM,1,Sutter Street,4.282,PM,POWELL-MASON CABLE CAR,5,cable tram,scheduled
T,0,Third Street,37.249,T,THIRD,0,tram/streetcar/light rail,scheduled
T,0,[UNKNOWN],11.423,T,THIRD,0,tram/streetcar/light rail,scheduled
T,0,Bayshore Boulevard,9.972,T,THIRD,0,tram/streetcar/light rail,scheduled
T,0,Evans Avenue,5.285,T,THIRD,0,tram/streetcar/light rail,scheduled
T,0,Marin Street,5.285,T,THIRD,0,tram/streetcar/light rail,scheduled
T,0,Third Street/Hudson/Innes,5.285,T,THIRD,0,tram/streetcar/light rail,scheduled
T,0,Third Street/Kirkwood/La Salle,5.285,T,THIRD,0,tram/streetcar/light rail,scheduled
T,0,Third Street/Oakdale/Palou,5.285,T,THIRD,0,tram/streetcar/light rail,scheduled
T,0,Third Street/Revere/Shafter,5.285,T,THIRD,0,tram/streetcar/light rail,scheduled
T,0,Williams Avenue,5.285,T,THIRD,0,tram/streetcar/light rail,scheduled
T,0,Areta Avenue,4.986,T,THIRD,0,tram/streetcar/light rail,scheduled
T,0,Carroll Avenue,4.986,T,THIRD,0,tram/streetcar/light rail,scheduled
T,0,Le Conte Avenue,4.986,T,THIRD,0,tram/streetcar/light rail,scheduled
T,0,Sunnydale Avenue,4.986,T,THIRD,0,tram/streetcar/light rail,scheduled
T,0,Third Street/Gilman/Paul,4.986,T,THIRD,0,tram/streetcar/light rail,scheduled
T,0,20th Street,3.808,T,THIRD,0,tram/streetcar/light rail,scheduled
T,0,23rd Street,3.808,T,THIRD,0,tram/streetcar/light rail,scheduled
T,0,4th Street,3.808,T,THIRD,0,tram/streetcar/light rail,scheduled
T,0,Brannan Northbound,3.808,T,THIRD,0,tram/streetcar/light rail,scheduled
T,0,Fourth Street,3.808,T,THIRD,0,tram/streetcar/light rail,scheduled
T,0,King Street,3.808,T,THIRD,0,tram/streetcar/light rail,scheduled
T,0,Mission Rock Street,3.808,T,THIRD,0,tram/streetcar/light rail,scheduled
T,0,Ucsf / Chase Center,3.808,T,THIRD,0,tram/streetcar/light rail,scheduled
T,0,Union Square/Market St Station Northbound,3.808,T,THIRD,0,tram/streetcar/light rail,scheduled
T,1,Third Street,37.474,T,THIRD,0,tram/streetcar/light rail,scheduled
T,1,[UNKNOWN],11.792,T,THIRD,0,tram/streetcar/light rail,scheduled
T,1,Bayshore Boulevard,9.593,T,THIRD,0,tram/streetcar/light rail,scheduled
T,1,Evans Avenue,5.086,T,THIRD,0,tram/streetcar/light rail,scheduled
T,1,Marin Street,5.086,T,THIRD,0,tram/streetcar/light rail,scheduled
T,1,Third Street/Hudson/Innes,5.086,T,THIRD,0,tram/streetcar/light rail,scheduled
T,1,Third Street/Kirkwood/La Salle,5.086,T,THIRD,0,tram/streetcar/light rail,scheduled
T,1,Third Street/Oakdale/Palou,5.086,T,THIRD,0,tram/streetcar/light rail,scheduled
T,1,Third Street/Revere/Shafter,5.086,T,THIRD,0,tram/streetcar/light rail,scheduled
T,1,Williams Avenue,5.086,T,THIRD,0,tram/streetcar/light rail,scheduled
T,1,Blanken Avenue,4.796,T,THIRD,0,tram/streetcar/light rail,scheduled
T,1,Carroll Avenue,4.796,T,THIRD,0,tram/streetcar/light rail,scheduled
T,1,Le Conte Avenue,4.796,T,THIRD,0,tram/streetcar/light rail,scheduled
T,1,Sunnydale Avenue,4.796,T,THIRD,0,tram/streetcar/light rail,scheduled
T,1,Third Street/Gilman/Paul,4.796,T,THIRD,0,tram/streetcar/light rail,scheduled
T,1,20th Street,4.207,T,THIRD,0,tram/streetcar/light rail,scheduled
T,1,23rd Street,4.207,T,THIRD,0,tram/streetcar/light rail,scheduled
T,1,4th Street,4.207,T,THIRD,0,tram/streetcar/light rail,scheduled
T,1,King Street,4.207,T,THIRD,0,tram/streetcar/light rail,scheduled
T,1,Mission Rock Street,4.207,T,THIRD,0,tram/streetcar/light rail,scheduled
T,1,Ucsf / Chase Center,4.207,T,THIRD,0,tram/streetcar/light rail,scheduled
T,1,4th,3.792,T,THIRD,0,tram/streetcar/light rail,scheduled
T,1,Brannan Southbound,3.792,T,THIRD,0,tram/streetcar/light rail,scheduled
T,1,Union Square/Market St Station Southbound,3.792,T,THIRD,0,tram/streetcar/light rail,scheduled
TBUS,0,3rd Street,39.714,TBUS,THIRD BUS,3,bus,scheduled
TBUS,0,Bayshore Boulevard,32.459,TBUS,THIRD BUS,3,bus,scheduled
TBUS,0,Visitacion Avenue,16.23,TBUS,THIRD BUS,3,bus,scheduled
TBUS,0,Third Street,12.385,TBUS,THIRD BUS,3,bus,scheduled
TBUS,0,Blanken Avenue,8.115,TBUS,THIRD BUS,3,bus,scheduled
TBUS,0,Carroll Avenue,8.115,TBUS,THIRD BUS,3,bus,scheduled
TBUS,0,Fitzgerald Avenue,8.115,TBUS,THIRD BUS,3,bus,scheduled
TBUS,0,Hester Avenue,8.115,TBUS,THIRD BUS,3,bus,scheduled
TBUS,0,Le Conte Avenue,8.115,TBUS,THIRD BUS,3,bus,scheduled
TBUS,0,Third,5.98,TBUS,THIRD BUS,3,bus,scheduled
TBUS,0,Underwood,5.98,TBUS,THIRD BUS,3,bus,scheduled
TBUS,0,4th Street,4.27,TBUS,THIRD BUS,3,bus,scheduled
TBUS,0,Stockton Street,4.27,TBUS,THIRD BUS,3,bus,scheduled
TBUS,0,20th Street,2.135,TBUS,THIRD BUS,3,bus,scheduled
TBUS,0,23rd Street,2.135,TBUS,THIRD BUS,3,bus,scheduled
TBUS,0,Brannan Street,2.135,TBUS,THIRD BUS,3,bus,scheduled
TBUS,0,Evans Avenue,2.135,TBUS,THIRD BUS,3,bus,scheduled
TBUS,0,Folsom Street,2.135,TBUS,THIRD BUS,3,bus,scheduled
TBUS,0,Geary Boulevard,2.135,TBUS,THIRD BUS,3,bus,scheduled
TBUS,0,Hudson Avenue,2.135,TBUS,THIRD BUS,3,bus,scheduled
TBUS,0,Kearny Street,2.135,TBUS,THIRD BUS,3,bus,scheduled
TBUS,0,King Street,2.135,TBUS,THIRD BUS,3,bus,scheduled
TBUS,0,La Salle Avenue,2.135,TBUS,THIRD BUS,3,bus,scheduled
TBUS,0,Marin Street,2.135,TBUS,THIRD BUS,3,bus,scheduled
TBUS,0,Mariposa Street,2.135,TBUS,THIRD BUS,3,bus,scheduled
TBUS,0,Palou Avenue,2.135,TBUS,THIRD BUS,3,bus,scheduled
TBUS,0,Revere Avenue,2.135,TBUS,THIRD BUS,3,bus,scheduled
TBUS,0,Sutter Street,2.135,TBUS,THIRD BUS,3,bus,scheduled
TBUS,0,Warriors Way,2.135,TBUS,THIRD BUS,3,bus,scheduled
TBUS,0,Washington Street,2.135,TBUS,THIRD BUS,3,bus,scheduled
TBUS,0,Pacific Avenue,0.922,TBUS,THIRD BUS,3,bus,scheduled
TBUS,0,Powell Street,0.922,TBUS,THIRD BUS,3,bus,scheduled
TBUS,1,3rd Street,56.283,TBUS,THIRD BUS,3,bus,scheduled
TBUS,1,Bayshore Boulevard,14.151,TBUS,THIRD BUS,3,bus,scheduled
TBUS,1,4th Street,12.719,TBUS,THIRD BUS,3,bus,scheduled
TBUS,1,Arleta Avenue,8.347,TBUS,THIRD BUS,3,bus,scheduled
TBUS,1,Bay Shore Boulevard,8.347,TBUS,THIRD BUS,3,bus,scheduled
TBUS,1,Carroll Avenue,8.347,TBUS,THIRD BUS,3,bus,scheduled
TBUS,1,Paul Avenue,8.347,TBUS,THIRD BUS,3,bus,scheduled
TBUS,1,Salinas Avenue,8.347,TBUS,THIRD BUS,3,bus,scheduled
TBUS,1,Visitacion Avenue,8.347,TBUS,THIRD BUS,3,bus,scheduled
TBUS,1,Williams Avenue,8.347,TBUS,THIRD BUS,3,bus,scheduled
TBUS,1,Tunnel Avenue,5.804,TBUS,THIRD BUS,3,bus,scheduled
TBUS,1,Stockton Street,5.088,TBUS,THIRD BUS,3,bus,scheduled
TBUS,1,Third Street,5.088,TBUS,THIRD BUS,3,bus,scheduled
TBUS,1,20th Street,2.544,TBUS,THIRD BUS,3,bus,scheduled
TBUS,1,23rd Street,2.544,TBUS,THIRD BUS,3,bus,scheduled
TBUS,1,Bayview Street,2.544,TBUS,THIRD BUS,3,bus,scheduled
TBUS,1,Berry Street,2.544,TBUS,THIRD BUS,3,bus,scheduled
TBUS,1,Brannan Street,2.544,TBUS,THIRD BUS,3,bus,scheduled
TBUS,1,Evans Avenue,2.544,TBUS,THIRD BUS,3,bus,scheduled
TBUS,1,Folsom Street,2.544,TBUS,THIRD BUS,3,bus,scheduled
TBUS,1,Geary Boulevard,2.544,TBUS,THIRD BUS,3,bus,scheduled
TBUS,1,Gene Friend Way,2.544,TBUS,THIRD BUS,3,bus,scheduled
TBUS,1,Innes Avenue,2.544,TBUS,THIRD BUS,3,bus,scheduled
TBUS,1,Kirkwood Avenue,2.544,TBUS,THIRD BUS,3,bus,scheduled
TBUS,1,Marin Street,2.544,TBUS,THIRD BUS,3,bus,scheduled
TBUS,1,Mariposa Street,2.544,TBUS,THIRD BUS,3,bus,scheduled
TBUS,1,Market Street,2.544,TBUS,THIRD BUS,3,bus,scheduled
TBUS,1,Oakdale Avenue,2.544,TBUS,THIRD BUS,3,bus,scheduled
TBUS,1,Washington Street,2.544,TBUS,THIRD BUS,3,bus,scheduled
TBUS,1,Pacific Avenue,0.868,TBUS,THIRD BUS,3,bus,scheduled
TBUS,1,Powell Street,0.868,TBUS,THIRD BUS,3,bus,scheduled
