route_id,route_short_name,route_long_name,route_type,route_type_label,direction_id,direction_name,direction_label,origin_terminal,destination_terminal,representative_headsign,dominant_terminal_pair_share_pct,aggregation,street,street_share_pct,street_length_m
1,1,CALIFORNIA,3,bus,0,Outbound,Outbound,Clay St & Drumm St,Geary Blvd & 33rd Ave,Geary + 33rd Avenue,63.207,scheduled,Sacramento Street,47.114,3396.2
1,1,CALIFORNIA,3,bus,0,Outbound,Outbound,Clay St & Drumm St,Geary Blvd & 33rd Ave,Geary + 33rd Avenue,63.207,scheduled,California Street,45.471,3741.8
1,1,CALIFORNIA,3,bus,0,Outbound,Outbound,Clay St & Drumm St,Geary Blvd & 33rd Ave,Geary + 33rd Avenue,63.207,scheduled,32nd Avenue,3.237,282.3
1,1,CALIFORNIA,3,bus,0,Outbound,Outbound,Clay St & Drumm St,Geary Blvd & 33rd Ave,Geary + 33rd Avenue,63.207,scheduled,Drumm Street,1.391,100.9
1,1,CALIFORNIA,3,bus,0,Outbound,Outbound,Clay St & Drumm St,Geary Blvd & 33rd Ave,Geary + 33rd Avenue,63.207,scheduled,Steiner Street,1.391,100.9
1,1,CALIFORNIA,3,bus,0,Outbound,Outbound,Clay St & Drumm St,Geary Blvd & 33rd Ave,Geary + 33rd Avenue,63.207,scheduled,Walnut Street,0.675,34.6
1,1,CALIFORNIA,3,bus,0,Outbound,Outbound,Clay St & Drumm St,Geary Blvd & 33rd Ave,Geary + 33rd Avenue,63.207,scheduled,Geary Boulevard,0.522,45.9
1,1,CALIFORNIA,3,bus,0,Outbound,Outbound,Clay St & Drumm St,Geary Blvd & 33rd Ave,Geary + 33rd Avenue,63.207,scheduled,Clay Street,0.199,14.4
1,1,CALIFORNIA,3,bus,1,Inbound,Inbound,Geary Blvd & 33rd Ave,Clay St & Drumm St,Drumm + Clay,60.862,scheduled,California Street,45.151,3639.7
1,1,CALIFORNIA,3,bus,1,Inbound,Inbound,Geary Blvd & 33rd Ave,Clay St & Drumm St,Drumm + Clay,60.862,scheduled,Clay Street,35.378,2446.4
1,1,CALIFORNIA,3,bus,1,Inbound,Inbound,Geary Blvd & 33rd Ave,Clay St & Drumm St,Drumm + Clay,60.862,scheduled,Sacramento Street,12.125,838.5
1,1,CALIFORNIA,3,bus,1,Inbound,Inbound,Geary Blvd & 33rd Ave,Clay St & Drumm St,Drumm + Clay,60.862,scheduled,33rd Avenue,1.622,138.9
1,1,CALIFORNIA,3,bus,1,Inbound,Inbound,Geary Blvd & 33rd Ave,Clay St & Drumm St,Drumm + Clay,60.862,scheduled,32nd Avenue,1.506,128.9
1,1,CALIFORNIA,3,bus,1,Inbound,Inbound,Geary Blvd & 33rd Ave,Clay St & Drumm St,Drumm + Clay,60.862,scheduled,Steiner Street,1.439,99.5
1,1,CALIFORNIA,3,bus,1,Inbound,Inbound,Geary Blvd & 33rd Ave,Clay St & Drumm St,Drumm + Clay,60.862,scheduled,Gough Street,1.254,86.3
1,1,CALIFORNIA,3,bus,1,Inbound,Inbound,Geary Blvd & 33rd Ave,Clay St & Drumm St,Drumm + Clay,60.862,scheduled,Clement Street,0.811,69.4
1,1,CALIFORNIA,3,bus,1,Inbound,Inbound,Geary Blvd & 33rd Ave,Clay St & Drumm St,Drumm + Clay,60.862,scheduled,Presidio Avenue,0.6,28.6
1,1,CALIFORNIA,3,bus,1,Inbound,Inbound,Geary Blvd & 33rd Ave,Clay St & Drumm St,Drumm + Clay,60.862,scheduled,Geary Boulevard,0.116,9.9
12,12,FOLSOM-PACIFIC,3,bus,0,Outbound,Outbound,Jackson St & Van Ness Ave,Valencia St & Cesar Chavez St,Valencia + Cesar Chavez,59.345,scheduled,Folsom Street,18.388,1931.7
12,12,FOLSOM-PACIFIC,3,bus,0,Outbound,Outbound,Jackson St & Van Ness Ave,Valencia St & Cesar Chavez St,Valencia + Cesar Chavez,59.345,scheduled,Pacific Avenue,18.003,1170.0
12,12,FOLSOM-PACIFIC,3,bus,0,Outbound,Outbound,Jackson St & Van Ness Ave,Valencia St & Cesar Chavez St,Valencia + Cesar Chavez,59.345,scheduled,Harrison Street,12.88,1353.1
12,12,FOLSOM-PACIFIC,3,bus,0,Outbound,Outbound,Jackson St & Van Ness Ave,Valencia St & Cesar Chavez St,Valencia + Cesar Chavez,59.345,scheduled,Spear Street,12.177,712.2
12,12,FOLSOM-PACIFIC,3,bus,0,Outbound,Outbound,Jackson St & Van Ness Ave,Valencia St & Cesar Chavez St,Valencia + Cesar Chavez,59.345,scheduled,Broadway,11.079,720.0
12,12,FOLSOM-PACIFIC,3,bus,0,Outbound,Outbound,Jackson St & Van Ness Ave,Valencia St & Cesar Chavez St,Valencia + Cesar Chavez,59.345,scheduled,Clay Street,6.693,435.0
12,12,FOLSOM-PACIFIC,3,bus,0,Outbound,Outbound,Jackson St & Van Ness Ave,Valencia St & Cesar Chavez St,Valencia + Cesar Chavez,59.345,scheduled,Sansome Street,6.001,390.0
12,12,FOLSOM-PACIFIC,3,bus,0,Outbound,Outbound,Jackson St & Van Ness Ave,Valencia St & Cesar Chavez St,Valencia + Cesar Chavez,59.345,scheduled,Drumm Street,3.693,240.0
12,12,FOLSOM-PACIFIC,3,bus,0,Outbound,Outbound,Jackson St & Van Ness Ave,Valencia St & Cesar Chavez St,Valencia + Cesar Chavez,59.345,scheduled,Cesar Chavez Street,3.305,347.2
12,12,FOLSOM-PACIFIC,3,bus,0,Outbound,Outbound,Jackson St & Van Ness Ave,Valencia St & Cesar Chavez St,Valencia + Cesar Chavez,59.345,scheduled,Powell Street,1.616,105.0
12,12,FOLSOM-PACIFIC,3,bus,0,Outbound,Outbound,Jackson St & Van Ness Ave,Valencia St & Cesar Chavez St,Valencia + Cesar Chavez,59.345,scheduled,Van Ness Avenue,1.616,105.0
12,12,FOLSOM-PACIFIC,3,bus,0,Outbound,Outbound,Jackson St & Van Ness Ave,Valencia St & Cesar Chavez St,Valencia + Cesar Chavez,59.345,scheduled,Market Street,1.385,90.0
12,12,FOLSOM-PACIFIC,3,bus,0,Outbound,Outbound,Jackson St & Van Ness Ave,Valencia St & Cesar Chavez St,Valencia + Cesar Chavez,59.345,scheduled,11th Street,1.102,115.7
12,12,FOLSOM-PACIFIC,3,bus,0,Outbound,Outbound,Jackson St & Van Ness Ave,Valencia St & Cesar Chavez St,Valencia + Cesar Chavez,59.345,scheduled,Essex Street,1.102,115.7
12,12,FOLSOM-PACIFIC,3,bus,0,Outbound,Outbound,Jackson St & Van Ness Ave,Valencia St & Cesar Chavez St,Valencia + Cesar Chavez,59.345,scheduled,Valencia Street,0.962,101.1
12,12,FOLSOM-PACIFIC,3,bus,1,Inbound,Inbound,Valencia St & Cesar Chavez St,Jackson St & Van Ness Ave,Jackson + Van Ness,59.345,scheduled,Folsom Street,32.614,3222.5
12,12,FOLSOM-PACIFIC,3,bus,1,Inbound,Inbound,Valencia St & Cesar Chavez St,Jackson St & Van Ness Ave,Jackson + Van Ness,59.345,scheduled,Pacific Avenue,32.16,1746.1
12,12,FOLSOM-PACIFIC,3,bus,1,Inbound,Inbound,Valencia St & Cesar Chavez St,Jackson St & Van Ness Ave,Jackson + Van Ness,59.345,scheduled,Sacramento Street,7.718,420.0
12,12,FOLSOM-PACIFIC,3,bus,1,Inbound,Inbound,Valencia St & Cesar Chavez St,Jackson St & Van Ness Ave,Jackson + Van Ness,59.345,scheduled,Sansome Street,7.347,407.8
12,12,FOLSOM-PACIFIC,3,bus,1,Inbound,Inbound,Valencia St & Cesar Chavez St,Jackson St & Van Ness Ave,Jackson + Van Ness,59.345,scheduled,Main Street,7.315,478.0
12,12,FOLSOM-PACIFIC,3,bus,1,Inbound,Inbound,Valencia St & Cesar Chavez St,Jackson St & Van Ness Ave,Jackson + Van Ness,59.345,scheduled,Drumm Street,2.756,150.0
12,12,FOLSOM-PACIFIC,3,bus,1,Inbound,Inbound,Valencia St & Cesar Chavez St,Jackson St & Van Ness Ave,Jackson + Van Ness,59.345,scheduled,Jackson Street,2.749,148.1
12,12,FOLSOM-PACIFIC,3,bus,1,Inbound,Inbound,Valencia St & Cesar Chavez St,Jackson St & Van Ness Ave,Jackson + Van Ness,59.345,scheduled,Cesar Chavez Street,2.342,231.4
12,12,FOLSOM-PACIFIC,3,bus,1,Inbound,Inbound,Valencia St & Cesar Chavez St,Jackson St & Van Ness Ave,Jackson + Van Ness,59.345,scheduled,Mission Street,2.252,222.5
12,12,FOLSOM-PACIFIC,3,bus,1,Inbound,Inbound,Valencia St & Cesar Chavez St,Jackson St & Van Ness Ave,Jackson + Van Ness,59.345,scheduled,Polk Street,1.744,98.9
12,12,FOLSOM-PACIFIC,3,bus,1,Inbound,Inbound,Valencia St & Cesar Chavez St,Jackson St & Van Ness Ave,Jackson + Van Ness,59.345,scheduled,Valencia Street,0.631,62.3
12,12,FOLSOM-PACIFIC,3,bus,1,Inbound,Inbound,Valencia St & Cesar Chavez St,Jackson St & Van Ness Ave,Jackson + Van Ness,59.345,scheduled,Market Street,0.371,12.2
14,14,MISSION,3,bus,0,Outbound,Outbound,Steuart St & Mission St,Mission St & San Jose Ave,Daly City,96.561,scheduled,Mission Street,94.645,11653.0
14,14,MISSION,3,bus,0,Outbound,Outbound,Steuart St & Mission St,Mission St & San Jose Ave,Daly City,96.561,scheduled,Otis Street,3.002,376.6
14,14,MISSION,3,bus,0,Outbound,Outbound,Steuart St & Mission St,Mission St & San Jose Ave,Daly City,96.561,scheduled,San Jose Avenue,1.368,165.0
14,14,MISSION,3,bus,0,Outbound,Outbound,Steuart St & Mission St,Mission St & San Jose Ave,Daly City,96.561,scheduled,Flournoy Street,0.87,105.0
14,14,MISSION,3,bus,0,Outbound,Outbound,Steuart St & Mission St,Mission St & San Jose Ave,Daly City,96.561,scheduled,Steuart Street,0.115,14.5
14,14,MISSION,3,bus,1,Inbound,Inbound,Mission St & San Jose Ave,Steuart St & Mission St,Ferry Plaza,96.602,scheduled,Mission Street,95.42,11675.7
14,14,MISSION,3,bus,1,Inbound,Inbound,Mission St & San Jose Ave,Steuart St & Mission St,Ferry Plaza,96.602,scheduled,Market Street,1.625,202.9
14,14,MISSION,3,bus,1,Inbound,Inbound,Mission St & San Jose Ave,Steuart St & Mission St,Ferry Plaza,96.602,scheduled,Main Street,1.509,188.4
14,14,MISSION,3,bus,1,Inbound,Inbound,Mission St & San Jose Ave,Steuart St & Mission St,Ferry Plaza,96.602,scheduled,Steuart Street,1.447,180.7
14R,14R,MISSION RAPID,3,bus,0,Outbound,Outbound,Mission St & Main St,Daly City BART Station,Daly City BART,80.947,scheduled,Mission Street,88.48,11622.4
14R,14R,MISSION RAPID,3,bus,0,Outbound,Outbound,Mission St & Main St,Daly City BART Station,Daly City BART,80.947,scheduled,John Daly Boulevard,3.606,485.7
14R,14R,MISSION RAPID,3,bus,0,Outbound,Outbound,Mission St & Main St,Daly City BART Station,Daly City BART,80.947,scheduled,Otis Street,2.97,390.0
14R,14R,MISSION RAPID,3,bus,0,Outbound,Outbound,Mission St & Main St,Daly City BART Station,Daly City BART,80.947,scheduled,De Long Street,1.698,228.7
14R,14R,MISSION RAPID,3,bus,0,Outbound,Outbound,Mission St & Main St,Daly City BART Station,Daly City BART,80.947,scheduled,[UNNAMED ROAD],1.533,206.4
14R,14R,MISSION RAPID,3,bus,0,Outbound,Outbound,Mission St & Main St,Daly City BART Station,Daly City BART,80.947,scheduled,San Jose Avenue,0.992,133.6
14R,14R,MISSION RAPID,3,bus,0,Outbound,Outbound,Mission St & Main St,Daly City BART Station,Daly City BART,80.947,scheduled,Flournoy Street,0.631,85.0
14R,14R,MISSION RAPID,3,bus,0,Outbound,Outbound,Mission St & Main St,Daly City BART Station,Daly City BART,80.947,scheduled,Hillcrest Drive,0.09,12.1
14R,14R,MISSION RAPID,3,bus,1,Inbound,Inbound,Daly City BART Station,Mission St & Main St,Main & Mission,85.007,scheduled,Mission Street,89.227,12107.4
14R,14R,MISSION RAPID,3,bus,1,Inbound,Inbound,Daly City BART Station,Mission St & Main St,Main & Mission,85.007,scheduled,John Daly Boulevard,3.74,522.8
14R,14R,MISSION RAPID,3,bus,1,Inbound,Inbound,Daly City BART Station,Mission St & Main St,Main & Mission,85.007,scheduled,Market Street,1.665,225.0
14R,14R,MISSION RAPID,3,bus,1,Inbound,Inbound,Daly City BART Station,Mission St & Main St,Main & Mission,85.007,scheduled,Steuart Street,1.584,211.1
14R,14R,MISSION RAPID,3,bus,1,Inbound,Inbound,Daly City BART Station,Mission St & Main St,Main & Mission,85.007,scheduled,[UNNAMED ROAD],1.551,216.8
14R,14R,MISSION RAPID,3,bus,1,Inbound,Inbound,Daly City BART Station,Mission St & Main St,Main & Mission,85.007,scheduled,Main Street,1.443,195.0
14R,14R,MISSION RAPID,3,bus,1,Inbound,Inbound,Daly City BART Station,Mission St & Main St,Main & Mission,85.007,scheduled,De Long Street,0.639,89.3
14R,14R,MISSION RAPID,3,bus,1,Inbound,Inbound,Daly City BART Station,Mission St & Main St,Main & Mission,85.007,scheduled,Hillcrest Drive,0.091,12.8
14R,14R,MISSION RAPID,3,bus,1,Inbound,Inbound,Daly City BART Station,Mission St & Main St,Main & Mission,85.007,scheduled,Lowell Street,0.059,6.7
15,15,BAYVIEW HUNTERS POINT EXPRESS,3,bus,0,Outbound,Outbound,Sutter St & Sansome St,Palou Ave & 3rd St,Palou & 3rd St,100.0,scheduled,3rd Street,37.572,4545.0
15,15,BAYVIEW HUNTERS POINT EXPRESS,3,bus,0,Outbound,Outbound,Sutter St & Sansome St,Palou Ave & 3rd St,Palou & 3rd St,100.0,scheduled,4th Street,14.88,1800.0
15,15,BAYVIEW HUNTERS POINT EXPRESS,3,bus,0,Outbound,Outbound,Sutter St & Sansome St,Palou Ave & 3rd St,Palou & 3rd St,100.0,scheduled,Hudson Avenue,10.912,1320.0
15,15,BAYVIEW HUNTERS POINT EXPRESS,3,bus,0,Outbound,Outbound,Sutter St & Sansome St,Palou Ave & 3rd St,Palou & 3rd St,100.0,scheduled,Palou Avenue,6.696,810.0
15,15,BAYVIEW HUNTERS POINT EXPRESS,3,bus,0,Outbound,Outbound,Sutter St & Sansome St,Palou Ave & 3rd St,Palou & 3rd St,100.0,scheduled,Northridge Road,4.96,600.0
15,15,BAYVIEW HUNTERS POINT EXPRESS,3,bus,0,Outbound,Outbound,Sutter St & Sansome St,Palou Ave & 3rd St,Palou & 3rd St,100.0,scheduled,Sutter Street,4.712,570.0
15,15,BAYVIEW HUNTERS POINT EXPRESS,3,bus,0,Outbound,Outbound,Sutter St & Sansome St,Palou Ave & 3rd St,Palou & 3rd St,100.0,scheduled,Ingalls Street,4.216,510.0
15,15,BAYVIEW HUNTERS POINT EXPRESS,3,bus,0,Outbound,Outbound,Sutter St & Sansome St,Palou Ave & 3rd St,Palou & 3rd St,100.0,scheduled,Kiska Road,3.844,465.0
15,15,BAYVIEW HUNTERS POINT EXPRESS,3,bus,0,Outbound,Outbound,Sutter St & Sansome St,Palou Ave & 3rd St,Palou & 3rd St,100.0,scheduled,Kirkwood Avenue,3.596,435.0
15,15,BAYVIEW HUNTERS POINT EXPRESS,3,bus,0,Outbound,Outbound,Sutter St & Sansome St,Palou Ave & 3rd St,Palou & 3rd St,100.0,scheduled,Stockton Street,3.596,435.0
15,15,BAYVIEW HUNTERS POINT EXPRESS,3,bus,0,Outbound,Outbound,Sutter St & Sansome St,Palou Ave & 3rd St,Palou & 3rd St,100.0,scheduled,Jerrold Avenue,2.356,285.0
15,15,BAYVIEW HUNTERS POINT EXPRESS,3,bus,0,Outbound,Outbound,Sutter St & Sansome St,Palou Ave & 3rd St,Palou & 3rd St,100.0,scheduled,Channel Street,1.364,165.0
15,15,BAYVIEW HUNTERS POINT EXPRESS,3,bus,0,Outbound,Outbound,Sutter St & Sansome St,Palou Ave & 3rd St,Palou & 3rd St,100.0,scheduled,Newhall Street,0.676,81.7
15,15,BAYVIEW HUNTERS POINT EXPRESS,3,bus,0,Outbound,Outbound,Sutter St & Sansome St,Palou Ave & 3rd St,Palou & 3rd St,100.0,scheduled,Donahue Street,0.62,75.0
15,15,BAYVIEW HUNTERS POINT EXPRESS,3,bus,1,Inbound,Inbound,Palou Ave & 3rd St,Sutter St & Sansome St,Sutter & Sansome,100.0,scheduled,3rd Street,50.037,5850.0
15,15,BAYVIEW HUNTERS POINT EXPRESS,3,bus,1,Inbound,Inbound,Palou Ave & 3rd St,Sutter St & Sansome St,Sutter & Sansome,100.0,scheduled,Hudson Avenue,10.905,1275.0
15,15,BAYVIEW HUNTERS POINT EXPRESS,3,bus,1,Inbound,Inbound,Palou Ave & 3rd St,Sutter St & Sansome St,Sutter & Sansome,100.0,scheduled,Palou Avenue,8.596,1005.0
15,15,BAYVIEW HUNTERS POINT EXPRESS,3,bus,1,Inbound,Inbound,Palou Ave & 3rd St,Sutter St & Sansome St,Sutter & Sansome,100.0,scheduled,Ingalls Street,5.389,630.0
15,15,BAYVIEW HUNTERS POINT EXPRESS,3,bus,1,Inbound,Inbound,Palou Ave & 3rd St,Sutter St & Sansome St,Sutter & Sansome,100.0,scheduled,Northridge Road,5.132,600.0
15,15,BAYVIEW HUNTERS POINT EXPRESS,3,bus,1,Inbound,Inbound,Palou Ave & 3rd St,Sutter St & Sansome St,Sutter & Sansome,100.0,scheduled,Newhall Street,4.49,525.0
15,15,BAYVIEW HUNTERS POINT EXPRESS,3,bus,1,Inbound,Inbound,Palou Ave & 3rd St,Sutter St & Sansome St,Sutter & Sansome,100.0,scheduled,Kiska Road,3.977,465.0
15,15,BAYVIEW HUNTERS POINT EXPRESS,3,bus,1,Inbound,Inbound,Palou Ave & 3rd St,Sutter St & Sansome St,Sutter & Sansome,100.0,scheduled,Kirkwood Avenue,3.592,420.0
15,15,BAYVIEW HUNTERS POINT EXPRESS,3,bus,1,Inbound,Inbound,Palou Ave & 3rd St,Sutter St & Sansome St,Sutter & Sansome,100.0,scheduled,Market Street,3.592,420.0
15,15,BAYVIEW HUNTERS POINT EXPRESS,3,bus,1,Inbound,Inbound,Palou Ave & 3rd St,Sutter St & Sansome St,Sutter & Sansome,100.0,scheduled,Jerrold Avenue,2.438,285.0
15,15,BAYVIEW HUNTERS POINT EXPRESS,3,bus,1,Inbound,Inbound,Palou Ave & 3rd St,Sutter St & Sansome St,Sutter & Sansome,100.0,scheduled,Sutter Street,0.953,111.4
15,15,BAYVIEW HUNTERS POINT EXPRESS,3,bus,1,Inbound,Inbound,Palou Ave & 3rd St,Sutter St & Sansome St,Sutter & Sansome,100.0,scheduled,Donahue Street,0.77,90.0
15,15,BAYVIEW HUNTERS POINT EXPRESS,3,bus,1,Inbound,Inbound,Palou Ave & 3rd St,Sutter St & Sansome St,Sutter & Sansome,100.0,scheduled,Innes Avenue,0.128,15.0
18,18,46TH AVENUE,3,bus,0,Outbound,Outbound,Legion Of Honor,19th Ave & Buckingham Way,Stonestown,83.333,scheduled,46th Avenue,24.465,2910.0
18,18,46TH AVENUE,3,bus,0,Outbound,Outbound,Legion Of Honor,19th Ave & Buckingham Way,Stonestown,83.333,scheduled,Lake Merced Boulevard,14.25,1695.0
18,18,46TH AVENUE,3,bus,0,Outbound,Outbound,Legion Of Honor,19th Ave & Buckingham Way,Stonestown,83.333,scheduled,Balboa Street,9.478,1127.5
18,18,46TH AVENUE,3,bus,0,Outbound,Outbound,Legion Of Honor,19th Ave & Buckingham Way,Stonestown,83.333,scheduled,Winston Drive,8.071,960.0
18,18,46TH AVENUE,3,bus,0,Outbound,Outbound,Legion Of Honor,19th Ave & Buckingham Way,Stonestown,83.333,scheduled,Great Highway,6.81,810.0
18,18,46TH AVENUE,3,bus,0,Outbound,Outbound,Legion Of Honor,19th Ave & Buckingham Way,Stonestown,83.333,scheduled,Sloat Boulevard,6.684,795.0
18,18,46TH AVENUE,3,bus,0,Outbound,Outbound,Legion Of Honor,19th Ave & Buckingham Way,Stonestown,83.333,scheduled,Legion of Honor Drive,5.998,720.0
18,18,46TH AVENUE,3,bus,0,Outbound,Outbound,Legion Of Honor,19th Ave & Buckingham Way,Stonestown,83.333,scheduled,33rd Avenue,5.679,677.5
18,18,46TH AVENUE,3,bus,0,Outbound,Outbound,Legion Of Honor,19th Ave & Buckingham Way,Stonestown,83.333,scheduled,Cabrillo Street,3.172,377.5
18,18,46TH AVENUE,3,bus,0,Outbound,Outbound,Legion Of Honor,19th Ave & Buckingham Way,Stonestown,83.333,scheduled,Lincoln Way,3.153,375.0
18,18,46TH AVENUE,3,bus,0,Outbound,Outbound,Legion Of Honor,19th Ave & Buckingham Way,Stonestown,83.333,scheduled,47th Avenue,2.396,285.0
18,18,46TH AVENUE,3,bus,0,Outbound,Outbound,Legion Of Honor,19th Ave & Buckingham Way,Stonestown,83.333,scheduled,Skyline Boulevard,2.018,240.0
18,18,46TH AVENUE,3,bus,0,Outbound,Outbound,Legion Of Honor,19th Ave & Buckingham Way,Stonestown,83.333,scheduled,La Playa Street,1.765,210.0
18,18,46TH AVENUE,3,bus,0,Outbound,Outbound,Legion Of Honor,19th Ave & Buckingham Way,Stonestown,83.333,scheduled,45th Avenue,1.746,207.5
18,18,46TH AVENUE,3,bus,0,Outbound,Outbound,Legion Of Honor,19th Ave & Buckingham Way,Stonestown,83.333,scheduled,19th Avenue,1.046,124.4
18,18,46TH AVENUE,3,bus,0,Outbound,Outbound,Legion Of Honor,19th Ave & Buckingham Way,Stonestown,83.333,scheduled,Clement Street,0.914,110.0
18,18,46TH AVENUE,3,bus,0,Outbound,Outbound,Legion Of Honor,19th Ave & Buckingham Way,Stonestown,83.333,scheduled,Fulton Street,0.863,102.5
18,18,46TH AVENUE,3,bus,0,Outbound,Outbound,Legion Of Honor,19th Ave & Buckingham Way,Stonestown,83.333,scheduled,Vicente Street,0.757,90.0
18,18,46TH AVENUE,3,bus,0,Outbound,Outbound,Legion Of Honor,19th Ave & Buckingham Way,Stonestown,83.333,scheduled,[UNNAMED ROAD],0.737,87.5
18,18,46TH AVENUE,3,bus,1,Inbound,Inbound,19th Ave & Buckingham Way,Legion Of Honor,Legion of Honor,77.083,scheduled,46th Avenue,28.115,3195.0
18,18,46TH AVENUE,3,bus,1,Inbound,Inbound,19th Ave & Buckingham Way,Legion Of Honor,Legion of Honor,77.083,scheduled,Lake Merced Boulevard,14.916,1695.0
18,18,46TH AVENUE,3,bus,1,Inbound,Inbound,19th Ave & Buckingham Way,Legion Of Honor,Legion of Honor,77.083,scheduled,Balboa Street,10.032,1140.0
18,18,46TH AVENUE,3,bus,1,Inbound,Inbound,19th Ave & Buckingham Way,Legion Of Honor,Legion of Honor,77.083,scheduled,Winston Drive,7.524,855.0
18,18,46TH AVENUE,3,bus,1,Inbound,Inbound,19th Ave & Buckingham Way,Legion Of Honor,Legion of Honor,77.083,scheduled,Great Highway,7.128,810.0
18,18,46TH AVENUE,3,bus,1,Inbound,Inbound,19th Ave & Buckingham Way,Legion Of Honor,Legion of Honor,77.083,scheduled,Sloat Boulevard,6.204,705.0
18,18,46TH AVENUE,3,bus,1,Inbound,Inbound,19th Ave & Buckingham Way,Legion Of Honor,Legion of Honor,77.083,scheduled,33rd Avenue,5.088,581.4
18,18,46TH AVENUE,3,bus,1,Inbound,Inbound,19th Ave & Buckingham Way,Legion Of Honor,Legion of Honor,77.083,scheduled,Legion of Honor Drive,4.06,470.6
18,18,46TH AVENUE,3,bus,1,Inbound,Inbound,19th Ave & Buckingham Way,Legion Of Honor,Legion of Honor,77.083,scheduled,Cabrillo Street,3.432,390.0
18,18,46TH AVENUE,3,bus,1,Inbound,Inbound,19th Ave & Buckingham Way,Legion Of Honor,Legion of Honor,77.083,scheduled,Lincoln Way,3.3,375.0
18,18,46TH AVENUE,3,bus,1,Inbound,Inbound,19th Ave & Buckingham Way,Legion Of Honor,Legion of Honor,77.083,scheduled,Skyline Boulevard,2.112,240.0
18,18,46TH AVENUE,3,bus,1,Inbound,Inbound,19th Ave & Buckingham Way,Legion Of Honor,Legion of Honor,77.083,scheduled,La Playa Street,1.848,210.0
18,18,46TH AVENUE,3,bus,1,Inbound,Inbound,19th Ave & Buckingham Way,Legion Of Honor,Legion of Honor,77.083,scheduled,45th Avenue,1.716,195.0
18,18,46TH AVENUE,3,bus,1,Inbound,Inbound,19th Ave & Buckingham Way,Legion Of Honor,Legion of Honor,77.083,scheduled,20th Avenue,1.584,180.0
18,18,46TH AVENUE,3,bus,1,Inbound,Inbound,19th Ave & Buckingham Way,Legion Of Honor,Legion of Honor,77.083,scheduled,Buckingham Way,0.792,90.0
18,18,46TH AVENUE,3,bus,1,Inbound,Inbound,19th Ave & Buckingham Way,Legion Of Honor,Legion of Honor,77.083,scheduled,Fulton Street,0.792,90.0
18,18,46TH AVENUE,3,bus,1,Inbound,Inbound,19th Ave & Buckingham Way,Legion Of Honor,Legion of Honor,77.083,scheduled,Clement Street,0.698,80.9
18,18,46TH AVENUE,3,bus,1,Inbound,Inbound,19th Ave & Buckingham Way,Legion Of Honor,Legion of Honor,77.083,scheduled,[UNNAMED ROAD],0.66,75.0
19,19,POLK,3,bus,0,Outbound,Outbound,Beach St & Polk St,Galvez Ave & Hill Ave,Shipyard,100.0,scheduled,Polk Street,21.737,2595.0
19,19,POLK,3,bus,0,Outbound,Outbound,Beach St & Polk St,Galvez Ave & Hill Ave,Shipyard,100.0,scheduled,Rhode Island Street,17.842,2130.0
19,19,POLK,3,bus,0,Outbound,Outbound,Beach St & Polk St,Galvez Ave & Hill Ave,Shipyard,100.0,scheduled,Evans Avenue,17.716,2115.0
19,19,POLK,3,bus,0,Outbound,Outbound,Beach St & Polk St,Galvez Ave & Hill Ave,Shipyard,100.0,scheduled,8th Street,11.811,1410.0
19,19,POLK,3,bus,0,Outbound,Outbound,Beach St & Polk St,Galvez Ave & Hill Ave,Shipyard,100.0,scheduled,Innes Avenue,8.418,1005.0
19,19,POLK,3,bus,0,Outbound,Outbound,Beach St & Polk St,Galvez Ave & Hill Ave,Shipyard,100.0,scheduled,Hyde Street,4.523,540.0
19,19,POLK,3,bus,0,Outbound,Outbound,Beach St & Polk St,Galvez Ave & Hill Ave,Shipyard,100.0,scheduled,Middle Point Road,3.392,405.0
19,19,POLK,3,bus,0,Outbound,Outbound,Beach St & Polk St,Galvez Ave & Hill Ave,Shipyard,100.0,scheduled,Eddy Street,2.513,300.0
19,19,POLK,3,bus,0,Outbound,Outbound,Beach St & Polk St,Galvez Ave & Hill Ave,Shipyard,100.0,scheduled,Connecticut Street,2.387,285.0
19,19,POLK,3,bus,0,Outbound,Outbound,Beach St & Polk St,Galvez Ave & Hill Ave,Shipyard,100.0,scheduled,26th Street,2.262,270.0
19,19,POLK,3,bus,0,Outbound,Outbound,Beach St & Polk St,Galvez Ave & Hill Ave,Shipyard,100.0,scheduled,Galvez Avenue,1.996,238.3
19,19,POLK,3,bus,0,Outbound,Outbound,Beach St & Polk St,Galvez Ave & Hill Ave,Shipyard,100.0,scheduled,25th Street,1.508,180.0
19,19,POLK,3,bus,0,Outbound,Outbound,Beach St & Polk St,Galvez Ave & Hill Ave,Shipyard,100.0,scheduled,Donahue Street,1.382,165.0
19,19,POLK,3,bus,0,Outbound,Outbound,Beach St & Polk St,Galvez Ave & Hill Ave,Shipyard,100.0,scheduled,Wisconsin Street,1.005,120.0
19,19,POLK,3,bus,0,Outbound,Outbound,Beach St & Polk St,Galvez Ave & Hill Ave,Shipyard,100.0,scheduled,Cesar Chavez Street,0.754,90.0
19,19,POLK,3,bus,0,Outbound,Outbound,Beach St & Polk St,Galvez Ave & Hill Ave,Shipyard,100.0,scheduled,Beach Street,0.503,60.0
19,19,POLK,3,bus,0,Outbound,Outbound,Beach St & Polk St,Galvez Ave & Hill Ave,Shipyard,100.0,scheduled,Division Street,0.251,30.0
19,19,POLK,3,bus,1,Inbound,Inbound,Galvez Ave & Hill Ave,Beach St & Polk St,Beach Street,100.0,scheduled,Polk Street,16.292,2190.0
19,19,POLK,3,bus,1,Inbound,Inbound,Galvez Ave & Hill Ave,Beach St & Polk St,Beach Street,100.0,scheduled,Evans Avenue,15.845,2130.0
19,19,POLK,3,bus,1,Inbound,Inbound,Galvez Ave & Hill Ave,Beach St & Polk St,Beach Street,100.0,scheduled,7th Street,10.154,1365.0
19,19,POLK,3,bus,1,Inbound,Inbound,Galvez Ave & Hill Ave,Beach St & Polk St,Beach Street,100.0,scheduled,De Haro Street,9.597,1290.0
19,19,POLK,3,bus,1,Inbound,Inbound,Galvez Ave & Hill Ave,Beach St & Polk St,Beach Street,100.0,scheduled,Larkin Street,7.923,1065.0
19,19,POLK,3,bus,1,Inbound,Inbound,Galvez Ave & Hill Ave,Beach St & Polk St,Beach Street,100.0,scheduled,Innes Avenue,7.588,1020.0
19,19,POLK,3,bus,1,Inbound,Inbound,Galvez Ave & Hill Ave,Beach St & Polk St,Beach Street,100.0,scheduled,Connecticut Street,4.463,600.0
19,19,POLK,3,bus,1,Inbound,Inbound,Galvez Ave & Hill Ave,Beach St & Polk St,Beach Street,100.0,scheduled,Kansas Street,3.236,435.0
19,19,POLK,3,bus,1,Inbound,Inbound,Galvez Ave & Hill Ave,Beach St & Polk St,Beach Street,100.0,scheduled,Market Street,3.124,420.0
19,19,POLK,3,bus,1,Inbound,Inbound,Galvez Ave & Hill Ave,Beach St & Polk St,Beach Street,100.0,scheduled,Rhode Island Street,3.013,405.0
19,19,POLK,3,bus,1,Inbound,Inbound,Galvez Ave & Hill Ave,Beach St & Polk St,Beach Street,100.0,scheduled,Middle Point Road,2.901,390.0
19,19,POLK,3,bus,1,Inbound,Inbound,Galvez Ave & Hill Ave,Beach St & Polk St,Beach Street,100.0,scheduled,26th Street,2.567,345.0
19,19,POLK,3,bus,1,Inbound,Inbound,Galvez Ave & Hill Ave,Beach St & Polk St,Beach Street,100.0,scheduled,Wisconsin Street,2.232,300.0
19,19,POLK,3,bus,1,Inbound,Inbound,Galvez Ave & Hill Ave,Beach St & Polk St,Beach Street,100.0,scheduled,Townsend Street,2.009,270.0
19,19,POLK,3,bus,1,Inbound,Inbound,Galvez Ave & Hill Ave,Beach St & Polk St,Beach Street,100.0,scheduled,Galvez Avenue,1.674,225.0
19,19,POLK,3,bus,1,Inbound,Inbound,Galvez Ave & Hill Ave,Beach St & Polk St,Beach Street,100.0,scheduled,23rd Street,1.227,165.0
19,19,POLK,3,bus,1,Inbound,Inbound,Galvez Ave & Hill Ave,Beach St & Polk St,Beach Street,100.0,scheduled,Donahue Street,1.227,165.0
19,19,POLK,3,bus,1,Inbound,Inbound,Galvez Ave & Hill Ave,Beach St & Polk St,Beach Street,100.0,scheduled,Geary Boulevard,1.004,135.0
19,19,POLK,3,bus,1,Inbound,Inbound,Galvez Ave & Hill Ave,Beach St & Polk St,Beach Street,100.0,scheduled,North Point Street,1.004,135.0
19,19,POLK,3,bus,1,Inbound,Inbound,Galvez Ave & Hill Ave,Beach St & Polk St,Beach Street,100.0,scheduled,16th Street,0.67,90.0
19,19,POLK,3,bus,1,Inbound,Inbound,Galvez Ave & Hill Ave,Beach St & Polk St,Beach Street,100.0,scheduled,Cesar Chavez Street,0.67,90.0
19,19,POLK,3,bus,1,Inbound,Inbound,Galvez Ave & Hill Ave,Beach St & Polk St,Beach Street,100.0,scheduled,Beach Street,0.558,75.0
19,19,POLK,3,bus,1,Inbound,Inbound,Galvez Ave & Hill Ave,Beach St & Polk St,Beach Street,100.0,scheduled,[UNNAMED ROAD],0.352,47.4
19,19,POLK,3,bus,1,Inbound,Inbound,Galvez Ave & Hill Ave,Beach St & Polk St,Beach Street,100.0,scheduled,8th Street,0.335,45.0
19,19,POLK,3,bus,1,Inbound,Inbound,Galvez Ave & Hill Ave,Beach St & Polk St,Beach Street,100.0,scheduled,Division Street,0.335,45.0
1X,1X,CALIFORNIA EXPRESS,3,bus,0,Outbound,Outbound,Sacramento St & Davis St,33rd Ave & Geary Blvd,Geary + 33rd Avenue,100.0,scheduled,Pine Street,44.037,4080.0
1X,1X,CALIFORNIA EXPRESS,3,bus,0,Outbound,Outbound,Sacramento St & Davis St,33rd Ave & Geary Blvd,Geary + 33rd Avenue,100.0,scheduled,California Street,43.713,4050.0
1X,1X,CALIFORNIA EXPRESS,3,bus,0,Outbound,Outbound,Sacramento St & Davis St,33rd Ave & Geary Blvd,Geary + 33rd Avenue,100.0,scheduled,Sacramento Street,3.4,315.0
1X,1X,CALIFORNIA EXPRESS,3,bus,0,Outbound,Outbound,Sacramento St & Davis St,33rd Ave & Geary Blvd,Geary + 33rd Avenue,100.0,scheduled,32nd Avenue,2.267,210.0
1X,1X,CALIFORNIA EXPRESS,3,bus,0,Outbound,Outbound,Sacramento St & Davis St,33rd Ave & Geary Blvd,Geary + 33rd Avenue,100.0,scheduled,Sansome Street,2.267,210.0
1X,1X,CALIFORNIA EXPRESS,3,bus,0,Outbound,Outbound,Sacramento St & Davis St,33rd Ave & Geary Blvd,Geary + 33rd Avenue,100.0,scheduled,33rd Avenue,2.213,205.0
1X,1X,CALIFORNIA EXPRESS,3,bus,0,Outbound,Outbound,Sacramento St & Davis St,33rd Ave & Geary Blvd,Geary + 33rd Avenue,100.0,scheduled,Presidio Avenue,1.133,105.0
1X,1X,CALIFORNIA EXPRESS,3,bus,0,Outbound,Outbound,Sacramento St & Davis St,33rd Ave & Geary Blvd,Geary + 33rd Avenue,100.0,scheduled,Clement Street,0.971,90.0
1X,1X,CALIFORNIA EXPRESS,3,bus,1,Inbound,Inbound,33rd Ave & Geary Blvd,Davis St & Pine St,Financial District,100.0,scheduled,California Street,45.95,4350.0
1X,1X,CALIFORNIA EXPRESS,3,bus,1,Inbound,Inbound,33rd Ave & Geary Blvd,Davis St & Pine St,Financial District,100.0,scheduled,Bush Street,42.939,4065.0
1X,1X,CALIFORNIA EXPRESS,3,bus,1,Inbound,Inbound,33rd Ave & Geary Blvd,Davis St & Pine St,Financial District,100.0,scheduled,Sansome Street,2.377,225.0
1X,1X,CALIFORNIA EXPRESS,3,bus,1,Inbound,Inbound,33rd Ave & Geary Blvd,Davis St & Pine St,Financial District,100.0,scheduled,32nd Avenue,2.218,210.0
1X,1X,CALIFORNIA EXPRESS,3,bus,1,Inbound,Inbound,33rd Ave & Geary Blvd,Davis St & Pine St,Financial District,100.0,scheduled,Presidio Avenue,2.218,210.0
1X,1X,CALIFORNIA EXPRESS,3,bus,1,Inbound,Inbound,33rd Ave & Geary Blvd,Davis St & Pine St,Financial District,100.0,scheduled,33rd Avenue,2.06,195.0
1X,1X,CALIFORNIA EXPRESS,3,bus,1,Inbound,Inbound,33rd Ave & Geary Blvd,Davis St & Pine St,Financial District,100.0,scheduled,Davis Street,1.129,106.9
1X,1X,CALIFORNIA EXPRESS,3,bus,1,Inbound,Inbound,33rd Ave & Geary Blvd,Davis St & Pine St,Financial District,100.0,scheduled,Clement Street,1.109,105.0
2,2,SUTTER,3,bus,0,Outbound,Outbound,Steuart St & Mission St,Presidio Ave & California St,California + Presidio Avenue,100.0,scheduled,Sutter Street,73.691,4110.0
2,2,SUTTER,3,bus,0,Outbound,Outbound,Steuart St & Mission St,Presidio Ave & California St,California + Presidio Avenue,100.0,scheduled,Market Street,11.834,660.0
2,2,SUTTER,3,bus,0,Outbound,Outbound,Steuart St & Mission St,Presidio Ave & California St,California + Presidio Avenue,100.0,scheduled,Presidio Avenue,6.676,372.3
2,2,SUTTER,3,bus,0,Outbound,Outbound,Steuart St & Mission St,Presidio Ave & California St,California + Presidio Avenue,100.0,scheduled,California Street,2.689,150.0
2,2,SUTTER,3,bus,0,Outbound,Outbound,Steuart St & Mission St,Presidio Ave & California St,California + Presidio Avenue,100.0,scheduled,Sacramento Street,2.689,150.0
2,2,SUTTER,3,bus,0,Outbound,Outbound,Steuart St & Mission St,Presidio Ave & California St,California + Presidio Avenue,100.0,scheduled,Walnut Street,1.883,105.0
2,2,SUTTER,3,bus,0,Outbound,Outbound,Steuart St & Mission St,Presidio Ave & California St,California + Presidio Avenue,100.0,scheduled,Steuart Street,0.538,30.0
2,2,SUTTER,3,bus,1,Inbound,Inbound,Presidio Ave & California St,Steuart St & Mission St,Ferry Plaza,89.474,scheduled,Post Street,41.393,2340.0
2,2,SUTTER,3,bus,1,Inbound,Inbound,Presidio Ave & California St,Steuart St & Mission St,Ferry Plaza,89.474,scheduled,Sutter Street,28.156,1591.6
2,2,SUTTER,3,bus,1,Inbound,Inbound,Presidio Ave & California St,Steuart St & Mission St,Ferry Plaza,89.474,scheduled,Market Street,14.328,810.0
2,2,SUTTER,3,bus,1,Inbound,Inbound,Presidio Ave & California St,Steuart St & Mission St,Ferry Plaza,89.474,scheduled,Presidio Avenue,5.658,322.1
2,2,SUTTER,3,bus,1,Inbound,Inbound,Presidio Ave & California St,Steuart St & Mission St,Ferry Plaza,89.474,scheduled,Spear Street,3.449,195.0
2,2,SUTTER,3,bus,1,Inbound,Inbound,Presidio Ave & California St,Steuart St & Mission St,Ferry Plaza,89.474,scheduled,Steuart Street,2.8,158.2
2,2,SUTTER,3,bus,1,Inbound,Inbound,Presidio Ave & California St,Steuart St & Mission St,Ferry Plaza,89.474,scheduled,Mission Street,1.857,105.0
2,2,SUTTER,3,bus,1,Inbound,Inbound,Presidio Ave & California St,Steuart St & Mission St,Ferry Plaza,89.474,scheduled,Laguna Street,1.828,103.4
2,2,SUTTER,3,bus,1,Inbound,Inbound,Presidio Ave & California St,Steuart St & Mission St,Ferry Plaza,89.474,scheduled,Montgomery Street,0.531,30.0
22,22,FILLMORE,3,bus,0,Outbound,Outbound,Fillmore St & Bay St,Mission Bay North & 4th St,UCSF Mission Bay,86.652,scheduled,Fillmore Street,44.392,3899.5
22,22,FILLMORE,3,bus,0,Outbound,Outbound,Fillmore St & Bay St,Mission Bay North & 4th St,UCSF Mission Bay,86.652,scheduled,16th Street,35.646,3297.0
22,22,FILLMORE,3,bus,0,Outbound,Outbound,Fillmore St & Bay St,Mission Bay North & 4th St,UCSF Mission Bay,86.652,scheduled,Church Street,6.578,608.5
22,22,FILLMORE,3,bus,0,Outbound,Outbound,Fillmore St & Bay St,Mission Bay North & 4th St,UCSF Mission Bay,86.652,scheduled,3rd Street,4.743,438.7
22,22,FILLMORE,3,bus,0,Outbound,Outbound,Fillmore St & Bay St,Mission Bay North & 4th St,UCSF Mission Bay,86.652,scheduled,Steiner Street,3.437,290.8
22,22,FILLMORE,3,bus,0,Outbound,Outbound,Fillmore St & Bay St,Mission Bay North & 4th St,UCSF Mission Bay,86.652,scheduled,Broadway,1.637,138.5
22,22,FILLMORE,3,bus,0,Outbound,Outbound,Fillmore St & Bay St,Mission Bay North & 4th St,UCSF Mission Bay,86.652,scheduled,Union Street,1.637,138.5
22,22,FILLMORE,3,bus,0,Outbound,Outbound,Fillmore St & Bay St,Mission Bay North & 4th St,UCSF Mission Bay,86.652,scheduled,Mission Bay Boulevard,1.166,107.8
22,22,FILLMORE,3,bus,0,Outbound,Outbound,Fillmore St & Bay St,Mission Bay North & 4th St,UCSF Mission Bay,86.652,scheduled,Hermann Street,0.765,70.8
22,22,FILLMORE,3,bus,1,Inbound,Inbound,Mission Bay North & 4th St,Fillmore St & Bay St,Bay Street,86.223,scheduled,Fillmore Street,38.468,3108.9
22,22,FILLMORE,3,bus,1,Inbound,Inbound,Mission Bay North & 4th St,Fillmore St & Bay St,Bay Street,86.223,scheduled,16th Street,38.245,3300.7
22,22,FILLMORE,3,bus,1,Inbound,Inbound,Mission Bay North & 4th St,Fillmore St & Bay St,Bay Street,86.223,scheduled,Church Street,7.049,607.6
22,22,FILLMORE,3,bus,1,Inbound,Inbound,Mission Bay North & 4th St,Fillmore St & Bay St,Bay Street,86.223,scheduled,3rd Street,4.413,380.9
22,22,FILLMORE,3,bus,1,Inbound,Inbound,Mission Bay North & 4th St,Fillmore St & Bay St,Bay Street,86.223,scheduled,Steiner Street,4.297,290.4
22,22,FILLMORE,3,bus,1,Inbound,Inbound,Mission Bay North & 4th St,Fillmore St & Bay St,Bay Street,86.223,scheduled,Broadway,2.046,138.3
22,22,FILLMORE,3,bus,1,Inbound,Inbound,Mission Bay North & 4th St,Fillmore St & Bay St,Bay Street,86.223,scheduled,Union Street,2.046,138.3
22,22,FILLMORE,3,bus,1,Inbound,Inbound,Mission Bay North & 4th St,Fillmore St & Bay St,Bay Street,86.223,scheduled,Mission Bay Boulevard,1.961,169.3
22,22,FILLMORE,3,bus,1,Inbound,Inbound,Mission Bay North & 4th St,Fillmore St & Bay St,Bay Street,86.223,scheduled,Hermann Street,0.82,70.6
22,22,FILLMORE,3,bus,1,Inbound,Inbound,Mission Bay North & 4th St,Fillmore St & Bay St,Bay Street,86.223,scheduled,4th Street,0.654,56.4
23,23,MONTEREY,3,bus,0,Outbound,Outbound,Palou Ave & 3rd St,Sloat Blvd & 47th Ave,S.F. Zoo,100.0,scheduled,Sloat Boulevard,25.462,3033.4
23,23,MONTEREY,3,bus,0,Outbound,Outbound,Palou Ave & 3rd St,Sloat Blvd & 47th Ave,S.F. Zoo,100.0,scheduled,Monterey Boulevard,25.056,2985.0
23,23,MONTEREY,3,bus,0,Outbound,Outbound,Palou Ave & 3rd St,Sloat Blvd & 47th Ave,S.F. Zoo,100.0,scheduled,Crescent Avenue,10.576,1260.0
23,23,MONTEREY,3,bus,0,Outbound,Outbound,Palou Ave & 3rd St,Sloat Blvd & 47th Ave,S.F. Zoo,100.0,scheduled,Palou Avenue,9.191,1095.0
23,23,MONTEREY,3,bus,0,Outbound,Outbound,Palou Ave & 3rd St,Sloat Blvd & 47th Ave,S.F. Zoo,100.0,scheduled,Bosworth Street,5.918,705.0
23,23,MONTEREY,3,bus,0,Outbound,Outbound,Palou Ave & 3rd St,Sloat Blvd & 47th Ave,S.F. Zoo,100.0,scheduled,Oakdale Avenue,5.036,600.0
23,23,MONTEREY,3,bus,0,Outbound,Outbound,Palou Ave & 3rd St,Sloat Blvd & 47th Ave,S.F. Zoo,100.0,scheduled,Bayshore Boulevard,4.91,585.0
23,23,MONTEREY,3,bus,0,Outbound,Outbound,Palou Ave & 3rd St,Sloat Blvd & 47th Ave,S.F. Zoo,100.0,scheduled,Saint Francis Boulevard,3.903,465.0
23,23,MONTEREY,3,bus,0,Outbound,Outbound,Palou Ave & 3rd St,Sloat Blvd & 47th Ave,S.F. Zoo,100.0,scheduled,Alemany Boulevard,3.777,450.0
23,23,MONTEREY,3,bus,0,Outbound,Outbound,Palou Ave & 3rd St,Sloat Blvd & 47th Ave,S.F. Zoo,100.0,scheduled,Mission Street,2.015,240.0
23,23,MONTEREY,3,bus,0,Outbound,Outbound,Palou Ave & 3rd St,Sloat Blvd & 47th Ave,S.F. Zoo,100.0,scheduled,Santa Clara Avenue,1.637,195.0
23,23,MONTEREY,3,bus,0,Outbound,Outbound,Palou Ave & 3rd St,Sloat Blvd & 47th Ave,S.F. Zoo,100.0,scheduled,Industrial Street,1.259,150.0
23,23,MONTEREY,3,bus,0,Outbound,Outbound,Palou Ave & 3rd St,Sloat Blvd & 47th Ave,S.F. Zoo,100.0,scheduled,Diamond Street,1.007,120.0
23,23,MONTEREY,3,bus,0,Outbound,Outbound,Palou Ave & 3rd St,Sloat Blvd & 47th Ave,S.F. Zoo,100.0,scheduled,[UNNAMED ROAD],0.252,30.0
23,23,MONTEREY,3,bus,1,Inbound,Inbound,Sloat Blvd & 47th Ave,Palou Ave & 3rd St,Bayview District,97.097,scheduled,Palou Avenue,22.1,3052.2
23,23,MONTEREY,3,bus,1,Inbound,Inbound,Sloat Blvd & 47th Ave,Palou Ave & 3rd St,Bayview District,97.097,scheduled,Sloat Boulevard,20.045,2971.2
23,23,MONTEREY,3,bus,1,Inbound,Inbound,Sloat Blvd & 47th Ave,Palou Ave & 3rd St,Bayview District,97.097,scheduled,Monterey Boulevard,19.717,2915.9
23,23,MONTEREY,3,bus,1,Inbound,Inbound,Sloat Blvd & 47th Ave,Palou Ave & 3rd St,Bayview District,97.097,scheduled,Crescent Avenue,8.425,1245.8
23,23,MONTEREY,3,bus,1,Inbound,Inbound,Sloat Blvd & 47th Ave,Palou Ave & 3rd St,Bayview District,97.097,scheduled,Oakdale Avenue,7.002,991.3
23,23,MONTEREY,3,bus,1,Inbound,Inbound,Sloat Blvd & 47th Ave,Palou Ave & 3rd St,Bayview District,97.097,scheduled,Bosworth Street,4.659,688.9
23,23,MONTEREY,3,bus,1,Inbound,Inbound,Sloat Blvd & 47th Ave,Palou Ave & 3rd St,Bayview District,97.097,scheduled,Bayshore Boulevard,4.063,600.9
23,23,MONTEREY,3,bus,1,Inbound,Inbound,Sloat Blvd & 47th Ave,Palou Ave & 3rd St,Bayview District,97.097,scheduled,Alemany Boulevard,3.469,513.0
23,23,MONTEREY,3,bus,1,Inbound,Inbound,Sloat Blvd & 47th Ave,Palou Ave & 3rd St,Bayview District,97.097,scheduled,Saint Francis Boulevard,3.046,451.5
23,23,MONTEREY,3,bus,1,Inbound,Inbound,Sloat Blvd & 47th Ave,Palou Ave & 3rd St,Bayview District,97.097,scheduled,Mission Street,1.586,234.5
23,23,MONTEREY,3,bus,1,Inbound,Inbound,Sloat Blvd & 47th Ave,Palou Ave & 3rd St,Bayview District,97.097,scheduled,Santa Clara Avenue,1.376,203.9
23,23,MONTEREY,3,bus,1,Inbound,Inbound,Sloat Blvd & 47th Ave,Palou Ave & 3rd St,Bayview District,97.097,scheduled,Industrial Street,0.993,146.8
23,23,MONTEREY,3,bus,1,Inbound,Inbound,Sloat Blvd & 47th Ave,Palou Ave & 3rd St,Bayview District,97.097,scheduled,Diamond Street,0.695,102.7
23,23,MONTEREY,3,bus,1,Inbound,Inbound,Sloat Blvd & 47th Ave,Palou Ave & 3rd St,Bayview District,97.097,scheduled,Ingalls Street,0.562,75.0
23,23,MONTEREY,3,bus,1,Inbound,Inbound,Sloat Blvd & 47th Ave,Palou Ave & 3rd St,Bayview District,97.097,scheduled,47th Avenue,0.491,72.8
23,23,MONTEREY,3,bus,1,Inbound,Inbound,Sloat Blvd & 47th Ave,Palou Ave & 3rd St,Bayview District,97.097,scheduled,Great Highway,0.491,72.8
23,23,MONTEREY,3,bus,1,Inbound,Inbound,Sloat Blvd & 47th Ave,Palou Ave & 3rd St,Bayview District,97.097,scheduled,Wawona Street,0.491,72.8
23,23,MONTEREY,3,bus,1,Inbound,Inbound,Sloat Blvd & 47th Ave,Palou Ave & 3rd St,Bayview District,97.097,scheduled,Griffith Street,0.464,60.4
23,23,MONTEREY,3,bus,1,Inbound,Inbound,Sloat Blvd & 47th Ave,Palou Ave & 3rd St,Bayview District,97.097,scheduled,Crisp Road,0.323,44.6
24,24,DIVISADERO,3,bus,0,Outbound,Outbound,Jackson St & Webster St,3rd St & Palou Ave,Palou + Third Street,88.82,scheduled,Castro Street,23.944,2490.0
24,24,DIVISADERO,3,bus,0,Outbound,Outbound,Jackson St & Webster St,3rd St & Palou Ave,Palou + Third Street,88.82,scheduled,Divisadero Street,22.367,2347.7
24,24,DIVISADERO,3,bus,0,Outbound,Outbound,Jackson St & Webster St,3rd St & Palou Ave,Palou + Third Street,88.82,scheduled,Cortland Avenue,14.286,1485.4
24,24,DIVISADERO,3,bus,0,Outbound,Outbound,Jackson St & Webster St,3rd St & Palou Ave,Palou + Third Street,88.82,scheduled,Palou Avenue,9.113,980.9
24,24,DIVISADERO,3,bus,0,Outbound,Outbound,Jackson St & Webster St,3rd St & Palou Ave,Palou + Third Street,88.82,scheduled,30th Street,7.627,793.6
24,24,DIVISADERO,3,bus,0,Outbound,Outbound,Jackson St & Webster St,3rd St & Palou Ave,Palou + Third Street,88.82,scheduled,Noe Street,6.797,706.4
24,24,DIVISADERO,3,bus,0,Outbound,Outbound,Jackson St & Webster St,3rd St & Palou Ave,Palou + Third Street,88.82,scheduled,Jackson Street,6.068,652.7
24,24,DIVISADERO,3,bus,0,Outbound,Outbound,Jackson St & Webster St,3rd St & Palou Ave,Palou + Third Street,88.82,scheduled,Industrial Street,4.81,517.7
24,24,DIVISADERO,3,bus,0,Outbound,Outbound,Jackson St & Webster St,3rd St & Palou Ave,Palou + Third Street,88.82,scheduled,26th Street,1.875,195.0
24,24,DIVISADERO,3,bus,0,Outbound,Outbound,Jackson St & Webster St,3rd St & Palou Ave,Palou + Third Street,88.82,scheduled,Mission Street,1.587,165.0
24,24,DIVISADERO,3,bus,0,Outbound,Outbound,Jackson St & Webster St,3rd St & Palou Ave,Palou + Third Street,88.82,scheduled,Bayshore Boulevard,1.519,163.5
24,24,DIVISADERO,3,bus,0,Outbound,Outbound,Jackson St & Webster St,3rd St & Palou Ave,Palou + Third Street,88.82,scheduled,3rd Street,0.008,0.8
24,24,DIVISADERO,3,bus,1,Inbound,Inbound,3rd St & Palou Ave,Jackson St & Webster St,Jackson + Fillmore,77.144,scheduled,Castro Street,23.227,2490.0
24,24,DIVISADERO,3,bus,1,Inbound,Inbound,3rd St & Palou Ave,Jackson St & Webster St,Jackson + Fillmore,77.144,scheduled,Divisadero Street,21.389,2322.2
24,24,DIVISADERO,3,bus,1,Inbound,Inbound,3rd St & Palou Ave,Jackson St & Webster St,Jackson + Fillmore,77.144,scheduled,Cortland Avenue,13.763,1478.1
24,24,DIVISADERO,3,bus,1,Inbound,Inbound,3rd St & Palou Ave,Jackson St & Webster St,Jackson + Fillmore,77.144,scheduled,30th Street,7.398,793.6
24,24,DIVISADERO,3,bus,1,Inbound,Inbound,3rd St & Palou Ave,Jackson St & Webster St,Jackson + Fillmore,77.144,scheduled,Palou Avenue,7.076,790.2
24,24,DIVISADERO,3,bus,1,Inbound,Inbound,3rd St & Palou Ave,Jackson St & Webster St,Jackson + Fillmore,77.144,scheduled,Noe Street,6.594,706.4
24,24,DIVISADERO,3,bus,1,Inbound,Inbound,3rd St & Palou Ave,Jackson St & Webster St,Jackson + Fillmore,77.144,scheduled,Industrial Street,4.636,517.7
24,24,DIVISADERO,3,bus,1,Inbound,Inbound,3rd St & Palou Ave,Jackson St & Webster St,Jackson + Fillmore,77.144,scheduled,Jackson Street,4.564,513.2
24,24,DIVISADERO,3,bus,1,Inbound,Inbound,3rd St & Palou Ave,Jackson St & Webster St,Jackson + Fillmore,77.144,scheduled,26th Street,1.819,195.0
24,24,DIVISADERO,3,bus,1,Inbound,Inbound,3rd St & Palou Ave,Jackson St & Webster St,Jackson + Fillmore,77.144,scheduled,Bayshore Boulevard,1.572,171.7
24,24,DIVISADERO,3,bus,1,Inbound,Inbound,3rd St & Palou Ave,Jackson St & Webster St,Jackson + Fillmore,77.144,scheduled,Mission Street,1.557,166.4
24,24,DIVISADERO,3,bus,1,Inbound,Inbound,3rd St & Palou Ave,Jackson St & Webster St,Jackson + Fillmore,77.144,scheduled,Newhall Street,1.464,163.5
24,24,DIVISADERO,3,bus,1,Inbound,Inbound,3rd St & Palou Ave,Jackson St & Webster St,Jackson + Fillmore,77.144,scheduled,3rd Street,1.342,149.9
24,24,DIVISADERO,3,bus,1,Inbound,Inbound,3rd St & Palou Ave,Jackson St & Webster St,Jackson + Fillmore,77.144,scheduled,Newcomb Avenue,1.098,122.6
24,24,DIVISADERO,3,bus,1,Inbound,Inbound,3rd St & Palou Ave,Jackson St & Webster St,Jackson + Fillmore,77.144,scheduled,Washington Street,0.923,104.1
24,24,DIVISADERO,3,bus,1,Inbound,Inbound,3rd St & Palou Ave,Jackson St & Webster St,Jackson + Fillmore,77.144,scheduled,Fillmore Street,0.718,81.0
24,24,DIVISADERO,3,bus,1,Inbound,Inbound,3rd St & Palou Ave,Jackson St & Webster St,Jackson + Fillmore,77.144,scheduled,Webster Street,0.718,81.0
24,24,DIVISADERO,3,bus,1,Inbound,Inbound,3rd St & Palou Ave,Jackson St & Webster St,Jackson + Fillmore,77.144,scheduled,Hilton Street,0.125,9.6
24,24,DIVISADERO,3,bus,1,Inbound,Inbound,3rd St & Palou Ave,Jackson St & Webster St,Jackson + Fillmore,77.144,scheduled,[UNNAMED ROAD],0.018,1.4
25,25,TREASURE ISLAND,3,bus,0,Outbound,Outbound,Transit Center Bay 29,Clipper Cove Way & Treasure Island Rd,Treasure Island,80.961,scheduled,Dwight D. Eisenhower Highway,57.944,3705.0
25,25,TREASURE ISLAND,3,bus,0,Outbound,Outbound,Transit Center Bay 29,Clipper Cove Way & Treasure Island Rd,Treasure Island,80.961,scheduled,Macalla Road,9.338,597.1
25,25,TREASURE ISLAND,3,bus,0,Outbound,Outbound,Transit Center Bay 29,Clipper Cove Way & Treasure Island Rd,Treasure Island,80.961,scheduled,Treasure Island Road,7.787,497.9
25,25,TREASURE ISLAND,3,bus,0,Outbound,Outbound,Transit Center Bay 29,Clipper Cove Way & Treasure Island Rd,Treasure Island,80.961,scheduled,[UNNAMED ROAD],6.433,411.4
25,25,TREASURE ISLAND,3,bus,0,Outbound,Outbound,Transit Center Bay 29,Clipper Cove Way & Treasure Island Rd,Treasure Island,80.961,scheduled,Transbay Bus Ramp,4.924,315.7
25,25,TREASURE ISLAND,3,bus,0,Outbound,Outbound,Transit Center Bay 29,Clipper Cove Way & Treasure Island Rd,Treasure Island,80.961,scheduled,Old Macalla Road,3.284,210.0
25,25,TREASURE ISLAND,3,bus,0,Outbound,Outbound,Transit Center Bay 29,Clipper Cove Way & Treasure Island Rd,Treasure Island,80.961,scheduled,Natoma Street,3.22,206.4
25,25,TREASURE ISLAND,3,bus,0,Outbound,Outbound,Transit Center Bay 29,Clipper Cove Way & Treasure Island Rd,Treasure Island,80.961,scheduled,Route 80,2.264,145.0
25,25,TREASURE ISLAND,3,bus,0,Outbound,Outbound,Transit Center Bay 29,Clipper Cove Way & Treasure Island Rd,Treasure Island,80.961,scheduled,1st Street,1.808,114.2
25,25,TREASURE ISLAND,3,bus,0,Outbound,Outbound,Transit Center Bay 29,Clipper Cove Way & Treasure Island Rd,Treasure Island,80.961,scheduled,Essex Street,1.705,109.3
25,25,TREASURE ISLAND,3,bus,0,Outbound,Outbound,Transit Center Bay 29,Clipper Cove Way & Treasure Island Rd,Treasure Island,80.961,scheduled,Clipper Cove Way,0.569,36.4
25,25,TREASURE ISLAND,3,bus,0,Outbound,Outbound,Transit Center Bay 29,Clipper Cove Way & Treasure Island Rd,Treasure Island,80.961,scheduled,Fremont Street,0.407,25.7
25,25,TREASURE ISLAND,3,bus,0,Outbound,Outbound,Transit Center Bay 29,Clipper Cove Way & Treasure Island Rd,Treasure Island,80.961,scheduled,Mission Street,0.316,20.0
25,25,TREASURE ISLAND,3,bus,1,Inbound,Inbound,Clipper Cove Way & Treasure Island Rd,Transit Center Bay 29,Transit Center,77.787,scheduled,Dwight D. Eisenhower Highway,37.0,3780.0
25,25,TREASURE ISLAND,3,bus,1,Inbound,Inbound,Clipper Cove Way & Treasure Island Rd,Transit Center Bay 29,Transit Center,77.787,scheduled,Seven Seas Avenue,14.829,1515.0
25,25,TREASURE ISLAND,3,bus,1,Inbound,Inbound,Clipper Cove Way & Treasure Island Rd,Transit Center Bay 29,Transit Center,77.787,scheduled,Gateview Avenue,7.488,765.0
25,25,TREASURE ISLAND,3,bus,1,Inbound,Inbound,Clipper Cove Way & Treasure Island Rd,Transit Center Bay 29,Transit Center,77.787,scheduled,Macalla Road,5.873,600.0
25,25,TREASURE ISLAND,3,bus,1,Inbound,Inbound,Clipper Cove Way & Treasure Island Rd,Transit Center Bay 29,Transit Center,77.787,scheduled,9th Street,4.845,495.0
25,25,TREASURE ISLAND,3,bus,1,Inbound,Inbound,Clipper Cove Way & Treasure Island Rd,Transit Center Bay 29,Transit Center,77.787,scheduled,Avenue B,4.845,495.0
25,25,TREASURE ISLAND,3,bus,1,Inbound,Inbound,Clipper Cove Way & Treasure Island Rd,Transit Center Bay 29,Transit Center,77.787,scheduled,Treasure Island Road,4.552,465.0
25,25,TREASURE ISLAND,3,bus,1,Inbound,Inbound,Clipper Cove Way & Treasure Island Rd,Transit Center Bay 29,Transit Center,77.787,scheduled,Avenue H,3.817,390.0
25,25,TREASURE ISLAND,3,bus,1,Inbound,Inbound,Clipper Cove Way & Treasure Island Rd,Transit Center Bay 29,Transit Center,77.787,scheduled,Transbay Bus Ramp,2.733,278.3
25,25,TREASURE ISLAND,3,bus,1,Inbound,Inbound,Clipper Cove Way & Treasure Island Rd,Transit Center Bay 29,Transit Center,77.787,scheduled,Trade Winds Avenue,2.202,225.0
25,25,TREASURE ISLAND,3,bus,1,Inbound,Inbound,Clipper Cove Way & Treasure Island Rd,Transit Center Bay 29,Transit Center,77.787,scheduled,Old Macalla Road,2.056,210.0
25,25,TREASURE ISLAND,3,bus,1,Inbound,Inbound,Clipper Cove Way & Treasure Island Rd,Transit Center Bay 29,Transit Center,77.787,scheduled,[UNNAMED ROAD],2.03,207.9
25,25,TREASURE ISLAND,3,bus,1,Inbound,Inbound,Clipper Cove Way & Treasure Island Rd,Transit Center Bay 29,Transit Center,77.787,scheduled,Essex Street,1.909,195.0
25,25,TREASURE ISLAND,3,bus,1,Inbound,Inbound,Clipper Cove Way & Treasure Island Rd,Transit Center Bay 29,Transit Center,77.787,scheduled,Route 80,1.615,165.0
25,25,TREASURE ISLAND,3,bus,1,Inbound,Inbound,Clipper Cove Way & Treasure Island Rd,Transit Center Bay 29,Transit Center,77.787,scheduled,Clipper Cove Way,1.321,135.0
25,25,TREASURE ISLAND,3,bus,1,Inbound,Inbound,Clipper Cove Way & Treasure Island Rd,Transit Center Bay 29,Transit Center,77.787,scheduled,Minna Street,1.265,128.3
25,25,TREASURE ISLAND,3,bus,1,Inbound,Inbound,Clipper Cove Way & Treasure Island Rd,Transit Center Bay 29,Transit Center,77.787,scheduled,Fremont Street,0.605,63.3
25,25,TREASURE ISLAND,3,bus,1,Inbound,Inbound,Clipper Cove Way & Treasure Island Rd,Transit Center Bay 29,Transit Center,77.787,scheduled,Northgate Road,0.294,30.0
25,25,TREASURE ISLAND,3,bus,1,Inbound,Inbound,Clipper Cove Way & Treasure Island Rd,Transit Center Bay 29,Transit Center,77.787,scheduled,Beale Street,0.287,30.0
25,25,TREASURE ISLAND,3,bus,1,Inbound,Inbound,Clipper Cove Way & Treasure Island Rd,Transit Center Bay 29,Transit Center,77.787,scheduled,Mission Street,0.255,26.7
25,25,TREASURE ISLAND,3,bus,1,Inbound,Inbound,Clipper Cove Way & Treasure Island Rd,Transit Center Bay 29,Transit Center,77.787,scheduled,Natoma Street,0.115,11.7
25,25,TREASURE ISLAND,3,bus,1,Inbound,Inbound,Clipper Cove Way & Treasure Island Rd,Transit Center Bay 29,Transit Center,77.787,scheduled,Clementina Street,0.064,6.7
27,27,BRYANT,3,bus,0,Outbound,Outbound,Pacific Ave & Van Ness Ave,24th St & Mission St,24th St & Mission,100.0,scheduled,Bryant Street,22.001,1935.0
27,27,BRYANT,3,bus,0,Outbound,Outbound,Pacific Ave & Van Ness Ave,24th St & Mission St,24th St & Mission,100.0,scheduled,Jones Street,10.745,945.0
27,27,BRYANT,3,bus,0,Outbound,Outbound,Pacific Ave & Van Ness Ave,24th St & Mission St,24th St & Mission,100.0,scheduled,8th Street,8.869,780.0
27,27,BRYANT,3,bus,0,Outbound,Outbound,Pacific Ave & Van Ness Ave,24th St & Mission St,24th St & Mission,100.0,scheduled,Folsom Street,8.698,765.0
27,27,BRYANT,3,bus,0,Outbound,Outbound,Pacific Ave & Van Ness Ave,24th St & Mission St,24th St & Mission,100.0,scheduled,Hyde Street,8.357,735.0
27,27,BRYANT,3,bus,0,Outbound,Outbound,Pacific Ave & Van Ness Ave,24th St & Mission St,24th St & Mission,100.0,scheduled,Cesar Chavez Street,7.163,630.0
27,27,BRYANT,3,bus,0,Outbound,Outbound,Pacific Ave & Van Ness Ave,24th St & Mission St,24th St & Mission,100.0,scheduled,Harrison Street,5.628,495.0
27,27,BRYANT,3,bus,0,Outbound,Outbound,Pacific Ave & Van Ness Ave,24th St & Mission St,24th St & Mission,100.0,scheduled,Van Ness Avenue,5.287,465.0
27,27,BRYANT,3,bus,0,Outbound,Outbound,Pacific Ave & Van Ness Ave,24th St & Mission St,24th St & Mission,100.0,scheduled,16th Street,4.775,420.0
27,27,BRYANT,3,bus,0,Outbound,Outbound,Pacific Ave & Van Ness Ave,24th St & Mission St,24th St & Mission,100.0,scheduled,McAllister Street,3.411,300.0
27,27,BRYANT,3,bus,0,Outbound,Outbound,Pacific Ave & Van Ness Ave,24th St & Mission St,24th St & Mission,100.0,scheduled,Washington Street,3.411,300.0
27,27,BRYANT,3,bus,0,Outbound,Outbound,Pacific Ave & Van Ness Ave,24th St & Mission St,24th St & Mission,100.0,scheduled,Bush Street,3.24,285.0
27,27,BRYANT,3,bus,0,Outbound,Outbound,Pacific Ave & Van Ness Ave,24th St & Mission St,24th St & Mission,100.0,scheduled,24th Street,2.275,200.1
27,27,BRYANT,3,bus,0,Outbound,Outbound,Pacific Ave & Van Ness Ave,24th St & Mission St,24th St & Mission,100.0,scheduled,11th Street,2.217,195.0
27,27,BRYANT,3,bus,0,Outbound,Outbound,Pacific Ave & Van Ness Ave,24th St & Mission St,24th St & Mission,100.0,scheduled,Polk Street,2.217,195.0
27,27,BRYANT,3,bus,0,Outbound,Outbound,Pacific Ave & Van Ness Ave,24th St & Mission St,24th St & Mission,100.0,scheduled,Pacific Avenue,1.706,150.0
27,27,BRYANT,3,bus,1,Inbound,Inbound,24th St & Mission St,Jackson St & Van Ness Ave,Jackson + Van Ness,100.0,scheduled,Bryant Street,22.893,1920.0
27,27,BRYANT,3,bus,1,Inbound,Inbound,24th St & Mission St,Jackson St & Van Ness Ave,Jackson + Van Ness,100.0,scheduled,Leavenworth Street,18.6,1560.0
27,27,BRYANT,3,bus,1,Inbound,Inbound,24th St & Mission St,Jackson St & Van Ness Ave,Jackson + Van Ness,100.0,scheduled,Folsom Street,18.422,1545.0
27,27,BRYANT,3,bus,1,Inbound,Inbound,24th St & Mission St,Jackson St & Van Ness Ave,Jackson + Van Ness,100.0,scheduled,Cesar Chavez Street,12.162,1020.0
27,27,BRYANT,3,bus,1,Inbound,Inbound,24th St & Mission St,Jackson St & Van Ness Ave,Jackson + Van Ness,100.0,scheduled,Jackson Street,6.998,586.9
27,27,BRYANT,3,bus,1,Inbound,Inbound,24th St & Mission St,Jackson St & Van Ness Ave,Jackson + Van Ness,100.0,scheduled,7th Street,6.975,585.0
27,27,BRYANT,3,bus,1,Inbound,Inbound,24th St & Mission St,Jackson St & Van Ness Ave,Jackson + Van Ness,100.0,scheduled,Valencia Street,5.365,450.0
27,27,BRYANT,3,bus,1,Inbound,Inbound,24th St & Mission St,Jackson St & Van Ness Ave,Jackson + Van Ness,100.0,scheduled,16th Street,5.008,420.0
27,27,BRYANT,3,bus,1,Inbound,Inbound,24th St & Mission St,Jackson St & Van Ness Ave,Jackson + Van Ness,100.0,scheduled,24th Street,2.146,180.0
27,27,BRYANT,3,bus,1,Inbound,Inbound,24th St & Mission St,Jackson St & Van Ness Ave,Jackson + Van Ness,100.0,scheduled,Charles J. Brenham Place,0.894,75.0
27,27,BRYANT,3,bus,1,Inbound,Inbound,24th St & Mission St,Jackson St & Van Ness Ave,Jackson + Van Ness,100.0,scheduled,McAllister Street,0.537,45.0
28,28,19TH AVENUE,3,bus,0,Outbound,Outbound,Powell St & Beach St,Daly City BART Parking Lot E,Daly City BART,99.693,scheduled,19th Avenue,26.758,5430.0
28,28,19TH AVENUE,3,bus,0,Outbound,Outbound,Powell St & Beach St,Daly City BART Parking Lot E,Daly City BART,99.693,scheduled,Presidio Parkway,11.457,2325.0
28,28,19TH AVENUE,3,bus,0,Outbound,Outbound,Powell St & Beach St,Daly City BART Parking Lot E,Daly City BART,99.693,scheduled,Lombard Street,8.868,1799.5
28,28,19TH AVENUE,3,bus,0,Outbound,Outbound,Powell St & Beach St,Daly City BART Parking Lot E,Daly City BART,99.693,scheduled,Veterans Boulevard,8.5,1725.0
28,28,19TH AVENUE,3,bus,0,Outbound,Outbound,Powell St & Beach St,Daly City BART Parking Lot E,Daly City BART,99.693,scheduled,Park Presidio Boulevard,7.17,1455.0
28,28,19TH AVENUE,3,bus,0,Outbound,Outbound,Powell St & Beach St,Daly City BART Parking Lot E,Daly City BART,99.693,scheduled,Junipero Serra Boulevard,6.061,1230.0
28,28,19TH AVENUE,3,bus,0,Outbound,Outbound,Powell St & Beach St,Daly City BART Parking Lot E,Daly City BART,99.693,scheduled,[UNNAMED ROAD],5.853,1187.7
28,28,19TH AVENUE,3,bus,0,Outbound,Outbound,Powell St & Beach St,Daly City BART Parking Lot E,Daly City BART,99.693,scheduled,North Point Street,5.746,1166.4
28,28,19TH AVENUE,3,bus,0,Outbound,Outbound,Powell St & Beach St,Daly City BART Parking Lot E,Daly City BART,99.693,scheduled,Park Presidio Bypass Drive,3.991,810.0
28,28,19TH AVENUE,3,bus,0,Outbound,Outbound,Powell St & Beach St,Daly City BART Parking Lot E,Daly City BART,99.693,scheduled,Crossover Drive,3.4,690.0
28,28,19TH AVENUE,3,bus,0,Outbound,Outbound,Powell St & Beach St,Daly City BART Parking Lot E,Daly City BART,99.693,scheduled,John Daly Boulevard,2.513,510.0
28,28,19TH AVENUE,3,bus,0,Outbound,Outbound,Powell St & Beach St,Daly City BART Parking Lot E,Daly City BART,99.693,scheduled,CA 1,2.217,450.0
28,28,19TH AVENUE,3,bus,0,Outbound,Outbound,Powell St & Beach St,Daly City BART Parking Lot E,Daly City BART,99.693,scheduled,Van Ness Avenue,2.063,418.7
28,28,19TH AVENUE,3,bus,0,Outbound,Outbound,Powell St & Beach St,Daly City BART Parking Lot E,Daly City BART,99.693,scheduled,Richardson Avenue,1.848,375.0
28,28,19TH AVENUE,3,bus,0,Outbound,Outbound,Powell St & Beach St,Daly City BART Parking Lot E,Daly City BART,99.693,scheduled,[OFF-STREET / UNMATCHED],1.847,374.9
28,28,19TH AVENUE,3,bus,0,Outbound,Outbound,Powell St & Beach St,Daly City BART Parking Lot E,Daly City BART,99.693,scheduled,De Long Street,0.518,105.0
28,28,19TH AVENUE,3,bus,0,Outbound,Outbound,Powell St & Beach St,Daly City BART Parking Lot E,Daly City BART,99.693,scheduled,Powell Street,0.516,104.7
28,28,19TH AVENUE,3,bus,0,Outbound,Outbound,Powell St & Beach St,Daly City BART Parking Lot E,Daly City BART,99.693,scheduled,Halleck Street,0.37,75.0
28,28,19TH AVENUE,3,bus,0,Outbound,Outbound,Powell St & Beach St,Daly City BART Parking Lot E,Daly City BART,99.693,scheduled,Girard Road,0.148,30.0
28,28,19TH AVENUE,3,bus,0,Outbound,Outbound,Powell St & Beach St,Daly City BART Parking Lot E,Daly City BART,99.693,scheduled,Los Olivos Avenue,0.148,30.0
28,28,19TH AVENUE,3,bus,0,Outbound,Outbound,Powell St & Beach St,Daly City BART Parking Lot E,Daly City BART,99.693,scheduled,Chestnut Street,0.005,0.9
28,28,19TH AVENUE,3,bus,0,Outbound,Outbound,Powell St & Beach St,Daly City BART Parking Lot E,Daly City BART,99.693,scheduled,Franklin Street,0.002,0.4
28,28,19TH AVENUE,3,bus,0,Outbound,Outbound,Powell St & Beach St,Daly City BART Parking Lot E,Daly City BART,99.693,scheduled,Polk Street,0.002,0.3
28,28,19TH AVENUE,3,bus,1,Inbound,Inbound,Daly City BART Parking Lot E,Powell St & Beach St,Fisherman`s Wharf,98.055,scheduled,19th Avenue,26.547,5349.0
28,28,19TH AVENUE,3,bus,1,Inbound,Inbound,Daly City BART Parking Lot E,Powell St & Beach St,Fisherman`s Wharf,98.055,scheduled,Presidio Parkway,11.531,2353.3
28,28,19TH AVENUE,3,bus,1,Inbound,Inbound,Daly City BART Parking Lot E,Powell St & Beach St,Fisherman`s Wharf,98.055,scheduled,Veterans Boulevard,10.738,2191.5
28,28,19TH AVENUE,3,bus,1,Inbound,Inbound,Daly City BART Parking Lot E,Powell St & Beach St,Fisherman`s Wharf,98.055,scheduled,Lombard Street,8.648,1765.0
28,28,19TH AVENUE,3,bus,1,Inbound,Inbound,Daly City BART Parking Lot E,Powell St & Beach St,Fisherman`s Wharf,98.055,scheduled,Park Presidio Boulevard,7.063,1441.4
28,28,19TH AVENUE,3,bus,1,Inbound,Inbound,Daly City BART Parking Lot E,Powell St & Beach St,Fisherman`s Wharf,98.055,scheduled,[UNNAMED ROAD],6.956,1348.7
28,28,19TH AVENUE,3,bus,1,Inbound,Inbound,Daly City BART Parking Lot E,Powell St & Beach St,Fisherman`s Wharf,98.055,scheduled,North Point Street,6.342,1294.3
28,28,19TH AVENUE,3,bus,1,Inbound,Inbound,Daly City BART Parking Lot E,Powell St & Beach St,Fisherman`s Wharf,98.055,scheduled,Junipero Serra Boulevard,6.258,1125.0
28,28,19TH AVENUE,3,bus,1,Inbound,Inbound,Daly City BART Parking Lot E,Powell St & Beach St,Fisherman`s Wharf,98.055,scheduled,Park Presidio Bypass Drive,3.892,794.2
28,28,19TH AVENUE,3,bus,1,Inbound,Inbound,Daly City BART Parking Lot E,Powell St & Beach St,Fisherman`s Wharf,98.055,scheduled,Crossover Drive,3.315,676.6
28,28,19TH AVENUE,3,bus,1,Inbound,Inbound,Daly City BART Parking Lot E,Powell St & Beach St,Fisherman`s Wharf,98.055,scheduled,Van Ness Avenue,2.018,411.8
28,28,19TH AVENUE,3,bus,1,Inbound,Inbound,Daly City BART Parking Lot E,Powell St & Beach St,Fisherman`s Wharf,98.055,scheduled,Richardson Avenue,1.874,382.4
28,28,19TH AVENUE,3,bus,1,Inbound,Inbound,Daly City BART Parking Lot E,Powell St & Beach St,Fisherman`s Wharf,98.055,scheduled,De Long Street,0.918,165.0
28,28,19TH AVENUE,3,bus,1,Inbound,Inbound,Daly City BART Parking Lot E,Powell St & Beach St,Fisherman`s Wharf,98.055,scheduled,John Daly Boulevard,0.751,135.0
28,28,19TH AVENUE,3,bus,1,Inbound,Inbound,Daly City BART Parking Lot E,Powell St & Beach St,Fisherman`s Wharf,98.055,scheduled,Beach Street,0.692,141.2
28,28,19TH AVENUE,3,bus,1,Inbound,Inbound,Daly City BART Parking Lot E,Powell St & Beach St,Fisherman`s Wharf,98.055,scheduled,[OFF-STREET / UNMATCHED],0.577,117.7
28,28,19TH AVENUE,3,bus,1,Inbound,Inbound,Daly City BART Parking Lot E,Powell St & Beach St,Fisherman`s Wharf,98.055,scheduled,Stockton Street,0.504,103.0
28,28,19TH AVENUE,3,bus,1,Inbound,Inbound,Daly City BART Parking Lot E,Powell St & Beach St,Fisherman`s Wharf,98.055,scheduled,John F Foran Freeway,0.501,90.0
28,28,19TH AVENUE,3,bus,1,Inbound,Inbound,Daly City BART Parking Lot E,Powell St & Beach St,Fisherman`s Wharf,98.055,scheduled,CA 1,0.432,88.2
28,28,19TH AVENUE,3,bus,1,Inbound,Inbound,Daly City BART Parking Lot E,Powell St & Beach St,Fisherman`s Wharf,98.055,scheduled,Halleck Street,0.36,73.5
28,28,19TH AVENUE,3,bus,1,Inbound,Inbound,Daly City BART Parking Lot E,Powell St & Beach St,Fisherman`s Wharf,98.055,scheduled,Hillcrest Drive,0.083,15.0
28R,28R,19TH AVENUE RAPID,3,bus,0,Outbound,Outbound,California St & 7th Ave,Daly City BART Parking Lot E,Daly City BART,100.0,scheduled,19th Avenue,45.629,5445.0
28R,28R,19TH AVENUE RAPID,3,bus,0,Outbound,Outbound,California St & 7th Ave,Daly City BART Parking Lot E,Daly City BART,100.0,scheduled,California Street,10.433,1245.0
28R,28R,19TH AVENUE RAPID,3,bus,0,Outbound,Outbound,California St & 7th Ave,Daly City BART Parking Lot E,Daly City BART,100.0,scheduled,Park Presidio Boulevard,10.433,1245.0
28R,28R,19TH AVENUE RAPID,3,bus,0,Outbound,Outbound,California St & 7th Ave,Daly City BART Parking Lot E,Daly City BART,100.0,scheduled,Junipero Serra Boulevard,10.307,1230.0
28R,28R,19TH AVENUE RAPID,3,bus,0,Outbound,Outbound,California St & 7th Ave,Daly City BART Parking Lot E,Daly City BART,100.0,scheduled,Park Presidio Bypass Drive,6.913,825.0
28R,28R,19TH AVENUE RAPID,3,bus,0,Outbound,Outbound,California St & 7th Ave,Daly City BART Parking Lot E,Daly City BART,100.0,scheduled,Crossover Drive,5.656,675.0
28R,28R,19TH AVENUE RAPID,3,bus,0,Outbound,Outbound,California St & 7th Ave,Daly City BART Parking Lot E,Daly City BART,100.0,scheduled,John Daly Boulevard,4.148,495.0
28R,28R,19TH AVENUE RAPID,3,bus,0,Outbound,Outbound,California St & 7th Ave,Daly City BART Parking Lot E,Daly City BART,100.0,scheduled,[UNNAMED ROAD],3.714,443.2
28R,28R,19TH AVENUE RAPID,3,bus,0,Outbound,Outbound,California St & 7th Ave,Daly City BART Parking Lot E,Daly City BART,100.0,scheduled,De Long Street,1.006,120.0
28R,28R,19TH AVENUE RAPID,3,bus,0,Outbound,Outbound,California St & 7th Ave,Daly City BART Parking Lot E,Daly City BART,100.0,scheduled,Cornwall Street,0.754,90.0
28R,28R,19TH AVENUE RAPID,3,bus,0,Outbound,Outbound,California St & 7th Ave,Daly City BART Parking Lot E,Daly City BART,100.0,scheduled,3rd Avenue,0.503,60.0
28R,28R,19TH AVENUE RAPID,3,bus,0,Outbound,Outbound,California St & 7th Ave,Daly City BART Parking Lot E,Daly City BART,100.0,scheduled,4th Avenue,0.377,45.0
28R,28R,19TH AVENUE RAPID,3,bus,0,Outbound,Outbound,California St & 7th Ave,Daly City BART Parking Lot E,Daly City BART,100.0,scheduled,Los Olivos Avenue,0.126,15.0
28R,28R,19TH AVENUE RAPID,3,bus,1,Inbound,Inbound,Daly City BART Parking Lot E,California St & 7th Ave,California + Sixth Avenue,100.0,scheduled,19th Avenue,50.083,5445.0
28R,28R,19TH AVENUE RAPID,3,bus,1,Inbound,Inbound,Daly City BART Parking Lot E,California St & 7th Ave,California + Sixth Avenue,100.0,scheduled,Park Presidio Boulevard,11.589,1260.0
28R,28R,19TH AVENUE RAPID,3,bus,1,Inbound,Inbound,Daly City BART Parking Lot E,California St & 7th Ave,California + Sixth Avenue,100.0,scheduled,Junipero Serra Boulevard,10.486,1140.0
28R,28R,19TH AVENUE RAPID,3,bus,1,Inbound,Inbound,Daly City BART Parking Lot E,California St & 7th Ave,California + Sixth Avenue,100.0,scheduled,Park Presidio Bypass Drive,7.45,810.0
28R,28R,19TH AVENUE RAPID,3,bus,1,Inbound,Inbound,Daly City BART Parking Lot E,California St & 7th Ave,California + Sixth Avenue,100.0,scheduled,Crossover Drive,6.347,690.0
28R,28R,19TH AVENUE RAPID,3,bus,1,Inbound,Inbound,Daly City BART Parking Lot E,California St & 7th Ave,California + Sixth Avenue,100.0,scheduled,California Street,5.63,612.1
28R,28R,19TH AVENUE RAPID,3,bus,1,Inbound,Inbound,Daly City BART Parking Lot E,California St & 7th Ave,California + Sixth Avenue,100.0,scheduled,[UNNAMED ROAD],4.691,510.0
28R,28R,19TH AVENUE RAPID,3,bus,1,Inbound,Inbound,Daly City BART Parking Lot E,California St & 7th Ave,California + Sixth Avenue,100.0,scheduled,De Long Street,1.518,165.0
28R,28R,19TH AVENUE RAPID,3,bus,1,Inbound,Inbound,Daly City BART Parking Lot E,California St & 7th Ave,California + Sixth Avenue,100.0,scheduled,John Daly Boulevard,1.242,135.0
28R,28R,19TH AVENUE RAPID,3,bus,1,Inbound,Inbound,Daly City BART Parking Lot E,California St & 7th Ave,California + Sixth Avenue,100.0,scheduled,John F Foran Freeway,0.69,75.0
28R,28R,19TH AVENUE RAPID,3,bus,1,Inbound,Inbound,Daly City BART Parking Lot E,California St & 7th Ave,California + Sixth Avenue,100.0,scheduled,Hillcrest Drive,0.276,30.0
29,29,SUNSET,3,bus,0,Outbound,Outbound,Bowley St & Lincoln Blvd,Fitzgerald Ave & Keith St,Paul + Third Street,92.915,scheduled,Sunset Boulevard,18.189,3781.4
29,29,SUNSET,3,bus,0,Outbound,Outbound,Bowley St & Lincoln Blvd,Fitzgerald Ave & Keith St,Paul + Third Street,92.915,scheduled,Mansell Street,11.577,2386.1
29,29,SUNSET,3,bus,0,Outbound,Outbound,Bowley St & Lincoln Blvd,Fitzgerald Ave & Keith St,Paul + Third Street,92.915,scheduled,Ocean Avenue,8.434,1751.8
29,29,SUNSET,3,bus,0,Outbound,Outbound,Bowley St & Lincoln Blvd,Fitzgerald Ave & Keith St,Paul + Third Street,92.915,scheduled,Lincoln Way,8.106,1686.4
29,29,SUNSET,3,bus,0,Outbound,Outbound,Bowley St & Lincoln Blvd,Fitzgerald Ave & Keith St,Paul + Third Street,92.915,scheduled,25th Avenue,7.894,1643.8
29,29,SUNSET,3,bus,0,Outbound,Outbound,Bowley St & Lincoln Blvd,Fitzgerald Ave & Keith St,Paul + Third Street,92.915,scheduled,Crossover Drive,5.524,1149.1
29,29,SUNSET,3,bus,0,Outbound,Outbound,Bowley St & Lincoln Blvd,Fitzgerald Ave & Keith St,Paul + Third Street,92.915,scheduled,Persia Avenue,5.453,1124.0
29,29,SUNSET,3,bus,0,Outbound,Outbound,Bowley St & Lincoln Blvd,Fitzgerald Ave & Keith St,Paul + Third Street,92.915,scheduled,Lake Merced Boulevard,5.323,1106.2
29,29,SUNSET,3,bus,0,Outbound,Outbound,Bowley St & Lincoln Blvd,Fitzgerald Ave & Keith St,Paul + Third Street,92.915,scheduled,Winston Drive,4.613,958.5
29,29,SUNSET,3,bus,0,Outbound,Outbound,Bowley St & Lincoln Blvd,Fitzgerald Ave & Keith St,Paul + Third Street,92.915,scheduled,Garfield Street,3.821,794.0
29,29,SUNSET,3,bus,0,Outbound,Outbound,Bowley St & Lincoln Blvd,Fitzgerald Ave & Keith St,Paul + Third Street,92.915,scheduled,19th Avenue,3.816,793.0
29,29,SUNSET,3,bus,0,Outbound,Outbound,Bowley St & Lincoln Blvd,Fitzgerald Ave & Keith St,Paul + Third Street,92.915,scheduled,Paul Avenue,2.839,585.1
29,29,SUNSET,3,bus,0,Outbound,Outbound,Bowley St & Lincoln Blvd,Fitzgerald Ave & Keith St,Paul + Third Street,92.915,scheduled,Grafton Avenue,2.736,568.6
29,29,SUNSET,3,bus,0,Outbound,Outbound,Bowley St & Lincoln Blvd,Fitzgerald Ave & Keith St,Paul + Third Street,92.915,scheduled,Plymouth Avenue,2.083,432.9
29,29,SUNSET,3,bus,0,Outbound,Outbound,Bowley St & Lincoln Blvd,Fitzgerald Ave & Keith St,Paul + Third Street,92.915,scheduled,Bowley Street,1.802,376.3
29,29,SUNSET,3,bus,0,Outbound,Outbound,Bowley St & Lincoln Blvd,Fitzgerald Ave & Keith St,Paul + Third Street,92.915,scheduled,Holloway Avenue,1.512,314.2
29,29,SUNSET,3,bus,0,Outbound,Outbound,Bowley St & Lincoln Blvd,Fitzgerald Ave & Keith St,Paul + Third Street,92.915,scheduled,San Bruno Avenue,1.382,284.9
29,29,SUNSET,3,bus,0,Outbound,Outbound,Bowley St & Lincoln Blvd,Fitzgerald Ave & Keith St,Paul + Third Street,92.915,scheduled,El Camino del Mar,1.335,278.7
29,29,SUNSET,3,bus,0,Outbound,Outbound,Bowley St & Lincoln Blvd,Fitzgerald Ave & Keith St,Paul + Third Street,92.915,scheduled,Beverly Street,1.147,238.4
29,29,SUNSET,3,bus,0,Outbound,Outbound,Bowley St & Lincoln Blvd,Fitzgerald Ave & Keith St,Paul + Third Street,92.915,scheduled,Crespi Drive,0.577,119.8
29,29,SUNSET,3,bus,0,Outbound,Outbound,Bowley St & Lincoln Blvd,Fitzgerald Ave & Keith St,Paul + Third Street,92.915,scheduled,[UNNAMED ROAD],0.508,105.6
29,29,SUNSET,3,bus,0,Outbound,Outbound,Bowley St & Lincoln Blvd,Fitzgerald Ave & Keith St,Paul + Third Street,92.915,scheduled,37th Avenue,0.505,104.9
29,29,SUNSET,3,bus,0,Outbound,Outbound,Bowley St & Lincoln Blvd,Fitzgerald Ave & Keith St,Paul + Third Street,92.915,scheduled,Keith Street,0.291,60.0
29,29,SUNSET,3,bus,0,Outbound,Outbound,Bowley St & Lincoln Blvd,Fitzgerald Ave & Keith St,Paul + Third Street,92.915,scheduled,Fitzgerald Avenue,0.157,32.5
29,29,SUNSET,3,bus,0,Outbound,Outbound,Bowley St & Lincoln Blvd,Fitzgerald Ave & Keith St,Paul + Third Street,92.915,scheduled,3rd Street,0.146,30.0
29,29,SUNSET,3,bus,0,Outbound,Outbound,Bowley St & Lincoln Blvd,Fitzgerald Ave & Keith St,Paul + Third Street,92.915,scheduled,Varela Avenue,0.139,28.9
29,29,SUNSET,3,bus,0,Outbound,Outbound,Bowley St & Lincoln Blvd,Fitzgerald Ave & Keith St,Paul + Third Street,92.915,scheduled,Serrano Drive,0.072,15.0
29,29,SUNSET,3,bus,0,Outbound,Outbound,Bowley St & Lincoln Blvd,Fitzgerald Ave & Keith St,Paul + Third Street,92.915,scheduled,Alemany Boulevard,0.013,0.6
29,29,SUNSET,3,bus,0,Outbound,Outbound,Bowley St & Lincoln Blvd,Fitzgerald Ave & Keith St,Paul + Third Street,92.915,scheduled,Onondaga Avenue,0.005,0.3
29,29,SUNSET,3,bus,0,Outbound,Outbound,Bowley St & Lincoln Blvd,Fitzgerald Ave & Keith St,Paul + Third Street,92.915,scheduled,Pacheco Street,0.001,0.1
29,29,SUNSET,3,bus,1,Inbound,Inbound,Fitzgerald Ave & Keith St,Bowley St & Lincoln Blvd,Baker Beach,88.48,scheduled,Sunset Boulevard,16.227,3690.0
29,29,SUNSET,3,bus,1,Inbound,Inbound,Fitzgerald Ave & Keith St,Bowley St & Lincoln Blvd,Baker Beach,88.48,scheduled,Mansell Street,10.483,2384.1
29,29,SUNSET,3,bus,1,Inbound,Inbound,Fitzgerald Ave & Keith St,Bowley St & Lincoln Blvd,Baker Beach,88.48,scheduled,Ocean Avenue,7.718,1755.0
29,29,SUNSET,3,bus,1,Inbound,Inbound,Fitzgerald Ave & Keith St,Bowley St & Lincoln Blvd,Baker Beach,88.48,scheduled,25th Avenue,7.582,1726.1
29,29,SUNSET,3,bus,1,Inbound,Inbound,Fitzgerald Ave & Keith St,Bowley St & Lincoln Blvd,Baker Beach,88.48,scheduled,Lincoln Way,7.058,1605.0
29,29,SUNSET,3,bus,1,Inbound,Inbound,Fitzgerald Ave & Keith St,Bowley St & Lincoln Blvd,Baker Beach,88.48,scheduled,Crossover Drive,5.013,1140.0
29,29,SUNSET,3,bus,1,Inbound,Inbound,Fitzgerald Ave & Keith St,Bowley St & Lincoln Blvd,Baker Beach,88.48,scheduled,Persia Avenue,4.947,1125.0
29,29,SUNSET,3,bus,1,Inbound,Inbound,Fitzgerald Ave & Keith St,Bowley St & Lincoln Blvd,Baker Beach,88.48,scheduled,Lake Merced Boulevard,4.881,1110.0
29,29,SUNSET,3,bus,1,Inbound,Inbound,Fitzgerald Ave & Keith St,Bowley St & Lincoln Blvd,Baker Beach,88.48,scheduled,Winston Drive,4.222,960.0
29,29,SUNSET,3,bus,1,Inbound,Inbound,Fitzgerald Ave & Keith St,Bowley St & Lincoln Blvd,Baker Beach,88.48,scheduled,Gilman Avenue,4.209,957.5
29,29,SUNSET,3,bus,1,Inbound,Inbound,Fitzgerald Ave & Keith St,Bowley St & Lincoln Blvd,Baker Beach,88.48,scheduled,Garfield Street,3.826,870.0
29,29,SUNSET,3,bus,1,Inbound,Inbound,Fitzgerald Ave & Keith St,Bowley St & Lincoln Blvd,Baker Beach,88.48,scheduled,19th Avenue,2.836,645.0
29,29,SUNSET,3,bus,1,Inbound,Inbound,Fitzgerald Ave & Keith St,Bowley St & Lincoln Blvd,Baker Beach,88.48,scheduled,Paul Avenue,2.565,583.5
29,29,SUNSET,3,bus,1,Inbound,Inbound,Fitzgerald Ave & Keith St,Bowley St & Lincoln Blvd,Baker Beach,88.48,scheduled,Grafton Avenue,2.507,570.0
29,29,SUNSET,3,bus,1,Inbound,Inbound,Fitzgerald Ave & Keith St,Bowley St & Lincoln Blvd,Baker Beach,88.48,scheduled,Fitzgerald Avenue,2.499,568.5
29,29,SUNSET,3,bus,1,Inbound,Inbound,Fitzgerald Ave & Keith St,Bowley St & Lincoln Blvd,Baker Beach,88.48,scheduled,Lincoln Boulevard,1.913,435.0
29,29,SUNSET,3,bus,1,Inbound,Inbound,Fitzgerald Ave & Keith St,Bowley St & Lincoln Blvd,Baker Beach,88.48,scheduled,Plymouth Avenue,1.913,435.0
29,29,SUNSET,3,bus,1,Inbound,Inbound,Fitzgerald Ave & Keith St,Bowley St & Lincoln Blvd,Baker Beach,88.48,scheduled,El Camino del Mar,1.535,350.5
29,29,SUNSET,3,bus,1,Inbound,Inbound,Fitzgerald Ave & Keith St,Bowley St & Lincoln Blvd,Baker Beach,88.48,scheduled,Ingerson Avenue,1.447,329.1
29,29,SUNSET,3,bus,1,Inbound,Inbound,Fitzgerald Ave & Keith St,Bowley St & Lincoln Blvd,Baker Beach,88.48,scheduled,San Bruno Avenue,1.249,284.3
29,29,SUNSET,3,bus,1,Inbound,Inbound,Fitzgerald Ave & Keith St,Bowley St & Lincoln Blvd,Baker Beach,88.48,scheduled,Holloway Avenue,1.187,270.0
29,29,SUNSET,3,bus,1,Inbound,Inbound,Fitzgerald Ave & Keith St,Bowley St & Lincoln Blvd,Baker Beach,88.48,scheduled,Hawes Street,1.118,254.3
29,29,SUNSET,3,bus,1,Inbound,Inbound,Fitzgerald Ave & Keith St,Bowley St & Lincoln Blvd,Baker Beach,88.48,scheduled,Junipero Serra Boulevard,0.924,210.0
29,29,SUNSET,3,bus,1,Inbound,Inbound,Fitzgerald Ave & Keith St,Bowley St & Lincoln Blvd,Baker Beach,88.48,scheduled,Giants Drive,0.789,179.5
29,29,SUNSET,3,bus,1,Inbound,Inbound,Fitzgerald Ave & Keith St,Bowley St & Lincoln Blvd,Baker Beach,88.48,scheduled,36th Avenue,0.66,150.0
29,29,SUNSET,3,bus,1,Inbound,Inbound,Fitzgerald Ave & Keith St,Bowley St & Lincoln Blvd,Baker Beach,88.48,scheduled,Bowley Street,0.362,84.4
29,29,SUNSET,3,bus,1,Inbound,Inbound,Fitzgerald Ave & Keith St,Bowley St & Lincoln Blvd,Baker Beach,88.48,scheduled,[UNNAMED ROAD],0.33,75.0
30,30,STOCKTON,3,bus,0,Outbound,Outbound,Townsend St & Lusk St,Crissy Field Terminal,The Presidio,58.125,scheduled,Stockton Street,16.361,1125.0
30,30,STOCKTON,3,bus,0,Outbound,Outbound,Townsend St & Lusk St,Crissy Field Terminal,The Presidio,58.125,scheduled,Columbus Avenue,15.925,1095.0
30,30,STOCKTON,3,bus,0,Outbound,Outbound,Townsend St & Lusk St,Crissy Field Terminal,The Presidio,58.125,scheduled,3rd Street,15.308,1171.5
30,30,STOCKTON,3,bus,0,Outbound,Outbound,Townsend St & Lusk St,Crissy Field Terminal,The Presidio,58.125,scheduled,Chestnut Street,14.662,1295.4
30,30,STOCKTON,3,bus,0,Outbound,Outbound,Townsend St & Lusk St,Crissy Field Terminal,The Presidio,58.125,scheduled,North Point Street,8.944,615.0
30,30,STOCKTON,3,bus,0,Outbound,Outbound,Townsend St & Lusk St,Crissy Field Terminal,The Presidio,58.125,scheduled,Mason Street,7.951,718.0
30,30,STOCKTON,3,bus,0,Outbound,Outbound,Townsend St & Lusk St,Crissy Field Terminal,The Presidio,58.125,scheduled,Broderick Street,5.028,445.5
30,30,STOCKTON,3,bus,0,Outbound,Outbound,Townsend St & Lusk St,Crissy Field Terminal,The Presidio,58.125,scheduled,Sutter Street,4.144,285.0
30,30,STOCKTON,3,bus,0,Outbound,Outbound,Townsend St & Lusk St,Crissy Field Terminal,The Presidio,58.125,scheduled,Kearny Street,3.511,240.9
30,30,STOCKTON,3,bus,0,Outbound,Outbound,Townsend St & Lusk St,Crissy Field Terminal,The Presidio,58.125,scheduled,Van Ness Avenue,2.922,243.9
30,30,STOCKTON,3,bus,0,Outbound,Outbound,Townsend St & Lusk St,Crissy Field Terminal,The Presidio,58.125,scheduled,Folsom Street,1.371,58.5
30,30,STOCKTON,3,bus,0,Outbound,Outbound,Townsend St & Lusk St,Crissy Field Terminal,The Presidio,58.125,scheduled,Townsend Street,1.168,101.1
30,30,STOCKTON,3,bus,0,Outbound,Outbound,Townsend St & Lusk St,Crissy Field Terminal,The Presidio,58.125,scheduled,Marina Boulevard,1.163,105.1
30,30,STOCKTON,3,bus,0,Outbound,Outbound,Townsend St & Lusk St,Crissy Field Terminal,The Presidio,58.125,scheduled,Divisadero Street,0.95,77.4
30,30,STOCKTON,3,bus,0,Outbound,Outbound,Townsend St & Lusk St,Crissy Field Terminal,The Presidio,58.125,scheduled,[UNNAMED ROAD],0.319,28.8
30,30,STOCKTON,3,bus,0,Outbound,Outbound,Townsend St & Lusk St,Crissy Field Terminal,The Presidio,58.125,scheduled,Jefferson Street,0.273,22.2
30,30,STOCKTON,3,bus,1,Inbound,Inbound,Crissy Field Terminal,Townsend St & 4th St,Caltrain Depot,58.269,scheduled,Stockton Street,24.865,1566.3
30,30,STOCKTON,3,bus,1,Inbound,Inbound,Crissy Field Terminal,Townsend St & 4th St,Caltrain Depot,58.269,scheduled,Columbus Avenue,17.455,1103.7
30,30,STOCKTON,3,bus,1,Inbound,Inbound,Crissy Field Terminal,Townsend St & 4th St,Caltrain Depot,58.269,scheduled,4th Street,16.364,1159.3
30,30,STOCKTON,3,bus,1,Inbound,Inbound,Crissy Field Terminal,Townsend St & 4th St,Caltrain Depot,58.269,scheduled,Chestnut Street,13.784,1145.9
30,30,STOCKTON,3,bus,1,Inbound,Inbound,Crissy Field Terminal,Townsend St & 4th St,Caltrain Depot,58.269,scheduled,North Point Street,9.748,615.0
30,30,STOCKTON,3,bus,1,Inbound,Inbound,Crissy Field Terminal,Townsend St & 4th St,Caltrain Depot,58.269,scheduled,Mason Street,8.32,734.2
30,30,STOCKTON,3,bus,1,Inbound,Inbound,Crissy Field Terminal,Townsend St & 4th St,Caltrain Depot,58.269,scheduled,Divisadero Street,4.16,367.1
30,30,STOCKTON,3,bus,1,Inbound,Inbound,Crissy Field Terminal,Townsend St & 4th St,Caltrain Depot,58.269,scheduled,Van Ness Avenue,2.7,224.5
30,30,STOCKTON,3,bus,1,Inbound,Inbound,Crissy Field Terminal,Townsend St & 4th St,Caltrain Depot,58.269,scheduled,Marina Boulevard,2.179,192.3
30,30,STOCKTON,3,bus,1,Inbound,Inbound,Crissy Field Terminal,Townsend St & 4th St,Caltrain Depot,58.269,scheduled,Townsend Street,0.313,25.7
30,30,STOCKTON,3,bus,1,Inbound,Inbound,Crissy Field Terminal,Townsend St & 4th St,Caltrain Depot,58.269,scheduled,Folsom Street,0.113,4.4
30X,30X,MARINA EXPRESS,3,bus,1,Inbound,Inbound,Jefferson St & Divisadero St,Hward St&Spear,Spear + Howard,100.0,scheduled,Columbus Avenue,27.731,1755.0
30X,30X,MARINA EXPRESS,3,bus,1,Inbound,Inbound,Jefferson St & Divisadero St,Hward St&Spear,Spear + Howard,100.0,scheduled,Chestnut Street,25.598,1620.0
30X,30X,MARINA EXPRESS,3,bus,1,Inbound,Inbound,Jefferson St & Divisadero St,Hward St&Spear,Spear + Howard,100.0,scheduled,North Point Street,9.718,615.0
30X,30X,MARINA EXPRESS,3,bus,1,Inbound,Inbound,Jefferson St & Divisadero St,Hward St&Spear,Spear + Howard,100.0,scheduled,Divisadero Street,8.296,525.0
30X,30X,MARINA EXPRESS,3,bus,1,Inbound,Inbound,Jefferson St & Divisadero St,Hward St&Spear,Spear + Howard,100.0,scheduled,Beale Street,6.162,390.0
30X,30X,MARINA EXPRESS,3,bus,1,Inbound,Inbound,Jefferson St & Divisadero St,Hward St&Spear,Spear + Howard,100.0,scheduled,California Street,4.977,315.0
30X,30X,MARINA EXPRESS,3,bus,1,Inbound,Inbound,Jefferson St & Divisadero St,Hward St&Spear,Spear + Howard,100.0,scheduled,Van Ness Avenue,4.977,315.0
30X,30X,MARINA EXPRESS,3,bus,1,Inbound,Inbound,Jefferson St & Divisadero St,Hward St&Spear,Spear + Howard,100.0,scheduled,Howard Street,3.535,223.7
30X,30X,MARINA EXPRESS,3,bus,1,Inbound,Inbound,Jefferson St & Divisadero St,Hward St&Spear,Spear + Howard,100.0,scheduled,Sansome Street,3.318,210.0
30X,30X,MARINA EXPRESS,3,bus,1,Inbound,Inbound,Jefferson St & Divisadero St,Hward St&Spear,Spear + Howard,100.0,scheduled,Clay Street,2.133,135.0
30X,30X,MARINA EXPRESS,3,bus,1,Inbound,Inbound,Jefferson St & Divisadero St,Hward St&Spear,Spear + Howard,100.0,scheduled,Davis Street,1.896,120.0
30X,30X,MARINA EXPRESS,3,bus,1,Inbound,Inbound,Jefferson St & Divisadero St,Hward St&Spear,Spear + Howard,100.0,scheduled,Montgomery Street,1.659,105.0
31,31,BALBOA,3,bus,0,Outbound,Outbound,Cyril Magnin St & Market St,Cabrillo St & La Playa St,Ocean Beach,89.091,scheduled,Balboa Street,46.851,4170.0
31,31,BALBOA,3,bus,0,Outbound,Outbound,Cyril Magnin St & Market St,Cabrillo St & La Playa St,Ocean Beach,89.091,scheduled,Eddy Street,17.962,1710.5
31,31,BALBOA,3,bus,0,Outbound,Outbound,Cyril Magnin St & Market St,Cabrillo St & La Playa St,Ocean Beach,89.091,scheduled,Turk Boulevard,15.838,1435.9
31,31,BALBOA,3,bus,0,Outbound,Outbound,Cyril Magnin St & Market St,Cabrillo St & La Playa St,Ocean Beach,89.091,scheduled,Turk Street,9.542,908.7
31,31,BALBOA,3,bus,0,Outbound,Outbound,Cyril Magnin St & Market St,Cabrillo St & La Playa St,Ocean Beach,89.091,scheduled,Cabrillo Street,3.876,345.0
31,31,BALBOA,3,bus,0,Outbound,Outbound,Cyril Magnin St & Market St,Cabrillo St & La Playa St,Ocean Beach,89.091,scheduled,45th Avenue,2.359,210.0
31,31,BALBOA,3,bus,0,Outbound,Outbound,Cyril Magnin St & Market St,Cabrillo St & La Playa St,Ocean Beach,89.091,scheduled,Market Street,1.123,106.9
31,31,BALBOA,3,bus,0,Outbound,Outbound,Cyril Magnin St & Market St,Cabrillo St & La Playa St,Ocean Beach,89.091,scheduled,Divisadero Street,0.982,93.5
31,31,BALBOA,3,bus,0,Outbound,Outbound,Cyril Magnin St & Market St,Cabrillo St & La Playa St,Ocean Beach,89.091,scheduled,Larkin Street,0.982,93.5
31,31,BALBOA,3,bus,0,Outbound,Outbound,Cyril Magnin St & Market St,Cabrillo St & La Playa St,Ocean Beach,89.091,scheduled,La Playa Street,0.484,43.1
31,31,BALBOA,3,bus,1,Inbound,Inbound,Cabrillo St & La Playa St,Cyril Magnin St & Market St,Downtown,89.091,scheduled,Balboa Street,46.542,4170.0
31,31,BALBOA,3,bus,1,Inbound,Inbound,Cabrillo St & La Playa St,Cyril Magnin St & Market St,Downtown,89.091,scheduled,Eddy Street,25.555,2418.8
31,31,BALBOA,3,bus,1,Inbound,Inbound,Cabrillo St & La Playa St,Cyril Magnin St & Market St,Downtown,89.091,scheduled,Turk Boulevard,15.787,1435.9
31,31,BALBOA,3,bus,1,Inbound,Inbound,Cabrillo St & La Playa St,Cyril Magnin St & Market St,Downtown,89.091,scheduled,Cabrillo Street,4.185,375.0
31,31,BALBOA,3,bus,1,Inbound,Inbound,Cabrillo St & La Playa St,Cyril Magnin St & Market St,Downtown,89.091,scheduled,Turk Street,2.824,267.3
31,31,BALBOA,3,bus,1,Inbound,Inbound,Cabrillo St & La Playa St,Cyril Magnin St & Market St,Downtown,89.091,scheduled,45th Avenue,2.344,210.0
31,31,BALBOA,3,bus,1,Inbound,Inbound,Cabrillo St & La Playa St,Cyril Magnin St & Market St,Downtown,89.091,scheduled,Divisadero Street,0.847,80.2
31,31,BALBOA,3,bus,1,Inbound,Inbound,Cabrillo St & La Playa St,Cyril Magnin St & Market St,Downtown,89.091,scheduled,Cyril Magnin Street,0.708,67.0
31,31,BALBOA,3,bus,1,Inbound,Inbound,Cabrillo St & La Playa St,Cyril Magnin St & Market St,Downtown,89.091,scheduled,Masonic Avenue,0.705,44.0
31,31,BALBOA,3,bus,1,Inbound,Inbound,Cabrillo St & La Playa St,Cyril Magnin St & Market St,Downtown,89.091,scheduled,La Playa Street,0.502,45.0
33,33,ASHBURY-18TH ST,3,bus,0,Outbound,Outbound,Sacramento St & Cherry St,25th St & Potrero Ave,Potrero + 25th Street,86.517,scheduled,18th Street,21.576,2250.0
33,33,ASHBURY-18TH ST,3,bus,0,Outbound,Outbound,Sacramento St & Cherry St,25th St & Potrero Ave,Potrero + 25th Street,86.517,scheduled,Potrero Avenue,15.391,1605.0
33,33,ASHBURY-18TH ST,3,bus,0,Outbound,Outbound,Sacramento St & Cherry St,25th St & Potrero Ave,Potrero + 25th Street,86.517,scheduled,Arguello Boulevard,12.083,1260.0
33,33,ASHBURY-18TH ST,3,bus,0,Outbound,Outbound,Sacramento St & Cherry St,25th St & Potrero Ave,Potrero + 25th Street,86.517,scheduled,16th Street,10.357,1080.0
33,33,ASHBURY-18TH ST,3,bus,0,Outbound,Outbound,Sacramento St & Cherry St,25th St & Potrero Ave,Potrero + 25th Street,86.517,scheduled,Ashbury Street,7.911,825.0
33,33,ASHBURY-18TH ST,3,bus,0,Outbound,Outbound,Sacramento St & Cherry St,25th St & Potrero Ave,Potrero + 25th Street,86.517,scheduled,Clayton Street,6.761,705.0
33,33,ASHBURY-18TH ST,3,bus,0,Outbound,Outbound,Sacramento St & Cherry St,25th St & Potrero Ave,Potrero + 25th Street,86.517,scheduled,Stanyan Street,6.041,630.0
33,33,ASHBURY-18TH ST,3,bus,0,Outbound,Outbound,Sacramento St & Cherry St,25th St & Potrero Ave,Potrero + 25th Street,86.517,scheduled,Haight Street,5.754,600.0
33,33,ASHBURY-18TH ST,3,bus,0,Outbound,Outbound,Sacramento St & Cherry St,25th St & Potrero Ave,Potrero + 25th Street,86.517,scheduled,Mission Street,3.308,345.0
33,33,ASHBURY-18TH ST,3,bus,0,Outbound,Outbound,Sacramento St & Cherry St,25th St & Potrero Ave,Potrero + 25th Street,86.517,scheduled,California Street,3.232,337.8
33,33,ASHBURY-18TH ST,3,bus,0,Outbound,Outbound,Sacramento St & Cherry St,25th St & Potrero Ave,Potrero + 25th Street,86.517,scheduled,Fulton Street,3.165,330.0
33,33,ASHBURY-18TH ST,3,bus,0,Outbound,Outbound,Sacramento St & Cherry St,25th St & Potrero Ave,Potrero + 25th Street,86.517,scheduled,Market Street,2.158,225.0
33,33,ASHBURY-18TH ST,3,bus,0,Outbound,Outbound,Sacramento St & Cherry St,25th St & Potrero Ave,Potrero + 25th Street,86.517,scheduled,Maple Street,0.867,90.8
33,33,ASHBURY-18TH ST,3,bus,0,Outbound,Outbound,Sacramento St & Cherry St,25th St & Potrero Ave,Potrero + 25th Street,86.517,scheduled,Sacramento Street,0.867,90.8
33,33,ASHBURY-18TH ST,3,bus,0,Outbound,Outbound,Sacramento St & Cherry St,25th St & Potrero Ave,Potrero + 25th Street,86.517,scheduled,25th Street,0.386,40.3
33,33,ASHBURY-18TH ST,3,bus,0,Outbound,Outbound,Sacramento St & Cherry St,25th St & Potrero Ave,Potrero + 25th Street,86.517,scheduled,[UNNAMED ROAD],0.144,15.0
33,33,ASHBURY-18TH ST,3,bus,1,Inbound,Inbound,25th St & Potrero Ave,Sacramento St & Cherry St,Sacramento + Cherry,86.517,scheduled,18th Street,21.752,2235.0
33,33,ASHBURY-18TH ST,3,bus,1,Inbound,Inbound,25th St & Potrero Ave,Sacramento St & Cherry St,Sacramento + Cherry,86.517,scheduled,Potrero Avenue,13.723,1410.0
33,33,ASHBURY-18TH ST,3,bus,1,Inbound,Inbound,25th St & Potrero Ave,Sacramento St & Cherry St,Sacramento + Cherry,86.517,scheduled,Arguello Boulevard,13.144,1351.0
33,33,ASHBURY-18TH ST,3,bus,1,Inbound,Inbound,25th St & Potrero Ave,Sacramento St & Cherry St,Sacramento + Cherry,86.517,scheduled,16th Street,10.511,1080.0
33,33,ASHBURY-18TH ST,3,bus,1,Inbound,Inbound,25th St & Potrero Ave,Sacramento St & Cherry St,Sacramento + Cherry,86.517,scheduled,Ashbury Street,8.175,840.0
33,33,ASHBURY-18TH ST,3,bus,1,Inbound,Inbound,25th St & Potrero Ave,Sacramento St & Cherry St,Sacramento + Cherry,86.517,scheduled,Clayton Street,6.861,705.0
33,33,ASHBURY-18TH ST,3,bus,1,Inbound,Inbound,25th St & Potrero Ave,Sacramento St & Cherry St,Sacramento + Cherry,86.517,scheduled,Stanyan Street,6.131,630.0
33,33,ASHBURY-18TH ST,3,bus,1,Inbound,Inbound,25th St & Potrero Ave,Sacramento St & Cherry St,Sacramento + Cherry,86.517,scheduled,Haight Street,5.693,585.0
33,33,ASHBURY-18TH ST,3,bus,1,Inbound,Inbound,25th St & Potrero Ave,Sacramento St & Cherry St,Sacramento + Cherry,86.517,scheduled,Mission Street,3.504,360.0
33,33,ASHBURY-18TH ST,3,bus,1,Inbound,Inbound,25th St & Potrero Ave,Sacramento St & Cherry St,Sacramento + Cherry,86.517,scheduled,Fulton Street,3.212,330.0
33,33,ASHBURY-18TH ST,3,bus,1,Inbound,Inbound,25th St & Potrero Ave,Sacramento St & Cherry St,Sacramento + Cherry,86.517,scheduled,Market Street,2.19,225.0
33,33,ASHBURY-18TH ST,3,bus,1,Inbound,Inbound,25th St & Potrero Ave,Sacramento St & Cherry St,Sacramento + Cherry,86.517,scheduled,Sacramento Street,2.038,210.4
33,33,ASHBURY-18TH ST,3,bus,1,Inbound,Inbound,25th St & Potrero Ave,Sacramento St & Cherry St,Sacramento + Cherry,86.517,scheduled,Hampshire Street,1.752,180.0
33,33,ASHBURY-18TH ST,3,bus,1,Inbound,Inbound,25th St & Potrero Ave,Sacramento St & Cherry St,Sacramento + Cherry,86.517,scheduled,24th Street,0.876,90.0
33,33,ASHBURY-18TH ST,3,bus,1,Inbound,Inbound,25th St & Potrero Ave,Sacramento St & Cherry St,Sacramento + Cherry,86.517,scheduled,25th Street,0.292,30.0
33,33,ASHBURY-18TH ST,3,bus,1,Inbound,Inbound,25th St & Potrero Ave,Sacramento St & Cherry St,Sacramento + Cherry,86.517,scheduled,[UNNAMED ROAD],0.146,15.0
35,35,EUREKA,3,bus,0,Outbound,Outbound,Market St & Castro St,Bosworth St & Diamond St,Glen Park BART,100.0,scheduled,Diamond Street,23.963,1196.0
35,35,EUREKA,3,bus,0,Outbound,Outbound,Market St & Castro St,Bosworth St & Diamond St,Glen Park BART,100.0,scheduled,Chenery Street,13.224,660.0
35,35,EUREKA,3,bus,0,Outbound,Outbound,Market St & Castro St,Bosworth St & Diamond St,Glen Park BART,100.0,scheduled,Castro Street,11.12,555.0
35,35,EUREKA,3,bus,0,Outbound,Outbound,Market St & Castro St,Bosworth St & Diamond St,Glen Park BART,100.0,scheduled,Eureka Street,7.213,360.0
35,35,EUREKA,3,bus,0,Outbound,Outbound,Market St & Castro St,Bosworth St & Diamond St,Glen Park BART,100.0,scheduled,Douglass Street,6.912,345.0
35,35,EUREKA,3,bus,0,Outbound,Outbound,Market St & Castro St,Bosworth St & Diamond St,Glen Park BART,100.0,scheduled,Moffitt Street,6.311,315.0
35,35,EUREKA,3,bus,0,Outbound,Outbound,Market St & Castro St,Bosworth St & Diamond St,Glen Park BART,100.0,scheduled,Bemis Street,6.011,300.0
35,35,EUREKA,3,bus,0,Outbound,Outbound,Market St & Castro St,Bosworth St & Diamond St,Glen Park BART,100.0,scheduled,20th Street,5.71,285.0
35,35,EUREKA,3,bus,0,Outbound,Outbound,Market St & Castro St,Bosworth St & Diamond St,Glen Park BART,100.0,scheduled,Farnum Street,4.208,210.0
35,35,EUREKA,3,bus,0,Outbound,Outbound,Market St & Castro St,Bosworth St & Diamond St,Glen Park BART,100.0,scheduled,24th Street,3.907,195.0
35,35,EUREKA,3,bus,0,Outbound,Outbound,Market St & Castro St,Bosworth St & Diamond St,Glen Park BART,100.0,scheduled,Diamond Heights Boulevard,3.005,150.0
35,35,EUREKA,3,bus,0,Outbound,Outbound,Market St & Castro St,Bosworth St & Diamond St,Glen Park BART,100.0,scheduled,Miguel Street,3.005,150.0
35,35,EUREKA,3,bus,0,Outbound,Outbound,Market St & Castro St,Bosworth St & Diamond St,Glen Park BART,100.0,scheduled,Addison Street,2.705,135.0
35,35,EUREKA,3,bus,0,Outbound,Outbound,Market St & Castro St,Bosworth St & Diamond St,Glen Park BART,100.0,scheduled,22nd Street,2.104,105.0
35,35,EUREKA,3,bus,0,Outbound,Outbound,Market St & Castro St,Bosworth St & Diamond St,Glen Park BART,100.0,scheduled,Market Street,0.601,30.0
35,35,EUREKA,3,bus,1,Inbound,Inbound,Bosworth St & Diamond St,Market St & Castro St,Market + Castro,100.0,scheduled,Diamond Street,20.679,1125.0
35,35,EUREKA,3,bus,1,Inbound,Inbound,Bosworth St & Diamond St,Market St & Castro St,Market + Castro,100.0,scheduled,Addison Street,13.786,750.0
35,35,EUREKA,3,bus,1,Inbound,Inbound,Bosworth St & Diamond St,Market St & Castro St,Market + Castro,100.0,scheduled,Eureka Street,12.683,690.0
35,35,EUREKA,3,bus,1,Inbound,Inbound,Bosworth St & Diamond St,Market St & Castro St,Market + Castro,100.0,scheduled,Chenery Street,11.856,645.0
35,35,EUREKA,3,bus,1,Inbound,Inbound,Bosworth St & Diamond St,Market St & Castro St,Market + Castro,100.0,scheduled,24th Street,7.169,390.0
35,35,EUREKA,3,bus,1,Inbound,Inbound,Bosworth St & Diamond St,Market St & Castro St,Market + Castro,100.0,scheduled,Hoffman Avenue,6.617,360.0
35,35,EUREKA,3,bus,1,Inbound,Inbound,Bosworth St & Diamond St,Market St & Castro St,Market + Castro,100.0,scheduled,Market Street,4.6,250.2
35,35,EUREKA,3,bus,1,Inbound,Inbound,Bosworth St & Diamond St,Market St & Castro St,Market + Castro,100.0,scheduled,21st Street,4.412,240.0
35,35,EUREKA,3,bus,1,Inbound,Inbound,Bosworth St & Diamond St,Market St & Castro St,Market + Castro,100.0,scheduled,Wilder Street,3.86,210.0
35,35,EUREKA,3,bus,1,Inbound,Inbound,Bosworth St & Diamond St,Market St & Castro St,Market + Castro,100.0,scheduled,Miguel Street,3.033,165.0
35,35,EUREKA,3,bus,1,Inbound,Inbound,Bosworth St & Diamond St,Market St & Castro St,Market + Castro,100.0,scheduled,Diamond Heights Boulevard,2.757,150.0
35,35,EUREKA,3,bus,1,Inbound,Inbound,Bosworth St & Diamond St,Market St & Castro St,Market + Castro,100.0,scheduled,Arlington Street,2.482,135.0
35,35,EUREKA,3,bus,1,Inbound,Inbound,Bosworth St & Diamond St,Market St & Castro St,Market + Castro,100.0,scheduled,Grand View Avenue,2.482,135.0
35,35,EUREKA,3,bus,1,Inbound,Inbound,Bosworth St & Diamond St,Market St & Castro St,Market + Castro,100.0,scheduled,Bosworth Street,1.93,105.0
35,35,EUREKA,3,bus,1,Inbound,Inbound,Bosworth St & Diamond St,Market St & Castro St,Market + Castro,100.0,scheduled,Bemis Street,1.654,90.0
36,36,TERESITA,3,bus,0,Outbound,Outbound,Laguna Honda Blvd/Forest Hill Sta,Valencia St & Mission St,Valencia + Mission,100.0,scheduled,Teresita Boulevard,20.861,1695.9
36,36,TERESITA,3,bus,0,Outbound,Outbound,Laguna Honda Blvd/Forest Hill Sta,Valencia St & Mission St,Valencia + Mission,100.0,scheduled,Monterey Boulevard,16.051,1305.0
36,36,TERESITA,3,bus,0,Outbound,Outbound,Laguna Honda Blvd/Forest Hill Sta,Valencia St & Mission St,Valencia + Mission,100.0,scheduled,Chenery Street,15.668,1274.1
36,36,TERESITA,3,bus,0,Outbound,Outbound,Laguna Honda Blvd/Forest Hill Sta,Valencia St & Mission St,Valencia + Mission,100.0,scheduled,Myra Way,12.632,1040.4
36,36,TERESITA,3,bus,0,Outbound,Outbound,Laguna Honda Blvd/Forest Hill Sta,Valencia St & Mission St,Valencia + Mission,100.0,scheduled,Woodside Avenue,8.118,660.0
36,36,TERESITA,3,bus,0,Outbound,Outbound,Laguna Honda Blvd/Forest Hill Sta,Valencia St & Mission St,Valencia + Mission,100.0,scheduled,Mission Street,4.968,404.1
36,36,TERESITA,3,bus,0,Outbound,Outbound,Laguna Honda Blvd/Forest Hill Sta,Valencia St & Mission St,Valencia + Mission,100.0,scheduled,30th Street,4.073,330.9
36,36,TERESITA,3,bus,0,Outbound,Outbound,Laguna Honda Blvd/Forest Hill Sta,Valencia St & Mission St,Valencia + Mission,100.0,scheduled,Foerster Street,3.861,314.1
36,36,TERESITA,3,bus,0,Outbound,Outbound,Laguna Honda Blvd/Forest Hill Sta,Valencia St & Mission St,Valencia + Mission,100.0,scheduled,Reposa Way,3.585,295.3
36,36,TERESITA,3,bus,0,Outbound,Outbound,Laguna Honda Blvd/Forest Hill Sta,Valencia St & Mission St,Valencia + Mission,100.0,scheduled,Diamond Street,2.597,210.9
36,36,TERESITA,3,bus,0,Outbound,Outbound,Laguna Honda Blvd/Forest Hill Sta,Valencia St & Mission St,Valencia + Mission,100.0,scheduled,Fowler Avenue,2.583,210.0
36,36,TERESITA,3,bus,0,Outbound,Outbound,Laguna Honda Blvd/Forest Hill Sta,Valencia St & Mission St,Valencia + Mission,100.0,scheduled,Portola Drive,2.398,195.0
36,36,TERESITA,3,bus,0,Outbound,Outbound,Laguna Honda Blvd/Forest Hill Sta,Valencia St & Mission St,Valencia + Mission,100.0,scheduled,Laguna Honda Boulevard,2.214,180.0
36,36,TERESITA,3,bus,0,Outbound,Outbound,Laguna Honda Blvd/Forest Hill Sta,Valencia St & Mission St,Valencia + Mission,100.0,scheduled,Valencia Street,0.392,31.8
36,36,TERESITA,3,bus,1,Inbound,Inbound,Valencia St & Mission St,Laguna Honda Blvd/Forest Hill Sta,Forest Hill Station,100.0,scheduled,Teresita Boulevard,12.968,1933.6
36,36,TERESITA,3,bus,1,Inbound,Inbound,Valencia St & Mission St,Laguna Honda Blvd/Forest Hill Sta,Forest Hill Station,100.0,scheduled,Laguna Honda Boulevard,10.222,1523.9
36,36,TERESITA,3,bus,1,Inbound,Inbound,Valencia St & Mission St,Laguna Honda Blvd/Forest Hill Sta,Forest Hill Station,100.0,scheduled,Monterey Boulevard,8.753,1305.0
36,36,TERESITA,3,bus,1,Inbound,Inbound,Valencia St & Mission St,Laguna Honda Blvd/Forest Hill Sta,Forest Hill Station,100.0,scheduled,Chenery Street,8.652,1290.0
36,36,TERESITA,3,bus,1,Inbound,Inbound,Valencia St & Mission St,Laguna Honda Blvd/Forest Hill Sta,Forest Hill Station,100.0,scheduled,Clarendon Avenue,7.938,1183.6
36,36,TERESITA,3,bus,1,Inbound,Inbound,Valencia St & Mission St,Laguna Honda Blvd/Forest Hill Sta,Forest Hill Station,100.0,scheduled,Warren Drive,7.737,1153.6
36,36,TERESITA,3,bus,1,Inbound,Inbound,Valencia St & Mission St,Laguna Honda Blvd/Forest Hill Sta,Forest Hill Station,100.0,scheduled,Myra Way,6.697,1008.0
36,36,TERESITA,3,bus,1,Inbound,Inbound,Valencia St & Mission St,Laguna Honda Blvd/Forest Hill Sta,Forest Hill Station,100.0,scheduled,Panorama Drive,5.02,748.6
36,36,TERESITA,3,bus,1,Inbound,Inbound,Valencia St & Mission St,Laguna Honda Blvd/Forest Hill Sta,Forest Hill Station,100.0,scheduled,Mission Street,4.829,720.0
36,36,TERESITA,3,bus,1,Inbound,Inbound,Valencia St & Mission St,Laguna Honda Blvd/Forest Hill Sta,Forest Hill Station,100.0,scheduled,Woodside Avenue,4.427,660.0
36,36,TERESITA,3,bus,1,Inbound,Inbound,Valencia St & Mission St,Laguna Honda Blvd/Forest Hill Sta,Forest Hill Station,100.0,scheduled,Skyview Way,3.823,570.0
36,36,TERESITA,3,bus,1,Inbound,Inbound,Valencia St & Mission St,Laguna Honda Blvd/Forest Hill Sta,Forest Hill Station,100.0,scheduled,7th Avenue,2.706,403.6
36,36,TERESITA,3,bus,1,Inbound,Inbound,Valencia St & Mission St,Laguna Honda Blvd/Forest Hill Sta,Forest Hill Station,100.0,scheduled,Olympia Way,2.616,390.0
36,36,TERESITA,3,bus,1,Inbound,Inbound,Valencia St & Mission St,Laguna Honda Blvd/Forest Hill Sta,Forest Hill Station,100.0,scheduled,30th Street,2.314,345.0
36,36,TERESITA,3,bus,1,Inbound,Inbound,Valencia St & Mission St,Laguna Honda Blvd/Forest Hill Sta,Forest Hill Station,100.0,scheduled,Foerster Street,2.012,300.0
36,36,TERESITA,3,bus,1,Inbound,Inbound,Valencia St & Mission St,Laguna Honda Blvd/Forest Hill Sta,Forest Hill Station,100.0,scheduled,Reposa Way,1.81,272.4
36,36,TERESITA,3,bus,1,Inbound,Inbound,Valencia St & Mission St,Laguna Honda Blvd/Forest Hill Sta,Forest Hill Station,100.0,scheduled,Valencia Street,1.71,255.0
36,36,TERESITA,3,bus,1,Inbound,Inbound,Valencia St & Mission St,Laguna Honda Blvd/Forest Hill Sta,Forest Hill Station,100.0,scheduled,Diamond Street,1.509,225.0
36,36,TERESITA,3,bus,1,Inbound,Inbound,Valencia St & Mission St,Laguna Honda Blvd/Forest Hill Sta,Forest Hill Station,100.0,scheduled,Cesar Chavez Street,1.207,180.0
36,36,TERESITA,3,bus,1,Inbound,Inbound,Valencia St & Mission St,Laguna Honda Blvd/Forest Hill Sta,Forest Hill Station,100.0,scheduled,Cityview Way,1.016,151.4
36,36,TERESITA,3,bus,1,Inbound,Inbound,Valencia St & Mission St,Laguna Honda Blvd/Forest Hill Sta,Forest Hill Station,100.0,scheduled,Oak Park Drive,0.714,106.4
36,36,TERESITA,3,bus,1,Inbound,Inbound,Valencia St & Mission St,Laguna Honda Blvd/Forest Hill Sta,Forest Hill Station,100.0,scheduled,Marview Way,0.503,75.0
36,36,TERESITA,3,bus,1,Inbound,Inbound,Valencia St & Mission St,Laguna Honda Blvd/Forest Hill Sta,Forest Hill Station,100.0,scheduled,Portola Drive,0.503,75.0
36,36,TERESITA,3,bus,1,Inbound,Inbound,Valencia St & Mission St,Laguna Honda Blvd/Forest Hill Sta,Forest Hill Station,100.0,scheduled,Lawton Street,0.312,46.4
37,37,CORBETT,3,bus,0,Outbound,Outbound,Masonic Ave & Haight St,Parkridge Dr & Burnett Ave,Twin Peaks,99.319,scheduled,Corbett Avenue,23.041,1958.2
37,37,CORBETT,3,bus,0,Outbound,Outbound,Masonic Ave & Haight St,Parkridge Dr & Burnett Ave,Twin Peaks,99.319,scheduled,Roosevelt Way,12.518,1072.6
37,37,CORBETT,3,bus,0,Outbound,Outbound,Masonic Ave & Haight St,Parkridge Dr & Burnett Ave,Twin Peaks,99.319,scheduled,Cole Street,11.301,968.4
37,37,CORBETT,3,bus,0,Outbound,Outbound,Masonic Ave & Haight St,Parkridge Dr & Burnett Ave,Twin Peaks,99.319,scheduled,Market Street,9.737,834.3
37,37,CORBETT,3,bus,0,Outbound,Outbound,Masonic Ave & Haight St,Parkridge Dr & Burnett Ave,Twin Peaks,99.319,scheduled,14th Street,8.52,730.0
37,37,CORBETT,3,bus,0,Outbound,Outbound,Masonic Ave & Haight St,Parkridge Dr & Burnett Ave,Twin Peaks,99.319,scheduled,Crestline Drive,6.048,509.9
37,37,CORBETT,3,bus,0,Outbound,Outbound,Masonic Ave & Haight St,Parkridge Dr & Burnett Ave,Twin Peaks,99.319,scheduled,Portola Drive,5.518,465.0
37,37,CORBETT,3,bus,0,Outbound,Outbound,Masonic Ave & Haight St,Parkridge Dr & Burnett Ave,Twin Peaks,99.319,scheduled,17th Street,5.216,446.9
37,37,CORBETT,3,bus,0,Outbound,Outbound,Masonic Ave & Haight St,Parkridge Dr & Burnett Ave,Twin Peaks,99.319,scheduled,Haight Street,3.825,327.8
37,37,CORBETT,3,bus,0,Outbound,Outbound,Masonic Ave & Haight St,Parkridge Dr & Burnett Ave,Twin Peaks,99.319,scheduled,Parkridge Drive,3.204,270.0
37,37,CORBETT,3,bus,0,Outbound,Outbound,Masonic Ave & Haight St,Parkridge Dr & Burnett Ave,Twin Peaks,99.319,scheduled,Burnett Avenue,3.07,258.6
37,37,CORBETT,3,bus,0,Outbound,Outbound,Masonic Ave & Haight St,Parkridge Dr & Burnett Ave,Twin Peaks,99.319,scheduled,Carmel Street,2.608,223.5
37,37,CORBETT,3,bus,0,Outbound,Outbound,Masonic Ave & Haight St,Parkridge Dr & Burnett Ave,Twin Peaks,99.319,scheduled,Waller Street,1.739,149.0
37,37,CORBETT,3,bus,0,Outbound,Outbound,Masonic Ave & Haight St,Parkridge Dr & Burnett Ave,Twin Peaks,99.319,scheduled,Ashbury Street,1.217,104.3
37,37,CORBETT,3,bus,0,Outbound,Outbound,Masonic Ave & Haight St,Parkridge Dr & Burnett Ave,Twin Peaks,99.319,scheduled,Clayton Street,1.043,89.4
37,37,CORBETT,3,bus,0,Outbound,Outbound,Masonic Ave & Haight St,Parkridge Dr & Burnett Ave,Twin Peaks,99.319,scheduled,Masonic Avenue,1.043,89.4
37,37,CORBETT,3,bus,0,Outbound,Outbound,Masonic Ave & Haight St,Parkridge Dr & Burnett Ave,Twin Peaks,99.319,scheduled,Church Street,0.348,29.8
37,37,CORBETT,3,bus,0,Outbound,Outbound,Masonic Ave & Haight St,Parkridge Dr & Burnett Ave,Twin Peaks,99.319,scheduled,Clipper Street,0.004,0.1
37,37,CORBETT,3,bus,1,Inbound,Inbound,Parkridge Dr & Burnett Ave,Masonic Ave & Haight St,Masonic + Haight,100.0,scheduled,Corbett Avenue,25.218,1950.0
37,37,CORBETT,3,bus,1,Inbound,Inbound,Parkridge Dr & Burnett Ave,Masonic Ave & Haight St,Masonic + Haight,100.0,scheduled,Roosevelt Way,13.967,1080.0
37,37,CORBETT,3,bus,1,Inbound,Inbound,Parkridge Dr & Burnett Ave,Masonic Ave & Haight St,Masonic + Haight,100.0,scheduled,Cole Street,11.445,885.0
37,37,CORBETT,3,bus,1,Inbound,Inbound,Parkridge Dr & Burnett Ave,Masonic Ave & Haight St,Masonic + Haight,100.0,scheduled,Market Street,10.863,840.0
37,37,CORBETT,3,bus,1,Inbound,Inbound,Parkridge Dr & Burnett Ave,Masonic Ave & Haight St,Masonic + Haight,100.0,scheduled,14th Street,9.505,735.0
37,37,CORBETT,3,bus,1,Inbound,Inbound,Parkridge Dr & Burnett Ave,Masonic Ave & Haight St,Masonic + Haight,100.0,scheduled,Haight Street,6.207,480.0
37,37,CORBETT,3,bus,1,Inbound,Inbound,Parkridge Dr & Burnett Ave,Masonic Ave & Haight St,Masonic + Haight,100.0,scheduled,Portola Drive,6.013,465.0
37,37,CORBETT,3,bus,1,Inbound,Inbound,Parkridge Dr & Burnett Ave,Masonic Ave & Haight St,Masonic + Haight,100.0,scheduled,17th Street,5.819,450.0
37,37,CORBETT,3,bus,1,Inbound,Inbound,Parkridge Dr & Burnett Ave,Masonic Ave & Haight St,Masonic + Haight,100.0,scheduled,Burnett Avenue,5.237,405.0
37,37,CORBETT,3,bus,1,Inbound,Inbound,Parkridge Dr & Burnett Ave,Masonic Ave & Haight St,Masonic + Haight,100.0,scheduled,15th Street,2.328,180.0
37,37,CORBETT,3,bus,1,Inbound,Inbound,Parkridge Dr & Burnett Ave,Masonic Ave & Haight St,Masonic + Haight,100.0,scheduled,Church Street,2.328,180.0
37,37,CORBETT,3,bus,1,Inbound,Inbound,Parkridge Dr & Burnett Ave,Masonic Ave & Haight St,Masonic + Haight,100.0,scheduled,Eureka Street,0.776,60.0
37,37,CORBETT,3,bus,1,Inbound,Inbound,Parkridge Dr & Burnett Ave,Masonic Ave & Haight St,Masonic + Haight,100.0,scheduled,Clipper Street,0.194,15.0
37,37,CORBETT,3,bus,1,Inbound,Inbound,Parkridge Dr & Burnett Ave,Masonic Ave & Haight St,Masonic + Haight,100.0,scheduled,Masonic Avenue,0.1,7.7
38,38,GEARY,3,bus,0,Outbound,Outbound,Transit Center Bay D,Geary Blvd & 32nd Ave,Balboa + 33rd Avenue,39.139,scheduled,Geary Boulevard,83.498,8530.4
38,38,GEARY,3,bus,0,Outbound,Outbound,Transit Center Bay D,Geary Blvd & 32nd Ave,Balboa + 33rd Avenue,39.139,scheduled,Market Street,5.733,585.0
38,38,GEARY,3,bus,0,Outbound,Outbound,Transit Center Bay D,Geary Blvd & 32nd Ave,Balboa + 33rd Avenue,39.139,scheduled,Fremont Street,3.234,330.0
38,38,GEARY,3,bus,0,Outbound,Outbound,Transit Center Bay D,Geary Blvd & 32nd Ave,Balboa + 33rd Avenue,39.139,scheduled,33rd Avenue,1.658,164.4
38,38,GEARY,3,bus,0,Outbound,Outbound,Transit Center Bay D,Geary Blvd & 32nd Ave,Balboa + 33rd Avenue,39.139,scheduled,32nd Avenue,1.646,163.2
38,38,GEARY,3,bus,0,Outbound,Outbound,Transit Center Bay D,Geary Blvd & 32nd Ave,Balboa + 33rd Avenue,39.139,scheduled,Fort Miley Circle,1.133,124.2
38,38,GEARY,3,bus,0,Outbound,Outbound,Transit Center Bay D,Geary Blvd & 32nd Ave,Balboa + 33rd Avenue,39.139,scheduled,Point Lobos Avenue,1.089,118.5
38,38,GEARY,3,bus,0,Outbound,Outbound,Transit Center Bay D,Geary Blvd & 32nd Ave,Balboa + 33rd Avenue,39.139,scheduled,42nd Avenue,0.844,87.6
38,38,GEARY,3,bus,0,Outbound,Outbound,Transit Center Bay D,Geary Blvd & 32nd Ave,Balboa + 33rd Avenue,39.139,scheduled,Balboa Street,0.415,41.1
38,38,GEARY,3,bus,0,Outbound,Outbound,Transit Center Bay D,Geary Blvd & 32nd Ave,Balboa + 33rd Avenue,39.139,scheduled,[UNNAMED ROAD],0.294,30.0
38,38,GEARY,3,bus,0,Outbound,Outbound,Transit Center Bay D,Geary Blvd & 32nd Ave,Balboa + 33rd Avenue,39.139,scheduled,48th Avenue,0.169,18.5
38,38,GEARY,3,bus,0,Outbound,Outbound,Transit Center Bay D,Geary Blvd & 32nd Ave,Balboa + 33rd Avenue,39.139,scheduled,Natoma Street,0.147,15.0
38,38,GEARY,3,bus,0,Outbound,Outbound,Transit Center Bay D,Geary Blvd & 32nd Ave,Balboa + 33rd Avenue,39.139,scheduled,43rd Avenue,0.14,16.2
38,38,GEARY,3,bus,1,Inbound,Inbound,Geary Blvd & 32nd Ave,Transit Center Bay D,Transit Center,39.337,scheduled,Geary Boulevard,66.094,6691.1
38,38,GEARY,3,bus,1,Inbound,Inbound,Geary Blvd & 32nd Ave,Transit Center Bay D,Transit Center,39.337,scheduled,O'Farrell Street,16.143,1620.0
38,38,GEARY,3,bus,1,Inbound,Inbound,Geary Blvd & 32nd Ave,Transit Center Bay D,Transit Center,39.337,scheduled,Market Street,8.968,900.0
38,38,GEARY,3,bus,1,Inbound,Inbound,Geary Blvd & 32nd Ave,Transit Center Bay D,Transit Center,39.337,scheduled,Beale Street,3.288,330.0
38,38,GEARY,3,bus,1,Inbound,Inbound,Geary Blvd & 32nd Ave,Transit Center Bay D,Transit Center,39.337,scheduled,Fort Miley Circle,2.399,264.0
38,38,GEARY,3,bus,1,Inbound,Inbound,Geary Blvd & 32nd Ave,Transit Center Bay D,Transit Center,39.337,scheduled,Starr King Way,1.943,195.0
38,38,GEARY,3,bus,1,Inbound,Inbound,Geary Blvd & 32nd Ave,Transit Center Bay D,Transit Center,39.337,scheduled,43rd Avenue,0.746,82.1
38,38,GEARY,3,bus,1,Inbound,Inbound,Geary Blvd & 32nd Ave,Transit Center Bay D,Transit Center,39.337,scheduled,[UNNAMED ROAD],0.386,38.9
38,38,GEARY,3,bus,1,Inbound,Inbound,Geary Blvd & 32nd Ave,Transit Center Bay D,Transit Center,39.337,scheduled,32nd Avenue,0.01,0.9
38,38,GEARY,3,bus,1,Inbound,Inbound,Geary Blvd & 32nd Ave,Transit Center Bay D,Transit Center,39.337,scheduled,Clement Street,0.008,0.7
38,38,GEARY,3,bus,1,Inbound,Inbound,Geary Blvd & 32nd Ave,Transit Center Bay D,Transit Center,39.337,scheduled,2nd Avenue,0.007,0.5
38,38,GEARY,3,bus,1,Inbound,Inbound,Geary Blvd & 32nd Ave,Transit Center Bay D,Transit Center,39.337,scheduled,Arguello Boulevard,0.005,0.3
38,38,GEARY,3,bus,1,Inbound,Inbound,Geary Blvd & 32nd Ave,Transit Center Bay D,Transit Center,39.337,scheduled,30th Avenue,0.002,0.2
38R,38R,GEARY RAPID,3,bus,0,Outbound,Outbound,Transit Center Bay C,48th Ave & Point Lobos Ave,48th Avenue,100.0,scheduled,Geary Boulevard,84.551,8880.0
38R,38R,GEARY RAPID,3,bus,0,Outbound,Outbound,Transit Center Bay C,48th Ave & Point Lobos Ave,48th Avenue,100.0,scheduled,Market Street,5.57,585.0
38R,38R,GEARY RAPID,3,bus,0,Outbound,Outbound,Transit Center Bay C,48th Ave & Point Lobos Ave,48th Avenue,100.0,scheduled,Point Lobos Avenue,5.427,570.0
38R,38R,GEARY RAPID,3,bus,0,Outbound,Outbound,Transit Center Bay C,48th Ave & Point Lobos Ave,48th Avenue,100.0,scheduled,Fremont Street,2.999,315.0
38R,38R,GEARY RAPID,3,bus,0,Outbound,Outbound,Transit Center Bay C,48th Ave & Point Lobos Ave,48th Avenue,100.0,scheduled,48th Avenue,0.881,92.6
38R,38R,GEARY RAPID,3,bus,0,Outbound,Outbound,Transit Center Bay C,48th Ave & Point Lobos Ave,48th Avenue,100.0,scheduled,[UNNAMED ROAD],0.428,45.0
38R,38R,GEARY RAPID,3,bus,0,Outbound,Outbound,Transit Center Bay C,48th Ave & Point Lobos Ave,48th Avenue,100.0,scheduled,Natoma Street,0.143,15.0
38R,38R,GEARY RAPID,3,bus,1,Inbound,Inbound,48th Ave & Point Lobos Ave,Transit Center Bay C,Transit Center,100.0,scheduled,Geary Boulevard,70.938,7500.0
38R,38R,GEARY RAPID,3,bus,1,Inbound,Inbound,48th Ave & Point Lobos Ave,Transit Center Bay C,Transit Center,100.0,scheduled,O'Farrell Street,15.464,1635.0
38R,38R,GEARY RAPID,3,bus,1,Inbound,Inbound,48th Ave & Point Lobos Ave,Transit Center Bay C,Transit Center,100.0,scheduled,Market Street,8.371,885.0
38R,38R,GEARY RAPID,3,bus,1,Inbound,Inbound,48th Ave & Point Lobos Ave,Transit Center Bay C,Transit Center,100.0,scheduled,Beale Street,3.121,330.0
38R,38R,GEARY RAPID,3,bus,1,Inbound,Inbound,48th Ave & Point Lobos Ave,Transit Center Bay C,Transit Center,100.0,scheduled,Starr King Way,1.844,195.0
38R,38R,GEARY RAPID,3,bus,1,Inbound,Inbound,48th Ave & Point Lobos Ave,Transit Center Bay C,Transit Center,100.0,scheduled,[UNNAMED ROAD],0.261,27.6
39,39,COIT,3,bus,0,Outbound,Outbound,North Point St & Stockton St,Coit Tower,Coit Tower,100.0,scheduled,Powell Street,30.294,900.0
39,39,COIT,3,bus,0,Outbound,Outbound,North Point St & Stockton St,Coit Tower,Coit Tower,100.0,scheduled,The Embarcadero,16.157,480.0
39,39,COIT,3,bus,0,Outbound,Outbound,North Point St & Stockton St,Coit Tower,Coit Tower,100.0,scheduled,Telegraph Hill Boulevard,15.681,465.8
39,39,COIT,3,bus,0,Outbound,Outbound,North Point St & Stockton St,Coit Tower,Coit Tower,100.0,scheduled,Stockton Street,10.603,315.0
39,39,COIT,3,bus,0,Outbound,Outbound,North Point St & Stockton St,Coit Tower,Coit Tower,100.0,scheduled,North Point Street,10.098,300.0
39,39,COIT,3,bus,0,Outbound,Outbound,North Point St & Stockton St,Coit Tower,Coit Tower,100.0,scheduled,Lombard Street,9.593,285.0
39,39,COIT,3,bus,0,Outbound,Outbound,North Point St & Stockton St,Coit Tower,Coit Tower,100.0,scheduled,Union Street,4.544,135.0
39,39,COIT,3,bus,0,Outbound,Outbound,North Point St & Stockton St,Coit Tower,Coit Tower,100.0,scheduled,Columbus Avenue,2.02,60.0
39,39,COIT,3,bus,0,Outbound,Outbound,North Point St & Stockton St,Coit Tower,Coit Tower,100.0,scheduled,Filbert Street,1.01,30.0
39,39,COIT,3,bus,1,Inbound,Inbound,Coit Tower,North Point St & Stockton St,Fisherman`s Wharf,100.0,scheduled,Union Street,33.37,945.0
39,39,COIT,3,bus,1,Inbound,Inbound,Coit Tower,North Point St & Stockton St,Fisherman`s Wharf,100.0,scheduled,Powell Street,23.306,660.0
39,39,COIT,3,bus,1,Inbound,Inbound,Coit Tower,North Point St & Stockton St,Fisherman`s Wharf,100.0,scheduled,Telegraph Hill Boulevard,14.302,405.0
39,39,COIT,3,bus,1,Inbound,Inbound,Coit Tower,North Point St & Stockton St,Fisherman`s Wharf,100.0,scheduled,Stockton Street,11.123,315.0
39,39,COIT,3,bus,1,Inbound,Inbound,Coit Tower,North Point St & Stockton St,Fisherman`s Wharf,100.0,scheduled,Lombard Street,10.064,285.0
39,39,COIT,3,bus,1,Inbound,Inbound,Coit Tower,North Point St & Stockton St,Fisherman`s Wharf,100.0,scheduled,North Point Street,4.656,131.9
39,39,COIT,3,bus,1,Inbound,Inbound,Coit Tower,North Point St & Stockton St,Fisherman`s Wharf,100.0,scheduled,Columbus Avenue,3.178,90.0
43,43,MASONIC,3,bus,0,Outbound,Outbound,Marina Blvd & Laguna St,Munich St & Geneva Ave,Munich + Geneva,100.0,scheduled,Geneva Avenue,9.158,1755.0
43,43,MASONIC,3,bus,0,Outbound,Outbound,Marina Blvd & Laguna St,Munich St & Geneva Ave,Munich + Geneva,100.0,scheduled,Lombard Street,8.532,1635.0
43,43,MASONIC,3,bus,0,Outbound,Outbound,Marina Blvd & Laguna St,Munich St & Geneva Ave,Munich + Geneva,100.0,scheduled,Laguna Honda Boulevard,8.453,1620.0
43,43,MASONIC,3,bus,0,Outbound,Outbound,Marina Blvd & Laguna St,Munich St & Geneva Ave,Munich + Geneva,100.0,scheduled,Masonic Avenue,7.201,1380.0
43,43,MASONIC,3,bus,0,Outbound,Outbound,Marina Blvd & Laguna St,Munich St & Geneva Ave,Munich + Geneva,100.0,scheduled,Parnassus Avenue,5.792,1110.0
43,43,MASONIC,3,bus,0,Outbound,Outbound,Marina Blvd & Laguna St,Munich St & Geneva Ave,Munich + Geneva,100.0,scheduled,Presidio Boulevard,5.636,1080.0
43,43,MASONIC,3,bus,0,Outbound,Outbound,Marina Blvd & Laguna St,Munich St & Geneva Ave,Munich + Geneva,100.0,scheduled,Presidio Avenue,5.401,1035.0
43,43,MASONIC,3,bus,0,Outbound,Outbound,Marina Blvd & Laguna St,Munich St & Geneva Ave,Munich + Geneva,100.0,scheduled,Lincoln Boulevard,3.835,735.0
43,43,MASONIC,3,bus,0,Outbound,Outbound,Marina Blvd & Laguna St,Munich St & Geneva Ave,Munich + Geneva,100.0,scheduled,Miraloma Drive,3.835,735.0
43,43,MASONIC,3,bus,0,Outbound,Outbound,Marina Blvd & Laguna St,Munich St & Geneva Ave,Munich + Geneva,100.0,scheduled,Frida Kahlo Way,3.053,585.0
43,43,MASONIC,3,bus,0,Outbound,Outbound,Marina Blvd & Laguna St,Munich St & Geneva Ave,Munich + Geneva,100.0,scheduled,Monterey Boulevard,2.896,555.0
43,43,MASONIC,3,bus,0,Outbound,Outbound,Marina Blvd & Laguna St,Munich St & Geneva Ave,Munich + Geneva,100.0,scheduled,Cole Street,2.74,525.0
43,43,MASONIC,3,bus,0,Outbound,Outbound,Marina Blvd & Laguna St,Munich St & Geneva Ave,Munich + Geneva,100.0,scheduled,Laguna Street,2.74,525.0
43,43,MASONIC,3,bus,0,Outbound,Outbound,Marina Blvd & Laguna St,Munich St & Geneva Ave,Munich + Geneva,100.0,scheduled,Haight Street,2.505,480.0
43,43,MASONIC,3,bus,0,Outbound,Outbound,Marina Blvd & Laguna St,Munich St & Geneva Ave,Munich + Geneva,100.0,scheduled,Portola Drive,2.505,480.0
43,43,MASONIC,3,bus,0,Outbound,Outbound,Marina Blvd & Laguna St,Munich St & Geneva Ave,Munich + Geneva,100.0,scheduled,Naples Street,2.192,420.0
43,43,MASONIC,3,bus,0,Outbound,Outbound,Marina Blvd & Laguna St,Munich St & Geneva Ave,Munich + Geneva,100.0,scheduled,7th Avenue,2.113,405.0
43,43,MASONIC,3,bus,0,Outbound,Outbound,Marina Blvd & Laguna St,Munich St & Geneva Ave,Munich + Geneva,100.0,scheduled,9th Avenue,2.113,405.0
43,43,MASONIC,3,bus,0,Outbound,Outbound,Marina Blvd & Laguna St,Munich St & Geneva Ave,Munich + Geneva,100.0,scheduled,Letterman Drive,2.113,405.0
43,43,MASONIC,3,bus,0,Outbound,Outbound,Marina Blvd & Laguna St,Munich St & Geneva Ave,Munich + Geneva,100.0,scheduled,Judah Street,1.957,375.0
43,43,MASONIC,3,bus,0,Outbound,Outbound,Marina Blvd & Laguna St,Munich St & Geneva Ave,Munich + Geneva,100.0,scheduled,Yerba Buena Avenue,1.957,375.0
43,43,MASONIC,3,bus,0,Outbound,Outbound,Marina Blvd & Laguna St,Munich St & Geneva Ave,Munich + Geneva,100.0,scheduled,Gennessee Street,1.879,360.0
43,43,MASONIC,3,bus,0,Outbound,Outbound,Marina Blvd & Laguna St,Munich St & Geneva Ave,Munich + Geneva,100.0,scheduled,Chicago Way,1.8,345.0
43,43,MASONIC,3,bus,0,Outbound,Outbound,Marina Blvd & Laguna St,Munich St & Geneva Ave,Munich + Geneva,100.0,scheduled,South Hill Boulevard,1.409,270.0
43,43,MASONIC,3,bus,0,Outbound,Outbound,Marina Blvd & Laguna St,Munich St & Geneva Ave,Munich + Geneva,100.0,scheduled,Plymouth Avenue,1.252,240.0
43,43,MASONIC,3,bus,0,Outbound,Outbound,Marina Blvd & Laguna St,Munich St & Geneva Ave,Munich + Geneva,100.0,scheduled,Prague Street,1.174,225.0
43,43,MASONIC,3,bus,0,Outbound,Outbound,Marina Blvd & Laguna St,Munich St & Geneva Ave,Munich + Geneva,100.0,scheduled,Lawton Street,1.018,195.0
43,43,MASONIC,3,bus,0,Outbound,Outbound,Marina Blvd & Laguna St,Munich St & Geneva Ave,Munich + Geneva,100.0,scheduled,Cordova Street,0.861,165.0
43,43,MASONIC,3,bus,0,Outbound,Outbound,Marina Blvd & Laguna St,Munich St & Geneva Ave,Munich + Geneva,100.0,scheduled,Curtis Street,0.704,135.0
43,43,MASONIC,3,bus,0,Outbound,Outbound,Marina Blvd & Laguna St,Munich St & Geneva Ave,Munich + Geneva,100.0,scheduled,Geary Boulevard,0.704,135.0
43,43,MASONIC,3,bus,0,Outbound,Outbound,Marina Blvd & Laguna St,Munich St & Geneva Ave,Munich + Geneva,100.0,scheduled,Graham Street,0.626,120.0
43,43,MASONIC,3,bus,0,Outbound,Outbound,Marina Blvd & Laguna St,Munich St & Geneva Ave,Munich + Geneva,100.0,scheduled,Halleck Street,0.626,120.0
43,43,MASONIC,3,bus,0,Outbound,Outbound,Marina Blvd & Laguna St,Munich St & Geneva Ave,Munich + Geneva,100.0,scheduled,Judson Avenue,0.548,105.0
43,43,MASONIC,3,bus,0,Outbound,Outbound,Marina Blvd & Laguna St,Munich St & Geneva Ave,Munich + Geneva,100.0,scheduled,French Court,0.47,90.0
43,43,MASONIC,3,bus,0,Outbound,Outbound,Marina Blvd & Laguna St,Munich St & Geneva Ave,Munich + Geneva,100.0,scheduled,Munich Street,0.124,23.8
43,43,MASONIC,3,bus,0,Outbound,Outbound,Marina Blvd & Laguna St,Munich St & Geneva Ave,Munich + Geneva,100.0,scheduled,Marina Boulevard,0.078,15.0
43,43,MASONIC,3,bus,1,Inbound,Inbound,Munich St & Geneva Ave,Marina Blvd & Laguna St,Fort Mason,100.0,scheduled,Geneva Avenue,9.061,1800.0
43,43,MASONIC,3,bus,1,Inbound,Inbound,Munich St & Geneva Ave,Marina Blvd & Laguna St,Fort Mason,100.0,scheduled,Lombard Street,8.23,1635.0
43,43,MASONIC,3,bus,1,Inbound,Inbound,Munich St & Geneva Ave,Marina Blvd & Laguna St,Fort Mason,100.0,scheduled,Laguna Honda Boulevard,8.155,1620.0
43,43,MASONIC,3,bus,1,Inbound,Inbound,Munich St & Geneva Ave,Marina Blvd & Laguna St,Fort Mason,100.0,scheduled,Masonic Avenue,7.022,1395.0
43,43,MASONIC,3,bus,1,Inbound,Inbound,Munich St & Geneva Ave,Marina Blvd & Laguna St,Fort Mason,100.0,scheduled,Parnassus Avenue,5.587,1110.0
43,43,MASONIC,3,bus,1,Inbound,Inbound,Munich St & Geneva Ave,Marina Blvd & Laguna St,Fort Mason,100.0,scheduled,Presidio Boulevard,5.436,1080.0
43,43,MASONIC,3,bus,1,Inbound,Inbound,Munich St & Geneva Ave,Marina Blvd & Laguna St,Fort Mason,100.0,scheduled,Presidio Avenue,5.285,1050.0
43,43,MASONIC,3,bus,1,Inbound,Inbound,Munich St & Geneva Ave,Marina Blvd & Laguna St,Fort Mason,100.0,scheduled,Monterey Boulevard,3.851,765.0
43,43,MASONIC,3,bus,1,Inbound,Inbound,Munich St & Geneva Ave,Marina Blvd & Laguna St,Fort Mason,100.0,scheduled,Lincoln Boulevard,3.7,735.0
43,43,MASONIC,3,bus,1,Inbound,Inbound,Munich St & Geneva Ave,Marina Blvd & Laguna St,Fort Mason,100.0,scheduled,Miraloma Drive,3.7,735.0
43,43,MASONIC,3,bus,1,Inbound,Inbound,Munich St & Geneva Ave,Marina Blvd & Laguna St,Fort Mason,100.0,scheduled,Frida Kahlo Way,2.945,585.0
43,43,MASONIC,3,bus,1,Inbound,Inbound,Munich St & Geneva Ave,Marina Blvd & Laguna St,Fort Mason,100.0,scheduled,Cole Street,2.643,525.0
43,43,MASONIC,3,bus,1,Inbound,Inbound,Munich St & Geneva Ave,Marina Blvd & Laguna St,Fort Mason,100.0,scheduled,Haight Street,2.416,480.0
43,43,MASONIC,3,bus,1,Inbound,Inbound,Munich St & Geneva Ave,Marina Blvd & Laguna St,Fort Mason,100.0,scheduled,Portola Drive,2.341,465.0
43,43,MASONIC,3,bus,1,Inbound,Inbound,Munich St & Geneva Ave,Marina Blvd & Laguna St,Fort Mason,100.0,scheduled,7th Avenue,2.039,405.0
43,43,MASONIC,3,bus,1,Inbound,Inbound,Munich St & Geneva Ave,Marina Blvd & Laguna St,Fort Mason,100.0,scheduled,9th Avenue,2.039,405.0
43,43,MASONIC,3,bus,1,Inbound,Inbound,Munich St & Geneva Ave,Marina Blvd & Laguna St,Fort Mason,100.0,scheduled,Letterman Drive,2.039,405.0
43,43,MASONIC,3,bus,1,Inbound,Inbound,Munich St & Geneva Ave,Marina Blvd & Laguna St,Fort Mason,100.0,scheduled,Naples Street,1.963,390.0
43,43,MASONIC,3,bus,1,Inbound,Inbound,Munich St & Geneva Ave,Marina Blvd & Laguna St,Fort Mason,100.0,scheduled,Yerba Buena Avenue,1.963,390.0
43,43,MASONIC,3,bus,1,Inbound,Inbound,Munich St & Geneva Ave,Marina Blvd & Laguna St,Fort Mason,100.0,scheduled,Judah Street,1.888,375.0
43,43,MASONIC,3,bus,1,Inbound,Inbound,Munich St & Geneva Ave,Marina Blvd & Laguna St,Fort Mason,100.0,scheduled,Chicago Way,1.737,345.0
43,43,MASONIC,3,bus,1,Inbound,Inbound,Munich St & Geneva Ave,Marina Blvd & Laguna St,Fort Mason,100.0,scheduled,Foerster Street,1.737,345.0
43,43,MASONIC,3,bus,1,Inbound,Inbound,Munich St & Geneva Ave,Marina Blvd & Laguna St,Fort Mason,100.0,scheduled,Judson Avenue,1.586,315.0
43,43,MASONIC,3,bus,1,Inbound,Inbound,Munich St & Geneva Ave,Marina Blvd & Laguna St,Fort Mason,100.0,scheduled,Laguna Street,1.586,315.0
43,43,MASONIC,3,bus,1,Inbound,Inbound,Munich St & Geneva Ave,Marina Blvd & Laguna St,Fort Mason,100.0,scheduled,Munich Street,1.435,285.0
43,43,MASONIC,3,bus,1,Inbound,Inbound,Munich St & Geneva Ave,Marina Blvd & Laguna St,Fort Mason,100.0,scheduled,Cordova Street,1.208,240.0
43,43,MASONIC,3,bus,1,Inbound,Inbound,Munich St & Geneva Ave,Marina Blvd & Laguna St,Fort Mason,100.0,scheduled,Plymouth Avenue,1.133,225.0
43,43,MASONIC,3,bus,1,Inbound,Inbound,Munich St & Geneva Ave,Marina Blvd & Laguna St,Fort Mason,100.0,scheduled,Buchanan Street,1.057,210.0
43,43,MASONIC,3,bus,1,Inbound,Inbound,Munich St & Geneva Ave,Marina Blvd & Laguna St,Fort Mason,100.0,scheduled,Lawton Street,0.982,195.0
43,43,MASONIC,3,bus,1,Inbound,Inbound,Munich St & Geneva Ave,Marina Blvd & Laguna St,Fort Mason,100.0,scheduled,South Hill Boulevard,0.982,195.0
43,43,MASONIC,3,bus,1,Inbound,Inbound,Munich St & Geneva Ave,Marina Blvd & Laguna St,Fort Mason,100.0,scheduled,Bay Street,0.755,150.0
43,43,MASONIC,3,bus,1,Inbound,Inbound,Munich St & Geneva Ave,Marina Blvd & Laguna St,Fort Mason,100.0,scheduled,Marina Boulevard,0.635,126.2
43,43,MASONIC,3,bus,1,Inbound,Inbound,Munich St & Geneva Ave,Marina Blvd & Laguna St,Fort Mason,100.0,scheduled,Geary Boulevard,0.604,120.0
43,43,MASONIC,3,bus,1,Inbound,Inbound,Munich St & Geneva Ave,Marina Blvd & Laguna St,Fort Mason,100.0,scheduled,Halleck Street,0.604,120.0
43,43,MASONIC,3,bus,1,Inbound,Inbound,Munich St & Geneva Ave,Marina Blvd & Laguna St,Fort Mason,100.0,scheduled,French Court,0.529,105.0
43,43,MASONIC,3,bus,1,Inbound,Inbound,Munich St & Geneva Ave,Marina Blvd & Laguna St,Fort Mason,100.0,scheduled,Graham Street,0.529,105.0
43,43,MASONIC,3,bus,1,Inbound,Inbound,Munich St & Geneva Ave,Marina Blvd & Laguna St,Fort Mason,100.0,scheduled,Ocean Avenue,0.302,60.0
43,43,MASONIC,3,bus,1,Inbound,Inbound,Munich St & Geneva Ave,Marina Blvd & Laguna St,Fort Mason,100.0,scheduled,Prague Street,0.302,60.0
44,44,O'SHAUGHNESSY,3,bus,0,Outbound,Outbound,California St & 6th Ave,Hudson Ave & 3rd St,Bayview District - Hudson & Newhall,89.138,scheduled,Silver Avenue,23.548,3525.0
44,44,O'SHAUGHNESSY,3,bus,0,Outbound,Outbound,California St & 6th Ave,Hudson Ave & 3rd St,Bayview District - Hudson & Newhall,89.138,scheduled,O'Shaughnessy Boulevard,9.466,1591.1
44,44,O'SHAUGHNESSY,3,bus,0,Outbound,Outbound,California St & 6th Ave,Hudson Ave & 3rd St,Bayview District - Hudson & Newhall,89.138,scheduled,Palou Avenue,6.89,1021.6
44,44,O'SHAUGHNESSY,3,bus,0,Outbound,Outbound,California St & 6th Ave,Hudson Ave & 3rd St,Bayview District - Hudson & Newhall,89.138,scheduled,Laguna Honda Boulevard,5.807,976.1
44,44,O'SHAUGHNESSY,3,bus,0,Outbound,Outbound,California St & 6th Ave,Hudson Ave & 3rd St,Bayview District - Hudson & Newhall,89.138,scheduled,6th Avenue,5.648,949.3
44,44,O'SHAUGHNESSY,3,bus,0,Outbound,Outbound,California St & 6th Ave,Hudson Ave & 3rd St,Bayview District - Hudson & Newhall,89.138,scheduled,Evans Avenue,5.436,808.4
44,44,O'SHAUGHNESSY,3,bus,0,Outbound,Outbound,California St & 6th Ave,Hudson Ave & 3rd St,Bayview District - Hudson & Newhall,89.138,scheduled,Bosworth Street,5.27,862.5
44,44,O'SHAUGHNESSY,3,bus,0,Outbound,Outbound,California St & 6th Ave,Hudson Ave & 3rd St,Bayview District - Hudson & Newhall,89.138,scheduled,9th Avenue,4.693,788.9
44,44,O'SHAUGHNESSY,3,bus,0,Outbound,Outbound,California St & 6th Ave,Hudson Ave & 3rd St,Bayview District - Hudson & Newhall,89.138,scheduled,Woodside Avenue,3.5,588.3
44,44,O'SHAUGHNESSY,3,bus,0,Outbound,Outbound,California St & 6th Ave,Hudson Ave & 3rd St,Bayview District - Hudson & Newhall,89.138,scheduled,Middle Point Road,2.728,405.0
44,44,O'SHAUGHNESSY,3,bus,0,Outbound,Outbound,California St & 6th Ave,Hudson Ave & 3rd St,Bayview District - Hudson & Newhall,89.138,scheduled,California Street,2.545,427.9
44,44,O'SHAUGHNESSY,3,bus,0,Outbound,Outbound,California St & 6th Ave,Hudson Ave & 3rd St,Bayview District - Hudson & Newhall,89.138,scheduled,Hagiwara Tea Garden Drive,2.545,427.9
44,44,O'SHAUGHNESSY,3,bus,0,Outbound,Outbound,California St & 6th Ave,Hudson Ave & 3rd St,Bayview District - Hudson & Newhall,89.138,scheduled,Martin Luther King Junior Drive,2.545,427.9
44,44,O'SHAUGHNESSY,3,bus,0,Outbound,Outbound,California St & 6th Ave,Hudson Ave & 3rd St,Bayview District - Hudson & Newhall,89.138,scheduled,Hudson Avenue,2.271,338.1
44,44,O'SHAUGHNESSY,3,bus,0,Outbound,Outbound,California St & 6th Ave,Hudson Ave & 3rd St,Bayview District - Hudson & Newhall,89.138,scheduled,7th Avenue,2.148,361.0
44,44,O'SHAUGHNESSY,3,bus,0,Outbound,Outbound,California St & 6th Ave,Hudson Ave & 3rd St,Bayview District - Hudson & Newhall,89.138,scheduled,Newhall Street,1.738,256.6
44,44,O'SHAUGHNESSY,3,bus,0,Outbound,Outbound,California St & 6th Ave,Hudson Ave & 3rd St,Bayview District - Hudson & Newhall,89.138,scheduled,Lyell Street,1.71,255.2
44,44,O'SHAUGHNESSY,3,bus,0,Outbound,Outbound,California St & 6th Ave,Hudson Ave & 3rd St,Bayview District - Hudson & Newhall,89.138,scheduled,8th Avenue,1.511,254.0
44,44,O'SHAUGHNESSY,3,bus,0,Outbound,Outbound,California St & 6th Ave,Hudson Ave & 3rd St,Bayview District - Hudson & Newhall,89.138,scheduled,Whitney Young Circle,1.435,211.6
44,44,O'SHAUGHNESSY,3,bus,0,Outbound,Outbound,California St & 6th Ave,Hudson Ave & 3rd St,Bayview District - Hudson & Newhall,89.138,scheduled,Ingalls Street,1.414,210.0
44,44,O'SHAUGHNESSY,3,bus,0,Outbound,Outbound,California St & 6th Ave,Hudson Ave & 3rd St,Bayview District - Hudson & Newhall,89.138,scheduled,Alemany Boulevard,1.392,208.9
44,44,O'SHAUGHNESSY,3,bus,0,Outbound,Outbound,California St & 6th Ave,Hudson Ave & 3rd St,Bayview District - Hudson & Newhall,89.138,scheduled,Newcomb Avenue,1.192,178.4
44,44,O'SHAUGHNESSY,3,bus,0,Outbound,Outbound,California St & 6th Ave,Hudson Ave & 3rd St,Bayview District - Hudson & Newhall,89.138,scheduled,Keith Street,1.112,165.0
44,44,O'SHAUGHNESSY,3,bus,0,Outbound,Outbound,California St & 6th Ave,Hudson Ave & 3rd St,Bayview District - Hudson & Newhall,89.138,scheduled,Cabrillo Street,1.034,173.8
44,44,O'SHAUGHNESSY,3,bus,0,Outbound,Outbound,California St & 6th Ave,Hudson Ave & 3rd St,Bayview District - Hudson & Newhall,89.138,scheduled,Lawton Street,0.955,160.4
44,44,O'SHAUGHNESSY,3,bus,0,Outbound,Outbound,California St & 6th Ave,Hudson Ave & 3rd St,Bayview District - Hudson & Newhall,89.138,scheduled,Cornwall Street,0.557,93.6
44,44,O'SHAUGHNESSY,3,bus,0,Outbound,Outbound,California St & 6th Ave,Hudson Ave & 3rd St,Bayview District - Hudson & Newhall,89.138,scheduled,John F. Kennedy Promenade,0.398,66.9
44,44,O'SHAUGHNESSY,3,bus,0,Outbound,Outbound,California St & 6th Ave,Hudson Ave & 3rd St,Bayview District - Hudson & Newhall,89.138,scheduled,3rd Avenue,0.239,40.1
44,44,O'SHAUGHNESSY,3,bus,0,Outbound,Outbound,California St & 6th Ave,Hudson Ave & 3rd St,Bayview District - Hudson & Newhall,89.138,scheduled,4th Avenue,0.159,26.7
44,44,O'SHAUGHNESSY,3,bus,0,Outbound,Outbound,California St & 6th Ave,Hudson Ave & 3rd St,Bayview District - Hudson & Newhall,89.138,scheduled,[UNNAMED ROAD],0.08,13.4
44,44,O'SHAUGHNESSY,3,bus,0,Outbound,Outbound,California St & 6th Ave,Hudson Ave & 3rd St,Bayview District - Hudson & Newhall,89.138,scheduled,San Bruno Avenue,0.027,1.4
44,44,O'SHAUGHNESSY,3,bus,0,Outbound,Outbound,California St & 6th Ave,Hudson Ave & 3rd St,Bayview District - Hudson & Newhall,89.138,scheduled,Bacon Street,0.004,0.2
44,44,O'SHAUGHNESSY,3,bus,0,Outbound,Outbound,California St & 6th Ave,Hudson Ave & 3rd St,Bayview District - Hudson & Newhall,89.138,scheduled,Girard Street,0.004,0.2
44,44,O'SHAUGHNESSY,3,bus,1,Inbound,Inbound,Hudson Ave & 3rd St,California St & 6th Ave,California + 6th Ave,90.496,scheduled,Silver Avenue,23.474,3540.0
44,44,O'SHAUGHNESSY,3,bus,1,Inbound,Inbound,Hudson Ave & 3rd St,California St & 6th Ave,California + 6th Ave,90.496,scheduled,O'Shaughnessy Boulevard,9.758,1601.8
44,44,O'SHAUGHNESSY,3,bus,1,Inbound,Inbound,Hudson Ave & 3rd St,California St & 6th Ave,California + 6th Ave,90.496,scheduled,Palou Avenue,6.764,1020.0
44,44,O'SHAUGHNESSY,3,bus,1,Inbound,Inbound,Hudson Ave & 3rd St,California St & 6th Ave,California + 6th Ave,90.496,scheduled,Evans Avenue,6.366,960.0
44,44,O'SHAUGHNESSY,3,bus,1,Inbound,Inbound,Hudson Ave & 3rd St,California St & 6th Ave,California + 6th Ave,90.496,scheduled,Laguna Honda Boulevard,5.954,977.4
44,44,O'SHAUGHNESSY,3,bus,1,Inbound,Inbound,Hudson Ave & 3rd St,California St & 6th Ave,California + 6th Ave,90.496,scheduled,6th Avenue,5.898,968.1
44,44,O'SHAUGHNESSY,3,bus,1,Inbound,Inbound,Hudson Ave & 3rd St,California St & 6th Ave,California + 6th Ave,90.496,scheduled,Bosworth Street,5.493,892.3
44,44,O'SHAUGHNESSY,3,bus,1,Inbound,Inbound,Hudson Ave & 3rd St,California St & 6th Ave,California + 6th Ave,90.496,scheduled,9th Avenue,4.796,787.3
44,44,O'SHAUGHNESSY,3,bus,1,Inbound,Inbound,Hudson Ave & 3rd St,California St & 6th Ave,California + 6th Ave,90.496,scheduled,Woodside Avenue,3.721,610.8
44,44,O'SHAUGHNESSY,3,bus,1,Inbound,Inbound,Hudson Ave & 3rd St,California St & 6th Ave,California + 6th Ave,90.496,scheduled,Music Concourse Drive,2.812,461.5
44,44,O'SHAUGHNESSY,3,bus,1,Inbound,Inbound,Hudson Ave & 3rd St,California St & 6th Ave,California + 6th Ave,90.496,scheduled,Middle Point Road,2.686,405.0
44,44,O'SHAUGHNESSY,3,bus,1,Inbound,Inbound,Hudson Ave & 3rd St,California St & 6th Ave,California + 6th Ave,90.496,scheduled,Alemany Boulevard,2.387,360.0
44,44,O'SHAUGHNESSY,3,bus,1,Inbound,Inbound,Hudson Ave & 3rd St,California St & 6th Ave,California + 6th Ave,90.496,scheduled,7th Avenue,2.233,366.5
44,44,O'SHAUGHNESSY,3,bus,1,Inbound,Inbound,Hudson Ave & 3rd St,California St & 6th Ave,California + 6th Ave,90.496,scheduled,Martin Luther King Junior Drive,1.902,312.2
44,44,O'SHAUGHNESSY,3,bus,1,Inbound,Inbound,Hudson Ave & 3rd St,California St & 6th Ave,California + 6th Ave,90.496,scheduled,Hudson Avenue,1.89,285.0
44,44,O'SHAUGHNESSY,3,bus,1,Inbound,Inbound,Hudson Ave & 3rd St,California St & 6th Ave,California + 6th Ave,90.496,scheduled,3rd Street,1.79,270.0
44,44,O'SHAUGHNESSY,3,bus,1,Inbound,Inbound,Hudson Ave & 3rd St,California St & 6th Ave,California + 6th Ave,90.496,scheduled,8th Avenue,1.571,257.9
44,44,O'SHAUGHNESSY,3,bus,1,Inbound,Inbound,Hudson Ave & 3rd St,California St & 6th Ave,California + 6th Ave,90.496,scheduled,Whitney Young Circle,1.492,225.0
44,44,O'SHAUGHNESSY,3,bus,1,Inbound,Inbound,Hudson Ave & 3rd St,California St & 6th Ave,California + 6th Ave,90.496,scheduled,Ingalls Street,1.393,210.0
44,44,O'SHAUGHNESSY,3,bus,1,Inbound,Inbound,Hudson Ave & 3rd St,California St & 6th Ave,California + 6th Ave,90.496,scheduled,Keith Street,1.094,165.0
44,44,O'SHAUGHNESSY,3,bus,1,Inbound,Inbound,Hudson Ave & 3rd St,California St & 6th Ave,California + 6th Ave,90.496,scheduled,Cabrillo Street,1.075,176.5
44,44,O'SHAUGHNESSY,3,bus,1,Inbound,Inbound,Hudson Ave & 3rd St,California St & 6th Ave,California + 6th Ave,90.496,scheduled,Lawton Street,1.075,176.5
44,44,O'SHAUGHNESSY,3,bus,1,Inbound,Inbound,Hudson Ave & 3rd St,California St & 6th Ave,California + 6th Ave,90.496,scheduled,Newcomb Avenue,0.995,150.0
44,44,O'SHAUGHNESSY,3,bus,1,Inbound,Inbound,Hudson Ave & 3rd St,California St & 6th Ave,California + 6th Ave,90.496,scheduled,Lyell Street,0.796,120.0
44,44,O'SHAUGHNESSY,3,bus,1,Inbound,Inbound,Hudson Ave & 3rd St,California St & 6th Ave,California + 6th Ave,90.496,scheduled,Still Street,0.796,120.0
44,44,O'SHAUGHNESSY,3,bus,1,Inbound,Inbound,Hudson Ave & 3rd St,California St & 6th Ave,California + 6th Ave,90.496,scheduled,Rousseau Street,0.696,105.0
44,44,O'SHAUGHNESSY,3,bus,1,Inbound,Inbound,Hudson Ave & 3rd St,California St & 6th Ave,California + 6th Ave,90.496,scheduled,John F. Kennedy Promenade,0.413,67.9
44,44,O'SHAUGHNESSY,3,bus,1,Inbound,Inbound,Hudson Ave & 3rd St,California St & 6th Ave,California + 6th Ave,90.496,scheduled,Wilder Street,0.235,20.0
44,44,O'SHAUGHNESSY,3,bus,1,Inbound,Inbound,Hudson Ave & 3rd St,California St & 6th Ave,California + 6th Ave,90.496,scheduled,[UNNAMED ROAD],0.199,30.0
44,44,O'SHAUGHNESSY,3,bus,1,Inbound,Inbound,Hudson Ave & 3rd St,California St & 6th Ave,California + 6th Ave,90.496,scheduled,Arlington Street,0.151,12.8
44,44,O'SHAUGHNESSY,3,bus,1,Inbound,Inbound,Hudson Ave & 3rd St,California St & 6th Ave,California + 6th Ave,90.496,scheduled,Diamond Street,0.096,8.2
45,45,UNION-STOCKTON,3,bus,0,Outbound,Outbound,Townsend St & Lusk St,Lyon St & Greenwich St,Lyon + Greenwich,86.768,scheduled,Union Street,46.062,2859.9
45,45,UNION-STOCKTON,3,bus,0,Outbound,Outbound,Townsend St & Lusk St,Lyon St & Greenwich St,Lyon + Greenwich,86.768,scheduled,3rd Street,18.461,1221.2
45,45,UNION-STOCKTON,3,bus,0,Outbound,Outbound,Townsend St & Lusk St,Lyon St & Greenwich St,Lyon + Greenwich,86.768,scheduled,Stockton Street,15.022,1067.2
45,45,UNION-STOCKTON,3,bus,0,Outbound,Outbound,Townsend St & Lusk St,Lyon St & Greenwich St,Lyon + Greenwich,86.768,scheduled,Townsend Street,5.68,375.8
45,45,UNION-STOCKTON,3,bus,0,Outbound,Outbound,Townsend St & Lusk St,Lyon St & Greenwich St,Lyon + Greenwich,86.768,scheduled,Baker Street,4.961,204.3
45,45,UNION-STOCKTON,3,bus,0,Outbound,Outbound,Townsend St & Lusk St,Lyon St & Greenwich St,Lyon + Greenwich,86.768,scheduled,Sutter Street,3.523,248.2
45,45,UNION-STOCKTON,3,bus,0,Outbound,Outbound,Townsend St & Lusk St,Lyon St & Greenwich St,Lyon + Greenwich,86.768,scheduled,Kearny Street,3.246,214.7
45,45,UNION-STOCKTON,3,bus,0,Outbound,Outbound,Townsend St & Lusk St,Lyon St & Greenwich St,Lyon + Greenwich,86.768,scheduled,Greenwich Street,3.045,125.9
45,45,UNION-STOCKTON,3,bus,1,Inbound,Inbound,Lyon St & Greenwich St,Townsend St & Lusk St,Caltrain Depot,91.947,scheduled,Union Street,47.731,3064.8
45,45,UNION-STOCKTON,3,bus,1,Inbound,Inbound,Lyon St & Greenwich St,Townsend St & Lusk St,Caltrain Depot,91.947,scheduled,Stockton Street,19.795,1434.4
45,45,UNION-STOCKTON,3,bus,1,Inbound,Inbound,Lyon St & Greenwich St,Townsend St & Lusk St,Caltrain Depot,91.947,scheduled,4th Street,9.898,717.2
45,45,UNION-STOCKTON,3,bus,1,Inbound,Inbound,Lyon St & Greenwich St,Townsend St & Lusk St,Caltrain Depot,91.947,scheduled,5th Street,7.233,524.1
45,45,UNION-STOCKTON,3,bus,1,Inbound,Inbound,Lyon St & Greenwich St,Townsend St & Lusk St,Caltrain Depot,91.947,scheduled,Townsend Street,5.344,387.2
45,45,UNION-STOCKTON,3,bus,1,Inbound,Inbound,Lyon St & Greenwich St,Townsend St & Lusk St,Caltrain Depot,91.947,scheduled,Lyon Street,4.481,210.0
45,45,UNION-STOCKTON,3,bus,1,Inbound,Inbound,Lyon St & Greenwich St,Townsend St & Lusk St,Caltrain Depot,91.947,scheduled,Harrison Street,3.616,262.0
45,45,UNION-STOCKTON,3,bus,1,Inbound,Inbound,Lyon St & Greenwich St,Townsend St & Lusk St,Caltrain Depot,91.947,scheduled,Columbus Avenue,1.903,137.9
48,48,QUINTARA-24TH STREET,3,bus,0,Outbound,Outbound,22nd St & Iowa St,Lower Great Hwy & Rivera St,Great Highway,84.748,scheduled,24th Street,22.095,2505.4
48,48,QUINTARA-24TH STREET,3,bus,0,Outbound,Outbound,22nd St & Iowa St,Lower Great Hwy & Rivera St,Great Highway,84.748,scheduled,Quintara Street,18.059,2392.7
48,48,QUINTARA-24TH STREET,3,bus,0,Outbound,Outbound,22nd St & Iowa St,Lower Great Hwy & Rivera St,Great Highway,84.748,scheduled,Portola Drive,13.078,1789.9
48,48,QUINTARA-24TH STREET,3,bus,0,Outbound,Outbound,22nd St & Iowa St,Lower Great Hwy & Rivera St,Great Highway,84.748,scheduled,Clipper Street,6.728,920.9
48,48,QUINTARA-24TH STREET,3,bus,0,Outbound,Outbound,22nd St & Iowa St,Lower Great Hwy & Rivera St,Great Highway,84.748,scheduled,Pennsylvania Avenue,4.942,560.2
48,48,QUINTARA-24TH STREET,3,bus,0,Outbound,Outbound,22nd St & Iowa St,Lower Great Hwy & Rivera St,Great Highway,84.748,scheduled,25th Street,4.422,501.2
48,48,QUINTARA-24TH STREET,3,bus,0,Outbound,Outbound,22nd St & Iowa St,Lower Great Hwy & Rivera St,Great Highway,84.748,scheduled,Kansas Street,3.771,427.5
48,48,QUINTARA-24TH STREET,3,bus,0,Outbound,Outbound,22nd St & Iowa St,Lower Great Hwy & Rivera St,Great Highway,84.748,scheduled,26th Street,3.121,353.8
48,48,QUINTARA-24TH STREET,3,bus,0,Outbound,Outbound,22nd St & Iowa St,Lower Great Hwy & Rivera St,Great Highway,84.748,scheduled,Ulloa Street,3.045,407.5
48,48,QUINTARA-24TH STREET,3,bus,0,Outbound,Outbound,22nd St & Iowa St,Lower Great Hwy & Rivera St,Great Highway,84.748,scheduled,14th Avenue,2.797,370.4
48,48,QUINTARA-24TH STREET,3,bus,0,Outbound,Outbound,22nd St & Iowa St,Lower Great Hwy & Rivera St,Great Highway,84.748,scheduled,17th Avenue,2.797,370.4
48,48,QUINTARA-24TH STREET,3,bus,0,Outbound,Outbound,22nd St & Iowa St,Lower Great Hwy & Rivera St,Great Highway,84.748,scheduled,23rd Street,2.211,250.6
48,48,QUINTARA-24TH STREET,3,bus,0,Outbound,Outbound,22nd St & Iowa St,Lower Great Hwy & Rivera St,Great Highway,84.748,scheduled,Santiago Street,1.898,251.4
48,48,QUINTARA-24TH STREET,3,bus,0,Outbound,Outbound,22nd St & Iowa St,Lower Great Hwy & Rivera St,Great Highway,84.748,scheduled,Castro Street,1.706,233.5
48,48,QUINTARA-24TH STREET,3,bus,0,Outbound,Outbound,22nd St & Iowa St,Lower Great Hwy & Rivera St,Great Highway,84.748,scheduled,Rivera Street,1.564,207.5
48,48,QUINTARA-24TH STREET,3,bus,0,Outbound,Outbound,22nd St & Iowa St,Lower Great Hwy & Rivera St,Great Highway,84.748,scheduled,Great Highway,1.38,183.3
48,48,QUINTARA-24TH STREET,3,bus,0,Outbound,Outbound,22nd St & Iowa St,Lower Great Hwy & Rivera St,Great Highway,84.748,scheduled,Sunset Boulevard,1.363,181.3
48,48,QUINTARA-24TH STREET,3,bus,0,Outbound,Outbound,22nd St & Iowa St,Lower Great Hwy & Rivera St,Great Highway,84.748,scheduled,39th Avenue,1.276,168.9
48,48,QUINTARA-24TH STREET,3,bus,0,Outbound,Outbound,22nd St & Iowa St,Lower Great Hwy & Rivera St,Great Highway,84.748,scheduled,Utah Street,1.17,132.7
48,48,QUINTARA-24TH STREET,3,bus,0,Outbound,Outbound,22nd St & Iowa St,Lower Great Hwy & Rivera St,Great Highway,84.748,scheduled,Wisconsin Street,1.04,117.9
48,48,QUINTARA-24TH STREET,3,bus,0,Outbound,Outbound,22nd St & Iowa St,Lower Great Hwy & Rivera St,Great Highway,84.748,scheduled,22nd Street,0.78,88.4
48,48,QUINTARA-24TH STREET,3,bus,0,Outbound,Outbound,22nd St & Iowa St,Lower Great Hwy & Rivera St,Great Highway,84.748,scheduled,Claremont Boulevard,0.663,90.8
48,48,QUINTARA-24TH STREET,3,bus,0,Outbound,Outbound,22nd St & Iowa St,Lower Great Hwy & Rivera St,Great Highway,84.748,scheduled,[UNNAMED ROAD],0.093,12.7
48,48,QUINTARA-24TH STREET,3,bus,1,Inbound,Inbound,Lower Great Hwy & Rivera St,22nd St & Iowa St,22nd St + Iowa St,87.716,scheduled,24th Street,19.93,2653.6
48,48,QUINTARA-24TH STREET,3,bus,1,Inbound,Inbound,Lower Great Hwy & Rivera St,22nd St & Iowa St,22nd St + Iowa St,87.716,scheduled,Quintara Street,14.536,2199.5
48,48,QUINTARA-24TH STREET,3,bus,1,Inbound,Inbound,Lower Great Hwy & Rivera St,22nd St & Iowa St,22nd St + Iowa St,87.716,scheduled,Portola Drive,12.031,1816.5
48,48,QUINTARA-24TH STREET,3,bus,1,Inbound,Inbound,Lower Great Hwy & Rivera St,22nd St & Iowa St,22nd St + Iowa St,87.716,scheduled,23rd Street,5.686,753.6
48,48,QUINTARA-24TH STREET,3,bus,1,Inbound,Inbound,Lower Great Hwy & Rivera St,22nd St & Iowa St,22nd St + Iowa St,87.716,scheduled,Clipper Street,5.181,782.2
48,48,QUINTARA-24TH STREET,3,bus,1,Inbound,Inbound,Lower Great Hwy & Rivera St,22nd St & Iowa St,22nd St + Iowa St,87.716,scheduled,22nd Street,4.494,599.0
48,48,QUINTARA-24TH STREET,3,bus,1,Inbound,Inbound,Lower Great Hwy & Rivera St,22nd St & Iowa St,22nd St + Iowa St,87.716,scheduled,Pennsylvania Avenue,4.282,569.9
48,48,QUINTARA-24TH STREET,3,bus,1,Inbound,Inbound,Lower Great Hwy & Rivera St,22nd St & Iowa St,22nd St + Iowa St,87.716,scheduled,25th Street,3.92,523.2
48,48,QUINTARA-24TH STREET,3,bus,1,Inbound,Inbound,Lower Great Hwy & Rivera St,22nd St & Iowa St,22nd St + Iowa St,87.716,scheduled,Rhode Island Street,3.269,435.0
48,48,QUINTARA-24TH STREET,3,bus,1,Inbound,Inbound,Lower Great Hwy & Rivera St,22nd St & Iowa St,22nd St + Iowa St,87.716,scheduled,Ulloa Street,2.809,424.2
48,48,QUINTARA-24TH STREET,3,bus,1,Inbound,Inbound,Lower Great Hwy & Rivera St,22nd St & Iowa St,22nd St + Iowa St,87.716,scheduled,Rivera Street,2.695,407.9
48,48,QUINTARA-24TH STREET,3,bus,1,Inbound,Inbound,Lower Great Hwy & Rivera St,22nd St & Iowa St,22nd St + Iowa St,87.716,scheduled,14th Avenue,2.459,371.2
48,48,QUINTARA-24TH STREET,3,bus,1,Inbound,Inbound,Lower Great Hwy & Rivera St,22nd St & Iowa St,22nd St + Iowa St,87.716,scheduled,17th Avenue,2.446,369.8
48,48,QUINTARA-24TH STREET,3,bus,1,Inbound,Inbound,Lower Great Hwy & Rivera St,22nd St & Iowa St,22nd St + Iowa St,87.716,scheduled,Indiana Street,2.142,285.0
48,48,QUINTARA-24TH STREET,3,bus,1,Inbound,Inbound,Lower Great Hwy & Rivera St,22nd St & Iowa St,22nd St + Iowa St,87.716,scheduled,Illinois Street,2.141,284.9
48,48,QUINTARA-24TH STREET,3,bus,1,Inbound,Inbound,Lower Great Hwy & Rivera St,22nd St & Iowa St,22nd St + Iowa St,87.716,scheduled,26th Street,2.004,268.3
48,48,QUINTARA-24TH STREET,3,bus,1,Inbound,Inbound,Lower Great Hwy & Rivera St,22nd St & Iowa St,22nd St + Iowa St,87.716,scheduled,Santiago Street,1.66,251.0
48,48,QUINTARA-24TH STREET,3,bus,1,Inbound,Inbound,Lower Great Hwy & Rivera St,22nd St & Iowa St,22nd St + Iowa St,87.716,scheduled,Diamond Street,1.638,235.6
48,48,QUINTARA-24TH STREET,3,bus,1,Inbound,Inbound,Lower Great Hwy & Rivera St,22nd St & Iowa St,22nd St + Iowa St,87.716,scheduled,39th Avenue,1.217,184.2
48,48,QUINTARA-24TH STREET,3,bus,1,Inbound,Inbound,Lower Great Hwy & Rivera St,22nd St & Iowa St,22nd St + Iowa St,87.716,scheduled,46th Avenue,1.217,184.2
48,48,QUINTARA-24TH STREET,3,bus,1,Inbound,Inbound,Lower Great Hwy & Rivera St,22nd St & Iowa St,22nd St + Iowa St,87.716,scheduled,Sunset Boulevard,1.13,171.0
48,48,QUINTARA-24TH STREET,3,bus,1,Inbound,Inbound,Lower Great Hwy & Rivera St,22nd St & Iowa St,22nd St + Iowa St,87.716,scheduled,Potrero Avenue,1.102,148.2
48,48,QUINTARA-24TH STREET,3,bus,1,Inbound,Inbound,Lower Great Hwy & Rivera St,22nd St & Iowa St,22nd St + Iowa St,87.716,scheduled,Wisconsin Street,0.926,121.7
48,48,QUINTARA-24TH STREET,3,bus,1,Inbound,Inbound,Lower Great Hwy & Rivera St,22nd St & Iowa St,22nd St + Iowa St,87.716,scheduled,Claremont Boulevard,0.615,92.9
48,48,QUINTARA-24TH STREET,3,bus,1,Inbound,Inbound,Lower Great Hwy & Rivera St,22nd St & Iowa St,22nd St + Iowa St,87.716,scheduled,Elizabeth Street,0.313,22.0
48,48,QUINTARA-24TH STREET,3,bus,1,Inbound,Inbound,Lower Great Hwy & Rivera St,22nd St & Iowa St,22nd St + Iowa St,87.716,scheduled,Castro Street,0.145,10.1
48,48,QUINTARA-24TH STREET,3,bus,1,Inbound,Inbound,Lower Great Hwy & Rivera St,22nd St & Iowa St,22nd St + Iowa St,87.716,scheduled,Noe Street,0.011,0.7
49,49,VAN NESS-MISSION,3,bus,0,Outbound,Outbound,Van Ness Ave & North Point St,City College Terminal,City College,100.0,scheduled,Mission Street,48.663,5580.0
49,49,VAN NESS-MISSION,3,bus,0,Outbound,Outbound,Van Ness Ave & North Point St,City College Terminal,City College,100.0,scheduled,Van Ness Avenue,33.227,3810.0
49,49,VAN NESS-MISSION,3,bus,0,Outbound,Outbound,Van Ness Ave & North Point St,City College Terminal,City College,100.0,scheduled,Ocean Avenue,13.736,1575.0
49,49,VAN NESS-MISSION,3,bus,0,Outbound,Outbound,Van Ness Ave & North Point St,City College Terminal,City College,100.0,scheduled,Otis Street,3.532,405.0
49,49,VAN NESS-MISSION,3,bus,0,Outbound,Outbound,Van Ness Ave & North Point St,City College Terminal,City College,100.0,scheduled,[UNNAMED ROAD],0.711,81.6
49,49,VAN NESS-MISSION,3,bus,0,Outbound,Outbound,Van Ness Ave & North Point St,City College Terminal,City College,100.0,scheduled,Harold Avenue,0.131,15.0
49,49,VAN NESS-MISSION,3,bus,1,Inbound,Inbound,City College Terminal,Van Ness Ave & North Point St,North Point & Van Ness,96.271,scheduled,Mission Street,51.084,5689.6
49,49,VAN NESS-MISSION,3,bus,1,Inbound,Inbound,City College Terminal,Van Ness Ave & North Point St,North Point & Van Ness,96.271,scheduled,Van Ness Avenue,35.302,3642.8
49,49,VAN NESS-MISSION,3,bus,1,Inbound,Inbound,City College Terminal,Van Ness Ave & North Point St,North Point & Van Ness,96.271,scheduled,Ocean Avenue,12.836,1429.6
49,49,VAN NESS-MISSION,3,bus,1,Inbound,Inbound,City College Terminal,Van Ness Ave & North Point St,North Point & Van Ness,96.271,scheduled,Frida Kahlo Way,0.648,72.2
49,49,VAN NESS-MISSION,3,bus,1,Inbound,Inbound,City College Terminal,Van Ness Ave & North Point St,North Point & Van Ness,96.271,scheduled,[UNNAMED ROAD],0.13,14.4
5,5,FULTON,3,bus,0,Outbound,Outbound,Transit Center Bay B,Cabrillo St & La Playa St,Ocean Beach,43.093,scheduled,Fulton Street,46.062,3942.5
5,5,FULTON,3,bus,0,Outbound,Outbound,Transit Center Bay B,Cabrillo St & La Playa St,Ocean Beach,43.093,scheduled,McAllister Street,35.886,2735.1
5,5,FULTON,3,bus,0,Outbound,Outbound,Transit Center Bay B,Cabrillo St & La Playa St,Ocean Beach,43.093,scheduled,Market Street,9.002,914.5
5,5,FULTON,3,bus,0,Outbound,Outbound,Transit Center Bay B,Cabrillo St & La Playa St,Ocean Beach,43.093,scheduled,La Playa Street,1.521,142.2
5,5,FULTON,3,bus,0,Outbound,Outbound,Transit Center Bay B,Cabrillo St & La Playa St,Ocean Beach,43.093,scheduled,8th Avenue,1.43,76.4
5,5,FULTON,3,bus,0,Outbound,Outbound,Transit Center Bay B,Cabrillo St & La Playa St,Ocean Beach,43.093,scheduled,Fremont Street,1.347,136.9
5,5,FULTON,3,bus,0,Outbound,Outbound,Transit Center Bay B,Cabrillo St & La Playa St,Ocean Beach,43.093,scheduled,Cabrillo Street,1.329,78.4
5,5,FULTON,3,bus,0,Outbound,Outbound,Transit Center Bay B,Cabrillo St & La Playa St,Ocean Beach,43.093,scheduled,Central Avenue,1.295,98.5
5,5,FULTON,3,bus,0,Outbound,Outbound,Transit Center Bay B,Cabrillo St & La Playa St,Ocean Beach,43.093,scheduled,6th Avenue,1.239,66.2
5,5,FULTON,3,bus,0,Outbound,Outbound,Transit Center Bay B,Cabrillo St & La Playa St,Ocean Beach,43.093,scheduled,[UNNAMED ROAD],0.449,45.6
5,5,FULTON,3,bus,0,Outbound,Outbound,Transit Center Bay B,Cabrillo St & La Playa St,Ocean Beach,43.093,scheduled,Mission Street,0.185,18.5
5,5,FULTON,3,bus,0,Outbound,Outbound,Transit Center Bay B,Cabrillo St & La Playa St,Ocean Beach,43.093,scheduled,3rd Street,0.144,14.4
5,5,FULTON,3,bus,0,Outbound,Outbound,Transit Center Bay B,Cabrillo St & La Playa St,Ocean Beach,43.093,scheduled,4th Street,0.113,11.3
5,5,FULTON,3,bus,1,Inbound,Inbound,Cabrillo St & La Playa St,Transit Center Bay B,Transit Center,45.149,scheduled,Fulton Street,47.522,4093.5
5,5,FULTON,3,bus,1,Inbound,Inbound,Cabrillo St & La Playa St,Transit Center Bay B,Transit Center,45.149,scheduled,McAllister Street,35.109,2736.3
5,5,FULTON,3,bus,1,Inbound,Inbound,Cabrillo St & La Playa St,Transit Center Bay B,Transit Center,45.149,scheduled,Market Street,11.016,1029.4
5,5,FULTON,3,bus,1,Inbound,Inbound,Cabrillo St & La Playa St,Transit Center Bay B,Transit Center,45.149,scheduled,Beale Street,1.731,152.1
5,5,FULTON,3,bus,1,Inbound,Inbound,Cabrillo St & La Playa St,Transit Center Bay B,Transit Center,45.149,scheduled,La Playa Street,1.552,145.4
5,5,FULTON,3,bus,1,Inbound,Inbound,Cabrillo St & La Playa St,Transit Center Bay B,Transit Center,45.149,scheduled,Central Avenue,1.334,101.7
5,5,FULTON,3,bus,1,Inbound,Inbound,Cabrillo St & La Playa St,Transit Center Bay B,Transit Center,45.149,scheduled,Golden Gate Avenue,1.032,55.8
5,5,FULTON,3,bus,1,Inbound,Inbound,Cabrillo St & La Playa St,Transit Center Bay B,Transit Center,45.149,scheduled,Jones Street,0.657,35.5
5,5,FULTON,3,bus,1,Inbound,Inbound,Cabrillo St & La Playa St,Transit Center Bay B,Transit Center,45.149,scheduled,6th Avenue,0.047,2.0
5,5,FULTON,3,bus,1,Inbound,Inbound,Cabrillo St & La Playa St,Transit Center Bay B,Transit Center,45.149,scheduled,[UNNAMED ROAD],0.002,0.1
52,52,EXCELSIOR,3,bus,0,Outbound,Outbound,Laguna Honda Blvd/Forest Hill Sta,Dublin St & La Grande Ave,Persia + Prague,100.0,scheduled,Diamond Heights Boulevard,15.682,1050.0
52,52,EXCELSIOR,3,bus,0,Outbound,Outbound,Laguna Honda Blvd/Forest Hill Sta,Dublin St & La Grande Ave,Persia + Prague,100.0,scheduled,Diamond Street,13.889,930.0
52,52,EXCELSIOR,3,bus,0,Outbound,Outbound,Laguna Honda Blvd/Forest Hill Sta,Dublin St & La Grande Ave,Persia + Prague,100.0,scheduled,Woodside Avenue,10.081,675.0
52,52,EXCELSIOR,3,bus,0,Outbound,Outbound,Laguna Honda Blvd/Forest Hill Sta,Dublin St & La Grande Ave,Persia + Prague,100.0,scheduled,Portola Drive,9.185,615.0
52,52,EXCELSIOR,3,bus,0,Outbound,Outbound,Laguna Honda Blvd/Forest Hill Sta,Dublin St & La Grande Ave,Persia + Prague,100.0,scheduled,Excelsior Avenue,7.393,495.0
52,52,EXCELSIOR,3,bus,0,Outbound,Outbound,Laguna Honda Blvd/Forest Hill Sta,Dublin St & La Grande Ave,Persia + Prague,100.0,scheduled,Duncan Street,6.497,435.0
52,52,EXCELSIOR,3,bus,0,Outbound,Outbound,Laguna Honda Blvd/Forest Hill Sta,Dublin St & La Grande Ave,Persia + Prague,100.0,scheduled,Brazil Avenue,6.049,405.0
52,52,EXCELSIOR,3,bus,0,Outbound,Outbound,Laguna Honda Blvd/Forest Hill Sta,Dublin St & La Grande Ave,Persia + Prague,100.0,scheduled,Mission Street,5.153,345.0
52,52,EXCELSIOR,3,bus,0,Outbound,Outbound,Laguna Honda Blvd/Forest Hill Sta,Dublin St & La Grande Ave,Persia + Prague,100.0,scheduled,Lyell Street,3.808,255.0
52,52,EXCELSIOR,3,bus,0,Outbound,Outbound,Laguna Honda Blvd/Forest Hill Sta,Dublin St & La Grande Ave,Persia + Prague,100.0,scheduled,Alemany Boulevard,3.36,225.0
52,52,EXCELSIOR,3,bus,0,Outbound,Outbound,Laguna Honda Blvd/Forest Hill Sta,Dublin St & La Grande Ave,Persia + Prague,100.0,scheduled,Naples Street,3.136,210.0
52,52,EXCELSIOR,3,bus,0,Outbound,Outbound,Laguna Honda Blvd/Forest Hill Sta,Dublin St & La Grande Ave,Persia + Prague,100.0,scheduled,Silver Avenue,3.136,210.0
52,52,EXCELSIOR,3,bus,0,Outbound,Outbound,Laguna Honda Blvd/Forest Hill Sta,Dublin St & La Grande Ave,Persia + Prague,100.0,scheduled,Bosworth Street,2.912,195.0
52,52,EXCELSIOR,3,bus,0,Outbound,Outbound,Laguna Honda Blvd/Forest Hill Sta,Dublin St & La Grande Ave,Persia + Prague,100.0,scheduled,Prague Street,2.912,195.0
52,52,EXCELSIOR,3,bus,0,Outbound,Outbound,Laguna Honda Blvd/Forest Hill Sta,Dublin St & La Grande Ave,Persia + Prague,100.0,scheduled,Laguna Honda Boulevard,2.688,180.0
52,52,EXCELSIOR,3,bus,0,Outbound,Outbound,Laguna Honda Blvd/Forest Hill Sta,Dublin St & La Grande Ave,Persia + Prague,100.0,scheduled,Clipper Street,1.344,90.0
52,52,EXCELSIOR,3,bus,0,Outbound,Outbound,Laguna Honda Blvd/Forest Hill Sta,Dublin St & La Grande Ave,Persia + Prague,100.0,scheduled,Persia Avenue,1.344,90.0
52,52,EXCELSIOR,3,bus,0,Outbound,Outbound,Laguna Honda Blvd/Forest Hill Sta,Dublin St & La Grande Ave,Persia + Prague,100.0,scheduled,Dublin Street,1.206,80.7
52,52,EXCELSIOR,3,bus,0,Outbound,Outbound,Laguna Honda Blvd/Forest Hill Sta,Dublin St & La Grande Ave,Persia + Prague,100.0,scheduled,[UNNAMED ROAD],0.224,15.0
52,52,EXCELSIOR,3,bus,1,Inbound,Inbound,Dublin St & La Grande Ave,Laguna Honda Blvd/Forest Hill Sta,Forest Hill Station,100.0,scheduled,Diamond Heights Boulevard,22.822,1560.0
52,52,EXCELSIOR,3,bus,1,Inbound,Inbound,Dublin St & La Grande Ave,Laguna Honda Blvd/Forest Hill Sta,Forest Hill Station,100.0,scheduled,Brazil Avenue,14.044,960.0
52,52,EXCELSIOR,3,bus,1,Inbound,Inbound,Dublin St & La Grande Ave,Laguna Honda Blvd/Forest Hill Sta,Forest Hill Station,100.0,scheduled,Diamond Street,13.605,930.0
52,52,EXCELSIOR,3,bus,1,Inbound,Inbound,Dublin St & La Grande Ave,Laguna Honda Blvd/Forest Hill Sta,Forest Hill Station,100.0,scheduled,Woodside Avenue,9.655,660.0
52,52,EXCELSIOR,3,bus,1,Inbound,Inbound,Dublin St & La Grande Ave,Laguna Honda Blvd/Forest Hill Sta,Forest Hill Station,100.0,scheduled,Portola Drive,8.997,615.0
52,52,EXCELSIOR,3,bus,1,Inbound,Inbound,Dublin St & La Grande Ave,Laguna Honda Blvd/Forest Hill Sta,Forest Hill Station,100.0,scheduled,Mission Street,7.9,540.0
52,52,EXCELSIOR,3,bus,1,Inbound,Inbound,Dublin St & La Grande Ave,Laguna Honda Blvd/Forest Hill Sta,Forest Hill Station,100.0,scheduled,Alemany Boulevard,5.267,360.0
52,52,EXCELSIOR,3,bus,1,Inbound,Inbound,Dublin St & La Grande Ave,Laguna Honda Blvd/Forest Hill Sta,Forest Hill Station,100.0,scheduled,Silver Avenue,3.292,225.0
52,52,EXCELSIOR,3,bus,1,Inbound,Inbound,Dublin St & La Grande Ave,Laguna Honda Blvd/Forest Hill Sta,Forest Hill Station,100.0,scheduled,Bosworth Street,3.072,210.0
52,52,EXCELSIOR,3,bus,1,Inbound,Inbound,Dublin St & La Grande Ave,Laguna Honda Blvd/Forest Hill Sta,Forest Hill Station,100.0,scheduled,Laguna Honda Boulevard,2.789,190.6
52,52,EXCELSIOR,3,bus,1,Inbound,Inbound,Dublin St & La Grande Ave,Laguna Honda Blvd/Forest Hill Sta,Forest Hill Station,100.0,scheduled,La Grande Avenue,1.756,120.0
52,52,EXCELSIOR,3,bus,1,Inbound,Inbound,Dublin St & La Grande Ave,Laguna Honda Blvd/Forest Hill Sta,Forest Hill Station,100.0,scheduled,Lyell Street,1.756,120.0
52,52,EXCELSIOR,3,bus,1,Inbound,Inbound,Dublin St & La Grande Ave,Laguna Honda Blvd/Forest Hill Sta,Forest Hill Station,100.0,scheduled,Still Street,1.756,120.0
52,52,EXCELSIOR,3,bus,1,Inbound,Inbound,Dublin St & La Grande Ave,Laguna Honda Blvd/Forest Hill Sta,Forest Hill Station,100.0,scheduled,Rousseau Street,1.536,105.0
52,52,EXCELSIOR,3,bus,1,Inbound,Inbound,Dublin St & La Grande Ave,Laguna Honda Blvd/Forest Hill Sta,Forest Hill Station,100.0,scheduled,Clipper Street,1.317,90.0
52,52,EXCELSIOR,3,bus,1,Inbound,Inbound,Dublin St & La Grande Ave,Laguna Honda Blvd/Forest Hill Sta,Forest Hill Station,100.0,scheduled,[UNNAMED ROAD],0.439,30.0
54,54,FELTON,3,bus,0,Outbound,Outbound,Newhall St & Hudson,Daly City BART West Station Rd,Daly City BART,100.0,scheduled,Geneva Avenue,12.671,1770.0
54,54,FELTON,3,bus,0,Outbound,Outbound,Newhall St & Hudson,Daly City BART West Station Rd,Daly City BART,100.0,scheduled,Moscow Street,8.913,1245.0
54,54,FELTON,3,bus,0,Outbound,Outbound,Newhall St & Hudson,Daly City BART West Station Rd,Daly City BART,100.0,scheduled,Plymouth Avenue,6.873,960.0
54,54,FELTON,3,bus,0,Outbound,Outbound,Newhall St & Hudson,Daly City BART West Station Rd,Daly City BART,100.0,scheduled,Felton Street,5.906,825.0
54,54,FELTON,3,bus,0,Outbound,Outbound,Newhall St & Hudson,Daly City BART West Station Rd,Daly City BART,100.0,scheduled,3rd Street,5.477,765.0
54,54,FELTON,3,bus,0,Outbound,Outbound,Newhall St & Hudson,Daly City BART West Station Rd,Daly City BART,100.0,scheduled,Revere Avenue,5.369,750.0
54,54,FELTON,3,bus,0,Outbound,Outbound,Newhall St & Hudson,Daly City BART West Station Rd,Daly City BART,100.0,scheduled,Alemany Boulevard,4.51,630.0
54,54,FELTON,3,bus,0,Outbound,Outbound,Newhall St & Hudson,Daly City BART West Station Rd,Daly City BART,100.0,scheduled,Van Dyke Avenue,4.51,630.0
54,54,FELTON,3,bus,0,Outbound,Outbound,Newhall St & Hudson,Daly City BART West Station Rd,Daly City BART,100.0,scheduled,Bacon Street,4.403,615.0
54,54,FELTON,3,bus,0,Outbound,Outbound,Newhall St & Hudson,Daly City BART West Station Rd,Daly City BART,100.0,scheduled,Sagamore Street,4.081,570.0
54,54,FELTON,3,bus,0,Outbound,Outbound,Newhall St & Hudson,Daly City BART West Station Rd,Daly City BART,100.0,scheduled,University Street,3.973,555.0
54,54,FELTON,3,bus,0,Outbound,Outbound,Newhall St & Hudson,Daly City BART West Station Rd,Daly City BART,100.0,scheduled,Woolsey Street,3.329,465.0
54,54,FELTON,3,bus,0,Outbound,Outbound,Newhall St & Hudson,Daly City BART West Station Rd,Daly City BART,100.0,scheduled,Saint Charles Avenue,2.685,375.0
54,54,FELTON,3,bus,0,Outbound,Outbound,Newhall St & Hudson,Daly City BART West Station Rd,Daly City BART,100.0,scheduled,Ingalls Street,2.47,345.0
54,54,FELTON,3,bus,0,Outbound,Outbound,Newhall St & Hudson,Daly City BART West Station Rd,Daly City BART,100.0,scheduled,Phelps Street,2.362,330.0
54,54,FELTON,3,bus,0,Outbound,Outbound,Newhall St & Hudson,Daly City BART West Station Rd,Daly City BART,100.0,scheduled,Topeka Avenue,2.362,330.0
54,54,FELTON,3,bus,0,Outbound,Outbound,Newhall St & Hudson,Daly City BART West Station Rd,Daly City BART,100.0,scheduled,Grafton Avenue,2.255,315.0
54,54,FELTON,3,bus,0,Outbound,Outbound,Newhall St & Hudson,Daly City BART West Station Rd,Daly City BART,100.0,scheduled,Howth Street,2.148,300.0
54,54,FELTON,3,bus,0,Outbound,Outbound,Newhall St & Hudson,Daly City BART West Station Rd,Daly City BART,100.0,scheduled,Holyoke Street,2.04,285.0
54,54,FELTON,3,bus,0,Outbound,Outbound,Newhall St & Hudson,Daly City BART West Station Rd,Daly City BART,100.0,scheduled,Bridgeview Drive,1.718,240.0
54,54,FELTON,3,bus,0,Outbound,Outbound,Newhall St & Hudson,Daly City BART West Station Rd,Daly City BART,100.0,scheduled,Williams Avenue,1.718,240.0
54,54,FELTON,3,bus,0,Outbound,Outbound,Newhall St & Hudson,Daly City BART West Station Rd,Daly City BART,100.0,scheduled,Prague Street,1.503,210.0
54,54,FELTON,3,bus,0,Outbound,Outbound,Newhall St & Hudson,Daly City BART West Station Rd,Daly City BART,100.0,scheduled,Avalon Avenue,1.396,195.0
54,54,FELTON,3,bus,0,Outbound,Outbound,Newhall St & Hudson,Daly City BART West Station Rd,Daly City BART,100.0,scheduled,Persia Avenue,1.181,165.0
54,54,FELTON,3,bus,0,Outbound,Outbound,Newhall St & Hudson,Daly City BART West Station Rd,Daly City BART,100.0,scheduled,Reddy Street,1.181,165.0
54,54,FELTON,3,bus,0,Outbound,Outbound,Newhall St & Hudson,Daly City BART West Station Rd,Daly City BART,100.0,scheduled,Russia Avenue,1.181,165.0
54,54,FELTON,3,bus,0,Outbound,Outbound,Newhall St & Hudson,Daly City BART West Station Rd,Daly City BART,100.0,scheduled,Newhall Street,0.859,120.0
54,54,FELTON,3,bus,0,Outbound,Outbound,Newhall St & Hudson,Daly City BART West Station Rd,Daly City BART,100.0,scheduled,Vesta Street,0.859,120.0
54,54,FELTON,3,bus,0,Outbound,Outbound,Newhall St & Hudson,Daly City BART West Station Rd,Daly City BART,100.0,scheduled,Thornton Avenue,0.752,105.0
54,54,FELTON,3,bus,0,Outbound,Outbound,Newhall St & Hudson,Daly City BART West Station Rd,Daly City BART,100.0,scheduled,[UNNAMED ROAD],0.669,93.5
54,54,FELTON,3,bus,0,Outbound,Outbound,Newhall St & Hudson,Daly City BART West Station Rd,Daly City BART,100.0,scheduled,Mount Vernon Avenue,0.644,90.0
54,54,FELTON,3,bus,1,Inbound,Inbound,Daly City BART West Station Rd,Newhall St & Hudson,Bayview District,99.44,scheduled,Hudson Avenue,9.988,1935.0
54,54,FELTON,3,bus,1,Inbound,Inbound,Daly City BART West Station Rd,Newhall St & Hudson,Bayview District,99.44,scheduled,Geneva Avenue,8.725,1700.4
54,54,FELTON,3,bus,1,Inbound,Inbound,Daly City BART West Station Rd,Newhall St & Hudson,Bayview District,99.44,scheduled,Moscow Street,6.352,1238.0
54,54,FELTON,3,bus,1,Inbound,Inbound,Daly City BART West Station Rd,Newhall St & Hudson,Bayview District,99.44,scheduled,Plymouth Avenue,4.898,954.6
54,54,FELTON,3,bus,1,Inbound,Inbound,Daly City BART West Station Rd,Newhall St & Hudson,Bayview District,99.44,scheduled,3rd Street,4.722,914.9
54,54,FELTON,3,bus,1,Inbound,Inbound,Daly City BART West Station Rd,Newhall St & Hudson,Bayview District,99.44,scheduled,Felton Street,4.209,820.4
54,54,FELTON,3,bus,1,Inbound,Inbound,Daly City BART West Station Rd,Newhall St & Hudson,Bayview District,99.44,scheduled,La Salle Avenue,4.104,795.0
54,54,FELTON,3,bus,1,Inbound,Inbound,Daly City BART West Station Rd,Newhall St & Hudson,Bayview District,99.44,scheduled,Alemany Boulevard,3.903,760.7
54,54,FELTON,3,bus,1,Inbound,Inbound,Daly City BART West Station Rd,Newhall St & Hudson,Bayview District,99.44,scheduled,Revere Avenue,3.871,750.0
54,54,FELTON,3,bus,1,Inbound,Inbound,Daly City BART West Station Rd,Newhall St & Hudson,Bayview District,99.44,scheduled,Ingalls Street,3.329,645.0
54,54,FELTON,3,bus,1,Inbound,Inbound,Daly City BART West Station Rd,Newhall St & Hudson,Bayview District,99.44,scheduled,Bacon Street,3.23,627.9
54,54,FELTON,3,bus,1,Inbound,Inbound,Daly City BART West Station Rd,Newhall St & Hudson,Bayview District,99.44,scheduled,Van Dyke Avenue,3.175,615.1
54,54,FELTON,3,bus,1,Inbound,Inbound,Daly City BART West Station Rd,Newhall St & Hudson,Bayview District,99.44,scheduled,Northridge Road,3.021,585.1
54,54,FELTON,3,bus,1,Inbound,Inbound,Daly City BART West Station Rd,Newhall St & Hudson,Bayview District,99.44,scheduled,Sagamore Street,2.908,566.8
54,54,FELTON,3,bus,1,Inbound,Inbound,Daly City BART West Station Rd,Newhall St & Hudson,Bayview District,99.44,scheduled,University Street,2.908,566.8
54,54,FELTON,3,bus,1,Inbound,Inbound,Daly City BART West Station Rd,Newhall St & Hudson,Bayview District,99.44,scheduled,Kiska Road,2.399,464.9
54,54,FELTON,3,bus,1,Inbound,Inbound,Daly City BART West Station Rd,Newhall St & Hudson,Bayview District,99.44,scheduled,[UNNAMED ROAD],2.297,447.6
54,54,FELTON,3,bus,1,Inbound,Inbound,Daly City BART West Station Rd,Newhall St & Hudson,Bayview District,99.44,scheduled,Woolsey Street,2.296,447.5
54,54,FELTON,3,bus,1,Inbound,Inbound,Daly City BART West Station Rd,Newhall St & Hudson,Bayview District,99.44,scheduled,Cashmere Street,2.245,435.0
54,54,FELTON,3,bus,1,Inbound,Inbound,Daly City BART West Station Rd,Newhall St & Hudson,Bayview District,99.44,scheduled,Topeka Avenue,1.781,345.0
54,54,FELTON,3,bus,1,Inbound,Inbound,Daly City BART West Station Rd,Newhall St & Hudson,Bayview District,99.44,scheduled,Phelps Street,1.626,315.0
54,54,FELTON,3,bus,1,Inbound,Inbound,Daly City BART West Station Rd,Newhall St & Hudson,Bayview District,99.44,scheduled,Grafton Avenue,1.607,313.2
54,54,FELTON,3,bus,1,Inbound,Inbound,Daly City BART West Station Rd,Newhall St & Hudson,Bayview District,99.44,scheduled,Holyoke Street,1.454,283.4
54,54,FELTON,3,bus,1,Inbound,Inbound,Daly City BART West Station Rd,Newhall St & Hudson,Bayview District,99.44,scheduled,Louisburg Street,1.454,283.4
54,54,FELTON,3,bus,1,Inbound,Inbound,Daly City BART West Station Rd,Newhall St & Hudson,Bayview District,99.44,scheduled,Junipero Serra Boulevard,1.378,268.5
54,54,FELTON,3,bus,1,Inbound,Inbound,Daly City BART West Station Rd,Newhall St & Hudson,Bayview District,99.44,scheduled,Williams Avenue,1.316,255.0
54,54,FELTON,3,bus,1,Inbound,Inbound,Daly City BART West Station Rd,Newhall St & Hudson,Bayview District,99.44,scheduled,Bridgeview Drive,1.238,239.9
54,54,FELTON,3,bus,1,Inbound,Inbound,Daly City BART West Station Rd,Newhall St & Hudson,Bayview District,99.44,scheduled,Kirkwood Avenue,1.007,195.0
54,54,FELTON,3,bus,1,Inbound,Inbound,Daly City BART West Station Rd,Newhall St & Hudson,Bayview District,99.44,scheduled,Avalon Avenue,0.995,193.9
54,54,FELTON,3,bus,1,Inbound,Inbound,Daly City BART West Station Rd,Newhall St & Hudson,Bayview District,99.44,scheduled,Prague Street,0.995,193.9
54,54,FELTON,3,bus,1,Inbound,Inbound,Daly City BART West Station Rd,Newhall St & Hudson,Bayview District,99.44,scheduled,Mount Vernon Avenue,0.918,179.0
54,54,FELTON,3,bus,1,Inbound,Inbound,Daly City BART West Station Rd,Newhall St & Hudson,Bayview District,99.44,scheduled,Reddy Street,0.851,164.9
54,54,FELTON,3,bus,1,Inbound,Inbound,Daly City BART West Station Rd,Newhall St & Hudson,Bayview District,99.44,scheduled,Persia Avenue,0.842,164.1
54,54,FELTON,3,bus,1,Inbound,Inbound,Daly City BART West Station Rd,Newhall St & Hudson,Bayview District,99.44,scheduled,Russia Avenue,0.842,164.1
54,54,FELTON,3,bus,1,Inbound,Inbound,Daly City BART West Station Rd,Newhall St & Hudson,Bayview District,99.44,scheduled,Vesta Street,0.697,135.0
54,54,FELTON,3,bus,1,Inbound,Inbound,Daly City BART West Station Rd,Newhall St & Hudson,Bayview District,99.44,scheduled,John Daly Boulevard,0.689,134.2
54,54,FELTON,3,bus,1,Inbound,Inbound,Daly City BART West Station Rd,Newhall St & Hudson,Bayview District,99.44,scheduled,Earl Street,0.464,89.9
54,54,FELTON,3,bus,1,Inbound,Inbound,Daly City BART West Station Rd,Newhall St & Hudson,Bayview District,99.44,scheduled,John F Foran Freeway,0.459,89.5
54,54,FELTON,3,bus,1,Inbound,Inbound,Daly City BART West Station Rd,Newhall St & Hudson,Bayview District,99.44,scheduled,Thornton Avenue,0.389,75.2
54,54,FELTON,3,bus,1,Inbound,Inbound,Daly City BART West Station Rd,Newhall St & Hudson,Bayview District,99.44,scheduled,Jerrold Avenue,0.387,75.0
54,54,FELTON,3,bus,1,Inbound,Inbound,Daly City BART West Station Rd,Newhall St & Hudson,Bayview District,99.44,scheduled,Newhall Street,0.026,5.0
54,54,FELTON,3,bus,1,Inbound,Inbound,Daly City BART West Station Rd,Newhall St & Hudson,Bayview District,99.44,scheduled,Girard Street,0.004,0.4
55,55,DOGPATCH,3,bus,0,Outbound,Outbound,16th St & Mission St,20th St & 3rd St,20th St & 3rd St,100.0,scheduled,16th Street,48.076,1920.0
55,55,DOGPATCH,3,bus,0,Outbound,Outbound,16th St & Mission St,20th St & 3rd St,20th St & 3rd St,100.0,scheduled,Connecticut Street,18.028,720.0
55,55,DOGPATCH,3,bus,0,Outbound,Outbound,16th St & Mission St,20th St & 3rd St,20th St & 3rd St,100.0,scheduled,22nd Street,10.517,420.0
55,55,DOGPATCH,3,bus,0,Outbound,Outbound,16th St & Mission St,20th St & 3rd St,20th St & 3rd St,100.0,scheduled,20th Street,9.107,363.7
55,55,DOGPATCH,3,bus,0,Outbound,Outbound,16th St & Mission St,20th St & 3rd St,20th St & 3rd St,100.0,scheduled,3rd Street,7.136,285.0
55,55,DOGPATCH,3,bus,0,Outbound,Outbound,16th St & Mission St,20th St & 3rd St,20th St & 3rd St,100.0,scheduled,Pennsylvania Avenue,7.136,285.0
55,55,DOGPATCH,3,bus,1,Inbound,Inbound,20th St & 3rd St,16th St & Mission St,16th St & Mission,100.0,scheduled,16th Street,45.498,2316.5
55,55,DOGPATCH,3,bus,1,Inbound,Inbound,20th St & 3rd St,16th St & Mission St,16th St & Mission,100.0,scheduled,Connecticut Street,14.141,720.0
55,55,DOGPATCH,3,bus,1,Inbound,Inbound,20th St & 3rd St,16th St & Mission St,16th St & Mission,100.0,scheduled,20th Street,7.954,405.0
55,55,DOGPATCH,3,bus,1,Inbound,Inbound,20th St & 3rd St,16th St & Mission St,16th St & Mission,100.0,scheduled,15th Street,7.66,390.0
55,55,DOGPATCH,3,bus,1,Inbound,Inbound,20th St & 3rd St,16th St & Mission St,16th St & Mission,100.0,scheduled,22nd Street,6.481,330.0
55,55,DOGPATCH,3,bus,1,Inbound,Inbound,20th St & 3rd St,16th St & Mission St,16th St & Mission,100.0,scheduled,Pennsylvania Avenue,5.598,285.0
55,55,DOGPATCH,3,bus,1,Inbound,Inbound,20th St & 3rd St,16th St & Mission St,16th St & Mission,100.0,scheduled,Tennessee Street,5.598,285.0
55,55,DOGPATCH,3,bus,1,Inbound,Inbound,20th St & 3rd St,16th St & Mission St,16th St & Mission,100.0,scheduled,Guerrero Street,3.535,180.0
55,55,DOGPATCH,3,bus,1,Inbound,Inbound,20th St & 3rd St,16th St & Mission St,16th St & Mission,100.0,scheduled,Mission Street,3.535,180.0
56,56,RUTLAND,3,bus,0,Outbound,Outbound,Visitacion Valley Middle School,50 Thomas Mellon Dr,Executive Park,76.19,scheduled,Mansell Street,24.935,1440.0
56,56,RUTLAND,3,bus,0,Outbound,Outbound,Visitacion Valley Middle School,50 Thomas Mellon Dr,Executive Park,76.19,scheduled,Visitacion Avenue,22.077,1275.0
56,56,RUTLAND,3,bus,0,Outbound,Outbound,Visitacion Valley Middle School,50 Thomas Mellon Dr,Executive Park,76.19,scheduled,Blanken Avenue,12.828,761.4
56,56,RUTLAND,3,bus,0,Outbound,Outbound,Visitacion Valley Middle School,50 Thomas Mellon Dr,Executive Park,76.19,scheduled,Sunnydale Avenue,11.948,690.0
56,56,RUTLAND,3,bus,0,Outbound,Outbound,Visitacion Valley Middle School,50 Thomas Mellon Dr,Executive Park,76.19,scheduled,Leland Avenue,6.234,360.0
56,56,RUTLAND,3,bus,0,Outbound,Outbound,Visitacion Valley Middle School,50 Thomas Mellon Dr,Executive Park,76.19,scheduled,Rutland Street,5.454,315.0
56,56,RUTLAND,3,bus,0,Outbound,Outbound,Visitacion Valley Middle School,50 Thomas Mellon Dr,Executive Park,76.19,scheduled,Executive Park Boulevard,4.486,267.1
56,56,RUTLAND,3,bus,0,Outbound,Outbound,Visitacion Valley Middle School,50 Thomas Mellon Dr,Executive Park,76.19,scheduled,Bayshore Boulevard,4.421,257.9
56,56,RUTLAND,3,bus,0,Outbound,Outbound,Visitacion Valley Middle School,50 Thomas Mellon Dr,Executive Park,76.19,scheduled,Thomas Mellon Circle,3.391,198.9
56,56,RUTLAND,3,bus,0,Outbound,Outbound,Visitacion Valley Middle School,50 Thomas Mellon Dr,Executive Park,76.19,scheduled,Mrs. Jackson Way,3.377,195.0
56,56,RUTLAND,3,bus,0,Outbound,Outbound,Visitacion Valley Middle School,50 Thomas Mellon Dr,Executive Park,76.19,scheduled,Alana Way,0.531,35.7
56,56,RUTLAND,3,bus,0,Outbound,Outbound,Visitacion Valley Middle School,50 Thomas Mellon Dr,Executive Park,76.19,scheduled,[UNNAMED ROAD],0.26,15.0
56,56,RUTLAND,3,bus,0,Outbound,Outbound,Visitacion Valley Middle School,50 Thomas Mellon Dr,Executive Park,76.19,scheduled,Arleta Avenue,0.058,3.9
56,56,RUTLAND,3,bus,1,Inbound,Inbound,50 Thomas Mellon Dr,Visitacion Valley Middle School,Visitacion Valley Middle School,79.07,scheduled,Wilde Avenue,16.748,720.0
56,56,RUTLAND,3,bus,1,Inbound,Inbound,50 Thomas Mellon Dr,Visitacion Valley Middle School,Visitacion Valley Middle School,79.07,scheduled,San Bruno Avenue,14.912,641.9
56,56,RUTLAND,3,bus,1,Inbound,Inbound,50 Thomas Mellon Dr,Visitacion Valley Middle School,Visitacion Valley Middle School,79.07,scheduled,Raymond Avenue,13.957,600.0
56,56,RUTLAND,3,bus,1,Inbound,Inbound,50 Thomas Mellon Dr,Visitacion Valley Middle School,Visitacion Valley Middle School,79.07,scheduled,Visitacion Avenue,11.863,510.0
56,56,RUTLAND,3,bus,1,Inbound,Inbound,50 Thomas Mellon Dr,Visitacion Valley Middle School,Visitacion Valley Middle School,79.07,scheduled,Blanken Avenue,10.805,498.1
56,56,RUTLAND,3,bus,1,Inbound,Inbound,50 Thomas Mellon Dr,Visitacion Valley Middle School,Visitacion Valley Middle School,79.07,scheduled,Rutland Street,9.421,405.0
56,56,RUTLAND,3,bus,1,Inbound,Inbound,50 Thomas Mellon Dr,Visitacion Valley Middle School,Visitacion Valley Middle School,79.07,scheduled,Sawyer Street,4.885,210.0
56,56,RUTLAND,3,bus,1,Inbound,Inbound,50 Thomas Mellon Dr,Visitacion Valley Middle School,Visitacion Valley Middle School,79.07,scheduled,Tioga Avenue,4.536,195.0
56,56,RUTLAND,3,bus,1,Inbound,Inbound,50 Thomas Mellon Dr,Visitacion Valley Middle School,Visitacion Valley Middle School,79.07,scheduled,Executive Park Boulevard,3.859,177.9
56,56,RUTLAND,3,bus,1,Inbound,Inbound,50 Thomas Mellon Dr,Visitacion Valley Middle School,Visitacion Valley Middle School,79.07,scheduled,Alana Way,2.83,130.5
56,56,RUTLAND,3,bus,1,Inbound,Inbound,50 Thomas Mellon Dr,Visitacion Valley Middle School,Visitacion Valley Middle School,79.07,scheduled,Delta Street,1.745,75.0
56,56,RUTLAND,3,bus,1,Inbound,Inbound,50 Thomas Mellon Dr,Visitacion Valley Middle School,Visitacion Valley Middle School,79.07,scheduled,Thomas Mellon Circle,1.544,71.2
56,56,RUTLAND,3,bus,1,Inbound,Inbound,50 Thomas Mellon Dr,Visitacion Valley Middle School,Visitacion Valley Middle School,79.07,scheduled,Bayshore Boulevard,1.286,59.3
56,56,RUTLAND,3,bus,1,Inbound,Inbound,50 Thomas Mellon Dr,Visitacion Valley Middle School,Visitacion Valley Middle School,79.07,scheduled,[UNNAMED ROAD],1.169,50.2
56,56,RUTLAND,3,bus,1,Inbound,Inbound,50 Thomas Mellon Dr,Visitacion Valley Middle School,Visitacion Valley Middle School,79.07,scheduled,Arleta Avenue,0.441,18.1
57,57,PARKMERCED,3,bus,0,Outbound,Outbound,Ulloa St & West Portal Ave,Daly City BART Station,Daly City BART,100.0,scheduled,Font Boulevard,15.599,1320.0
57,57,PARKMERCED,3,bus,0,Outbound,Outbound,Ulloa St & West Portal Ave,Daly City BART Station,Daly City BART,100.0,scheduled,[UNNAMED ROAD],10.661,902.1
57,57,PARKMERCED,3,bus,0,Outbound,Outbound,Ulloa St & West Portal Ave,Daly City BART Station,Daly City BART,100.0,scheduled,20th Avenue,7.977,675.0
57,57,PARKMERCED,3,bus,0,Outbound,Outbound,Ulloa St & West Portal Ave,Daly City BART Station,Daly City BART,100.0,scheduled,Buckingham Way,7.799,660.0
57,57,PARKMERCED,3,bus,0,Outbound,Outbound,Ulloa St & West Portal Ave,Daly City BART Station,Daly City BART,100.0,scheduled,West Portal Avenue,7.445,630.0
57,57,PARKMERCED,3,bus,0,Outbound,Outbound,Ulloa St & West Portal Ave,Daly City BART Station,Daly City BART,100.0,scheduled,Junipero Serra Boulevard,6.913,585.0
57,57,PARKMERCED,3,bus,0,Outbound,Outbound,Ulloa St & West Portal Ave,Daly City BART Station,Daly City BART,100.0,scheduled,Winston Drive,6.204,525.0
57,57,PARKMERCED,3,bus,0,Outbound,Outbound,Ulloa St & West Portal Ave,Daly City BART Station,Daly City BART,100.0,scheduled,Brotherhood Way,6.027,510.0
57,57,PARKMERCED,3,bus,0,Outbound,Outbound,Ulloa St & West Portal Ave,Daly City BART Station,Daly City BART,100.0,scheduled,John Daly Boulevard,6.027,510.0
57,57,PARKMERCED,3,bus,0,Outbound,Outbound,Ulloa St & West Portal Ave,Daly City BART Station,Daly City BART,100.0,scheduled,Lake Merced Boulevard,4.254,360.0
57,57,PARKMERCED,3,bus,0,Outbound,Outbound,Ulloa St & West Portal Ave,Daly City BART Station,Daly City BART,100.0,scheduled,Alemany Boulevard,3.9,330.0
57,57,PARKMERCED,3,bus,0,Outbound,Outbound,Ulloa St & West Portal Ave,Daly City BART Station,Daly City BART,100.0,scheduled,Eucalyptus Drive,3.722,315.0
57,57,PARKMERCED,3,bus,0,Outbound,Outbound,Ulloa St & West Portal Ave,Daly City BART Station,Daly City BART,100.0,scheduled,Chumasero Drive,3.013,255.0
57,57,PARKMERCED,3,bus,0,Outbound,Outbound,Ulloa St & West Portal Ave,Daly City BART Station,Daly City BART,100.0,scheduled,Juan Bautista Circle,2.836,240.0
57,57,PARKMERCED,3,bus,0,Outbound,Outbound,Ulloa St & West Portal Ave,Daly City BART Station,Daly City BART,100.0,scheduled,Portola Drive,2.482,210.0
57,57,PARKMERCED,3,bus,0,Outbound,Outbound,Ulloa St & West Portal Ave,Daly City BART Station,Daly City BART,100.0,scheduled,De Long Street,2.127,180.0
57,57,PARKMERCED,3,bus,0,Outbound,Outbound,Ulloa St & West Portal Ave,Daly City BART Station,Daly City BART,100.0,scheduled,Arch Street,1.241,105.0
57,57,PARKMERCED,3,bus,0,Outbound,Outbound,Ulloa St & West Portal Ave,Daly City BART Station,Daly City BART,100.0,scheduled,15th Avenue,0.886,75.0
57,57,PARKMERCED,3,bus,0,Outbound,Outbound,Ulloa St & West Portal Ave,Daly City BART Station,Daly City BART,100.0,scheduled,Ocean Avenue,0.532,45.0
57,57,PARKMERCED,3,bus,0,Outbound,Outbound,Ulloa St & West Portal Ave,Daly City BART Station,Daly City BART,100.0,scheduled,Ulloa Street,0.355,30.0
57,57,PARKMERCED,3,bus,1,Inbound,Inbound,Daly City BART Station,Ulloa St & West Portal Ave,West Portal Station,100.0,scheduled,Font Boulevard,17.724,1335.0
57,57,PARKMERCED,3,bus,1,Inbound,Inbound,Daly City BART Station,Ulloa St & West Portal Ave,West Portal Station,100.0,scheduled,West Portal Avenue,9.36,705.0
57,57,PARKMERCED,3,bus,1,Inbound,Inbound,Daly City BART Station,Ulloa St & West Portal Ave,West Portal Station,100.0,scheduled,Junipero Serra Boulevard,8.962,675.0
57,57,PARKMERCED,3,bus,1,Inbound,Inbound,Daly City BART Station,Ulloa St & West Portal Ave,West Portal Station,100.0,scheduled,20th Avenue,8.763,660.0
57,57,PARKMERCED,3,bus,1,Inbound,Inbound,Daly City BART Station,Ulloa St & West Portal Ave,West Portal Station,100.0,scheduled,Buckingham Way,8.763,660.0
57,57,PARKMERCED,3,bus,1,Inbound,Inbound,Daly City BART Station,Ulloa St & West Portal Ave,West Portal Station,100.0,scheduled,Winston Drive,7.169,540.0
57,57,PARKMERCED,3,bus,1,Inbound,Inbound,Daly City BART Station,Ulloa St & West Portal Ave,West Portal Station,100.0,scheduled,Brotherhood Way,6.572,495.0
57,57,PARKMERCED,3,bus,1,Inbound,Inbound,Daly City BART Station,Ulloa St & West Portal Ave,West Portal Station,100.0,scheduled,Alemany Boulevard,4.78,360.0
57,57,PARKMERCED,3,bus,1,Inbound,Inbound,Daly City BART Station,Ulloa St & West Portal Ave,West Portal Station,100.0,scheduled,Lake Merced Boulevard,4.58,345.0
57,57,PARKMERCED,3,bus,1,Inbound,Inbound,Daly City BART Station,Ulloa St & West Portal Ave,West Portal Station,100.0,scheduled,Eucalyptus Drive,4.381,330.0
57,57,PARKMERCED,3,bus,1,Inbound,Inbound,Daly City BART Station,Ulloa St & West Portal Ave,West Portal Station,100.0,scheduled,Chumasero Drive,3.386,255.0
57,57,PARKMERCED,3,bus,1,Inbound,Inbound,Daly City BART Station,Ulloa St & West Portal Ave,West Portal Station,100.0,scheduled,[UNNAMED ROAD],3.186,240.0
57,57,PARKMERCED,3,bus,1,Inbound,Inbound,Daly City BART Station,Ulloa St & West Portal Ave,West Portal Station,100.0,scheduled,Juan Bautista Circle,2.788,210.0
57,57,PARKMERCED,3,bus,1,Inbound,Inbound,Daly City BART Station,Ulloa St & West Portal Ave,West Portal Station,100.0,scheduled,Wawona Street,2.589,195.0
57,57,PARKMERCED,3,bus,1,Inbound,Inbound,Daly City BART Station,Ulloa St & West Portal Ave,West Portal Station,100.0,scheduled,John Daly Boulevard,1.792,135.0
57,57,PARKMERCED,3,bus,1,Inbound,Inbound,Daly City BART Station,Ulloa St & West Portal Ave,West Portal Station,100.0,scheduled,Arch Street,1.593,120.0
57,57,PARKMERCED,3,bus,1,Inbound,Inbound,Daly City BART Station,Ulloa St & West Portal Ave,West Portal Station,100.0,scheduled,Vicente Street,1.195,90.0
57,57,PARKMERCED,3,bus,1,Inbound,Inbound,Daly City BART Station,Ulloa St & West Portal Ave,West Portal Station,100.0,scheduled,John F Foran Freeway,0.996,75.0
57,57,PARKMERCED,3,bus,1,Inbound,Inbound,Daly City BART Station,Ulloa St & West Portal Ave,West Portal Station,100.0,scheduled,Ulloa Street,0.824,62.1
57,57,PARKMERCED,3,bus,1,Inbound,Inbound,Daly City BART Station,Ulloa St & West Portal Ave,West Portal Station,100.0,scheduled,Ocean Avenue,0.597,45.0
58,58,LAKE MERCED,3,bus,0,Outbound,Outbound,19th Ave & Buckingham Way,Mission St & Flournoy,Daly City BART,100.0,scheduled,Lake Merced Boulevard,14.522,1845.0
58,58,LAKE MERCED,3,bus,0,Outbound,Outbound,19th Ave & Buckingham Way,Mission St & Flournoy,Daly City BART,100.0,scheduled,John Muir Drive,14.403,1830.0
58,58,LAKE MERCED,3,bus,0,Outbound,Outbound,19th Ave & Buckingham Way,Mission St & Flournoy,Daly City BART,100.0,scheduled,Brotherhood Way,12.751,1620.0
58,58,LAKE MERCED,3,bus,0,Outbound,Outbound,19th Ave & Buckingham Way,Mission St & Flournoy,Daly City BART,100.0,scheduled,Skyline Boulevard,11.806,1500.0
58,58,LAKE MERCED,3,bus,0,Outbound,Outbound,19th Ave & Buckingham Way,Mission St & Flournoy,Daly City BART,100.0,scheduled,John Daly Boulevard,8.737,1110.0
58,58,LAKE MERCED,3,bus,0,Outbound,Outbound,19th Ave & Buckingham Way,Mission St & Flournoy,Daly City BART,100.0,scheduled,[UNNAMED ROAD],8.028,1020.0
58,58,LAKE MERCED,3,bus,0,Outbound,Outbound,19th Ave & Buckingham Way,Mission St & Flournoy,Daly City BART,100.0,scheduled,Winston Drive,6.729,855.0
58,58,LAKE MERCED,3,bus,0,Outbound,Outbound,19th Ave & Buckingham Way,Mission St & Flournoy,Daly City BART,100.0,scheduled,Sunset Boulevard,4.722,600.0
58,58,LAKE MERCED,3,bus,0,Outbound,Outbound,19th Ave & Buckingham Way,Mission St & Flournoy,Daly City BART,100.0,scheduled,Zoo Road,4.25,540.0
58,58,LAKE MERCED,3,bus,0,Outbound,Outbound,19th Ave & Buckingham Way,Mission St & Flournoy,Daly City BART,100.0,scheduled,Mission Street,2.6,330.3
58,58,LAKE MERCED,3,bus,0,Outbound,Outbound,19th Ave & Buckingham Way,Mission St & Flournoy,Daly City BART,100.0,scheduled,Alemany Boulevard,2.597,330.0
58,58,LAKE MERCED,3,bus,0,Outbound,Outbound,19th Ave & Buckingham Way,Mission St & Flournoy,Daly City BART,100.0,scheduled,Sloat Boulevard,2.243,285.0
58,58,LAKE MERCED,3,bus,0,Outbound,Outbound,19th Ave & Buckingham Way,Mission St & Flournoy,Daly City BART,100.0,scheduled,De Long Street,1.535,195.0
58,58,LAKE MERCED,3,bus,0,Outbound,Outbound,19th Ave & Buckingham Way,Mission St & Flournoy,Daly City BART,100.0,scheduled,20th Avenue,1.417,180.0
58,58,LAKE MERCED,3,bus,0,Outbound,Outbound,19th Ave & Buckingham Way,Mission St & Flournoy,Daly City BART,100.0,scheduled,Junipero Serra Boulevard,1.299,165.0
58,58,LAKE MERCED,3,bus,0,Outbound,Outbound,19th Ave & Buckingham Way,Mission St & Flournoy,Daly City BART,100.0,scheduled,Arch Street,0.826,105.0
58,58,LAKE MERCED,3,bus,0,Outbound,Outbound,19th Ave & Buckingham Way,Mission St & Flournoy,Daly City BART,100.0,scheduled,36th Avenue,0.708,90.0
58,58,LAKE MERCED,3,bus,0,Outbound,Outbound,19th Ave & Buckingham Way,Mission St & Flournoy,Daly City BART,100.0,scheduled,Buckingham Way,0.59,75.0
58,58,LAKE MERCED,3,bus,0,Outbound,Outbound,19th Ave & Buckingham Way,Mission St & Flournoy,Daly City BART,100.0,scheduled,Hillcrest Drive,0.118,15.0
58,58,LAKE MERCED,3,bus,0,Outbound,Outbound,19th Ave & Buckingham Way,Mission St & Flournoy,Daly City BART,100.0,scheduled,Yorba Street,0.118,15.0
58,58,LAKE MERCED,3,bus,1,Inbound,Inbound,Mission St & Flournoy,19th Ave & Buckingham Way,Stonestown,100.0,scheduled,Skyline Boulevard,16.465,1890.0
58,58,LAKE MERCED,3,bus,1,Inbound,Inbound,Mission St & Flournoy,19th Ave & Buckingham Way,Stonestown,100.0,scheduled,Lake Merced Boulevard,16.073,1845.0
58,58,LAKE MERCED,3,bus,1,Inbound,Inbound,Mission St & Flournoy,19th Ave & Buckingham Way,Stonestown,100.0,scheduled,John Muir Drive,15.943,1830.0
58,58,LAKE MERCED,3,bus,1,Inbound,Inbound,Mission St & Flournoy,19th Ave & Buckingham Way,Stonestown,100.0,scheduled,Brotherhood Way,14.113,1620.0
58,58,LAKE MERCED,3,bus,1,Inbound,Inbound,Mission St & Flournoy,19th Ave & Buckingham Way,Stonestown,100.0,scheduled,Winston Drive,8.233,945.0
58,58,LAKE MERCED,3,bus,1,Inbound,Inbound,Mission St & Flournoy,19th Ave & Buckingham Way,Stonestown,100.0,scheduled,John Daly Boulevard,5.488,630.0
58,58,LAKE MERCED,3,bus,1,Inbound,Inbound,Mission St & Flournoy,19th Ave & Buckingham Way,Stonestown,100.0,scheduled,[UNNAMED ROAD],4.704,540.0
58,58,LAKE MERCED,3,bus,1,Inbound,Inbound,Mission St & Flournoy,19th Ave & Buckingham Way,Stonestown,100.0,scheduled,Alemany Boulevard,3.136,360.0
58,58,LAKE MERCED,3,bus,1,Inbound,Inbound,Mission St & Flournoy,19th Ave & Buckingham Way,Stonestown,100.0,scheduled,Sunset Boulevard,2.744,315.0
58,58,LAKE MERCED,3,bus,1,Inbound,Inbound,Mission St & Flournoy,19th Ave & Buckingham Way,Stonestown,100.0,scheduled,Junipero Serra Boulevard,2.483,285.0
58,58,LAKE MERCED,3,bus,1,Inbound,Inbound,Mission St & Flournoy,19th Ave & Buckingham Way,Stonestown,100.0,scheduled,De Long Street,1.568,180.0
58,58,LAKE MERCED,3,bus,1,Inbound,Inbound,Mission St & Flournoy,19th Ave & Buckingham Way,Stonestown,100.0,scheduled,Mission Street,1.437,165.0
58,58,LAKE MERCED,3,bus,1,Inbound,Inbound,Mission St & Flournoy,19th Ave & Buckingham Way,Stonestown,100.0,scheduled,San Jose Avenue,1.437,165.0
58,58,LAKE MERCED,3,bus,1,Inbound,Inbound,Mission St & Flournoy,19th Ave & Buckingham Way,Stonestown,100.0,scheduled,19th Avenue,1.207,138.6
58,58,LAKE MERCED,3,bus,1,Inbound,Inbound,Mission St & Flournoy,19th Ave & Buckingham Way,Stonestown,100.0,scheduled,Sloat Boulevard,1.176,135.0
58,58,LAKE MERCED,3,bus,1,Inbound,Inbound,Mission St & Flournoy,19th Ave & Buckingham Way,Stonestown,100.0,scheduled,Arch Street,1.045,120.0
58,58,LAKE MERCED,3,bus,1,Inbound,Inbound,Mission St & Flournoy,19th Ave & Buckingham Way,Stonestown,100.0,scheduled,Flournoy Street,0.915,105.0
58,58,LAKE MERCED,3,bus,1,Inbound,Inbound,Mission St & Flournoy,19th Ave & Buckingham Way,Stonestown,100.0,scheduled,Lakeshore Drive,0.915,105.0
58,58,LAKE MERCED,3,bus,1,Inbound,Inbound,Mission St & Flournoy,19th Ave & Buckingham Way,Stonestown,100.0,scheduled,John F Foran Freeway,0.653,75.0
58,58,LAKE MERCED,3,bus,1,Inbound,Inbound,Mission St & Flournoy,19th Ave & Buckingham Way,Stonestown,100.0,scheduled,Hillcrest Drive,0.261,30.0
5R,5R,FULTON RAPID,3,bus,0,Outbound,Outbound,Transit Center Bay B,Cabrillo St & La Playa St,Ocean Beach,96.341,scheduled,Fulton Street,53.384,5713.0
5R,5R,FULTON RAPID,3,bus,0,Outbound,Outbound,Transit Center Bay B,Cabrillo St & La Playa St,Ocean Beach,96.341,scheduled,McAllister Street,25.693,2861.3
5R,5R,FULTON RAPID,3,bus,0,Outbound,Outbound,Transit Center Bay B,Cabrillo St & La Playa St,Ocean Beach,96.341,scheduled,Market Street,14.404,1604.1
5R,5R,FULTON RAPID,3,bus,0,Outbound,Outbound,Transit Center Bay B,Cabrillo St & La Playa St,Ocean Beach,96.341,scheduled,Fremont Street,2.465,274.6
5R,5R,FULTON RAPID,3,bus,0,Outbound,Outbound,Transit Center Bay B,Cabrillo St & La Playa St,Ocean Beach,96.341,scheduled,La Playa Street,2.342,246.7
5R,5R,FULTON RAPID,3,bus,0,Outbound,Outbound,Transit Center Bay B,Cabrillo St & La Playa St,Ocean Beach,96.341,scheduled,Central Avenue,0.908,101.2
5R,5R,FULTON RAPID,3,bus,0,Outbound,Outbound,Transit Center Bay B,Cabrillo St & La Playa St,Ocean Beach,96.341,scheduled,[UNNAMED ROAD],0.519,57.8
5R,5R,FULTON RAPID,3,bus,0,Outbound,Outbound,Transit Center Bay B,Cabrillo St & La Playa St,Ocean Beach,96.341,scheduled,Cabrillo Street,0.285,30.0
5R,5R,FULTON RAPID,3,bus,1,Inbound,Inbound,Cabrillo St & La Playa St,Transit Center Bay B,Transit Center,91.86,scheduled,Fulton Street,49.226,5450.8
5R,5R,FULTON RAPID,3,bus,1,Inbound,Inbound,Cabrillo St & La Playa St,Transit Center Bay B,Transit Center,91.86,scheduled,McAllister Street,27.318,2935.5
5R,5R,FULTON RAPID,3,bus,1,Inbound,Inbound,Cabrillo St & La Playa St,Transit Center Bay B,Transit Center,91.86,scheduled,Market Street,17.082,1758.1
5R,5R,FULTON RAPID,3,bus,1,Inbound,Inbound,Cabrillo St & La Playa St,Transit Center Bay B,Transit Center,91.86,scheduled,Beale Street,3.234,315.0
5R,5R,FULTON RAPID,3,bus,1,Inbound,Inbound,Cabrillo St & La Playa St,Transit Center Bay B,Transit Center,91.86,scheduled,La Playa Street,1.964,220.5
5R,5R,FULTON RAPID,3,bus,1,Inbound,Inbound,Cabrillo St & La Playa St,Transit Center Bay B,Transit Center,91.86,scheduled,Central Avenue,0.966,103.8
5R,5R,FULTON RAPID,3,bus,1,Inbound,Inbound,Cabrillo St & La Playa St,Transit Center Bay B,Transit Center,91.86,scheduled,[UNNAMED ROAD],0.21,20.0
6,6,HAYES-PARNASSUS,3,bus,0,Outbound,Outbound,Hyde St & Grove St,14th Ave & Quintara St,Quintara & 14th Ave,93.984,scheduled,Hayes Street,34.047,2512.1
6,6,HAYES-PARNASSUS,3,bus,0,Outbound,Outbound,Hyde St & Grove St,14th Ave & Quintara St,Quintara & 14th Ave,93.984,scheduled,Parnassus Avenue,16.988,1273.1
6,6,HAYES-PARNASSUS,3,bus,0,Outbound,Outbound,Hyde St & Grove St,14th Ave & Quintara St,Quintara & 14th Ave,93.984,scheduled,9th Avenue,13.483,1010.1
6,6,HAYES-PARNASSUS,3,bus,0,Outbound,Outbound,Hyde St & Grove St,14th Ave & Quintara St,Quintara & 14th Ave,93.984,scheduled,Masonic Avenue,9.231,702.2
6,6,HAYES-PARNASSUS,3,bus,0,Outbound,Outbound,Hyde St & Grove St,14th Ave & Quintara St,Quintara & 14th Ave,93.984,scheduled,10th Avenue,5.459,409.4
6,6,HAYES-PARNASSUS,3,bus,0,Outbound,Outbound,Hyde St & Grove St,14th Ave & Quintara St,Quintara & 14th Ave,93.984,scheduled,Quintara Street,4.923,368.7
6,6,HAYES-PARNASSUS,3,bus,0,Outbound,Outbound,Hyde St & Grove St,14th Ave & Quintara St,Quintara & 14th Ave,93.984,scheduled,Judah Street,4.885,366.0
6,6,HAYES-PARNASSUS,3,bus,0,Outbound,Outbound,Hyde St & Grove St,14th Ave & Quintara St,Quintara & 14th Ave,93.984,scheduled,Frederick Street,3.725,278.7
6,6,HAYES-PARNASSUS,3,bus,0,Outbound,Outbound,Hyde St & Grove St,14th Ave & Quintara St,Quintara & 14th Ave,93.984,scheduled,Clayton Street,2.736,204.9
6,6,HAYES-PARNASSUS,3,bus,0,Outbound,Outbound,Hyde St & Grove St,14th Ave & Quintara St,Quintara & 14th Ave,93.984,scheduled,Market Street,1.964,144.6
6,6,HAYES-PARNASSUS,3,bus,0,Outbound,Outbound,Hyde St & Grove St,14th Ave & Quintara St,Quintara & 14th Ave,93.984,scheduled,Ortega Street,1.185,88.4
6,6,HAYES-PARNASSUS,3,bus,0,Outbound,Outbound,Hyde St & Grove St,14th Ave & Quintara St,Quintara & 14th Ave,93.984,scheduled,[UNNAMED ROAD],0.982,72.3
6,6,HAYES-PARNASSUS,3,bus,0,Outbound,Outbound,Hyde St & Grove St,14th Ave & Quintara St,Quintara & 14th Ave,93.984,scheduled,Hyde Street,0.393,28.9
6,6,HAYES-PARNASSUS,3,bus,1,Inbound,Inbound,14th Ave & Quintara St,Hyde St & Grove St,Civic Center Station,94.011,scheduled,Hayes Street,21.712,1706.4
6,6,HAYES-PARNASSUS,3,bus,1,Inbound,Inbound,14th Ave & Quintara St,Hyde St & Grove St,Civic Center Station,94.011,scheduled,Parnassus Avenue,16.033,1273.7
6,6,HAYES-PARNASSUS,3,bus,1,Inbound,Inbound,14th Ave & Quintara St,Hyde St & Grove St,Civic Center Station,94.011,scheduled,9th Avenue,12.716,1010.2
6,6,HAYES-PARNASSUS,3,bus,1,Inbound,Inbound,14th Ave & Quintara St,Hyde St & Grove St,Civic Center Station,94.011,scheduled,Grove Street,9.016,708.6
6,6,HAYES-PARNASSUS,3,bus,1,Inbound,Inbound,14th Ave & Quintara St,Hyde St & Grove St,Civic Center Station,94.011,scheduled,Masonic Avenue,8.851,703.0
6,6,HAYES-PARNASSUS,3,bus,1,Inbound,Inbound,14th Ave & Quintara St,Hyde St & Grove St,Civic Center Station,94.011,scheduled,10th Avenue,5.16,409.9
6,6,HAYES-PARNASSUS,3,bus,1,Inbound,Inbound,14th Ave & Quintara St,Hyde St & Grove St,Civic Center Station,94.011,scheduled,Judah Street,4.607,366.0
6,6,HAYES-PARNASSUS,3,bus,1,Inbound,Inbound,14th Ave & Quintara St,Hyde St & Grove St,Civic Center Station,94.011,scheduled,Quintara Street,4.607,366.0
6,6,HAYES-PARNASSUS,3,bus,1,Inbound,Inbound,14th Ave & Quintara St,Hyde St & Grove St,Civic Center Station,94.011,scheduled,Frederick Street,3.686,292.8
6,6,HAYES-PARNASSUS,3,bus,1,Inbound,Inbound,14th Ave & Quintara St,Hyde St & Grove St,Civic Center Station,94.011,scheduled,McAllister Street,3.507,275.1
6,6,HAYES-PARNASSUS,3,bus,1,Inbound,Inbound,14th Ave & Quintara St,Hyde St & Grove St,Civic Center Station,94.011,scheduled,Clayton Street,2.58,205.0
6,6,HAYES-PARNASSUS,3,bus,1,Inbound,Inbound,14th Ave & Quintara St,Hyde St & Grove St,Civic Center Station,94.011,scheduled,Hyde Street,2.566,201.9
6,6,HAYES-PARNASSUS,3,bus,1,Inbound,Inbound,14th Ave & Quintara St,Hyde St & Grove St,Civic Center Station,94.011,scheduled,Dr. Carlton B. Goodlett Place,2.565,202.1
6,6,HAYES-PARNASSUS,3,bus,1,Inbound,Inbound,14th Ave & Quintara St,Hyde St & Grove St,Civic Center Station,94.011,scheduled,Laguna Street,1.288,101.2
6,6,HAYES-PARNASSUS,3,bus,1,Inbound,Inbound,14th Ave & Quintara St,Hyde St & Grove St,Civic Center Station,94.011,scheduled,Ortega Street,1.106,87.8
66,66,QUINTARA,3,bus,0,Outbound,Outbound,9th Ave & Judah St,Vicente St & 30th Ave,Vicente + 30th Avenue,100.0,scheduled,Quintara Street,29.7,1425.0
66,66,QUINTARA,3,bus,0,Outbound,Outbound,9th Ave & Judah St,Vicente St & 30th Ave,Vicente + 30th Avenue,100.0,scheduled,30th Avenue,21.842,1048.0
66,66,QUINTARA,3,bus,0,Outbound,Outbound,9th Ave & Judah St,Vicente St & 30th Ave,Vicente + 30th Avenue,100.0,scheduled,Lawton Street,14.694,705.0
66,66,QUINTARA,3,bus,0,Outbound,Outbound,9th Ave & Judah St,Vicente St & 30th Ave,Vicente + 30th Avenue,100.0,scheduled,15th Avenue,12.818,615.0
66,66,QUINTARA,3,bus,0,Outbound,Outbound,9th Ave & Judah St,Vicente St & 30th Ave,Vicente + 30th Avenue,100.0,scheduled,16th Avenue,9.379,450.0
66,66,QUINTARA,3,bus,0,Outbound,Outbound,9th Ave & Judah St,Vicente St & 30th Ave,Vicente + 30th Avenue,100.0,scheduled,9th Avenue,8.128,390.0
66,66,QUINTARA,3,bus,0,Outbound,Outbound,9th Ave & Judah St,Vicente St & 30th Ave,Vicente + 30th Avenue,100.0,scheduled,Noriega Street,3.439,165.0
66,66,QUINTARA,3,bus,1,Inbound,Inbound,Vicente St & 30th Ave,9th Ave & Judah St,Judah + Ninth Avenue,99.433,scheduled,Quintara Street,26.002,1313.0
66,66,QUINTARA,3,bus,1,Inbound,Inbound,Vicente St & 30th Ave,9th Ave & Judah St,Judah + Ninth Avenue,99.433,scheduled,16th Avenue,23.829,1200.0
66,66,QUINTARA,3,bus,1,Inbound,Inbound,Vicente St & 30th Ave,9th Ave & Judah St,Judah + Ninth Avenue,99.433,scheduled,30th Avenue,16.242,820.3
66,66,QUINTARA,3,bus,1,Inbound,Inbound,Vicente St & 30th Ave,9th Ave & Judah St,Judah + Ninth Avenue,99.433,scheduled,Lawton Street,15.787,795.0
66,66,QUINTARA,3,bus,1,Inbound,Inbound,Vicente St & 30th Ave,9th Ave & Judah St,Judah + Ninth Avenue,99.433,scheduled,8th Avenue,8.34,420.0
66,66,QUINTARA,3,bus,1,Inbound,Inbound,Vicente St & 30th Ave,9th Ave & Judah St,Judah + Ninth Avenue,99.433,scheduled,29th Avenue,3.839,193.9
66,66,QUINTARA,3,bus,1,Inbound,Inbound,Vicente St & 30th Ave,9th Ave & Judah St,Judah + Ninth Avenue,99.433,scheduled,Ulloa Street,2.067,104.4
66,66,QUINTARA,3,bus,1,Inbound,Inbound,Vicente St & 30th Ave,9th Ave & Judah St,Judah + Ninth Avenue,99.433,scheduled,Judah Street,2.001,100.8
66,66,QUINTARA,3,bus,1,Inbound,Inbound,Vicente St & 30th Ave,9th Ave & Judah St,Judah + Ninth Avenue,99.433,scheduled,Vicente Street,1.772,89.5
66,66,QUINTARA,3,bus,1,Inbound,Inbound,Vicente St & 30th Ave,9th Ave & Judah St,Judah + Ninth Avenue,99.433,scheduled,17th Avenue,0.072,2.4
66,66,QUINTARA,3,bus,1,Inbound,Inbound,Vicente St & 30th Ave,9th Ave & Judah St,Judah + Ninth Avenue,99.433,scheduled,Santiago Street,0.051,1.7
67,67,BERNAL HEIGHTS,3,bus,0,Outbound,Outbound,24th St & Mission St,Ellsworth St & Crescent Ave,Alemany Blvd,100.0,scheduled,Folsom Street,33.061,1725.0
67,67,BERNAL HEIGHTS,3,bus,0,Outbound,Outbound,24th St & Mission St,Ellsworth St & Crescent Ave,Alemany Blvd,100.0,scheduled,Alemany Boulevard,15.237,795.0
67,67,BERNAL HEIGHTS,3,bus,0,Outbound,Outbound,24th St & Mission St,Ellsworth St & Crescent Ave,Alemany Blvd,100.0,scheduled,Ellsworth Street,10.88,567.7
67,67,BERNAL HEIGHTS,3,bus,0,Outbound,Outbound,24th St & Mission St,Ellsworth St & Crescent Ave,Alemany Blvd,100.0,scheduled,Mission Street,6.9,360.0
67,67,BERNAL HEIGHTS,3,bus,0,Outbound,Outbound,24th St & Mission St,Ellsworth St & Crescent Ave,Alemany Blvd,100.0,scheduled,Van Ness Avenue,6.9,360.0
67,67,BERNAL HEIGHTS,3,bus,0,Outbound,Outbound,24th St & Mission St,Ellsworth St & Crescent Ave,Alemany Blvd,100.0,scheduled,Crescent Avenue,5.462,285.0
67,67,BERNAL HEIGHTS,3,bus,0,Outbound,Outbound,24th St & Mission St,Ellsworth St & Crescent Ave,Alemany Blvd,100.0,scheduled,Bernal Heights Boulevard,4.312,225.0
67,67,BERNAL HEIGHTS,3,bus,0,Outbound,Outbound,24th St & Mission St,Ellsworth St & Crescent Ave,Alemany Blvd,100.0,scheduled,Cortland Avenue,4.025,210.0
67,67,BERNAL HEIGHTS,3,bus,0,Outbound,Outbound,24th St & Mission St,Ellsworth St & Crescent Ave,Alemany Blvd,100.0,scheduled,24th Street,3.737,195.0
67,67,BERNAL HEIGHTS,3,bus,0,Outbound,Outbound,24th St & Mission St,Ellsworth St & Crescent Ave,Alemany Blvd,100.0,scheduled,26th Street,3.737,195.0
67,67,BERNAL HEIGHTS,3,bus,0,Outbound,Outbound,24th St & Mission St,Ellsworth St & Crescent Ave,Alemany Blvd,100.0,scheduled,Nevada Street,3.162,165.0
67,67,BERNAL HEIGHTS,3,bus,0,Outbound,Outbound,24th St & Mission St,Ellsworth St & Crescent Ave,Alemany Blvd,100.0,scheduled,Bradford Street,2.587,135.0
67,67,BERNAL HEIGHTS,3,bus,1,Inbound,Inbound,Ellsworth St & Crescent Ave,24th St & Mission St,24th St BART,100.0,scheduled,Folsom Street,46.212,1395.0
67,67,BERNAL HEIGHTS,3,bus,1,Inbound,Inbound,Ellsworth St & Crescent Ave,24th St & Mission St,24th St BART,100.0,scheduled,24th Street,12.546,378.7
67,67,BERNAL HEIGHTS,3,bus,1,Inbound,Inbound,Ellsworth St & Crescent Ave,24th St & Mission St,24th St BART,100.0,scheduled,Ripley Street,8.447,255.0
67,67,BERNAL HEIGHTS,3,bus,1,Inbound,Inbound,Ellsworth St & Crescent Ave,24th St & Mission St,24th St BART,100.0,scheduled,Cortland Avenue,6.957,210.0
67,67,BERNAL HEIGHTS,3,bus,1,Inbound,Inbound,Ellsworth St & Crescent Ave,24th St & Mission St,24th St BART,100.0,scheduled,Nevada Street,5.963,180.0
67,67,BERNAL HEIGHTS,3,bus,1,Inbound,Inbound,Ellsworth St & Crescent Ave,24th St & Mission St,24th St BART,100.0,scheduled,Bradford Street,5.466,165.0
67,67,BERNAL HEIGHTS,3,bus,1,Inbound,Inbound,Ellsworth St & Crescent Ave,24th St & Mission St,24th St BART,100.0,scheduled,Bernal Heights Boulevard,4.969,150.0
67,67,BERNAL HEIGHTS,3,bus,1,Inbound,Inbound,Ellsworth St & Crescent Ave,24th St & Mission St,24th St BART,100.0,scheduled,Crescent Avenue,3.975,120.0
67,67,BERNAL HEIGHTS,3,bus,1,Inbound,Inbound,Ellsworth St & Crescent Ave,24th St & Mission St,24th St BART,100.0,scheduled,Alabama Street,3.478,105.0
67,67,BERNAL HEIGHTS,3,bus,1,Inbound,Inbound,Ellsworth St & Crescent Ave,24th St & Mission St,24th St BART,100.0,scheduled,Esmeralda Avenue,1.988,60.0
7,7,HAIGHT-NORIEGA,3,bus,0,Outbound,Outbound,Transit Center Bay E,Ortega St & 48th Ave,Ocean Beach,100.0,scheduled,Market Street,22.801,2940.0
7,7,HAIGHT-NORIEGA,3,bus,0,Outbound,Outbound,Transit Center Bay E,Ortega St & 48th Ave,Ocean Beach,100.0,scheduled,Haight Street,21.754,2805.0
7,7,HAIGHT-NORIEGA,3,bus,0,Outbound,Outbound,Transit Center Bay E,Ortega St & 48th Ave,Ocean Beach,100.0,scheduled,Noriega Street,18.962,2445.0
7,7,HAIGHT-NORIEGA,3,bus,0,Outbound,Outbound,Transit Center Bay E,Ortega St & 48th Ave,Ocean Beach,100.0,scheduled,Lincoln Way,16.286,2100.0
7,7,HAIGHT-NORIEGA,3,bus,0,Outbound,Outbound,Transit Center Bay E,Ortega St & 48th Ave,Ocean Beach,100.0,scheduled,23rd Avenue,9.655,1245.0
7,7,HAIGHT-NORIEGA,3,bus,0,Outbound,Outbound,Transit Center Bay E,Ortega St & 48th Ave,Ocean Beach,100.0,scheduled,Frederick Street,3.374,435.0
7,7,HAIGHT-NORIEGA,3,bus,0,Outbound,Outbound,Transit Center Bay E,Ortega St & 48th Ave,Ocean Beach,100.0,scheduled,Stanyan Street,2.443,315.0
7,7,HAIGHT-NORIEGA,3,bus,0,Outbound,Outbound,Transit Center Bay E,Ortega St & 48th Ave,Ocean Beach,100.0,scheduled,Fremont Street,2.21,285.0
7,7,HAIGHT-NORIEGA,3,bus,0,Outbound,Outbound,Transit Center Bay E,Ortega St & 48th Ave,Ocean Beach,100.0,scheduled,Great Highway,1.629,210.0
7,7,HAIGHT-NORIEGA,3,bus,0,Outbound,Outbound,Transit Center Bay E,Ortega St & 48th Ave,Ocean Beach,100.0,scheduled,Ortega Street,0.422,54.4
7,7,HAIGHT-NORIEGA,3,bus,0,Outbound,Outbound,Transit Center Bay E,Ortega St & 48th Ave,Ocean Beach,100.0,scheduled,[UNNAMED ROAD],0.349,45.0
7,7,HAIGHT-NORIEGA,3,bus,0,Outbound,Outbound,Transit Center Bay E,Ortega St & 48th Ave,Ocean Beach,100.0,scheduled,Gough Street,0.116,15.0
7,7,HAIGHT-NORIEGA,3,bus,1,Inbound,Inbound,Ortega St & 48th Ave,Transit Center Bay E,Transit Center,100.0,scheduled,Market Street,23.666,3045.0
7,7,HAIGHT-NORIEGA,3,bus,1,Inbound,Inbound,Ortega St & 48th Ave,Transit Center Bay E,Transit Center,100.0,scheduled,Haight Street,21.801,2805.0
7,7,HAIGHT-NORIEGA,3,bus,1,Inbound,Inbound,Ortega St & 48th Ave,Transit Center Bay E,Transit Center,100.0,scheduled,Noriega Street,18.303,2355.0
7,7,HAIGHT-NORIEGA,3,bus,1,Inbound,Inbound,Ortega St & 48th Ave,Transit Center Bay E,Transit Center,100.0,scheduled,Lincoln Way,15.622,2010.0
7,7,HAIGHT-NORIEGA,3,bus,1,Inbound,Inbound,Ortega St & 48th Ave,Transit Center Bay E,Transit Center,100.0,scheduled,22nd Avenue,9.676,1245.0
7,7,HAIGHT-NORIEGA,3,bus,1,Inbound,Inbound,Ortega St & 48th Ave,Transit Center Bay E,Transit Center,100.0,scheduled,Frederick Street,3.381,435.0
7,7,HAIGHT-NORIEGA,3,bus,1,Inbound,Inbound,Ortega St & 48th Ave,Transit Center Bay E,Transit Center,100.0,scheduled,Stanyan Street,2.448,315.0
7,7,HAIGHT-NORIEGA,3,bus,1,Inbound,Inbound,Ortega St & 48th Ave,Transit Center Bay E,Transit Center,100.0,scheduled,Beale Street,2.215,285.0
7,7,HAIGHT-NORIEGA,3,bus,1,Inbound,Inbound,Ortega St & 48th Ave,Transit Center Bay E,Transit Center,100.0,scheduled,47th Avenue,1.632,210.0
7,7,HAIGHT-NORIEGA,3,bus,1,Inbound,Inbound,Ortega St & 48th Ave,Transit Center Bay E,Transit Center,100.0,scheduled,Ortega Street,0.816,105.0
7,7,HAIGHT-NORIEGA,3,bus,1,Inbound,Inbound,Ortega St & 48th Ave,Transit Center Bay E,Transit Center,100.0,scheduled,[UNNAMED ROAD],0.322,41.5
7,7,HAIGHT-NORIEGA,3,bus,1,Inbound,Inbound,Ortega St & 48th Ave,Transit Center Bay E,Transit Center,100.0,scheduled,Gough Street,0.117,15.0
714,714,BART EARLY BIRD,3,bus,0,Outbound,Outbound,Transit Center Bay C,Daly City BART Station,Daly City BART,100.0,scheduled,Mission Street,53.868,7140.0
714,714,BART EARLY BIRD,3,bus,0,Outbound,Outbound,Transit Center Bay C,Daly City BART Station,Daly City BART,100.0,scheduled,San Jose Avenue,24.784,3285.0
714,714,BART EARLY BIRD,3,bus,0,Outbound,Outbound,Transit Center Bay C,Daly City BART Station,Daly City BART,100.0,scheduled,Bosworth Street,5.319,705.0
714,714,BART EARLY BIRD,3,bus,0,Outbound,Outbound,Transit Center Bay C,Daly City BART Station,Daly City BART,100.0,scheduled,John Daly Boulevard,3.621,480.0
714,714,BART EARLY BIRD,3,bus,0,Outbound,Outbound,Transit Center Bay C,Daly City BART Station,Daly City BART,100.0,scheduled,Otis Street,2.942,390.0
714,714,BART EARLY BIRD,3,bus,0,Outbound,Outbound,Transit Center Bay C,Daly City BART Station,Daly City BART,100.0,scheduled,Circular Avenue,2.263,300.0
714,714,BART EARLY BIRD,3,bus,0,Outbound,Outbound,Transit Center Bay C,Daly City BART Station,Daly City BART,100.0,scheduled,Monterey Boulevard,1.811,240.0
714,714,BART EARLY BIRD,3,bus,0,Outbound,Outbound,Transit Center Bay C,Daly City BART Station,Daly City BART,100.0,scheduled,De Long Street,1.471,195.0
714,714,BART EARLY BIRD,3,bus,0,Outbound,Outbound,Transit Center Bay C,Daly City BART Station,Daly City BART,100.0,scheduled,[UNNAMED ROAD],1.317,174.6
714,714,BART EARLY BIRD,3,bus,0,Outbound,Outbound,Transit Center Bay C,Daly City BART Station,Daly City BART,100.0,scheduled,Fremont Street,0.905,120.0
714,714,BART EARLY BIRD,3,bus,0,Outbound,Outbound,Transit Center Bay C,Daly City BART Station,Daly City BART,100.0,scheduled,Diamond Street,0.792,105.0
714,714,BART EARLY BIRD,3,bus,0,Outbound,Outbound,Transit Center Bay C,Daly City BART Station,Daly City BART,100.0,scheduled,Baden Street,0.679,90.0
714,714,BART EARLY BIRD,3,bus,0,Outbound,Outbound,Transit Center Bay C,Daly City BART Station,Daly City BART,100.0,scheduled,Hillcrest Drive,0.113,15.0
714,714,BART EARLY BIRD,3,bus,0,Outbound,Outbound,Transit Center Bay C,Daly City BART Station,Daly City BART,100.0,scheduled,Natoma Street,0.113,15.0
714,714,BART EARLY BIRD,3,bus,1,Inbound,Inbound,Daly City BART Station,Transit Center Bay C,Transit Center,100.0,scheduled,Mission Street,54.658,7425.0
714,714,BART EARLY BIRD,3,bus,1,Inbound,Inbound,Daly City BART Station,Transit Center Bay C,Transit Center,100.0,scheduled,John F Foran Freeway,21.642,2940.0
714,714,BART EARLY BIRD,3,bus,1,Inbound,Inbound,Daly City BART Station,Transit Center Bay C,Transit Center,100.0,scheduled,San Jose Avenue,8.834,1200.0
714,714,BART EARLY BIRD,3,bus,1,Inbound,Inbound,Daly City BART Station,Transit Center Bay C,Transit Center,100.0,scheduled,Bosworth Street,5.19,705.0
714,714,BART EARLY BIRD,3,bus,1,Inbound,Inbound,Daly City BART Station,Transit Center Bay C,Transit Center,100.0,scheduled,Circular Avenue,2.208,300.0
714,714,BART EARLY BIRD,3,bus,1,Inbound,Inbound,Daly City BART Station,Transit Center Bay C,Transit Center,100.0,scheduled,Monterey Boulevard,1.767,240.0
714,714,BART EARLY BIRD,3,bus,1,Inbound,Inbound,Daly City BART Station,Transit Center Bay C,Transit Center,100.0,scheduled,[UNNAMED ROAD],1.395,189.5
714,714,BART EARLY BIRD,3,bus,1,Inbound,Inbound,Daly City BART Station,Transit Center Bay C,Transit Center,100.0,scheduled,John Daly Boulevard,0.994,135.0
714,714,BART EARLY BIRD,3,bus,1,Inbound,Inbound,Daly City BART Station,Transit Center Bay C,Transit Center,100.0,scheduled,Beale Street,0.883,120.0
714,714,BART EARLY BIRD,3,bus,1,Inbound,Inbound,Daly City BART Station,Transit Center Bay C,Transit Center,100.0,scheduled,Geneva Avenue,0.883,120.0
714,714,BART EARLY BIRD,3,bus,1,Inbound,Inbound,Daly City BART Station,Transit Center Bay C,Transit Center,100.0,scheduled,Diamond Street,0.773,105.0
714,714,BART EARLY BIRD,3,bus,1,Inbound,Inbound,Daly City BART Station,Transit Center Bay C,Transit Center,100.0,scheduled,Baden Street,0.663,90.0
714,714,BART EARLY BIRD,3,bus,1,Inbound,Inbound,Daly City BART Station,Transit Center Bay C,Transit Center,100.0,scheduled,Junipero Serra Boulevard,0.11,15.0
8,8,BAYSHORE,3,bus,0,Outbound,Outbound,Kearny St & North Point St,City College Terminal,City College,99.754,scheduled,James Lick Freeway,21.916,4099.9
8,8,BAYSHORE,3,bus,0,Outbound,Outbound,Kearny St & North Point St,City College Terminal,City College,99.754,scheduled,Geneva Avenue,20.956,3920.3
8,8,BAYSHORE,3,bus,0,Outbound,Outbound,Kearny St & North Point St,City College Terminal,City College,99.754,scheduled,San Bruno Avenue,12.398,2319.3
8,8,BAYSHORE,3,bus,0,Outbound,Outbound,Kearny St & North Point St,City College Terminal,City College,99.754,scheduled,Stockton Street,8.485,1560.0
8,8,BAYSHORE,3,bus,0,Outbound,Outbound,Kearny St & North Point St,City College Terminal,City College,99.754,scheduled,Visitacion Avenue,5.519,1032.5
8,8,BAYSHORE,3,bus,0,Outbound,Outbound,Kearny St & North Point St,City College Terminal,City College,99.754,scheduled,Harrison Street,4.639,867.9
8,8,BAYSHORE,3,bus,0,Outbound,Outbound,Kearny St & North Point St,City College Terminal,City College,99.754,scheduled,4th Street,4.239,793.0
8,8,BAYSHORE,3,bus,0,Outbound,Outbound,Kearny St & North Point St,City College Terminal,City College,99.754,scheduled,Powell Street,3.404,629.5
8,8,BAYSHORE,3,bus,0,Outbound,Outbound,Kearny St & North Point St,City College Terminal,City College,99.754,scheduled,Schwerin Street,2.639,493.8
8,8,BAYSHORE,3,bus,0,Outbound,Outbound,Kearny St & North Point St,City College Terminal,City College,99.754,scheduled,I 80,2.48,463.9
8,8,BAYSHORE,3,bus,0,Outbound,Outbound,Kearny St & North Point St,City College Terminal,City College,99.754,scheduled,Route 80,2.48,463.9
8,8,BAYSHORE,3,bus,0,Outbound,Outbound,Kearny St & North Point St,City College Terminal,City College,99.754,scheduled,Sunnydale Avenue,2.32,433.9
8,8,BAYSHORE,3,bus,0,Outbound,Outbound,Kearny St & North Point St,City College Terminal,City College,99.754,scheduled,North Point Street,2.24,419.0
8,8,BAYSHORE,3,bus,0,Outbound,Outbound,Kearny St & North Point St,City College Terminal,City College,99.754,scheduled,Columbus Avenue,1.548,285.0
8,8,BAYSHORE,3,bus,0,Outbound,Outbound,Kearny St & North Point St,City College Terminal,City College,99.754,scheduled,Bayshore Boulevard,1.36,254.4
8,8,BAYSHORE,3,bus,0,Outbound,Outbound,Kearny St & North Point St,City College Terminal,City College,99.754,scheduled,[UNNAMED ROAD],0.973,182.1
8,8,BAYSHORE,3,bus,0,Outbound,Outbound,Kearny St & North Point St,City College Terminal,City College,99.754,scheduled,Mrs. Jackson Way,0.96,179.6
8,8,BAYSHORE,3,bus,0,Outbound,Outbound,Kearny St & North Point St,City College Terminal,City College,99.754,scheduled,Ocean Avenue,0.8,149.6
8,8,BAYSHORE,3,bus,0,Outbound,Outbound,Kearny St & North Point St,City College Terminal,City College,99.754,scheduled,Filbert Street,0.165,30.0
8,8,BAYSHORE,3,bus,0,Outbound,Outbound,Kearny St & North Point St,City College Terminal,City College,99.754,scheduled,Arleta Avenue,0.16,29.9
8,8,BAYSHORE,3,bus,0,Outbound,Outbound,Kearny St & North Point St,City College Terminal,City College,99.754,scheduled,Kearny Street,0.16,29.9
8,8,BAYSHORE,3,bus,0,Outbound,Outbound,Kearny St & North Point St,City College Terminal,City College,99.754,scheduled,Harold Avenue,0.08,15.0
8,8,BAYSHORE,3,bus,0,Outbound,Outbound,Kearny St & North Point St,City College Terminal,City College,99.754,scheduled,Silliman Street,0.08,15.0
8,8,BAYSHORE,3,bus,0,Outbound,Outbound,Kearny St & North Point St,City College Terminal,City College,99.754,scheduled,Market Street,0.001,0.0
8,8,BAYSHORE,3,bus,1,Inbound,Inbound,City College Terminal,Kearny St & North Point St,Fisherman`s Wharf,99.758,scheduled,Geneva Avenue,21.873,3957.5
8,8,BAYSHORE,3,bus,1,Inbound,Inbound,City College Terminal,Kearny St & North Point St,Fisherman`s Wharf,99.758,scheduled,James Lick Freeway,17.965,3262.1
8,8,BAYSHORE,3,bus,1,Inbound,Inbound,City College Terminal,Kearny St & North Point St,Fisherman`s Wharf,99.758,scheduled,San Bruno Avenue,15.575,2828.1
8,8,BAYSHORE,3,bus,1,Inbound,Inbound,City College Terminal,Kearny St & North Point St,Fisherman`s Wharf,99.758,scheduled,Kearny Street,6.143,1115.5
8,8,BAYSHORE,3,bus,1,Inbound,Inbound,City College Terminal,Kearny St & North Point St,Fisherman`s Wharf,99.758,scheduled,Bryant Street,6.016,1092.4
8,8,BAYSHORE,3,bus,1,Inbound,Inbound,City College Terminal,Kearny St & North Point St,Fisherman`s Wharf,99.758,scheduled,3rd Street,5.439,987.6
8,8,BAYSHORE,3,bus,1,Inbound,Inbound,City College Terminal,Kearny St & North Point St,Fisherman`s Wharf,99.758,scheduled,Visitacion Avenue,3.833,690.9
8,8,BAYSHORE,3,bus,1,Inbound,Inbound,City College Terminal,Kearny St & North Point St,Fisherman`s Wharf,99.758,scheduled,Columbus Avenue,3.626,658.4
8,8,BAYSHORE,3,bus,1,Inbound,Inbound,City College Terminal,Kearny St & North Point St,Fisherman`s Wharf,99.758,scheduled,I 80,3.461,628.5
8,8,BAYSHORE,3,bus,1,Inbound,Inbound,City College Terminal,Kearny St & North Point St,Fisherman`s Wharf,99.758,scheduled,Powell Street,3.049,553.7
8,8,BAYSHORE,3,bus,1,Inbound,Inbound,City College Terminal,Kearny St & North Point St,Fisherman`s Wharf,99.758,scheduled,Schwerin Street,2.739,495.0
8,8,BAYSHORE,3,bus,1,Inbound,Inbound,City College Terminal,Kearny St & North Point St,Fisherman`s Wharf,99.758,scheduled,Bay Street,2.39,433.9
8,8,BAYSHORE,3,bus,1,Inbound,Inbound,City College Terminal,Kearny St & North Point St,Fisherman`s Wharf,99.758,scheduled,[UNNAMED ROAD],1.813,329.2
8,8,BAYSHORE,3,bus,1,Inbound,Inbound,City College Terminal,Kearny St & North Point St,Fisherman`s Wharf,99.758,scheduled,Route 80,1.648,299.3
8,8,BAYSHORE,3,bus,1,Inbound,Inbound,City College Terminal,Kearny St & North Point St,Fisherman`s Wharf,99.758,scheduled,Bayshore Boulevard,1.412,255.0
8,8,BAYSHORE,3,bus,1,Inbound,Inbound,City College Terminal,Kearny St & North Point St,Fisherman`s Wharf,99.758,scheduled,Rey Street,1.071,194.5
8,8,BAYSHORE,3,bus,1,Inbound,Inbound,City College Terminal,Kearny St & North Point St,Fisherman`s Wharf,99.758,scheduled,Alemany Boulevard,0.763,136.0
8,8,BAYSHORE,3,bus,1,Inbound,Inbound,City College Terminal,Kearny St & North Point St,Fisherman`s Wharf,99.758,scheduled,Sunnydale Avenue,0.512,90.8
8,8,BAYSHORE,3,bus,1,Inbound,Inbound,City College Terminal,Kearny St & North Point St,Fisherman`s Wharf,99.758,scheduled,Frida Kahlo Way,0.412,74.8
8,8,BAYSHORE,3,bus,1,Inbound,Inbound,City College Terminal,Kearny St & North Point St,Fisherman`s Wharf,99.758,scheduled,7th Street,0.165,29.9
8,8,BAYSHORE,3,bus,1,Inbound,Inbound,City College Terminal,Kearny St & North Point St,Fisherman`s Wharf,99.758,scheduled,Arleta Avenue,0.082,15.0
8,8,BAYSHORE,3,bus,1,Inbound,Inbound,City College Terminal,Kearny St & North Point St,Fisherman`s Wharf,99.758,scheduled,Mrs. Jackson Way,0.007,0.4
8,8,BAYSHORE,3,bus,1,Inbound,Inbound,City College Terminal,Kearny St & North Point St,Fisherman`s Wharf,99.758,scheduled,Onondaga Avenue,0.004,0.3
8AX,8AX,BAYSHORE A EXPRESS,3,bus,0,Outbound,Outbound,Kearny St & Pacific Ave,Geneva Street & Schwerin Street,Geneva and Schwerin,100.0,scheduled,James Lick Freeway,32.97,4110.0
8AX,8AX,BAYSHORE A EXPRESS,3,bus,0,Outbound,Outbound,Kearny St & Pacific Ave,Geneva Street & Schwerin Street,Geneva and Schwerin,100.0,scheduled,San Bruno Avenue,18.651,2325.0
8AX,8AX,BAYSHORE A EXPRESS,3,bus,0,Outbound,Outbound,Kearny St & Pacific Ave,Geneva Street & Schwerin Street,Geneva and Schwerin,100.0,scheduled,Stockton Street,10.95,1365.0
8AX,8AX,BAYSHORE A EXPRESS,3,bus,0,Outbound,Outbound,Kearny St & Pacific Ave,Geneva Street & Schwerin Street,Geneva and Schwerin,100.0,scheduled,Harrison Street,6.979,870.0
8AX,8AX,BAYSHORE A EXPRESS,3,bus,0,Outbound,Outbound,Kearny St & Pacific Ave,Geneva Street & Schwerin Street,Geneva and Schwerin,100.0,scheduled,Bayshore Boulevard,6.859,855.0
8AX,8AX,BAYSHORE A EXPRESS,3,bus,0,Outbound,Outbound,Kearny St & Pacific Ave,Geneva Street & Schwerin Street,Geneva and Schwerin,100.0,scheduled,4th Street,6.257,780.0
8AX,8AX,BAYSHORE A EXPRESS,3,bus,0,Outbound,Outbound,Kearny St & Pacific Ave,Geneva Street & Schwerin Street,Geneva and Schwerin,100.0,scheduled,MacDonald Avenue,4.572,570.0
8AX,8AX,BAYSHORE A EXPRESS,3,bus,0,Outbound,Outbound,Kearny St & Pacific Ave,Geneva Street & Schwerin Street,Geneva and Schwerin,100.0,scheduled,I 80,3.73,465.0
8AX,8AX,BAYSHORE A EXPRESS,3,bus,0,Outbound,Outbound,Kearny St & Pacific Ave,Geneva Street & Schwerin Street,Geneva and Schwerin,100.0,scheduled,Route 80,3.73,465.0
8AX,8AX,BAYSHORE A EXPRESS,3,bus,0,Outbound,Outbound,Kearny St & Pacific Ave,Geneva Street & Schwerin Street,Geneva and Schwerin,100.0,scheduled,Broadway,2.286,285.0
8AX,8AX,BAYSHORE A EXPRESS,3,bus,0,Outbound,Outbound,Kearny St & Pacific Ave,Geneva Street & Schwerin Street,Geneva and Schwerin,100.0,scheduled,[UNNAMED ROAD],0.842,105.0
8AX,8AX,BAYSHORE A EXPRESS,3,bus,0,Outbound,Outbound,Kearny St & Pacific Ave,Geneva Street & Schwerin Street,Geneva and Schwerin,100.0,scheduled,Schwerin Street,0.722,90.0
8AX,8AX,BAYSHORE A EXPRESS,3,bus,0,Outbound,Outbound,Kearny St & Pacific Ave,Geneva Street & Schwerin Street,Geneva and Schwerin,100.0,scheduled,Kearny Street,0.602,75.0
8AX,8AX,BAYSHORE A EXPRESS,3,bus,0,Outbound,Outbound,Kearny St & Pacific Ave,Geneva Street & Schwerin Street,Geneva and Schwerin,100.0,scheduled,Geneva Avenue,0.489,61.0
8AX,8AX,BAYSHORE A EXPRESS,3,bus,0,Outbound,Outbound,Kearny St & Pacific Ave,Geneva Street & Schwerin Street,Geneva and Schwerin,100.0,scheduled,Arleta Avenue,0.241,30.0
8AX,8AX,BAYSHORE A EXPRESS,3,bus,0,Outbound,Outbound,Kearny St & Pacific Ave,Geneva Street & Schwerin Street,Geneva and Schwerin,100.0,scheduled,Silliman Street,0.12,15.0
8AX,8AX,BAYSHORE A EXPRESS,3,bus,1,Inbound,Inbound,Geneva Street & Schwerin Street,Kearny St & Pacific Ave,Pacific + Kearny,100.0,scheduled,James Lick Freeway,26.765,3285.0
8AX,8AX,BAYSHORE A EXPRESS,3,bus,1,Inbound,Inbound,Geneva Street & Schwerin Street,Kearny St & Pacific Ave,Pacific + Kearny,100.0,scheduled,San Bruno Avenue,22.976,2820.0
8AX,8AX,BAYSHORE A EXPRESS,3,bus,1,Inbound,Inbound,Geneva Street & Schwerin Street,Kearny St & Pacific Ave,Pacific + Kearny,100.0,scheduled,Bryant Street,9.044,1110.0
8AX,8AX,BAYSHORE A EXPRESS,3,bus,1,Inbound,Inbound,Geneva Street & Schwerin Street,Kearny St & Pacific Ave,Pacific + Kearny,100.0,scheduled,Kearny Street,8.829,1083.7
8AX,8AX,BAYSHORE A EXPRESS,3,bus,1,Inbound,Inbound,Geneva Street & Schwerin Street,Kearny St & Pacific Ave,Pacific + Kearny,100.0,scheduled,3rd Street,7.944,975.0
8AX,8AX,BAYSHORE A EXPRESS,3,bus,1,Inbound,Inbound,Geneva Street & Schwerin Street,Kearny St & Pacific Ave,Pacific + Kearny,100.0,scheduled,Bayshore Boulevard,7.699,945.0
8AX,8AX,BAYSHORE A EXPRESS,3,bus,1,Inbound,Inbound,Geneva Street & Schwerin Street,Kearny St & Pacific Ave,Pacific + Kearny,100.0,scheduled,Geneva Avenue,5.133,630.0
8AX,8AX,BAYSHORE A EXPRESS,3,bus,1,Inbound,Inbound,Geneva Street & Schwerin Street,Kearny St & Pacific Ave,Pacific + Kearny,100.0,scheduled,I 80,5.011,615.0
8AX,8AX,BAYSHORE A EXPRESS,3,bus,1,Inbound,Inbound,Geneva Street & Schwerin Street,Kearny St & Pacific Ave,Pacific + Kearny,100.0,scheduled,Route 80,2.566,315.0
8AX,8AX,BAYSHORE A EXPRESS,3,bus,1,Inbound,Inbound,Geneva Street & Schwerin Street,Kearny St & Pacific Ave,Pacific + Kearny,100.0,scheduled,[UNNAMED ROAD],2.566,315.0
8AX,8AX,BAYSHORE A EXPRESS,3,bus,1,Inbound,Inbound,Geneva Street & Schwerin Street,Kearny St & Pacific Ave,Pacific + Kearny,100.0,scheduled,Alemany Boulevard,1.1,135.0
8AX,8AX,BAYSHORE A EXPRESS,3,bus,1,Inbound,Inbound,Geneva Street & Schwerin Street,Kearny St & Pacific Ave,Pacific + Kearny,100.0,scheduled,Arleta Avenue,0.244,30.0
8AX,8AX,BAYSHORE A EXPRESS,3,bus,1,Inbound,Inbound,Geneva Street & Schwerin Street,Kearny St & Pacific Ave,Pacific + Kearny,100.0,scheduled,7th Street,0.122,15.0
8BX,8BX,BAYSHORE B EXPRESS,3,bus,0,Outbound,Outbound,Kearny St & North Point St,City College Terminal,City College,100.0,scheduled,James Lick Freeway,29.63,5535.0
8BX,8BX,BAYSHORE B EXPRESS,3,bus,0,Outbound,Outbound,Kearny St & North Point St,City College Terminal,City College,100.0,scheduled,Geneva Avenue,21.038,3930.0
8BX,8BX,BAYSHORE B EXPRESS,3,bus,0,Outbound,Outbound,Kearny St & North Point St,City College Terminal,City College,100.0,scheduled,Stockton Street,8.351,1560.0
8BX,8BX,BAYSHORE B EXPRESS,3,bus,0,Outbound,Outbound,Kearny St & North Point St,City College Terminal,City College,100.0,scheduled,Bayshore Boulevard,6.183,1155.0
8BX,8BX,BAYSHORE B EXPRESS,3,bus,0,Outbound,Outbound,Kearny St & North Point St,City College Terminal,City College,100.0,scheduled,Visitacion Avenue,5.541,1035.0
8BX,8BX,BAYSHORE B EXPRESS,3,bus,0,Outbound,Outbound,Kearny St & North Point St,City College Terminal,City College,100.0,scheduled,Harrison Street,4.657,870.0
8BX,8BX,BAYSHORE B EXPRESS,3,bus,0,Outbound,Outbound,Kearny St & North Point St,City College Terminal,City College,100.0,scheduled,4th Street,4.256,795.0
8BX,8BX,BAYSHORE B EXPRESS,3,bus,0,Outbound,Outbound,Kearny St & North Point St,City College Terminal,City College,100.0,scheduled,Powell Street,3.373,630.0
8BX,8BX,BAYSHORE B EXPRESS,3,bus,0,Outbound,Outbound,Kearny St & North Point St,City College Terminal,City College,100.0,scheduled,Schwerin Street,2.65,495.0
8BX,8BX,BAYSHORE B EXPRESS,3,bus,0,Outbound,Outbound,Kearny St & North Point St,City College Terminal,City College,100.0,scheduled,I 80,2.489,465.0
8BX,8BX,BAYSHORE B EXPRESS,3,bus,0,Outbound,Outbound,Kearny St & North Point St,City College Terminal,City College,100.0,scheduled,Route 80,2.489,465.0
8BX,8BX,BAYSHORE B EXPRESS,3,bus,0,Outbound,Outbound,Kearny St & North Point St,City College Terminal,City College,100.0,scheduled,Sunnydale Avenue,2.329,435.0
8BX,8BX,BAYSHORE B EXPRESS,3,bus,0,Outbound,Outbound,Kearny St & North Point St,City College Terminal,City College,100.0,scheduled,North Point Street,2.248,420.0
8BX,8BX,BAYSHORE B EXPRESS,3,bus,0,Outbound,Outbound,Kearny St & North Point St,City College Terminal,City College,100.0,scheduled,Columbus Avenue,1.526,285.0
8BX,8BX,BAYSHORE B EXPRESS,3,bus,0,Outbound,Outbound,Kearny St & North Point St,City College Terminal,City College,100.0,scheduled,[UNNAMED ROAD],1.071,200.2
8BX,8BX,BAYSHORE B EXPRESS,3,bus,0,Outbound,Outbound,Kearny St & North Point St,City College Terminal,City College,100.0,scheduled,Mrs. Jackson Way,0.964,180.0
8BX,8BX,BAYSHORE B EXPRESS,3,bus,0,Outbound,Outbound,Kearny St & North Point St,City College Terminal,City College,100.0,scheduled,Ocean Avenue,0.803,150.0
8BX,8BX,BAYSHORE B EXPRESS,3,bus,0,Outbound,Outbound,Kearny St & North Point St,City College Terminal,City College,100.0,scheduled,Filbert Street,0.161,30.0
8BX,8BX,BAYSHORE B EXPRESS,3,bus,0,Outbound,Outbound,Kearny St & North Point St,City College Terminal,City College,100.0,scheduled,Kearny Street,0.161,30.0
8BX,8BX,BAYSHORE B EXPRESS,3,bus,0,Outbound,Outbound,Kearny St & North Point St,City College Terminal,City College,100.0,scheduled,Harold Avenue,0.08,15.0
8BX,8BX,BAYSHORE B EXPRESS,3,bus,1,Inbound,Inbound,City College Terminal,Kearny St & North Point St,Fisherman`s Wharf,100.0,scheduled,Southern Embarcadero Freeway,22.351,4110.0
8BX,8BX,BAYSHORE B EXPRESS,3,bus,1,Inbound,Inbound,City College Terminal,Kearny St & North Point St,Fisherman`s Wharf,100.0,scheduled,Geneva Avenue,21.616,3975.0
8BX,8BX,BAYSHORE B EXPRESS,3,bus,1,Inbound,Inbound,City College Terminal,Kearny St & North Point St,Fisherman`s Wharf,100.0,scheduled,[UNNAMED ROAD],8.239,1515.0
8BX,8BX,BAYSHORE B EXPRESS,3,bus,1,Inbound,Inbound,City College Terminal,Kearny St & North Point St,Fisherman`s Wharf,100.0,scheduled,Bayshore Boulevard,6.607,1215.0
8BX,8BX,BAYSHORE B EXPRESS,3,bus,1,Inbound,Inbound,City College Terminal,Kearny St & North Point St,Fisherman`s Wharf,100.0,scheduled,Kearny Street,6.111,1123.8
8BX,8BX,BAYSHORE B EXPRESS,3,bus,1,Inbound,Inbound,City College Terminal,Kearny St & North Point St,Fisherman`s Wharf,100.0,scheduled,James Lick Freeway,6.036,1110.0
8BX,8BX,BAYSHORE B EXPRESS,3,bus,1,Inbound,Inbound,City College Terminal,Kearny St & North Point St,Fisherman`s Wharf,100.0,scheduled,3rd Street,5.302,975.0
8BX,8BX,BAYSHORE B EXPRESS,3,bus,1,Inbound,Inbound,City College Terminal,Kearny St & North Point St,Fisherman`s Wharf,100.0,scheduled,Bryant Street,4.568,840.0
8BX,8BX,BAYSHORE B EXPRESS,3,bus,1,Inbound,Inbound,City College Terminal,Kearny St & North Point St,Fisherman`s Wharf,100.0,scheduled,Visitacion Avenue,3.752,690.0
8BX,8BX,BAYSHORE B EXPRESS,3,bus,1,Inbound,Inbound,City College Terminal,Kearny St & North Point St,Fisherman`s Wharf,100.0,scheduled,Columbus Avenue,3.671,675.0
8BX,8BX,BAYSHORE B EXPRESS,3,bus,1,Inbound,Inbound,City College Terminal,Kearny St & North Point St,Fisherman`s Wharf,100.0,scheduled,Powell Street,3.018,555.0
8BX,8BX,BAYSHORE B EXPRESS,3,bus,1,Inbound,Inbound,City College Terminal,Kearny St & North Point St,Fisherman`s Wharf,100.0,scheduled,Schwerin Street,2.692,495.0
8BX,8BX,BAYSHORE B EXPRESS,3,bus,1,Inbound,Inbound,City College Terminal,Kearny St & North Point St,Fisherman`s Wharf,100.0,scheduled,Bay Street,2.284,420.0
8BX,8BX,BAYSHORE B EXPRESS,3,bus,1,Inbound,Inbound,City College Terminal,Kearny St & North Point St,Fisherman`s Wharf,100.0,scheduled,6th Street,1.713,315.0
8BX,8BX,BAYSHORE B EXPRESS,3,bus,1,Inbound,Inbound,City College Terminal,Kearny St & North Point St,Fisherman`s Wharf,100.0,scheduled,Rey Street,0.979,180.0
8BX,8BX,BAYSHORE B EXPRESS,3,bus,1,Inbound,Inbound,City College Terminal,Kearny St & North Point St,Fisherman`s Wharf,100.0,scheduled,Sunnydale Avenue,0.489,90.0
8BX,8BX,BAYSHORE B EXPRESS,3,bus,1,Inbound,Inbound,City College Terminal,Kearny St & North Point St,Fisherman`s Wharf,100.0,scheduled,Frida Kahlo Way,0.408,75.0
8BX,8BX,BAYSHORE B EXPRESS,3,bus,1,Inbound,Inbound,City College Terminal,Kearny St & North Point St,Fisherman`s Wharf,100.0,scheduled,B Street,0.163,30.0
9,9,SAN BRUNO,3,bus,0,Outbound,Outbound,Market St & Steuart St,Sunnydale Ave / Mclaren School,Sunnydale,47.54,scheduled,San Bruno Avenue,21.826,2460.0
9,9,SAN BRUNO,3,bus,0,Outbound,Outbound,Market St & Steuart St,Sunnydale Ave / Mclaren School,Sunnydale,47.54,scheduled,Bayshore Boulevard,19.744,2238.0
9,9,SAN BRUNO,3,bus,0,Outbound,Outbound,Market St & Steuart St,Sunnydale Ave / Mclaren School,Sunnydale,47.54,scheduled,Potrero Avenue,19.431,2190.0
9,9,SAN BRUNO,3,bus,0,Outbound,Outbound,Market St & Steuart St,Sunnydale Ave / Mclaren School,Sunnydale,47.54,scheduled,Market Street,11.284,1579.8
9,9,SAN BRUNO,3,bus,0,Outbound,Outbound,Market St & Steuart St,Sunnydale Ave / Mclaren School,Sunnydale,47.54,scheduled,11th Street,8.651,975.0
9,9,SAN BRUNO,3,bus,0,Outbound,Outbound,Market St & Steuart St,Sunnydale Ave / Mclaren School,Sunnydale,47.54,scheduled,Geneva Avenue,4.229,586.5
9,9,SAN BRUNO,3,bus,0,Outbound,Outbound,Market St & Steuart St,Sunnydale Ave / Mclaren School,Sunnydale,47.54,scheduled,Sunnydale Avenue,3.735,480.0
9,9,SAN BRUNO,3,bus,0,Outbound,Outbound,Market St & Steuart St,Sunnydale Ave / Mclaren School,Sunnydale,47.54,scheduled,[UNNAMED ROAD],2.509,299.6
9,9,SAN BRUNO,3,bus,0,Outbound,Outbound,Market St & Steuart St,Sunnydale Ave / Mclaren School,Sunnydale,47.54,scheduled,Division Street,2.262,255.0
9,9,SAN BRUNO,3,bus,0,Outbound,Outbound,Market St & Steuart St,Sunnydale Ave / Mclaren School,Sunnydale,47.54,scheduled,Schwerin Street,1.938,268.8
9,9,SAN BRUNO,3,bus,0,Outbound,Outbound,Market St & Steuart St,Sunnydale Ave / Mclaren School,Sunnydale,47.54,scheduled,Brookdale Avenue,1.527,211.8
9,9,SAN BRUNO,3,bus,0,Outbound,Outbound,Market St & Steuart St,Sunnydale Ave / Mclaren School,Sunnydale,47.54,scheduled,Talbert Street,0.967,89.1
9,9,SAN BRUNO,3,bus,0,Outbound,Outbound,Market St & Steuart St,Sunnydale Ave / Mclaren School,Sunnydale,47.54,scheduled,Visitacion Avenue,0.967,89.1
9,9,SAN BRUNO,3,bus,0,Outbound,Outbound,Market St & Steuart St,Sunnydale Ave / Mclaren School,Sunnydale,47.54,scheduled,Silver Avenue,0.932,105.0
9,9,SAN BRUNO,3,bus,1,Inbound,Inbound,Sunnydale Ave / Mclaren School,Market St & Steuart St,Ferry Plaza,52.408,scheduled,San Bruno Avenue,22.412,2456.3
9,9,SAN BRUNO,3,bus,1,Inbound,Inbound,Sunnydale Ave / Mclaren School,Market St & Steuart St,Ferry Plaza,52.408,scheduled,Bayshore Boulevard,19.785,2200.4
9,9,SAN BRUNO,3,bus,1,Inbound,Inbound,Sunnydale Ave / Mclaren School,Market St & Steuart St,Ferry Plaza,52.408,scheduled,Potrero Avenue,19.6,2168.2
9,9,SAN BRUNO,3,bus,1,Inbound,Inbound,Sunnydale Ave / Mclaren School,Market St & Steuart St,Ferry Plaza,52.408,scheduled,Market Street,10.397,1525.7
9,9,SAN BRUNO,3,bus,1,Inbound,Inbound,Sunnydale Ave / Mclaren School,Market St & Steuart St,Ferry Plaza,52.408,scheduled,11th Street,9.954,1069.4
9,9,SAN BRUNO,3,bus,1,Inbound,Inbound,Sunnydale Ave / Mclaren School,Market St & Steuart St,Ferry Plaza,52.408,scheduled,Geneva Avenue,3.895,573.9
9,9,SAN BRUNO,3,bus,1,Inbound,Inbound,Sunnydale Ave / Mclaren School,Market St & Steuart St,Ferry Plaza,52.408,scheduled,Sunnydale Avenue,2.668,393.1
9,9,SAN BRUNO,3,bus,1,Inbound,Inbound,Sunnydale Ave / Mclaren School,Market St & Steuart St,Ferry Plaza,52.408,scheduled,[UNNAMED ROAD],2.561,302.9
9,9,SAN BRUNO,3,bus,1,Inbound,Inbound,Sunnydale Ave / Mclaren School,Market St & Steuart St,Ferry Plaza,52.408,scheduled,Division Street,2.433,269.2
9,9,SAN BRUNO,3,bus,1,Inbound,Inbound,Sunnydale Ave / Mclaren School,Market St & Steuart St,Ferry Plaza,52.408,scheduled,Schwerin Street,1.761,259.4
9,9,SAN BRUNO,3,bus,1,Inbound,Inbound,Sunnydale Ave / Mclaren School,Market St & Steuart St,Ferry Plaza,52.408,scheduled,Brookdale Avenue,1.387,204.4
9,9,SAN BRUNO,3,bus,1,Inbound,Inbound,Sunnydale Ave / Mclaren School,Market St & Steuart St,Ferry Plaza,52.408,scheduled,Silver Avenue,0.946,104.7
9,9,SAN BRUNO,3,bus,1,Inbound,Inbound,Sunnydale Ave / Mclaren School,Market St & Steuart St,Ferry Plaza,52.408,scheduled,Steuart Street,0.774,113.6
9,9,SAN BRUNO,3,bus,1,Inbound,Inbound,Sunnydale Ave / Mclaren School,Market St & Steuart St,Ferry Plaza,52.408,scheduled,Spear Street,0.708,103.8
9,9,SAN BRUNO,3,bus,1,Inbound,Inbound,Sunnydale Ave / Mclaren School,Market St & Steuart St,Ferry Plaza,52.408,scheduled,Mission Street,0.381,55.9
9,9,SAN BRUNO,3,bus,1,Inbound,Inbound,Sunnydale Ave / Mclaren School,Market St & Steuart St,Ferry Plaza,52.408,scheduled,Arleta Avenue,0.27,29.9
9,9,SAN BRUNO,3,bus,1,Inbound,Inbound,Sunnydale Ave / Mclaren School,Market St & Steuart St,Ferry Plaza,52.408,scheduled,Mansell Street,0.069,1.1
90,90,SAN BRUNO OWL,3,bus,0,Outbound,Outbound,Van Ness Ave & North Point St,Bayshore Blvd & Arleta Ave,Visitacion Valley,100.0,scheduled,Van Ness Avenue,29.325,3585.0
90,90,SAN BRUNO OWL,3,bus,0,Outbound,Outbound,Van Ness Ave & North Point St,Bayshore Blvd & Arleta Ave,Visitacion Valley,100.0,scheduled,San Bruno Avenue,20.123,2460.0
90,90,SAN BRUNO OWL,3,bus,0,Outbound,Outbound,Van Ness Ave & North Point St,Bayshore Blvd & Arleta Ave,Visitacion Valley,100.0,scheduled,Potrero Avenue,17.791,2175.0
90,90,SAN BRUNO OWL,3,bus,0,Outbound,Outbound,Van Ness Ave & North Point St,Bayshore Blvd & Arleta Ave,Visitacion Valley,100.0,scheduled,Bayshore Boulevard,15.583,1905.0
90,90,SAN BRUNO OWL,3,bus,0,Outbound,Outbound,Van Ness Ave & North Point St,Bayshore Blvd & Arleta Ave,Visitacion Valley,100.0,scheduled,11th Street,6.258,765.0
90,90,SAN BRUNO OWL,3,bus,0,Outbound,Outbound,Van Ness Ave & North Point St,Bayshore Blvd & Arleta Ave,Visitacion Valley,100.0,scheduled,Division Street,2.209,270.0
90,90,SAN BRUNO OWL,3,bus,0,Outbound,Outbound,Van Ness Ave & North Point St,Bayshore Blvd & Arleta Ave,Visitacion Valley,100.0,scheduled,Arleta Avenue,2.086,255.0
90,90,SAN BRUNO OWL,3,bus,0,Outbound,Outbound,Van Ness Ave & North Point St,Bayshore Blvd & Arleta Ave,Visitacion Valley,100.0,scheduled,[UNNAMED ROAD],1.84,225.0
90,90,SAN BRUNO OWL,3,bus,0,Outbound,Outbound,Van Ness Ave & North Point St,Bayshore Blvd & Arleta Ave,Visitacion Valley,100.0,scheduled,Raymond Avenue,1.718,210.0
90,90,SAN BRUNO OWL,3,bus,0,Outbound,Outbound,Van Ness Ave & North Point St,Bayshore Blvd & Arleta Ave,Visitacion Valley,100.0,scheduled,Mission Street,1.595,195.0
90,90,SAN BRUNO OWL,3,bus,0,Outbound,Outbound,Van Ness Ave & North Point St,Bayshore Blvd & Arleta Ave,Visitacion Valley,100.0,scheduled,Silver Avenue,0.859,105.0
90,90,SAN BRUNO OWL,3,bus,0,Outbound,Outbound,Van Ness Ave & North Point St,Bayshore Blvd & Arleta Ave,Visitacion Valley,100.0,scheduled,Alpha Street,0.613,75.0
90,90,SAN BRUNO OWL,3,bus,1,Inbound,Inbound,San Bruno Ave & Arleta Ave,Van Ness Ave & North Point St,North Point + Van Ness,100.0,scheduled,Van Ness Avenue,31.338,3683.2
90,90,SAN BRUNO OWL,3,bus,1,Inbound,Inbound,San Bruno Ave & Arleta Ave,Van Ness Ave & North Point St,North Point + Van Ness,100.0,scheduled,San Bruno Avenue,20.93,2460.0
90,90,SAN BRUNO OWL,3,bus,1,Inbound,Inbound,San Bruno Ave & Arleta Ave,Van Ness Ave & North Point St,North Point + Van Ness,100.0,scheduled,Potrero Avenue,18.633,2190.0
90,90,SAN BRUNO OWL,3,bus,1,Inbound,Inbound,San Bruno Ave & Arleta Ave,Van Ness Ave & North Point St,North Point + Van Ness,100.0,scheduled,Bayshore Boulevard,15.443,1815.0
90,90,SAN BRUNO OWL,3,bus,1,Inbound,Inbound,San Bruno Ave & Arleta Ave,Van Ness Ave & North Point St,North Point + Van Ness,100.0,scheduled,11th Street,6.636,780.0
90,90,SAN BRUNO OWL,3,bus,1,Inbound,Inbound,San Bruno Ave & Arleta Ave,Van Ness Ave & North Point St,North Point + Van Ness,100.0,scheduled,Division Street,2.17,255.0
90,90,SAN BRUNO OWL,3,bus,1,Inbound,Inbound,San Bruno Ave & Arleta Ave,Van Ness Ave & North Point St,North Point + Van Ness,100.0,scheduled,[UNNAMED ROAD],1.914,225.0
90,90,SAN BRUNO OWL,3,bus,1,Inbound,Inbound,San Bruno Ave & Arleta Ave,Van Ness Ave & North Point St,North Point + Van Ness,100.0,scheduled,Mission Street,1.659,195.0
90,90,SAN BRUNO OWL,3,bus,1,Inbound,Inbound,San Bruno Ave & Arleta Ave,Van Ness Ave & North Point St,North Point + Van Ness,100.0,scheduled,Silver Avenue,0.893,105.0
90,90,SAN BRUNO OWL,3,bus,1,Inbound,Inbound,San Bruno Ave & Arleta Ave,Van Ness Ave & North Point St,North Point + Van Ness,100.0,scheduled,Arleta Avenue,0.383,45.0
91,91,3RD-19TH AVE OWL,3,bus,0,Outbound,Outbound,19th Avenue & Holloway St,Ulloa St & West Portal Ave,West Portal Station,84.615,scheduled,3rd Street,17.818,5762.3
91,91,3RD-19TH AVE OWL,3,bus,0,Outbound,Outbound,19th Avenue & Holloway St,Ulloa St & West Portal Ave,West Portal Station,84.615,scheduled,Geneva Avenue,12.149,3930.0
91,91,3RD-19TH AVE OWL,3,bus,0,Outbound,Outbound,19th Avenue & Holloway St,Ulloa St & West Portal Ave,West Portal Station,84.615,scheduled,19th Avenue,11.136,4175.8
91,91,3RD-19TH AVE OWL,3,bus,0,Outbound,Outbound,19th Avenue & Holloway St,Ulloa St & West Portal Ave,West Portal Station,84.615,scheduled,Ocean Avenue,6.399,2070.0
91,91,3RD-19TH AVE OWL,3,bus,0,Outbound,Outbound,19th Avenue & Holloway St,Ulloa St & West Portal Ave,West Portal Station,84.615,scheduled,4th Street,4.412,1587.7
91,91,3RD-19TH AVE OWL,3,bus,0,Outbound,Outbound,19th Avenue & Holloway St,Ulloa St & West Portal Ave,West Portal Station,84.615,scheduled,Lombard Street,4.062,1523.1
91,91,3RD-19TH AVE OWL,3,bus,0,Outbound,Outbound,19th Avenue & Holloway St,Ulloa St & West Portal Ave,West Portal Station,84.615,scheduled,Veterans Boulevard,3.926,1472.3
91,91,3RD-19TH AVE OWL,3,bus,0,Outbound,Outbound,19th Avenue & Holloway St,Ulloa St & West Portal Ave,West Portal Station,84.615,scheduled,Bayshore Boulevard,3.802,1230.0
91,91,3RD-19TH AVE OWL,3,bus,0,Outbound,Outbound,19th Avenue & Holloway St,Ulloa St & West Portal Ave,West Portal Station,84.615,scheduled,Stockton Street,3.52,1320.0
91,91,3RD-19TH AVE OWL,3,bus,0,Outbound,Outbound,19th Avenue & Holloway St,Ulloa St & West Portal Ave,West Portal Station,84.615,scheduled,Park Presidio Boulevard,3.317,1243.8
91,91,3RD-19TH AVE OWL,3,bus,0,Outbound,Outbound,19th Avenue & Holloway St,Ulloa St & West Portal Ave,West Portal Station,84.615,scheduled,Presidio Parkway,3.249,1218.5
91,91,3RD-19TH AVE OWL,3,bus,0,Outbound,Outbound,19th Avenue & Holloway St,Ulloa St & West Portal Ave,West Portal Station,84.615,scheduled,Visitacion Avenue,3.199,1035.0
91,91,3RD-19TH AVE OWL,3,bus,0,Outbound,Outbound,19th Avenue & Holloway St,Ulloa St & West Portal Ave,West Portal Station,84.615,scheduled,West Portal Avenue,2.597,840.0
91,91,3RD-19TH AVE OWL,3,bus,0,Outbound,Outbound,19th Avenue & Holloway St,Ulloa St & West Portal Ave,West Portal Station,84.615,scheduled,Columbus Avenue,2.471,926.5
91,91,3RD-19TH AVE OWL,3,bus,0,Outbound,Outbound,19th Avenue & Holloway St,Ulloa St & West Portal Ave,West Portal Station,84.615,scheduled,Park Presidio Bypass Drive,1.828,685.4
91,91,3RD-19TH AVE OWL,3,bus,0,Outbound,Outbound,19th Avenue & Holloway St,Ulloa St & West Portal Ave,West Portal Station,84.615,scheduled,[UNNAMED ROAD],1.736,610.4
91,91,3RD-19TH AVE OWL,3,bus,0,Outbound,Outbound,19th Avenue & Holloway St,Ulloa St & West Portal Ave,West Portal Station,84.615,scheduled,Crossover Drive,1.557,583.8
91,91,3RD-19TH AVE OWL,3,bus,0,Outbound,Outbound,19th Avenue & Holloway St,Ulloa St & West Portal Ave,West Portal Station,84.615,scheduled,Schwerin Street,1.53,495.0
91,91,3RD-19TH AVE OWL,3,bus,0,Outbound,Outbound,19th Avenue & Holloway St,Ulloa St & West Portal Ave,West Portal Station,84.615,scheduled,North Point Street,1.422,533.1
91,91,3RD-19TH AVE OWL,3,bus,0,Outbound,Outbound,19th Avenue & Holloway St,Ulloa St & West Portal Ave,West Portal Station,84.615,scheduled,Cargo Way,1.345,435.0
91,91,3RD-19TH AVE OWL,3,bus,0,Outbound,Outbound,19th Avenue & Holloway St,Ulloa St & West Portal Ave,West Portal Station,84.615,scheduled,Sunnydale Avenue,1.345,435.0
91,91,3RD-19TH AVE OWL,3,bus,0,Outbound,Outbound,19th Avenue & Holloway St,Ulloa St & West Portal Ave,West Portal Station,84.615,scheduled,Junipero Serra Boulevard,1.298,420.0
91,91,3RD-19TH AVE OWL,3,bus,0,Outbound,Outbound,19th Avenue & Holloway St,Ulloa St & West Portal Ave,West Portal Station,84.615,scheduled,Mendell Street,1.159,375.0
91,91,3RD-19TH AVE OWL,3,bus,0,Outbound,Outbound,19th Avenue & Holloway St,Ulloa St & West Portal Ave,West Portal Station,84.615,scheduled,Evans Avenue,1.066,345.0
91,91,3RD-19TH AVE OWL,3,bus,0,Outbound,Outbound,19th Avenue & Holloway St,Ulloa St & West Portal Ave,West Portal Station,84.615,scheduled,Van Ness Avenue,0.948,355.4
91,91,3RD-19TH AVE OWL,3,bus,0,Outbound,Outbound,19th Avenue & Holloway St,Ulloa St & West Portal Ave,West Portal Station,84.615,scheduled,Richardson Avenue,0.846,317.3
91,91,3RD-19TH AVE OWL,3,bus,0,Outbound,Outbound,19th Avenue & Holloway St,Ulloa St & West Portal Ave,West Portal Station,84.615,scheduled,Mrs. Jackson Way,0.556,180.0
91,91,3RD-19TH AVE OWL,3,bus,0,Outbound,Outbound,19th Avenue & Holloway St,Ulloa St & West Portal Ave,West Portal Station,84.615,scheduled,Channel Street,0.51,165.0
91,91,3RD-19TH AVE OWL,3,bus,0,Outbound,Outbound,19th Avenue & Holloway St,Ulloa St & West Portal Ave,West Portal Station,84.615,scheduled,[OFF-STREET / UNMATCHED],0.305,114.2
91,91,3RD-19TH AVE OWL,3,bus,0,Outbound,Outbound,19th Avenue & Holloway St,Ulloa St & West Portal Ave,West Portal Station,84.615,scheduled,Halleck Street,0.169,63.5
91,91,3RD-19TH AVE OWL,3,bus,0,Outbound,Outbound,19th Avenue & Holloway St,Ulloa St & West Portal Ave,West Portal Station,84.615,scheduled,Lincoln Boulevard,0.169,63.5
91,91,3RD-19TH AVE OWL,3,bus,0,Outbound,Outbound,19th Avenue & Holloway St,Ulloa St & West Portal Ave,West Portal Station,84.615,scheduled,Ulloa Street,0.086,28.1
91,91,3RD-19TH AVE OWL,3,bus,0,Outbound,Outbound,19th Avenue & Holloway St,Ulloa St & West Portal Ave,West Portal Station,84.615,scheduled,Girard Road,0.068,25.4
91,91,3RD-19TH AVE OWL,3,bus,1,Inbound,Inbound,Ulloa St & West Portal Ave,19th Ave & Holloway Ave,S.F. State University,100.0,scheduled,3rd Street,20.448,7785.0
91,91,3RD-19TH AVE OWL,3,bus,1,Inbound,Inbound,Ulloa St & West Portal Ave,19th Ave & Holloway Ave,S.F. State University,100.0,scheduled,19th Avenue,12.966,4936.3
91,91,3RD-19TH AVE OWL,3,bus,1,Inbound,Inbound,Ulloa St & West Portal Ave,19th Ave & Holloway Ave,S.F. State University,100.0,scheduled,Geneva Avenue,10.48,3990.0
91,91,3RD-19TH AVE OWL,3,bus,1,Inbound,Inbound,Ulloa St & West Portal Ave,19th Ave & Holloway Ave,S.F. State University,100.0,scheduled,Ocean Avenue,5.24,1995.0
91,91,3RD-19TH AVE OWL,3,bus,1,Inbound,Inbound,Ulloa St & West Portal Ave,19th Ave & Holloway Ave,S.F. State University,100.0,scheduled,Lombard Street,4.728,1800.0
91,91,3RD-19TH AVE OWL,3,bus,1,Inbound,Inbound,Ulloa St & West Portal Ave,19th Ave & Holloway Ave,S.F. State University,100.0,scheduled,Veterans Boulevard,4.531,1725.0
91,91,3RD-19TH AVE OWL,3,bus,1,Inbound,Inbound,Ulloa St & West Portal Ave,19th Ave & Holloway Ave,S.F. State University,100.0,scheduled,Park Presidio Boulevard,3.822,1455.0
91,91,3RD-19TH AVE OWL,3,bus,1,Inbound,Inbound,Ulloa St & West Portal Ave,19th Ave & Holloway Ave,S.F. State University,100.0,scheduled,Presidio Parkway,3.822,1455.0
91,91,3RD-19TH AVE OWL,3,bus,1,Inbound,Inbound,Ulloa St & West Portal Ave,19th Ave & Holloway Ave,S.F. State University,100.0,scheduled,Stockton Street,2.955,1125.0
91,91,3RD-19TH AVE OWL,3,bus,1,Inbound,Inbound,Ulloa St & West Portal Ave,19th Ave & Holloway Ave,S.F. State University,100.0,scheduled,Columbus Avenue,2.876,1095.0
91,91,3RD-19TH AVE OWL,3,bus,1,Inbound,Inbound,Ulloa St & West Portal Ave,19th Ave & Holloway Ave,S.F. State University,100.0,scheduled,Visitacion Avenue,2.719,1035.0
91,91,3RD-19TH AVE OWL,3,bus,1,Inbound,Inbound,Ulloa St & West Portal Ave,19th Ave & Holloway Ave,S.F. State University,100.0,scheduled,Bayshore Boulevard,2.128,810.0
91,91,3RD-19TH AVE OWL,3,bus,1,Inbound,Inbound,Ulloa St & West Portal Ave,19th Ave & Holloway Ave,S.F. State University,100.0,scheduled,Park Presidio Bypass Drive,2.128,810.0
91,91,3RD-19TH AVE OWL,3,bus,1,Inbound,Inbound,Ulloa St & West Portal Ave,19th Ave & Holloway Ave,S.F. State University,100.0,scheduled,Crossover Drive,1.812,690.0
91,91,3RD-19TH AVE OWL,3,bus,1,Inbound,Inbound,Ulloa St & West Portal Ave,19th Ave & Holloway Ave,S.F. State University,100.0,scheduled,West Portal Avenue,1.773,675.0
91,91,3RD-19TH AVE OWL,3,bus,1,Inbound,Inbound,Ulloa St & West Portal Ave,19th Ave & Holloway Ave,S.F. State University,100.0,scheduled,North Point Street,1.615,615.0
91,91,3RD-19TH AVE OWL,3,bus,1,Inbound,Inbound,Ulloa St & West Portal Ave,19th Ave & Holloway Ave,S.F. State University,100.0,scheduled,Schwerin Street,1.3,495.0
91,91,3RD-19TH AVE OWL,3,bus,1,Inbound,Inbound,Ulloa St & West Portal Ave,19th Ave & Holloway Ave,S.F. State University,100.0,scheduled,Cargo Way,1.182,450.0
91,91,3RD-19TH AVE OWL,3,bus,1,Inbound,Inbound,Ulloa St & West Portal Ave,19th Ave & Holloway Ave,S.F. State University,100.0,scheduled,Sunnydale Avenue,1.143,435.0
91,91,3RD-19TH AVE OWL,3,bus,1,Inbound,Inbound,Ulloa St & West Portal Ave,19th Ave & Holloway Ave,S.F. State University,100.0,scheduled,Junipero Serra Boulevard,1.103,420.0
91,91,3RD-19TH AVE OWL,3,bus,1,Inbound,Inbound,Ulloa St & West Portal Ave,19th Ave & Holloway Ave,S.F. State University,100.0,scheduled,Van Ness Avenue,1.103,420.0
91,91,3RD-19TH AVE OWL,3,bus,1,Inbound,Inbound,Ulloa St & West Portal Ave,19th Ave & Holloway Ave,S.F. State University,100.0,scheduled,Richardson Avenue,0.985,375.0
91,91,3RD-19TH AVE OWL,3,bus,1,Inbound,Inbound,Ulloa St & West Portal Ave,19th Ave & Holloway Ave,S.F. State University,100.0,scheduled,[OFF-STREET / UNMATCHED],0.985,375.0
91,91,3RD-19TH AVE OWL,3,bus,1,Inbound,Inbound,Ulloa St & West Portal Ave,19th Ave & Holloway Ave,S.F. State University,100.0,scheduled,Mendell Street,0.946,360.0
91,91,3RD-19TH AVE OWL,3,bus,1,Inbound,Inbound,Ulloa St & West Portal Ave,19th Ave & Holloway Ave,S.F. State University,100.0,scheduled,Evans Avenue,0.906,345.0
91,91,3RD-19TH AVE OWL,3,bus,1,Inbound,Inbound,Ulloa St & West Portal Ave,19th Ave & Holloway Ave,S.F. State University,100.0,scheduled,4th Street,0.827,315.0
91,91,3RD-19TH AVE OWL,3,bus,1,Inbound,Inbound,Ulloa St & West Portal Ave,19th Ave & Holloway Ave,S.F. State University,100.0,scheduled,Sutter Street,0.749,285.0
91,91,3RD-19TH AVE OWL,3,bus,1,Inbound,Inbound,Ulloa St & West Portal Ave,19th Ave & Holloway Ave,S.F. State University,100.0,scheduled,[UNNAMED ROAD],0.749,285.0
91,91,3RD-19TH AVE OWL,3,bus,1,Inbound,Inbound,Ulloa St & West Portal Ave,19th Ave & Holloway Ave,S.F. State University,100.0,scheduled,King Street,0.709,270.0
91,91,3RD-19TH AVE OWL,3,bus,1,Inbound,Inbound,Ulloa St & West Portal Ave,19th Ave & Holloway Ave,S.F. State University,100.0,scheduled,Kearny Street,0.63,240.0
91,91,3RD-19TH AVE OWL,3,bus,1,Inbound,Inbound,Ulloa St & West Portal Ave,19th Ave & Holloway Ave,S.F. State University,100.0,scheduled,CA 1,0.512,195.0
91,91,3RD-19TH AVE OWL,3,bus,1,Inbound,Inbound,Ulloa St & West Portal Ave,19th Ave & Holloway Ave,S.F. State University,100.0,scheduled,Mrs. Jackson Way,0.473,180.0
91,91,3RD-19TH AVE OWL,3,bus,1,Inbound,Inbound,Ulloa St & West Portal Ave,19th Ave & Holloway Ave,S.F. State University,100.0,scheduled,Channel Street,0.433,165.0
91,91,3RD-19TH AVE OWL,3,bus,1,Inbound,Inbound,Ulloa St & West Portal Ave,19th Ave & Holloway Ave,S.F. State University,100.0,scheduled,Claremont Boulevard,0.276,105.0
91,91,3RD-19TH AVE OWL,3,bus,1,Inbound,Inbound,Ulloa St & West Portal Ave,19th Ave & Holloway Ave,S.F. State University,100.0,scheduled,Portola Drive,0.276,105.0
91,91,3RD-19TH AVE OWL,3,bus,1,Inbound,Inbound,Ulloa St & West Portal Ave,19th Ave & Holloway Ave,S.F. State University,100.0,scheduled,Vicente Street,0.236,90.0
91,91,3RD-19TH AVE OWL,3,bus,1,Inbound,Inbound,Ulloa St & West Portal Ave,19th Ave & Holloway Ave,S.F. State University,100.0,scheduled,Halleck Street,0.197,75.0
91,91,3RD-19TH AVE OWL,3,bus,1,Inbound,Inbound,Ulloa St & West Portal Ave,19th Ave & Holloway Ave,S.F. State University,100.0,scheduled,Ulloa Street,0.158,60.0
91,91,3RD-19TH AVE OWL,3,bus,1,Inbound,Inbound,Ulloa St & West Portal Ave,19th Ave & Holloway Ave,S.F. State University,100.0,scheduled,Girard Road,0.079,30.0
9R,9R,SAN BRUNO RAPID,3,bus,0,Outbound,Outbound,Main St & Mission St,Sunnydale Ave / Mclaren School,Sunnydale,100.0,scheduled,Market Street,19.3,2760.0
9R,9R,SAN BRUNO RAPID,3,bus,0,Outbound,Outbound,Main St & Mission St,Sunnydale Ave / Mclaren School,Sunnydale,100.0,scheduled,San Bruno Avenue,17.202,2460.0
9R,9R,SAN BRUNO RAPID,3,bus,0,Outbound,Outbound,Main St & Mission St,Sunnydale Ave / Mclaren School,Sunnydale,100.0,scheduled,Bayshore Boulevard,15.943,2280.0
9R,9R,SAN BRUNO RAPID,3,bus,0,Outbound,Outbound,Main St & Mission St,Sunnydale Ave / Mclaren School,Sunnydale,100.0,scheduled,Potrero Avenue,15.209,2175.0
9R,9R,SAN BRUNO RAPID,3,bus,0,Outbound,Outbound,Main St & Mission St,Sunnydale Ave / Mclaren School,Sunnydale,100.0,scheduled,Geneva Avenue,7.552,1080.0
9R,9R,SAN BRUNO RAPID,3,bus,0,Outbound,Outbound,Main St & Mission St,Sunnydale Ave / Mclaren School,Sunnydale,100.0,scheduled,11th Street,6.818,975.0
9R,9R,SAN BRUNO RAPID,3,bus,0,Outbound,Outbound,Main St & Mission St,Sunnydale Ave / Mclaren School,Sunnydale,100.0,scheduled,Sunnydale Avenue,5.178,740.5
9R,9R,SAN BRUNO RAPID,3,bus,0,Outbound,Outbound,Main St & Mission St,Sunnydale Ave / Mclaren School,Sunnydale,100.0,scheduled,Schwerin Street,3.461,495.0
9R,9R,SAN BRUNO RAPID,3,bus,0,Outbound,Outbound,Main St & Mission St,Sunnydale Ave / Mclaren School,Sunnydale,100.0,scheduled,Brookdale Avenue,2.727,390.0
9R,9R,SAN BRUNO RAPID,3,bus,0,Outbound,Outbound,Main St & Mission St,Sunnydale Ave / Mclaren School,Sunnydale,100.0,scheduled,[UNNAMED ROAD],2.727,390.0
9R,9R,SAN BRUNO RAPID,3,bus,0,Outbound,Outbound,Main St & Mission St,Sunnydale Ave / Mclaren School,Sunnydale,100.0,scheduled,Division Street,1.783,255.0
9R,9R,SAN BRUNO RAPID,3,bus,0,Outbound,Outbound,Main St & Mission St,Sunnydale Ave / Mclaren School,Sunnydale,100.0,scheduled,Main Street,1.259,180.0
9R,9R,SAN BRUNO RAPID,3,bus,0,Outbound,Outbound,Main St & Mission St,Sunnydale Ave / Mclaren School,Sunnydale,100.0,scheduled,Silver Avenue,0.734,105.0
9R,9R,SAN BRUNO RAPID,3,bus,0,Outbound,Outbound,Main St & Mission St,Sunnydale Ave / Mclaren School,Sunnydale,100.0,scheduled,Arleta Avenue,0.105,15.0
9R,9R,SAN BRUNO RAPID,3,bus,1,Inbound,Inbound,Sunnydale Ave / Mclaren School,Main St & Mission St,Main & Mission,100.0,scheduled,Market Street,19.676,2865.0
9R,9R,SAN BRUNO RAPID,3,bus,1,Inbound,Inbound,Sunnydale Ave / Mclaren School,Main St & Mission St,Main & Mission,100.0,scheduled,San Bruno Avenue,16.895,2460.0
9R,9R,SAN BRUNO RAPID,3,bus,1,Inbound,Inbound,Sunnydale Ave / Mclaren School,Main St & Mission St,Main & Mission,100.0,scheduled,Bayshore Boulevard,15.555,2265.0
9R,9R,SAN BRUNO RAPID,3,bus,1,Inbound,Inbound,Sunnydale Ave / Mclaren School,Main St & Mission St,Main & Mission,100.0,scheduled,Potrero Avenue,15.04,2190.0
9R,9R,SAN BRUNO RAPID,3,bus,1,Inbound,Inbound,Sunnydale Ave / Mclaren School,Main St & Mission St,Main & Mission,100.0,scheduled,Geneva Avenue,7.417,1080.0
9R,9R,SAN BRUNO RAPID,3,bus,1,Inbound,Inbound,Sunnydale Ave / Mclaren School,Main St & Mission St,Main & Mission,100.0,scheduled,11th Street,6.696,975.0
9R,9R,SAN BRUNO RAPID,3,bus,1,Inbound,Inbound,Sunnydale Ave / Mclaren School,Main St & Mission St,Main & Mission,100.0,scheduled,Sunnydale Avenue,5.254,765.0
9R,9R,SAN BRUNO RAPID,3,bus,1,Inbound,Inbound,Sunnydale Ave / Mclaren School,Main St & Mission St,Main & Mission,100.0,scheduled,Schwerin Street,3.4,495.0
9R,9R,SAN BRUNO RAPID,3,bus,1,Inbound,Inbound,Sunnydale Ave / Mclaren School,Main St & Mission St,Main & Mission,100.0,scheduled,Brookdale Avenue,2.678,390.0
9R,9R,SAN BRUNO RAPID,3,bus,1,Inbound,Inbound,Sunnydale Ave / Mclaren School,Main St & Mission St,Main & Mission,100.0,scheduled,[UNNAMED ROAD],2.678,390.0
9R,9R,SAN BRUNO RAPID,3,bus,1,Inbound,Inbound,Sunnydale Ave / Mclaren School,Main St & Mission St,Main & Mission,100.0,scheduled,Division Street,1.751,255.0
9R,9R,SAN BRUNO RAPID,3,bus,1,Inbound,Inbound,Sunnydale Ave / Mclaren School,Main St & Mission St,Main & Mission,100.0,scheduled,Spear Street,1.339,195.0
9R,9R,SAN BRUNO RAPID,3,bus,1,Inbound,Inbound,Sunnydale Ave / Mclaren School,Main St & Mission St,Main & Mission,100.0,scheduled,Mission Street,0.721,105.0
9R,9R,SAN BRUNO RAPID,3,bus,1,Inbound,Inbound,Sunnydale Ave / Mclaren School,Main St & Mission St,Main & Mission,100.0,scheduled,Silver Avenue,0.721,105.0
9R,9R,SAN BRUNO RAPID,3,bus,1,Inbound,Inbound,Sunnydale Ave / Mclaren School,Main St & Mission St,Main & Mission,100.0,scheduled,Arleta Avenue,0.103,15.0
9R,9R,SAN BRUNO RAPID,3,bus,1,Inbound,Inbound,Sunnydale Ave / Mclaren School,Main St & Mission St,Main & Mission,100.0,scheduled,Main Street,0.075,10.9
CA,CA,CALIFORNIA STREET CABLE CAR,5,cable tram,0,Outbound,Outbound,California St & Drumm St,California St & Van Ness Ave,Van Ness & California,91.781,scheduled,California Street,100.0,2153.9
CA,CA,CALIFORNIA STREET CABLE CAR,5,cable tram,1,Inbound,Inbound,California St & Van Ness Ave,California St & Drumm St,Market & California,91.781,scheduled,California Street,100.0,2280.0
F,F,MARKET & WHARVES,0,tram/streetcar/light rail,0,Outbound,Outbound,Jones St & Beach St,17th St & Castro St,Castro,80.282,scheduled,Market Street,58.344,4757.1
F,F,MARKET & WHARVES,0,tram/streetcar/light rail,0,Outbound,Outbound,Jones St & Beach St,17th St & Castro St,Castro,80.282,scheduled,The Embarcadero,25.94,2115.0
F,F,MARKET & WHARVES,0,tram/streetcar/light rail,0,Outbound,Outbound,Jones St & Beach St,17th St & Castro St,Castro,80.282,scheduled,Beach Street,9.014,735.0
F,F,MARKET & WHARVES,0,tram/streetcar/light rail,0,Outbound,Outbound,Jones St & Beach St,17th St & Castro St,Castro,80.282,scheduled,Noe Street,2.069,168.6
F,F,MARKET & WHARVES,0,tram/streetcar/light rail,0,Outbound,Outbound,Jones St & Beach St,17th St & Castro St,Castro,80.282,scheduled,17th Street,1.764,144.5
F,F,MARKET & WHARVES,0,tram/streetcar/light rail,0,Outbound,Outbound,Jones St & Beach St,17th St & Castro St,Castro,80.282,scheduled,Steuart Street,1.619,132.0
F,F,MARKET & WHARVES,0,tram/streetcar/light rail,0,Outbound,Outbound,Jones St & Beach St,17th St & Castro St,Castro,80.282,scheduled,Don Chee Way,1.104,90.0
F,F,MARKET & WHARVES,0,tram/streetcar/light rail,0,Outbound,Outbound,Jones St & Beach St,17th St & Castro St,Castro,80.282,scheduled,Jones Street,0.147,12.0
F,F,MARKET & WHARVES,0,tram/streetcar/light rail,1,Inbound,Inbound,17th St & Castro St,Jones St & Beach St,Fisherman`s Wharf,100.0,scheduled,Market Street,61.04,5010.0
F,F,MARKET & WHARVES,0,tram/streetcar/light rail,1,Inbound,Inbound,17th St & Castro St,Jones St & Beach St,Fisherman`s Wharf,100.0,scheduled,The Embarcadero,29.606,2430.0
F,F,MARKET & WHARVES,0,tram/streetcar/light rail,1,Inbound,Inbound,17th St & Castro St,Jones St & Beach St,Fisherman`s Wharf,100.0,scheduled,Jefferson Street,5.483,450.0
F,F,MARKET & WHARVES,0,tram/streetcar/light rail,1,Inbound,Inbound,17th St & Castro St,Jones St & Beach St,Fisherman`s Wharf,100.0,scheduled,Steuart Street,1.645,135.0
F,F,MARKET & WHARVES,0,tram/streetcar/light rail,1,Inbound,Inbound,17th St & Castro St,Jones St & Beach St,Fisherman`s Wharf,100.0,scheduled,Jones Street,0.946,77.7
F,F,MARKET & WHARVES,0,tram/streetcar/light rail,1,Inbound,Inbound,17th St & Castro St,Jones St & Beach St,Fisherman`s Wharf,100.0,scheduled,Don Chee Way,0.914,75.0
F,F,MARKET & WHARVES,0,tram/streetcar/light rail,1,Inbound,Inbound,17th St & Castro St,Jones St & Beach St,Fisherman`s Wharf,100.0,scheduled,Castro Street,0.366,30.0
FBUS,FBUS,MARKET & WHARVES BUS,3,bus,0,Outbound,Outbound,Jones St & Beach St,17th St & Castro St,Castro,100.0,scheduled,Market Street,58.429,4764.7
FBUS,FBUS,MARKET & WHARVES BUS,3,bus,0,Outbound,Outbound,Jones St & Beach St,17th St & Castro St,Castro,100.0,scheduled,The Embarcadero,25.936,2115.0
FBUS,FBUS,MARKET & WHARVES BUS,3,bus,0,Outbound,Outbound,Jones St & Beach St,17th St & Castro St,Castro,100.0,scheduled,Beach Street,9.013,735.0
FBUS,FBUS,MARKET & WHARVES BUS,3,bus,0,Outbound,Outbound,Jones St & Beach St,17th St & Castro St,Castro,100.0,scheduled,Noe Street,2.207,180.0
FBUS,FBUS,MARKET & WHARVES BUS,3,bus,0,Outbound,Outbound,Jones St & Beach St,17th St & Castro St,Castro,100.0,scheduled,17th Street,2.023,165.0
FBUS,FBUS,MARKET & WHARVES BUS,3,bus,0,Outbound,Outbound,Jones St & Beach St,17th St & Castro St,Castro,100.0,scheduled,Steuart Street,1.472,120.0
FBUS,FBUS,MARKET & WHARVES BUS,3,bus,0,Outbound,Outbound,Jones St & Beach St,17th St & Castro St,Castro,100.0,scheduled,Don Chee Way,0.92,75.0
FBUS,FBUS,MARKET & WHARVES BUS,3,bus,1,Inbound,Inbound,17th St & Castro St,Jones St & Beach St,Fisherman`s Wharf,100.0,scheduled,Market Street,61.042,5010.0
FBUS,FBUS,MARKET & WHARVES BUS,3,bus,1,Inbound,Inbound,17th St & Castro St,Jones St & Beach St,Fisherman`s Wharf,100.0,scheduled,The Embarcadero,29.607,2430.0
FBUS,FBUS,MARKET & WHARVES BUS,3,bus,1,Inbound,Inbound,17th St & Castro St,Jones St & Beach St,Fisherman`s Wharf,100.0,scheduled,Jefferson Street,5.3,435.0
FBUS,FBUS,MARKET & WHARVES BUS,3,bus,1,Inbound,Inbound,17th St & Castro St,Jones St & Beach St,Fisherman`s Wharf,100.0,scheduled,Steuart Street,1.462,120.0
FBUS,FBUS,MARKET & WHARVES BUS,3,bus,1,Inbound,Inbound,17th St & Castro St,Jones St & Beach St,Fisherman`s Wharf,100.0,scheduled,Jones Street,1.309,107.5
FBUS,FBUS,MARKET & WHARVES BUS,3,bus,1,Inbound,Inbound,17th St & Castro St,Jones St & Beach St,Fisherman`s Wharf,100.0,scheduled,Don Chee Way,0.914,75.0
FBUS,FBUS,MARKET & WHARVES BUS,3,bus,1,Inbound,Inbound,17th St & Castro St,Jones St & Beach St,Fisherman`s Wharf,100.0,scheduled,Castro Street,0.366,30.0
J,J,CHURCH,0,tram/streetcar/light rail,0,Outbound,Outbound,Metro Embarcadero Station,Balboa Park BART/Mezzanine Level,Balboa Park,86.335,scheduled,Market Street,30.518,3418.9
J,J,CHURCH,0,tram/streetcar/light rail,0,Outbound,Outbound,Metro Embarcadero Station,Balboa Park BART/Mezzanine Level,Balboa Park,86.335,scheduled,San Jose Avenue,29.193,3000.0
J,J,CHURCH,0,tram/streetcar/light rail,0,Outbound,Outbound,Metro Embarcadero Station,Balboa Park BART/Mezzanine Level,Balboa Park,86.335,scheduled,Church Street,22.157,2278.0
J,J,CHURCH,0,tram/streetcar/light rail,0,Outbound,Outbound,Metro Embarcadero Station,Balboa Park BART/Mezzanine Level,Balboa Park,86.335,scheduled,[RIGHT OF WAY],8.32,855.0
J,J,CHURCH,0,tram/streetcar/light rail,0,Outbound,Outbound,Metro Embarcadero Station,Balboa Park BART/Mezzanine Level,Balboa Park,86.335,scheduled,30th Street,2.773,285.0
J,J,CHURCH,0,tram/streetcar/light rail,0,Outbound,Outbound,Metro Embarcadero Station,Balboa Park BART/Mezzanine Level,Balboa Park,86.335,scheduled,Ocean Avenue,2.104,214.1
J,J,CHURCH,0,tram/streetcar/light rail,0,Outbound,Outbound,Metro Embarcadero Station,Balboa Park BART/Mezzanine Level,Balboa Park,86.335,scheduled,The Embarcadero,2.081,233.1
J,J,CHURCH,0,tram/streetcar/light rail,0,Outbound,Outbound,Metro Embarcadero Station,Balboa Park BART/Mezzanine Level,Balboa Park,86.335,scheduled,[UNNAMED ROAD],1.698,180.9
J,J,CHURCH,0,tram/streetcar/light rail,0,Outbound,Outbound,Metro Embarcadero Station,Balboa Park BART/Mezzanine Level,Balboa Park,86.335,scheduled,Steuart Street,0.347,38.9
J,J,CHURCH,0,tram/streetcar/light rail,0,Outbound,Outbound,Metro Embarcadero Station,Balboa Park BART/Mezzanine Level,Balboa Park,86.335,scheduled,Webster Street,0.347,38.9
J,J,CHURCH,0,tram/streetcar/light rail,0,Outbound,Outbound,Metro Embarcadero Station,Balboa Park BART/Mezzanine Level,Balboa Park,86.335,scheduled,Duboce Avenue,0.231,25.9
J,J,CHURCH,0,tram/streetcar/light rail,0,Outbound,Outbound,Metro Embarcadero Station,Balboa Park BART/Mezzanine Level,Balboa Park,86.335,scheduled,Buchanan Street,0.116,13.0
J,J,CHURCH,0,tram/streetcar/light rail,0,Outbound,Outbound,Metro Embarcadero Station,Balboa Park BART/Mezzanine Level,Balboa Park,86.335,scheduled,[OFF-STREET / UNMATCHED],0.116,13.0
J,J,CHURCH,0,tram/streetcar/light rail,1,Inbound,Inbound,San Jose Ave & Geneva Ave,Metro Embarcadero Station,Embarcadero Station,86.157,scheduled,San Jose Avenue,31.725,3225.0
J,J,CHURCH,0,tram/streetcar/light rail,1,Inbound,Inbound,San Jose Ave & Geneva Ave,Metro Embarcadero Station,Embarcadero Station,86.157,scheduled,Market Street,30.693,3411.8
J,J,CHURCH,0,tram/streetcar/light rail,1,Inbound,Inbound,San Jose Ave & Geneva Ave,Metro Embarcadero Station,Embarcadero Station,86.157,scheduled,Church Street,22.144,2250.7
J,J,CHURCH,0,tram/streetcar/light rail,1,Inbound,Inbound,San Jose Ave & Geneva Ave,Metro Embarcadero Station,Embarcadero Station,86.157,scheduled,[RIGHT OF WAY],8.558,870.0
J,J,CHURCH,0,tram/streetcar/light rail,1,Inbound,Inbound,San Jose Ave & Geneva Ave,Metro Embarcadero Station,Embarcadero Station,86.157,scheduled,30th Street,2.804,285.0
J,J,CHURCH,0,tram/streetcar/light rail,1,Inbound,Inbound,San Jose Ave & Geneva Ave,Metro Embarcadero Station,Embarcadero Station,86.157,scheduled,The Embarcadero,2.099,233.3
J,J,CHURCH,0,tram/streetcar/light rail,1,Inbound,Inbound,San Jose Ave & Geneva Ave,Metro Embarcadero Station,Embarcadero Station,86.157,scheduled,[UNNAMED ROAD],0.698,77.5
J,J,CHURCH,0,tram/streetcar/light rail,1,Inbound,Inbound,San Jose Ave & Geneva Ave,Metro Embarcadero Station,Embarcadero Station,86.157,scheduled,Duboce Avenue,0.349,38.8
J,J,CHURCH,0,tram/streetcar/light rail,1,Inbound,Inbound,San Jose Ave & Geneva Ave,Metro Embarcadero Station,Embarcadero Station,86.157,scheduled,Steuart Street,0.349,38.8
J,J,CHURCH,0,tram/streetcar/light rail,1,Inbound,Inbound,San Jose Ave & Geneva Ave,Metro Embarcadero Station,Embarcadero Station,86.157,scheduled,Webster Street,0.349,38.8
J,J,CHURCH,0,tram/streetcar/light rail,1,Inbound,Inbound,San Jose Ave & Geneva Ave,Metro Embarcadero Station,Embarcadero Station,86.157,scheduled,[OFF-STREET / UNMATCHED],0.233,25.8
K,K,INGLESIDE,0,tram/streetcar/light rail,0,Outbound,Outbound,Metro Embarcadero Station,Balboa Park BART/Mezzanine Level,Balboa Park,96.686,scheduled,Market Street,38.223,4914.5
K,K,INGLESIDE,0,tram/streetcar/light rail,0,Outbound,Outbound,Metro Embarcadero Station,Balboa Park BART/Mezzanine Level,Balboa Park,96.686,scheduled,[TUNNEL: Twin Peaks Tunnel],27.465,3531.2
K,K,INGLESIDE,0,tram/streetcar/light rail,0,Outbound,Outbound,Metro Embarcadero Station,Balboa Park BART/Mezzanine Level,Balboa Park,96.686,scheduled,Ocean Avenue,19.876,2445.3
K,K,INGLESIDE,0,tram/streetcar/light rail,0,Outbound,Outbound,Metro Embarcadero Station,Balboa Park BART/Mezzanine Level,Balboa Park,96.686,scheduled,West Portal Avenue,7.168,883.9
K,K,INGLESIDE,0,tram/streetcar/light rail,0,Outbound,Outbound,Metro Embarcadero Station,Balboa Park BART/Mezzanine Level,Balboa Park,96.686,scheduled,Junipero Serra Boulevard,3.415,420.2
K,K,INGLESIDE,0,tram/streetcar/light rail,0,Outbound,Outbound,Metro Embarcadero Station,Balboa Park BART/Mezzanine Level,Balboa Park,96.686,scheduled,The Embarcadero,2.092,269.1
K,K,INGLESIDE,0,tram/streetcar/light rail,0,Outbound,Outbound,Metro Embarcadero Station,Balboa Park BART/Mezzanine Level,Balboa Park,96.686,scheduled,[UNNAMED ROAD],1.192,147.7
K,K,INGLESIDE,0,tram/streetcar/light rail,0,Outbound,Outbound,Metro Embarcadero Station,Balboa Park BART/Mezzanine Level,Balboa Park,96.686,scheduled,Steuart Street,0.343,44.1
K,K,INGLESIDE,0,tram/streetcar/light rail,0,Outbound,Outbound,Metro Embarcadero Station,Balboa Park BART/Mezzanine Level,Balboa Park,96.686,scheduled,[OFF-STREET / UNMATCHED],0.227,29.2
K,K,INGLESIDE,0,tram/streetcar/light rail,1,Inbound,Inbound,San Jose Ave & Geneva Ave,Metro Embarcadero Station,Embarcadero Station,97.471,scheduled,Market Street,38.076,4994.9
K,K,INGLESIDE,0,tram/streetcar/light rail,1,Inbound,Inbound,San Jose Ave & Geneva Ave,Metro Embarcadero Station,Embarcadero Station,97.471,scheduled,[TUNNEL: Twin Peaks Tunnel],27.36,3589.2
K,K,INGLESIDE,0,tram/streetcar/light rail,1,Inbound,Inbound,San Jose Ave & Geneva Ave,Metro Embarcadero Station,Embarcadero Station,97.471,scheduled,Ocean Avenue,20.257,2640.0
K,K,INGLESIDE,0,tram/streetcar/light rail,1,Inbound,Inbound,San Jose Ave & Geneva Ave,Metro Embarcadero Station,Embarcadero Station,97.471,scheduled,West Portal Avenue,6.788,884.9
K,K,INGLESIDE,0,tram/streetcar/light rail,1,Inbound,Inbound,San Jose Ave & Geneva Ave,Metro Embarcadero Station,Embarcadero Station,97.471,scheduled,Junipero Serra Boulevard,3.223,420.0
K,K,INGLESIDE,0,tram/streetcar/light rail,1,Inbound,Inbound,San Jose Ave & Geneva Ave,Metro Embarcadero Station,Embarcadero Station,97.471,scheduled,The Embarcadero,2.116,277.8
K,K,INGLESIDE,0,tram/streetcar/light rail,1,Inbound,Inbound,San Jose Ave & Geneva Ave,Metro Embarcadero Station,Embarcadero Station,97.471,scheduled,San Jose Avenue,1.496,195.0
K,K,INGLESIDE,0,tram/streetcar/light rail,1,Inbound,Inbound,San Jose Ave & Geneva Ave,Metro Embarcadero Station,Embarcadero Station,97.471,scheduled,Steuart Street,0.342,44.9
K,K,INGLESIDE,0,tram/streetcar/light rail,1,Inbound,Inbound,San Jose Ave & Geneva Ave,Metro Embarcadero Station,Embarcadero Station,97.471,scheduled,Lenox Way,0.114,15.0
K,K,INGLESIDE,0,tram/streetcar/light rail,1,Inbound,Inbound,San Jose Ave & Geneva Ave,Metro Embarcadero Station,Embarcadero Station,97.471,scheduled,[OFF-STREET / UNMATCHED],0.114,15.0
K,K,INGLESIDE,0,tram/streetcar/light rail,1,Inbound,Inbound,San Jose Ave & Geneva Ave,Metro Embarcadero Station,Embarcadero Station,97.471,scheduled,[UNNAMED ROAD],0.114,15.0
KBUS,KBUS,INGLESIDE BUS,3,bus,0,Outbound,Outbound,Steuart St & Mission St,San Jose Ave & Geneva Ave,Balboa Park,100.0,scheduled,Market Street,51.796,7230.0
KBUS,KBUS,INGLESIDE BUS,3,bus,0,Outbound,Outbound,Steuart St & Mission St,San Jose Ave & Geneva Ave,Balboa Park,100.0,scheduled,Ocean Avenue,14.4,2010.0
KBUS,KBUS,INGLESIDE BUS,3,bus,0,Outbound,Outbound,Steuart St & Mission St,San Jose Ave & Geneva Ave,Balboa Park,100.0,scheduled,Portola Drive,8.704,1215.0
KBUS,KBUS,INGLESIDE BUS,3,bus,0,Outbound,Outbound,Steuart St & Mission St,San Jose Ave & Geneva Ave,Balboa Park,100.0,scheduled,Woodside Avenue,4.728,660.0
KBUS,KBUS,INGLESIDE BUS,3,bus,0,Outbound,Outbound,Steuart St & Mission St,San Jose Ave & Geneva Ave,Balboa Park,100.0,scheduled,West Portal Avenue,4.621,645.0
KBUS,KBUS,INGLESIDE BUS,3,bus,0,Outbound,Outbound,Steuart St & Mission St,San Jose Ave & Geneva Ave,Balboa Park,100.0,scheduled,Geneva Avenue,4.084,570.0
KBUS,KBUS,INGLESIDE BUS,3,bus,0,Outbound,Outbound,Steuart St & Mission St,San Jose Ave & Geneva Ave,Balboa Park,100.0,scheduled,Dewey Boulevard,3.976,555.0
KBUS,KBUS,INGLESIDE BUS,3,bus,0,Outbound,Outbound,Steuart St & Mission St,San Jose Ave & Geneva Ave,Balboa Park,100.0,scheduled,Junipero Serra Boulevard,3.009,420.0
KBUS,KBUS,INGLESIDE BUS,3,bus,0,Outbound,Outbound,Steuart St & Mission St,San Jose Ave & Geneva Ave,Balboa Park,100.0,scheduled,Claremont Boulevard,2.687,375.0
KBUS,KBUS,INGLESIDE BUS,3,bus,0,Outbound,Outbound,Steuart St & Mission St,San Jose Ave & Geneva Ave,Balboa Park,100.0,scheduled,Ulloa Street,0.537,75.0
KBUS,KBUS,INGLESIDE BUS,3,bus,0,Outbound,Outbound,Steuart St & Mission St,San Jose Ave & Geneva Ave,Balboa Park,100.0,scheduled,15th Avenue,0.43,60.0
KBUS,KBUS,INGLESIDE BUS,3,bus,0,Outbound,Outbound,Steuart St & Mission St,San Jose Ave & Geneva Ave,Balboa Park,100.0,scheduled,Laguna Honda Boulevard,0.43,60.0
KBUS,KBUS,INGLESIDE BUS,3,bus,0,Outbound,Outbound,Steuart St & Mission St,San Jose Ave & Geneva Ave,Balboa Park,100.0,scheduled,Steuart Street,0.43,60.0
KBUS,KBUS,INGLESIDE BUS,3,bus,0,Outbound,Outbound,Steuart St & Mission St,San Jose Ave & Geneva Ave,Balboa Park,100.0,scheduled,San Fernando Way,0.107,15.0
KBUS,KBUS,INGLESIDE BUS,3,bus,0,Outbound,Outbound,Steuart St & Mission St,San Jose Ave & Geneva Ave,Balboa Park,100.0,scheduled,San Jose Avenue,0.061,8.5
KBUS,KBUS,INGLESIDE BUS,3,bus,1,Inbound,Inbound,San Jose Ave & Geneva Ave,Steuart St & Mission St,Embarcadero,100.0,scheduled,Market Street,49.321,7110.0
KBUS,KBUS,INGLESIDE BUS,3,bus,1,Inbound,Inbound,San Jose Ave & Geneva Ave,Steuart St & Mission St,Embarcadero,100.0,scheduled,Ocean Avenue,18.521,2670.0
KBUS,KBUS,INGLESIDE BUS,3,bus,1,Inbound,Inbound,San Jose Ave & Geneva Ave,Steuart St & Mission St,Embarcadero,100.0,scheduled,Portola Drive,17.065,2460.0
KBUS,KBUS,INGLESIDE BUS,3,bus,1,Inbound,Inbound,San Jose Ave & Geneva Ave,Steuart St & Mission St,Embarcadero,100.0,scheduled,West Portal Avenue,5.827,840.0
KBUS,KBUS,INGLESIDE BUS,3,bus,1,Inbound,Inbound,San Jose Ave & Geneva Ave,Steuart St & Mission St,Embarcadero,100.0,scheduled,Junipero Serra Boulevard,2.913,420.0
KBUS,KBUS,INGLESIDE BUS,3,bus,1,Inbound,Inbound,San Jose Ave & Geneva Ave,Steuart St & Mission St,Embarcadero,100.0,scheduled,San Jose Avenue,1.977,285.0
KBUS,KBUS,INGLESIDE BUS,3,bus,1,Inbound,Inbound,San Jose Ave & Geneva Ave,Steuart St & Mission St,Embarcadero,100.0,scheduled,Spear Street,1.353,195.0
KBUS,KBUS,INGLESIDE BUS,3,bus,1,Inbound,Inbound,San Jose Ave & Geneva Ave,Steuart St & Mission St,Embarcadero,100.0,scheduled,Steuart Street,0.941,135.7
KBUS,KBUS,INGLESIDE BUS,3,bus,1,Inbound,Inbound,San Jose Ave & Geneva Ave,Steuart St & Mission St,Embarcadero,100.0,scheduled,Claremont Boulevard,0.832,120.0
KBUS,KBUS,INGLESIDE BUS,3,bus,1,Inbound,Inbound,San Jose Ave & Geneva Ave,Steuart St & Mission St,Embarcadero,100.0,scheduled,Mission Street,0.728,105.0
KBUS,KBUS,INGLESIDE BUS,3,bus,1,Inbound,Inbound,San Jose Ave & Geneva Ave,Steuart St & Mission St,Embarcadero,100.0,scheduled,Ulloa Street,0.52,75.0
L,L,TARAVAL,0,tram/streetcar/light rail,0,Outbound,Outbound,Metro Embarcadero Station,47th Ave & Cutler Ave,S.F. Zoo,88.487,scheduled,Market Street,34.738,4609.0
L,L,TARAVAL,0,tram/streetcar/light rail,0,Outbound,Outbound,Metro Embarcadero Station,47th Ave & Cutler Ave,S.F. Zoo,88.487,scheduled,Taraval Street,25.928,2938.8
L,L,TARAVAL,0,tram/streetcar/light rail,0,Outbound,Outbound,Metro Embarcadero Station,47th Ave & Cutler Ave,S.F. Zoo,88.487,scheduled,[TUNNEL: Twin Peaks Tunnel],24.962,3311.8
L,L,TARAVAL,0,tram/streetcar/light rail,0,Outbound,Outbound,Metro Embarcadero Station,47th Ave & Cutler Ave,S.F. Zoo,88.487,scheduled,Ulloa Street,4.313,492.6
L,L,TARAVAL,0,tram/streetcar/light rail,0,Outbound,Outbound,Metro Embarcadero Station,47th Ave & Cutler Ave,S.F. Zoo,88.487,scheduled,46th Avenue,3.604,406.2
L,L,TARAVAL,0,tram/streetcar/light rail,0,Outbound,Outbound,Metro Embarcadero Station,47th Ave & Cutler Ave,S.F. Zoo,88.487,scheduled,The Embarcadero,1.957,260.0
L,L,TARAVAL,0,tram/streetcar/light rail,0,Outbound,Outbound,Metro Embarcadero Station,47th Ave & Cutler Ave,S.F. Zoo,88.487,scheduled,15th Avenue,1.854,210.0
L,L,TARAVAL,0,tram/streetcar/light rail,0,Outbound,Outbound,Metro Embarcadero Station,47th Ave & Cutler Ave,S.F. Zoo,88.487,scheduled,47th Avenue,0.912,101.5
L,L,TARAVAL,0,tram/streetcar/light rail,0,Outbound,Outbound,Metro Embarcadero Station,47th Ave & Cutler Ave,S.F. Zoo,88.487,scheduled,Vicente Street,0.899,103.8
L,L,TARAVAL,0,tram/streetcar/light rail,0,Outbound,Outbound,Metro Embarcadero Station,47th Ave & Cutler Ave,S.F. Zoo,88.487,scheduled,Steuart Street,0.312,41.4
L,L,TARAVAL,0,tram/streetcar/light rail,0,Outbound,Outbound,Metro Embarcadero Station,47th Ave & Cutler Ave,S.F. Zoo,88.487,scheduled,West Portal Avenue,0.208,27.6
L,L,TARAVAL,0,tram/streetcar/light rail,0,Outbound,Outbound,Metro Embarcadero Station,47th Ave & Cutler Ave,S.F. Zoo,88.487,scheduled,[OFF-STREET / UNMATCHED],0.208,27.6
L,L,TARAVAL,0,tram/streetcar/light rail,0,Outbound,Outbound,Metro Embarcadero Station,47th Ave & Cutler Ave,S.F. Zoo,88.487,scheduled,[UNNAMED ROAD],0.104,13.8
L,L,TARAVAL,0,tram/streetcar/light rail,1,Inbound,Inbound,Wawona/46th Ave /Sf Zoo,Metro Embarcadero Station,Embarcadero Station,88.487,scheduled,Market Street,35.317,4696.9
L,L,TARAVAL,0,tram/streetcar/light rail,1,Inbound,Inbound,Wawona/46th Ave /Sf Zoo,Metro Embarcadero Station,Embarcadero Station,88.487,scheduled,[TUNNEL: Twin Peaks Tunnel],25.377,3375.0
L,L,TARAVAL,0,tram/streetcar/light rail,1,Inbound,Inbound,Wawona/46th Ave /Sf Zoo,Metro Embarcadero Station,Embarcadero Station,88.487,scheduled,Taraval Street,25.057,2940.0
L,L,TARAVAL,0,tram/streetcar/light rail,1,Inbound,Inbound,Wawona/46th Ave /Sf Zoo,Metro Embarcadero Station,Embarcadero Station,88.487,scheduled,46th Avenue,5.241,615.0
L,L,TARAVAL,0,tram/streetcar/light rail,1,Inbound,Inbound,Wawona/46th Ave /Sf Zoo,Metro Embarcadero Station,Embarcadero Station,88.487,scheduled,Ulloa Street,4.17,492.9
L,L,TARAVAL,0,tram/streetcar/light rail,1,Inbound,Inbound,Wawona/46th Ave /Sf Zoo,Metro Embarcadero Station,Embarcadero Station,88.487,scheduled,The Embarcadero,2.074,276.3
L,L,TARAVAL,0,tram/streetcar/light rail,1,Inbound,Inbound,Wawona/46th Ave /Sf Zoo,Metro Embarcadero Station,Embarcadero Station,88.487,scheduled,15th Avenue,1.79,210.0
L,L,TARAVAL,0,tram/streetcar/light rail,1,Inbound,Inbound,Wawona/46th Ave /Sf Zoo,Metro Embarcadero Station,Embarcadero Station,88.487,scheduled,Steuart Street,0.317,42.2
L,L,TARAVAL,0,tram/streetcar/light rail,1,Inbound,Inbound,Wawona/46th Ave /Sf Zoo,Metro Embarcadero Station,Embarcadero Station,88.487,scheduled,West Portal Avenue,0.211,28.1
L,L,TARAVAL,0,tram/streetcar/light rail,1,Inbound,Inbound,Wawona/46th Ave /Sf Zoo,Metro Embarcadero Station,Embarcadero Station,88.487,scheduled,[UNNAMED ROAD],0.211,28.1
L,L,TARAVAL,0,tram/streetcar/light rail,1,Inbound,Inbound,Wawona/46th Ave /Sf Zoo,Metro Embarcadero Station,Embarcadero Station,88.487,scheduled,Wawona Street,0.128,15.0
L,L,TARAVAL,0,tram/streetcar/light rail,1,Inbound,Inbound,Wawona/46th Ave /Sf Zoo,Metro Embarcadero Station,Embarcadero Station,88.487,scheduled,Lenox Way,0.106,14.1
LOWL,LOWL,OWL TARAVAL,3,bus,0,Outbound,Outbound,Jones St & Beach St,Wawona/46th Ave /Sf Zoo,Wawona + 46th Avenue,77.778,scheduled,Market Street,32.147,5611.7
LOWL,LOWL,OWL TARAVAL,3,bus,0,Outbound,Outbound,Jones St & Beach St,Wawona/46th Ave /Sf Zoo,Wawona + 46th Avenue,77.778,scheduled,The Embarcadero,25.97,2125.3
LOWL,LOWL,OWL TARAVAL,3,bus,0,Outbound,Outbound,Jones St & Beach St,Wawona/46th Ave /Sf Zoo,Wawona + 46th Avenue,77.778,scheduled,Taraval Street,13.1,2286.7
LOWL,LOWL,OWL TARAVAL,3,bus,0,Outbound,Outbound,Jones St & Beach St,Wawona/46th Ave /Sf Zoo,Wawona + 46th Avenue,77.778,scheduled,Beach Street,9.018,735.0
LOWL,LOWL,OWL TARAVAL,3,bus,0,Outbound,Outbound,Jones St & Beach St,Wawona/46th Ave /Sf Zoo,Wawona + 46th Avenue,77.778,scheduled,Portola Drive,4.545,793.3
LOWL,LOWL,OWL TARAVAL,3,bus,0,Outbound,Outbound,Jones St & Beach St,Wawona/46th Ave /Sf Zoo,Wawona + 46th Avenue,77.778,scheduled,Woodside Avenue,2.941,513.3
LOWL,LOWL,OWL TARAVAL,3,bus,0,Outbound,Outbound,Jones St & Beach St,Wawona/46th Ave /Sf Zoo,Wawona + 46th Avenue,77.778,scheduled,Ulloa Street,2.54,443.3
LOWL,LOWL,OWL TARAVAL,3,bus,0,Outbound,Outbound,Jones St & Beach St,Wawona/46th Ave /Sf Zoo,Wawona + 46th Avenue,77.778,scheduled,Dewey Boulevard,2.473,431.7
LOWL,LOWL,OWL TARAVAL,3,bus,0,Outbound,Outbound,Jones St & Beach St,Wawona/46th Ave /Sf Zoo,Wawona + 46th Avenue,77.778,scheduled,46th Avenue,1.805,315.0
LOWL,LOWL,OWL TARAVAL,3,bus,0,Outbound,Outbound,Jones St & Beach St,Wawona/46th Ave /Sf Zoo,Wawona + 46th Avenue,77.778,scheduled,Claremont Boulevard,1.671,291.7
LOWL,LOWL,OWL TARAVAL,3,bus,0,Outbound,Outbound,Jones St & Beach St,Wawona/46th Ave /Sf Zoo,Wawona + 46th Avenue,77.778,scheduled,15th Avenue,0.936,163.3
LOWL,LOWL,OWL TARAVAL,3,bus,0,Outbound,Outbound,Jones St & Beach St,Wawona/46th Ave /Sf Zoo,Wawona + 46th Avenue,77.778,scheduled,47th Avenue,0.936,163.3
LOWL,LOWL,OWL TARAVAL,3,bus,0,Outbound,Outbound,Jones St & Beach St,Wawona/46th Ave /Sf Zoo,Wawona + 46th Avenue,77.778,scheduled,Steuart Street,0.535,93.3
LOWL,LOWL,OWL TARAVAL,3,bus,0,Outbound,Outbound,Jones St & Beach St,Wawona/46th Ave /Sf Zoo,Wawona + 46th Avenue,77.778,scheduled,Vicente Street,0.401,70.0
LOWL,LOWL,OWL TARAVAL,3,bus,0,Outbound,Outbound,Jones St & Beach St,Wawona/46th Ave /Sf Zoo,Wawona + 46th Avenue,77.778,scheduled,Wawona Street,0.383,66.9
LOWL,LOWL,OWL TARAVAL,3,bus,0,Outbound,Outbound,Jones St & Beach St,Wawona/46th Ave /Sf Zoo,Wawona + 46th Avenue,77.778,scheduled,Don Chee Way,0.334,58.3
LOWL,LOWL,OWL TARAVAL,3,bus,0,Outbound,Outbound,Jones St & Beach St,Wawona/46th Ave /Sf Zoo,Wawona + 46th Avenue,77.778,scheduled,Laguna Honda Boulevard,0.267,46.7
LOWL,LOWL,OWL TARAVAL,3,bus,1,Inbound,Inbound,Wawona/46th Ave /Sf Zoo,Jones St & Beach St,Jones & Beach,100.0,scheduled,Market Street,41.429,7215.0
LOWL,LOWL,OWL TARAVAL,3,bus,1,Inbound,Inbound,Wawona/46th Ave /Sf Zoo,Jones St & Beach St,Jones & Beach,100.0,scheduled,Taraval Street,16.882,2940.0
LOWL,LOWL,OWL TARAVAL,3,bus,1,Inbound,Inbound,Wawona/46th Ave /Sf Zoo,Jones St & Beach St,Jones & Beach,100.0,scheduled,The Embarcadero,14.039,2445.0
LOWL,LOWL,OWL TARAVAL,3,bus,1,Inbound,Inbound,Wawona/46th Ave /Sf Zoo,Jones St & Beach St,Jones & Beach,100.0,scheduled,Portola Drive,5.857,1020.0
LOWL,LOWL,OWL TARAVAL,3,bus,1,Inbound,Inbound,Wawona/46th Ave /Sf Zoo,Jones St & Beach St,Jones & Beach,100.0,scheduled,Woodside Avenue,3.876,675.0
LOWL,LOWL,OWL TARAVAL,3,bus,1,Inbound,Inbound,Wawona/46th Ave /Sf Zoo,Jones St & Beach St,Jones & Beach,100.0,scheduled,46th Avenue,3.618,630.0
LOWL,LOWL,OWL TARAVAL,3,bus,1,Inbound,Inbound,Wawona/46th Ave /Sf Zoo,Jones St & Beach St,Jones & Beach,100.0,scheduled,Ulloa Street,3.273,570.0
LOWL,LOWL,OWL TARAVAL,3,bus,1,Inbound,Inbound,Wawona/46th Ave /Sf Zoo,Jones St & Beach St,Jones & Beach,100.0,scheduled,Dewey Boulevard,3.187,555.0
LOWL,LOWL,OWL TARAVAL,3,bus,1,Inbound,Inbound,Wawona/46th Ave /Sf Zoo,Jones St & Beach St,Jones & Beach,100.0,scheduled,Jefferson Street,2.498,435.0
LOWL,LOWL,OWL TARAVAL,3,bus,1,Inbound,Inbound,Wawona/46th Ave /Sf Zoo,Jones St & Beach St,Jones & Beach,100.0,scheduled,Claremont Boulevard,2.153,375.0
LOWL,LOWL,OWL TARAVAL,3,bus,1,Inbound,Inbound,Wawona/46th Ave /Sf Zoo,Jones St & Beach St,Jones & Beach,100.0,scheduled,15th Avenue,1.12,195.0
LOWL,LOWL,OWL TARAVAL,3,bus,1,Inbound,Inbound,Wawona/46th Ave /Sf Zoo,Jones St & Beach St,Jones & Beach,100.0,scheduled,Steuart Street,0.689,120.0
LOWL,LOWL,OWL TARAVAL,3,bus,1,Inbound,Inbound,Wawona/46th Ave /Sf Zoo,Jones St & Beach St,Jones & Beach,100.0,scheduled,Jones Street,0.604,105.3
LOWL,LOWL,OWL TARAVAL,3,bus,1,Inbound,Inbound,Wawona/46th Ave /Sf Zoo,Jones St & Beach St,Jones & Beach,100.0,scheduled,Don Chee Way,0.431,75.0
LOWL,LOWL,OWL TARAVAL,3,bus,1,Inbound,Inbound,Wawona/46th Ave /Sf Zoo,Jones St & Beach St,Jones & Beach,100.0,scheduled,Laguna Honda Boulevard,0.345,60.0
M,M,OCEAN VIEW,0,tram/streetcar/light rail,0,Outbound,Outbound,Metro Embarcadero Station,San Jose Ave & Niagra Ave,Balboa Park via S.F. State,87.353,scheduled,Market Street,30.457,4536.2
M,M,OCEAN VIEW,0,tram/streetcar/light rail,0,Outbound,Outbound,Metro Embarcadero Station,San Jose Ave & Niagra Ave,Balboa Park via S.F. State,87.353,scheduled,[TUNNEL: Twin Peaks Tunnel],21.886,3259.6
M,M,OCEAN VIEW,0,tram/streetcar/light rail,0,Outbound,Outbound,Metro Embarcadero Station,San Jose Ave & Niagra Ave,Balboa Park via S.F. State,87.353,scheduled,19th Avenue,15.431,2010.5
M,M,OCEAN VIEW,0,tram/streetcar/light rail,0,Outbound,Outbound,Metro Embarcadero Station,San Jose Ave & Niagra Ave,Balboa Park via S.F. State,87.353,scheduled,San Jose Avenue,6.977,899.8
M,M,OCEAN VIEW,0,tram/streetcar/light rail,0,Outbound,Outbound,Metro Embarcadero Station,San Jose Ave & Niagra Ave,Balboa Park via S.F. State,87.353,scheduled,West Portal Avenue,6.488,850.3
M,M,OCEAN VIEW,0,tram/streetcar/light rail,0,Outbound,Outbound,Metro Embarcadero Station,San Jose Ave & Niagra Ave,Balboa Park via S.F. State,87.353,scheduled,Broad Street,6.102,795.0
M,M,OCEAN VIEW,0,tram/streetcar/light rail,0,Outbound,Outbound,Metro Embarcadero Station,San Jose Ave & Niagra Ave,Balboa Park via S.F. State,87.353,scheduled,Randolph Street,4.86,631.4
M,M,OCEAN VIEW,0,tram/streetcar/light rail,0,Outbound,Outbound,Metro Embarcadero Station,San Jose Ave & Niagra Ave,Balboa Park via S.F. State,87.353,scheduled,[RIGHT OF WAY],3.941,511.9
M,M,OCEAN VIEW,0,tram/streetcar/light rail,0,Outbound,Outbound,Metro Embarcadero Station,San Jose Ave & Niagra Ave,Balboa Park via S.F. State,87.353,scheduled,The Embarcadero,1.898,288.0
M,M,OCEAN VIEW,0,tram/streetcar/light rail,0,Outbound,Outbound,Metro Embarcadero Station,San Jose Ave & Niagra Ave,Balboa Park via S.F. State,87.353,scheduled,Orizaba Avenue,1.009,133.1
M,M,OCEAN VIEW,0,tram/streetcar/light rail,0,Outbound,Outbound,Metro Embarcadero Station,San Jose Ave & Niagra Ave,Balboa Park via S.F. State,87.353,scheduled,[UNNAMED ROAD],0.295,41.7
M,M,OCEAN VIEW,0,tram/streetcar/light rail,0,Outbound,Outbound,Metro Embarcadero Station,San Jose Ave & Niagra Ave,Balboa Park via S.F. State,87.353,scheduled,Steuart Street,0.274,40.7
M,M,OCEAN VIEW,0,tram/streetcar/light rail,0,Outbound,Outbound,Metro Embarcadero Station,San Jose Ave & Niagra Ave,Balboa Park via S.F. State,87.353,scheduled,[OFF-STREET / UNMATCHED],0.182,27.2
M,M,OCEAN VIEW,0,tram/streetcar/light rail,0,Outbound,Outbound,Metro Embarcadero Station,San Jose Ave & Niagra Ave,Balboa Park via S.F. State,87.353,scheduled,King Street,0.152,25.8
M,M,OCEAN VIEW,0,tram/streetcar/light rail,0,Outbound,Outbound,Metro Embarcadero Station,San Jose Ave & Niagra Ave,Balboa Park via S.F. State,87.353,scheduled,Ulloa Street,0.048,2.8
M,M,OCEAN VIEW,0,tram/streetcar/light rail,1,Inbound,Inbound,San Jose Ave & Geneva Ave,Metro Embarcadero Station,Embarcadero Station,82.897,scheduled,Market Street,30.768,4614.0
M,M,OCEAN VIEW,0,tram/streetcar/light rail,1,Inbound,Inbound,San Jose Ave & Geneva Ave,Metro Embarcadero Station,Embarcadero Station,82.897,scheduled,[TUNNEL: Twin Peaks Tunnel],22.109,3315.4
M,M,OCEAN VIEW,0,tram/streetcar/light rail,1,Inbound,Inbound,San Jose Ave & Geneva Ave,Metro Embarcadero Station,Embarcadero Station,82.897,scheduled,19th Avenue,14.992,2011.6
M,M,OCEAN VIEW,0,tram/streetcar/light rail,1,Inbound,Inbound,San Jose Ave & Geneva Ave,Metro Embarcadero Station,Embarcadero Station,82.897,scheduled,San Jose Avenue,7.826,1044.8
M,M,OCEAN VIEW,0,tram/streetcar/light rail,1,Inbound,Inbound,San Jose Ave & Geneva Ave,Metro Embarcadero Station,Embarcadero Station,82.897,scheduled,West Portal Avenue,6.328,852.5
M,M,OCEAN VIEW,0,tram/streetcar/light rail,1,Inbound,Inbound,San Jose Ave & Geneva Ave,Metro Embarcadero Station,Embarcadero Station,82.897,scheduled,Broad Street,5.903,793.4
M,M,OCEAN VIEW,0,tram/streetcar/light rail,1,Inbound,Inbound,San Jose Ave & Geneva Ave,Metro Embarcadero Station,Embarcadero Station,82.897,scheduled,Randolph Street,4.693,630.0
M,M,OCEAN VIEW,0,tram/streetcar/light rail,1,Inbound,Inbound,San Jose Ave & Geneva Ave,Metro Embarcadero Station,Embarcadero Station,82.897,scheduled,[RIGHT OF WAY],3.799,510.0
M,M,OCEAN VIEW,0,tram/streetcar/light rail,1,Inbound,Inbound,San Jose Ave & Geneva Ave,Metro Embarcadero Station,Embarcadero Station,82.897,scheduled,The Embarcadero,1.705,256.0
M,M,OCEAN VIEW,0,tram/streetcar/light rail,1,Inbound,Inbound,San Jose Ave & Geneva Ave,Metro Embarcadero Station,Embarcadero Station,82.897,scheduled,Orizaba Avenue,1.006,135.0
M,M,OCEAN VIEW,0,tram/streetcar/light rail,1,Inbound,Inbound,San Jose Ave & Geneva Ave,Metro Embarcadero Station,Embarcadero Station,82.897,scheduled,[UNNAMED ROAD],0.296,42.2
M,M,OCEAN VIEW,0,tram/streetcar/light rail,1,Inbound,Inbound,San Jose Ave & Geneva Ave,Metro Embarcadero Station,Embarcadero Station,82.897,scheduled,Steuart Street,0.276,41.4
M,M,OCEAN VIEW,0,tram/streetcar/light rail,1,Inbound,Inbound,San Jose Ave & Geneva Ave,Metro Embarcadero Station,Embarcadero Station,82.897,scheduled,Geneva Avenue,0.092,13.4
M,M,OCEAN VIEW,0,tram/streetcar/light rail,1,Inbound,Inbound,San Jose Ave & Geneva Ave,Metro Embarcadero Station,Embarcadero Station,82.897,scheduled,Lenox Way,0.092,13.8
M,M,OCEAN VIEW,0,tram/streetcar/light rail,1,Inbound,Inbound,San Jose Ave & Geneva Ave,Metro Embarcadero Station,Embarcadero Station,82.897,scheduled,[OFF-STREET / UNMATCHED],0.092,13.8
M,M,OCEAN VIEW,0,tram/streetcar/light rail,1,Inbound,Inbound,San Jose Ave & Geneva Ave,Metro Embarcadero Station,Embarcadero Station,82.897,scheduled,Ulloa Street,0.022,1.4
N,N,JUDAH,0,tram/streetcar/light rail,0,Outbound,Outbound,King St & 4th St,Judah/La Playa/Ocean Beach,Ocean Beach,88.718,scheduled,Judah Street,26.578,3598.8
N,N,JUDAH,0,tram/streetcar/light rail,0,Outbound,Outbound,King St & 4th St,Judah/La Playa/Ocean Beach,Ocean Beach,88.718,scheduled,Market Street,24.11,3513.3
N,N,JUDAH,0,tram/streetcar/light rail,0,Outbound,Outbound,King St & 4th St,Judah/La Playa/Ocean Beach,Ocean Beach,88.718,scheduled,The Embarcadero,10.804,1491.6
N,N,JUDAH,0,tram/streetcar/light rail,0,Outbound,Outbound,King St & 4th St,Judah/La Playa/Ocean Beach,Ocean Beach,88.718,scheduled,[TUNNEL: Sunset Tunnel],9.482,1283.6
N,N,JUDAH,0,tram/streetcar/light rail,0,Outbound,Outbound,King St & 4th St,Judah/La Playa/Ocean Beach,Ocean Beach,88.718,scheduled,King Street,7.152,977.7
N,N,JUDAH,0,tram/streetcar/light rail,0,Outbound,Outbound,King St & 4th St,Judah/La Playa/Ocean Beach,Ocean Beach,88.718,scheduled,Carl Street,5.631,763.3
N,N,JUDAH,0,tram/streetcar/light rail,0,Outbound,Outbound,King St & 4th St,Judah/La Playa/Ocean Beach,Ocean Beach,88.718,scheduled,Irving Street,5.327,721.1
N,N,JUDAH,0,tram/streetcar/light rail,0,Outbound,Outbound,King St & 4th St,Judah/La Playa/Ocean Beach,Ocean Beach,88.718,scheduled,Duboce Avenue,3.462,471.3
N,N,JUDAH,0,tram/streetcar/light rail,0,Outbound,Outbound,King St & 4th St,Judah/La Playa/Ocean Beach,Ocean Beach,88.718,scheduled,3rd Street,2.534,196.5
N,N,JUDAH,0,tram/streetcar/light rail,0,Outbound,Outbound,King St & 4th St,Judah/La Playa/Ocean Beach,Ocean Beach,88.718,scheduled,9th Avenue,1.4,188.6
N,N,JUDAH,0,tram/streetcar/light rail,0,Outbound,Outbound,King St & 4th St,Judah/La Playa/Ocean Beach,Ocean Beach,88.718,scheduled,John F Foran Freeway,0.875,126.6
N,N,JUDAH,0,tram/streetcar/light rail,0,Outbound,Outbound,King St & 4th St,Judah/La Playa/Ocean Beach,Ocean Beach,88.718,scheduled,[UNNAMED ROAD],0.548,79.8
N,N,JUDAH,0,tram/streetcar/light rail,0,Outbound,Outbound,King St & 4th St,Judah/La Playa/Ocean Beach,Ocean Beach,88.718,scheduled,Southern Embarcadero Freeway,0.35,50.7
N,N,JUDAH,0,tram/streetcar/light rail,0,Outbound,Outbound,King St & 4th St,Judah/La Playa/Ocean Beach,Ocean Beach,88.718,scheduled,Arguello Boulevard,0.32,43.3
N,N,JUDAH,0,tram/streetcar/light rail,0,Outbound,Outbound,King St & 4th St,Judah/La Playa/Ocean Beach,Ocean Beach,88.718,scheduled,4th Street,0.315,24.4
N,N,JUDAH,0,tram/streetcar/light rail,0,Outbound,Outbound,King St & 4th St,Judah/La Playa/Ocean Beach,Ocean Beach,88.718,scheduled,[OFF-STREET / UNMATCHED],0.301,41.5
N,N,JUDAH,0,tram/streetcar/light rail,0,Outbound,Outbound,King St & 4th St,Judah/La Playa/Ocean Beach,Ocean Beach,88.718,scheduled,Webster Street,0.278,40.6
N,N,JUDAH,0,tram/streetcar/light rail,0,Outbound,Outbound,King St & 4th St,Judah/La Playa/Ocean Beach,Ocean Beach,88.718,scheduled,Steuart Street,0.274,39.9
N,N,JUDAH,0,tram/streetcar/light rail,0,Outbound,Outbound,King St & 4th St,Judah/La Playa/Ocean Beach,Ocean Beach,88.718,scheduled,Channel Street,0.157,12.2
N,N,JUDAH,0,tram/streetcar/light rail,0,Outbound,Outbound,King St & 4th St,Judah/La Playa/Ocean Beach,Ocean Beach,88.718,scheduled,25th Street,0.094,7.3
N,N,JUDAH,0,tram/streetcar/light rail,0,Outbound,Outbound,King St & 4th St,Judah/La Playa/Ocean Beach,Ocean Beach,88.718,scheduled,Church Street,0.008,1.3
N,N,JUDAH,0,tram/streetcar/light rail,1,Inbound,Inbound,Judah/La Playa/Ocean Beach,King St & 4th St,Caltrain/Ballpark,86.67,scheduled,Judah Street,24.297,3370.6
N,N,JUDAH,0,tram/streetcar/light rail,1,Inbound,Inbound,Judah/La Playa/Ocean Beach,King St & 4th St,Caltrain/Ballpark,86.67,scheduled,Market Street,23.694,3434.0
N,N,JUDAH,0,tram/streetcar/light rail,1,Inbound,Inbound,Judah/La Playa/Ocean Beach,King St & 4th St,Caltrain/Ballpark,86.67,scheduled,The Embarcadero,12.183,1515.9
N,N,JUDAH,0,tram/streetcar/light rail,1,Inbound,Inbound,Judah/La Playa/Ocean Beach,King St & 4th St,Caltrain/Ballpark,86.67,scheduled,[TUNNEL: Sunset Tunnel],8.853,1228.1
N,N,JUDAH,0,tram/streetcar/light rail,1,Inbound,Inbound,Judah/La Playa/Ocean Beach,King St & 4th St,Caltrain/Ballpark,86.67,scheduled,King Street,8.241,990.8
N,N,JUDAH,0,tram/streetcar/light rail,1,Inbound,Inbound,Judah/La Playa/Ocean Beach,King St & 4th St,Caltrain/Ballpark,86.67,scheduled,Carl Street,5.213,723.2
N,N,JUDAH,0,tram/streetcar/light rail,1,Inbound,Inbound,Judah/La Playa/Ocean Beach,King St & 4th St,Caltrain/Ballpark,86.67,scheduled,Irving Street,4.82,668.7
N,N,JUDAH,0,tram/streetcar/light rail,1,Inbound,Inbound,Judah/La Playa/Ocean Beach,King St & 4th St,Caltrain/Ballpark,86.67,scheduled,3rd Street,4.284,285.7
N,N,JUDAH,0,tram/streetcar/light rail,1,Inbound,Inbound,Judah/La Playa/Ocean Beach,King St & 4th St,Caltrain/Ballpark,86.67,scheduled,Duboce Avenue,2.858,396.1
N,N,JUDAH,0,tram/streetcar/light rail,1,Inbound,Inbound,Judah/La Playa/Ocean Beach,King St & 4th St,Caltrain/Ballpark,86.67,scheduled,9th Avenue,1.377,191.0
N,N,JUDAH,0,tram/streetcar/light rail,1,Inbound,Inbound,Judah/La Playa/Ocean Beach,King St & 4th St,Caltrain/Ballpark,86.67,scheduled,John F Foran Freeway,0.913,119.8
N,N,JUDAH,0,tram/streetcar/light rail,1,Inbound,Inbound,Judah/La Playa/Ocean Beach,King St & 4th St,Caltrain/Ballpark,86.67,scheduled,[UNNAMED ROAD],0.537,78.0
N,N,JUDAH,0,tram/streetcar/light rail,1,Inbound,Inbound,Judah/La Playa/Ocean Beach,King St & 4th St,Caltrain/Ballpark,86.67,scheduled,4th Street,0.532,35.5
N,N,JUDAH,0,tram/streetcar/light rail,1,Inbound,Inbound,Judah/La Playa/Ocean Beach,King St & 4th St,Caltrain/Ballpark,86.67,scheduled,Southern Embarcadero Freeway,0.377,49.4
N,N,JUDAH,0,tram/streetcar/light rail,1,Inbound,Inbound,Judah/La Playa/Ocean Beach,King St & 4th St,Caltrain/Ballpark,86.67,scheduled,Church Street,0.358,52.0
N,N,JUDAH,0,tram/streetcar/light rail,1,Inbound,Inbound,Judah/La Playa/Ocean Beach,King St & 4th St,Caltrain/Ballpark,86.67,scheduled,Webster Street,0.358,52.0
N,N,JUDAH,0,tram/streetcar/light rail,1,Inbound,Inbound,Judah/La Playa/Ocean Beach,King St & 4th St,Caltrain/Ballpark,86.67,scheduled,Arguello Boulevard,0.295,40.9
N,N,JUDAH,0,tram/streetcar/light rail,1,Inbound,Inbound,Judah/La Playa/Ocean Beach,King St & 4th St,Caltrain/Ballpark,86.67,scheduled,Steuart Street,0.281,39.4
N,N,JUDAH,0,tram/streetcar/light rail,1,Inbound,Inbound,Judah/La Playa/Ocean Beach,King St & 4th St,Caltrain/Ballpark,86.67,scheduled,Channel Street,0.266,17.7
N,N,JUDAH,0,tram/streetcar/light rail,1,Inbound,Inbound,Judah/La Playa/Ocean Beach,King St & 4th St,Caltrain/Ballpark,86.67,scheduled,25th Street,0.163,10.9
N,N,JUDAH,0,tram/streetcar/light rail,1,Inbound,Inbound,Judah/La Playa/Ocean Beach,King St & 4th St,Caltrain/Ballpark,86.67,scheduled,[OFF-STREET / UNMATCHED],0.098,13.6
NBUS,NBUS,JUDAH BUS,3,bus,0,Outbound,Outbound,Townsend St & 5th St,Judah/La Playa/Ocean Beach,Ocean Beach,100.0,scheduled,Market Street,27.145,4215.0
NBUS,NBUS,JUDAH BUS,3,bus,0,Outbound,Outbound,Townsend St & 5th St,Judah/La Playa/Ocean Beach,Ocean Beach,100.0,scheduled,Judah Street,24.44,3795.0
NBUS,NBUS,JUDAH BUS,3,bus,0,Outbound,Outbound,Townsend St & 5th St,Judah/La Playa/Ocean Beach,Ocean Beach,100.0,scheduled,The Embarcadero,9.95,1545.0
NBUS,NBUS,JUDAH BUS,3,bus,0,Outbound,Outbound,Townsend St & 5th St,Judah/La Playa/Ocean Beach,Ocean Beach,100.0,scheduled,Haight Street,7.825,1215.0
NBUS,NBUS,JUDAH BUS,3,bus,0,Outbound,Outbound,Townsend St & 5th St,Judah/La Playa/Ocean Beach,Ocean Beach,100.0,scheduled,Irving Street,4.733,735.0
NBUS,NBUS,JUDAH BUS,3,bus,0,Outbound,Outbound,Townsend St & 5th St,Judah/La Playa/Ocean Beach,Ocean Beach,100.0,scheduled,Carl Street,4.444,690.0
NBUS,NBUS,JUDAH BUS,3,bus,0,Outbound,Outbound,Townsend St & 5th St,Judah/La Playa/Ocean Beach,Ocean Beach,100.0,scheduled,Duboce Avenue,3.767,585.0
NBUS,NBUS,JUDAH BUS,3,bus,0,Outbound,Outbound,Townsend St & 5th St,Judah/La Playa/Ocean Beach,Ocean Beach,100.0,scheduled,King Street,3.381,525.0
NBUS,NBUS,JUDAH BUS,3,bus,0,Outbound,Outbound,Townsend St & 5th St,Judah/La Playa/Ocean Beach,Ocean Beach,100.0,scheduled,Cole Street,2.705,420.0
NBUS,NBUS,JUDAH BUS,3,bus,0,Outbound,Outbound,Townsend St & 5th St,Judah/La Playa/Ocean Beach,Ocean Beach,100.0,scheduled,Berry Street,1.739,270.0
NBUS,NBUS,JUDAH BUS,3,bus,0,Outbound,Outbound,Townsend St & 5th St,Judah/La Playa/Ocean Beach,Ocean Beach,100.0,scheduled,4th Street,1.352,210.0
NBUS,NBUS,JUDAH BUS,3,bus,0,Outbound,Outbound,Townsend St & 5th St,Judah/La Playa/Ocean Beach,Ocean Beach,100.0,scheduled,9th Avenue,1.352,210.0
NBUS,NBUS,JUDAH BUS,3,bus,0,Outbound,Outbound,Townsend St & 5th St,Judah/La Playa/Ocean Beach,Ocean Beach,100.0,scheduled,Church Street,1.256,195.0
NBUS,NBUS,JUDAH BUS,3,bus,0,Outbound,Outbound,Townsend St & 5th St,Judah/La Playa/Ocean Beach,Ocean Beach,100.0,scheduled,Townsend Street,1.256,195.0
NBUS,NBUS,JUDAH BUS,3,bus,0,Outbound,Outbound,Townsend St & 5th St,Judah/La Playa/Ocean Beach,Ocean Beach,100.0,scheduled,Castro Street,1.063,165.0
NBUS,NBUS,JUDAH BUS,3,bus,0,Outbound,Outbound,Townsend St & 5th St,Judah/La Playa/Ocean Beach,Ocean Beach,100.0,scheduled,Divisadero Street,0.773,120.0
NBUS,NBUS,JUDAH BUS,3,bus,0,Outbound,Outbound,Townsend St & 5th St,Judah/La Playa/Ocean Beach,Ocean Beach,100.0,scheduled,Steuart Street,0.773,120.0
NBUS,NBUS,JUDAH BUS,3,bus,0,Outbound,Outbound,Townsend St & 5th St,Judah/La Playa/Ocean Beach,Ocean Beach,100.0,scheduled,3rd Street,0.676,105.0
NBUS,NBUS,JUDAH BUS,3,bus,0,Outbound,Outbound,Townsend St & 5th St,Judah/La Playa/Ocean Beach,Ocean Beach,100.0,scheduled,Don Chee Way,0.483,75.0
NBUS,NBUS,JUDAH BUS,3,bus,0,Outbound,Outbound,Townsend St & 5th St,Judah/La Playa/Ocean Beach,Ocean Beach,100.0,scheduled,La Playa Street,0.405,62.9
NBUS,NBUS,JUDAH BUS,3,bus,0,Outbound,Outbound,Townsend St & 5th St,Judah/La Playa/Ocean Beach,Ocean Beach,100.0,scheduled,Arguello Boulevard,0.386,60.0
NBUS,NBUS,JUDAH BUS,3,bus,0,Outbound,Outbound,Townsend St & 5th St,Judah/La Playa/Ocean Beach,Ocean Beach,100.0,scheduled,14th Street,0.097,15.0
NBUS,NBUS,JUDAH BUS,3,bus,1,Inbound,Inbound,Judah/La Playa/Ocean Beach,Townsend St & 5th St,Townsend and 5th St,100.0,scheduled,Market Street,26.607,4200.0
NBUS,NBUS,JUDAH BUS,3,bus,1,Inbound,Inbound,Judah/La Playa/Ocean Beach,Townsend St & 5th St,Townsend and 5th St,100.0,scheduled,Judah Street,23.756,3750.0
NBUS,NBUS,JUDAH BUS,3,bus,1,Inbound,Inbound,Judah/La Playa/Ocean Beach,Townsend St & 5th St,Townsend and 5th St,100.0,scheduled,The Embarcadero,9.312,1470.0
NBUS,NBUS,JUDAH BUS,3,bus,1,Inbound,Inbound,Judah/La Playa/Ocean Beach,Townsend St & 5th St,Townsend and 5th St,100.0,scheduled,Haight Street,7.697,1215.0
NBUS,NBUS,JUDAH BUS,3,bus,1,Inbound,Inbound,Judah/La Playa/Ocean Beach,Townsend St & 5th St,Townsend and 5th St,100.0,scheduled,Irving Street,4.751,750.0
NBUS,NBUS,JUDAH BUS,3,bus,1,Inbound,Inbound,Judah/La Playa/Ocean Beach,Townsend St & 5th St,Townsend and 5th St,100.0,scheduled,Carl Street,4.371,690.0
NBUS,NBUS,JUDAH BUS,3,bus,1,Inbound,Inbound,Judah/La Playa/Ocean Beach,Townsend St & 5th St,Townsend and 5th St,100.0,scheduled,Duboce Avenue,3.706,585.0
NBUS,NBUS,JUDAH BUS,3,bus,1,Inbound,Inbound,Judah/La Playa/Ocean Beach,Townsend St & 5th St,Townsend and 5th St,100.0,scheduled,Brannan Street,3.516,555.0
NBUS,NBUS,JUDAH BUS,3,bus,1,Inbound,Inbound,Judah/La Playa/Ocean Beach,Townsend St & 5th St,Townsend and 5th St,100.0,scheduled,King Street,3.326,525.0
NBUS,NBUS,JUDAH BUS,3,bus,1,Inbound,Inbound,Judah/La Playa/Ocean Beach,Townsend St & 5th St,Townsend and 5th St,100.0,scheduled,Cole Street,2.661,420.0
NBUS,NBUS,JUDAH BUS,3,bus,1,Inbound,Inbound,Judah/La Playa/Ocean Beach,Townsend St & 5th St,Townsend and 5th St,100.0,scheduled,3rd Street,1.995,315.0
NBUS,NBUS,JUDAH BUS,3,bus,1,Inbound,Inbound,Judah/La Playa/Ocean Beach,Townsend St & 5th St,Townsend and 5th St,100.0,scheduled,9th Avenue,1.33,210.0
NBUS,NBUS,JUDAH BUS,3,bus,1,Inbound,Inbound,Judah/La Playa/Ocean Beach,Townsend St & 5th St,Townsend and 5th St,100.0,scheduled,Steuart Street,1.33,210.0
NBUS,NBUS,JUDAH BUS,3,bus,1,Inbound,Inbound,Judah/La Playa/Ocean Beach,Townsend St & 5th St,Townsend and 5th St,100.0,scheduled,5th Street,1.235,195.0
NBUS,NBUS,JUDAH BUS,3,bus,1,Inbound,Inbound,Judah/La Playa/Ocean Beach,Townsend St & 5th St,Townsend and 5th St,100.0,scheduled,Church Street,1.235,195.0
NBUS,NBUS,JUDAH BUS,3,bus,1,Inbound,Inbound,Judah/La Playa/Ocean Beach,Townsend St & 5th St,Townsend and 5th St,100.0,scheduled,Castro Street,1.045,165.0
NBUS,NBUS,JUDAH BUS,3,bus,1,Inbound,Inbound,Judah/La Playa/Ocean Beach,Townsend St & 5th St,Townsend and 5th St,100.0,scheduled,Divisadero Street,0.76,120.0
NBUS,NBUS,JUDAH BUS,3,bus,1,Inbound,Inbound,Judah/La Playa/Ocean Beach,Townsend St & 5th St,Townsend and 5th St,100.0,scheduled,Mission Street,0.475,75.0
NBUS,NBUS,JUDAH BUS,3,bus,1,Inbound,Inbound,Judah/La Playa/Ocean Beach,Townsend St & 5th St,Townsend and 5th St,100.0,scheduled,Arguello Boulevard,0.285,45.0
NBUS,NBUS,JUDAH BUS,3,bus,1,Inbound,Inbound,Judah/La Playa/Ocean Beach,Townsend St & 5th St,Townsend and 5th St,100.0,scheduled,Townsend Street,0.226,35.6
NBUS,NBUS,JUDAH BUS,3,bus,1,Inbound,Inbound,Judah/La Playa/Ocean Beach,Townsend St & 5th St,Townsend and 5th St,100.0,scheduled,14th Street,0.19,30.0
NBUS,NBUS,JUDAH BUS,3,bus,1,Inbound,Inbound,Judah/La Playa/Ocean Beach,Townsend St & 5th St,Townsend and 5th St,100.0,scheduled,La Playa Street,0.19,30.0
NOWL,NOWL,OWL JUDAH,3,bus,0,Outbound,Outbound,Townsend St & 5th St,Judah/La Playa/Ocean Beach,Ocean Beach,100.0,scheduled,Market Street,26.843,4200.0
NOWL,NOWL,OWL JUDAH,3,bus,0,Outbound,Outbound,Townsend St & 5th St,Judah/La Playa/Ocean Beach,Ocean Beach,100.0,scheduled,Judah Street,24.255,3795.0
NOWL,NOWL,OWL JUDAH,3,bus,0,Outbound,Outbound,Townsend St & 5th St,Judah/La Playa/Ocean Beach,Ocean Beach,100.0,scheduled,Haight Street,11.504,1800.0
NOWL,NOWL,OWL JUDAH,3,bus,0,Outbound,Outbound,Townsend St & 5th St,Judah/La Playa/Ocean Beach,Ocean Beach,100.0,scheduled,The Embarcadero,9.874,1545.0
NOWL,NOWL,OWL JUDAH,3,bus,0,Outbound,Outbound,Townsend St & 5th St,Judah/La Playa/Ocean Beach,Ocean Beach,100.0,scheduled,Irving Street,4.698,735.0
NOWL,NOWL,OWL JUDAH,3,bus,0,Outbound,Outbound,Townsend St & 5th St,Judah/La Playa/Ocean Beach,Ocean Beach,100.0,scheduled,Carl Street,4.41,690.0
NOWL,NOWL,OWL JUDAH,3,bus,0,Outbound,Outbound,Townsend St & 5th St,Judah/La Playa/Ocean Beach,Ocean Beach,100.0,scheduled,King Street,3.451,540.0
NOWL,NOWL,OWL JUDAH,3,bus,0,Outbound,Outbound,Townsend St & 5th St,Judah/La Playa/Ocean Beach,Ocean Beach,100.0,scheduled,Cole Street,2.684,420.0
NOWL,NOWL,OWL JUDAH,3,bus,0,Outbound,Outbound,Townsend St & 5th St,Judah/La Playa/Ocean Beach,Ocean Beach,100.0,scheduled,Church Street,1.917,300.0
NOWL,NOWL,OWL JUDAH,3,bus,0,Outbound,Outbound,Townsend St & 5th St,Judah/La Playa/Ocean Beach,Ocean Beach,100.0,scheduled,Berry Street,1.726,270.0
NOWL,NOWL,OWL JUDAH,3,bus,0,Outbound,Outbound,Townsend St & 5th St,Judah/La Playa/Ocean Beach,Ocean Beach,100.0,scheduled,4th Street,1.342,210.0
NOWL,NOWL,OWL JUDAH,3,bus,0,Outbound,Outbound,Townsend St & 5th St,Judah/La Playa/Ocean Beach,Ocean Beach,100.0,scheduled,9th Avenue,1.342,210.0
NOWL,NOWL,OWL JUDAH,3,bus,0,Outbound,Outbound,Townsend St & 5th St,Judah/La Playa/Ocean Beach,Ocean Beach,100.0,scheduled,Fillmore Street,1.342,210.0
NOWL,NOWL,OWL JUDAH,3,bus,0,Outbound,Outbound,Townsend St & 5th St,Judah/La Playa/Ocean Beach,Ocean Beach,100.0,scheduled,Townsend Street,1.342,210.0
NOWL,NOWL,OWL JUDAH,3,bus,0,Outbound,Outbound,Townsend St & 5th St,Judah/La Playa/Ocean Beach,Ocean Beach,100.0,scheduled,Steuart Street,0.767,120.0
NOWL,NOWL,OWL JUDAH,3,bus,0,Outbound,Outbound,Townsend St & 5th St,Judah/La Playa/Ocean Beach,Ocean Beach,100.0,scheduled,3rd Street,0.575,90.0
NOWL,NOWL,OWL JUDAH,3,bus,0,Outbound,Outbound,Townsend St & 5th St,Judah/La Playa/Ocean Beach,Ocean Beach,100.0,scheduled,Don Chee Way,0.479,75.0
NOWL,NOWL,OWL JUDAH,3,bus,0,Outbound,Outbound,Townsend St & 5th St,Judah/La Playa/Ocean Beach,Ocean Beach,100.0,scheduled,Hermann Street,0.479,75.0
NOWL,NOWL,OWL JUDAH,3,bus,0,Outbound,Outbound,Townsend St & 5th St,Judah/La Playa/Ocean Beach,Ocean Beach,100.0,scheduled,La Playa Street,0.394,61.6
NOWL,NOWL,OWL JUDAH,3,bus,0,Outbound,Outbound,Townsend St & 5th St,Judah/La Playa/Ocean Beach,Ocean Beach,100.0,scheduled,Arguello Boulevard,0.383,60.0
NOWL,NOWL,OWL JUDAH,3,bus,0,Outbound,Outbound,Townsend St & 5th St,Judah/La Playa/Ocean Beach,Ocean Beach,100.0,scheduled,14th Street,0.192,30.0
NOWL,NOWL,OWL JUDAH,3,bus,1,Inbound,Inbound,Judah/La Playa/Ocean Beach,Townsend St & 5th St,Fourth St + Townsend,100.0,scheduled,Market Street,26.404,4200.0
NOWL,NOWL,OWL JUDAH,3,bus,1,Inbound,Inbound,Judah/La Playa/Ocean Beach,Townsend St & 5th St,Fourth St + Townsend,100.0,scheduled,Judah Street,23.575,3750.0
NOWL,NOWL,OWL JUDAH,3,bus,1,Inbound,Inbound,Judah/La Playa/Ocean Beach,Townsend St & 5th St,Fourth St + Townsend,100.0,scheduled,Haight Street,11.41,1815.0
NOWL,NOWL,OWL JUDAH,3,bus,1,Inbound,Inbound,Judah/La Playa/Ocean Beach,Townsend St & 5th St,Fourth St + Townsend,100.0,scheduled,The Embarcadero,9.242,1470.0
NOWL,NOWL,OWL JUDAH,3,bus,1,Inbound,Inbound,Judah/La Playa/Ocean Beach,Townsend St & 5th St,Fourth St + Townsend,100.0,scheduled,Irving Street,4.715,750.0
NOWL,NOWL,OWL JUDAH,3,bus,1,Inbound,Inbound,Judah/La Playa/Ocean Beach,Townsend St & 5th St,Fourth St + Townsend,100.0,scheduled,Carl Street,4.338,690.0
NOWL,NOWL,OWL JUDAH,3,bus,1,Inbound,Inbound,Judah/La Playa/Ocean Beach,Townsend St & 5th St,Fourth St + Townsend,100.0,scheduled,Brannan Street,3.489,555.0
NOWL,NOWL,OWL JUDAH,3,bus,1,Inbound,Inbound,Judah/La Playa/Ocean Beach,Townsend St & 5th St,Fourth St + Townsend,100.0,scheduled,King Street,3.395,540.0
NOWL,NOWL,OWL JUDAH,3,bus,1,Inbound,Inbound,Judah/La Playa/Ocean Beach,Townsend St & 5th St,Fourth St + Townsend,100.0,scheduled,Cole Street,2.64,420.0
NOWL,NOWL,OWL JUDAH,3,bus,1,Inbound,Inbound,Judah/La Playa/Ocean Beach,Townsend St & 5th St,Fourth St + Townsend,100.0,scheduled,3rd Street,1.886,300.0
NOWL,NOWL,OWL JUDAH,3,bus,1,Inbound,Inbound,Judah/La Playa/Ocean Beach,Townsend St & 5th St,Fourth St + Townsend,100.0,scheduled,Church Street,1.792,285.0
NOWL,NOWL,OWL JUDAH,3,bus,1,Inbound,Inbound,Judah/La Playa/Ocean Beach,Townsend St & 5th St,Fourth St + Townsend,100.0,scheduled,9th Avenue,1.32,210.0
NOWL,NOWL,OWL JUDAH,3,bus,1,Inbound,Inbound,Judah/La Playa/Ocean Beach,Townsend St & 5th St,Fourth St + Townsend,100.0,scheduled,Fillmore Street,1.32,210.0
NOWL,NOWL,OWL JUDAH,3,bus,1,Inbound,Inbound,Judah/La Playa/Ocean Beach,Townsend St & 5th St,Fourth St + Townsend,100.0,scheduled,Steuart Street,1.32,210.0
NOWL,NOWL,OWL JUDAH,3,bus,1,Inbound,Inbound,Judah/La Playa/Ocean Beach,Townsend St & 5th St,Fourth St + Townsend,100.0,scheduled,5th Street,1.226,195.0
NOWL,NOWL,OWL JUDAH,3,bus,1,Inbound,Inbound,Judah/La Playa/Ocean Beach,Townsend St & 5th St,Fourth St + Townsend,100.0,scheduled,Hermann Street,0.472,75.0
NOWL,NOWL,OWL JUDAH,3,bus,1,Inbound,Inbound,Judah/La Playa/Ocean Beach,Townsend St & 5th St,Fourth St + Townsend,100.0,scheduled,Mission Street,0.472,75.0
NOWL,NOWL,OWL JUDAH,3,bus,1,Inbound,Inbound,Judah/La Playa/Ocean Beach,Townsend St & 5th St,Fourth St + Townsend,100.0,scheduled,Townsend Street,0.323,51.4
NOWL,NOWL,OWL JUDAH,3,bus,1,Inbound,Inbound,Judah/La Playa/Ocean Beach,Townsend St & 5th St,Fourth St + Townsend,100.0,scheduled,Arguello Boulevard,0.283,45.0
NOWL,NOWL,OWL JUDAH,3,bus,1,Inbound,Inbound,Judah/La Playa/Ocean Beach,Townsend St & 5th St,Fourth St + Townsend,100.0,scheduled,14th Street,0.189,30.0
NOWL,NOWL,OWL JUDAH,3,bus,1,Inbound,Inbound,Judah/La Playa/Ocean Beach,Townsend St & 5th St,Fourth St + Townsend,100.0,scheduled,La Playa Street,0.189,30.0
PH,PH,POWELL-HYDE CABLE CAR,5,cable tram,0,Outbound,Outbound,Powell St & Market St,Hyde St & Beach St,Beach & Hyde,89.381,scheduled,Hyde Street,40.651,1304.9
PH,PH,POWELL-HYDE CABLE CAR,5,cable tram,0,Outbound,Outbound,Powell St & Market St,Hyde St & Beach St,Beach & Hyde,89.381,scheduled,Powell Street,34.795,1097.5
PH,PH,POWELL-HYDE CABLE CAR,5,cable tram,0,Outbound,Outbound,Powell St & Market St,Hyde St & Beach St,Beach & Hyde,89.381,scheduled,Jackson Street,21.878,699.8
PH,PH,POWELL-HYDE CABLE CAR,5,cable tram,0,Outbound,Outbound,Powell St & Market St,Hyde St & Beach St,Beach & Hyde,89.381,scheduled,Market Street,1.338,42.2
PH,PH,POWELL-HYDE CABLE CAR,5,cable tram,0,Outbound,Outbound,Powell St & Market St,Hyde St & Beach St,Beach & Hyde,89.381,scheduled,[OFF-STREET / UNMATCHED],1.338,42.2
PH,PH,POWELL-HYDE CABLE CAR,5,cable tram,1,Inbound,Inbound,Hyde St & Beach St,Powell St & Market St,Market & Powell,91.071,scheduled,Hyde Street,43.308,1403.0
PH,PH,POWELL-HYDE CABLE CAR,5,cable tram,1,Inbound,Inbound,Hyde St & Beach St,Powell St & Market St,Market & Powell,91.071,scheduled,Powell Street,32.226,1021.6
PH,PH,POWELL-HYDE CABLE CAR,5,cable tram,1,Inbound,Inbound,Hyde St & Beach St,Powell St & Market St,Market & Powell,91.071,scheduled,Washington Street,21.91,706.4
PH,PH,POWELL-HYDE CABLE CAR,5,cable tram,1,Inbound,Inbound,Hyde St & Beach St,Powell St & Market St,Market & Powell,91.071,scheduled,[OFF-STREET / UNMATCHED],1.344,42.6
PH,PH,POWELL-HYDE CABLE CAR,5,cable tram,1,Inbound,Inbound,Hyde St & Beach St,Powell St & Market St,Market & Powell,91.071,scheduled,Market Street,1.211,37.9
PM,PM,POWELL-MASON CABLE CAR,5,cable tram,0,Outbound,Outbound,Powell St & Market St,Taylor St & Bay St,Bay & Taylor,92.391,scheduled,Powell Street,44.114,1119.1
PM,PM,POWELL-MASON CABLE CAR,5,cable tram,0,Outbound,Outbound,Powell St & Market St,Taylor St & Bay St,Bay & Taylor,92.391,scheduled,Mason Street,29.844,740.1
PM,PM,POWELL-MASON CABLE CAR,5,cable tram,0,Outbound,Outbound,Powell St & Market St,Taylor St & Bay St,Bay & Taylor,92.391,scheduled,Columbus Avenue,9.363,232.2
PM,PM,POWELL-MASON CABLE CAR,5,cable tram,0,Outbound,Outbound,Powell St & Market St,Taylor St & Bay St,Bay & Taylor,92.391,scheduled,Taylor Street,7.632,189.2
PM,PM,POWELL-MASON CABLE CAR,5,cable tram,0,Outbound,Outbound,Powell St & Market St,Taylor St & Bay St,Bay & Taylor,92.391,scheduled,Jackson Street,5.654,143.5
PM,PM,POWELL-MASON CABLE CAR,5,cable tram,0,Outbound,Outbound,Powell St & Market St,Taylor St & Bay St,Bay & Taylor,92.391,scheduled,Market Street,1.697,43.0
PM,PM,POWELL-MASON CABLE CAR,5,cable tram,0,Outbound,Outbound,Powell St & Market St,Taylor St & Bay St,Bay & Taylor,92.391,scheduled,[OFF-STREET / UNMATCHED],1.697,43.0
PM,PM,POWELL-MASON CABLE CAR,5,cable tram,1,Inbound,Inbound,Taylor St & Bay St,Powell St & Market St,Market & Powell,88.298,scheduled,Powell Street,40.945,1010.3
PM,PM,POWELL-MASON CABLE CAR,5,cable tram,1,Inbound,Inbound,Taylor St & Bay St,Powell St & Market St,Market & Powell,88.298,scheduled,Mason Street,33.224,809.8
PM,PM,POWELL-MASON CABLE CAR,5,cable tram,1,Inbound,Inbound,Taylor St & Bay St,Powell St & Market St,Market & Powell,88.298,scheduled,Columbus Avenue,9.32,227.2
PM,PM,POWELL-MASON CABLE CAR,5,cable tram,1,Inbound,Inbound,Taylor St & Bay St,Powell St & Market St,Market & Powell,88.298,scheduled,Taylor Street,7.572,184.6
PM,PM,POWELL-MASON CABLE CAR,5,cable tram,1,Inbound,Inbound,Taylor St & Bay St,Powell St & Market St,Market & Powell,88.298,scheduled,Washington Street,5.695,140.4
PM,PM,POWELL-MASON CABLE CAR,5,cable tram,1,Inbound,Inbound,Taylor St & Bay St,Powell St & Market St,Market & Powell,88.298,scheduled,[OFF-STREET / UNMATCHED],1.709,42.1
PM,PM,POWELL-MASON CABLE CAR,5,cable tram,1,Inbound,Inbound,Taylor St & Bay St,Powell St & Market St,Market & Powell,88.298,scheduled,Market Street,1.535,37.5
T,T,THIRD,0,tram/streetcar/light rail,0,Northbound,Northbound,Bayshore Blvd & Sunnydale Ave,Chinatown - Rose Pak Station,Chinatown,78.501,scheduled,3rd Street,65.643,6186.9
T,T,THIRD,0,tram/streetcar/light rail,0,Northbound,Northbound,Bayshore Blvd & Sunnydale Ave,Chinatown - Rose Pak Station,Chinatown,78.501,scheduled,4th Street,13.877,1459.0
T,T,THIRD,0,tram/streetcar/light rail,0,Northbound,Northbound,Bayshore Blvd & Sunnydale Ave,Chinatown - Rose Pak Station,Chinatown,78.501,scheduled,Bayshore Boulevard,10.563,959.9
T,T,THIRD,0,tram/streetcar/light rail,0,Northbound,Northbound,Bayshore Blvd & Sunnydale Ave,Chinatown - Rose Pak Station,Chinatown,78.501,scheduled,Stockton Street,8.338,876.8
T,T,THIRD,0,tram/streetcar/light rail,0,Northbound,Northbound,Bayshore Blvd & Sunnydale Ave,Chinatown - Rose Pak Station,Chinatown,78.501,scheduled,Channel Street,1.286,135.4
T,T,THIRD,0,tram/streetcar/light rail,0,Northbound,Northbound,Bayshore Blvd & Sunnydale Ave,Chinatown - Rose Pak Station,Chinatown,78.501,scheduled,25th Street,0.293,15.3
T,T,THIRD,0,tram/streetcar/light rail,1,Southbound,Southbound,Chinatown - Rose Pak Station,Bayshore Blvd & Sunnydale Ave,Sunnydale,78.695,scheduled,3rd Street,65.89,6376.1
T,T,THIRD,0,tram/streetcar/light rail,1,Southbound,Southbound,Chinatown - Rose Pak Station,Bayshore Blvd & Sunnydale Ave,Sunnydale,78.695,scheduled,4th Street,14.104,1479.9
T,T,THIRD,0,tram/streetcar/light rail,1,Southbound,Southbound,Chinatown - Rose Pak Station,Bayshore Blvd & Sunnydale Ave,Sunnydale,78.695,scheduled,Bayshore Boulevard,10.079,958.0
T,T,THIRD,0,tram/streetcar/light rail,1,Southbound,Southbound,Chinatown - Rose Pak Station,Bayshore Blvd & Sunnydale Ave,Sunnydale,78.695,scheduled,Stockton Street,8.321,877.1
T,T,THIRD,0,tram/streetcar/light rail,1,Southbound,Southbound,Chinatown - Rose Pak Station,Bayshore Blvd & Sunnydale Ave,Sunnydale,78.695,scheduled,Channel Street,1.427,147.0
T,T,THIRD,0,tram/streetcar/light rail,1,Southbound,Southbound,Chinatown - Rose Pak Station,Bayshore Blvd & Sunnydale Ave,Sunnydale,78.695,scheduled,25th Street,0.179,9.2
TBUS,TBUS,THIRD BUS,3,bus,0,Northbound,Northbound,Bayshore Blvd & Visitacion Ave,Third & Underwood,Chinatown,47.839,scheduled,3rd Street,69.652,5071.0
TBUS,TBUS,THIRD BUS,3,bus,0,Northbound,Northbound,Bayshore Blvd & Visitacion Ave,Third & Underwood,Chinatown,47.839,scheduled,Bayshore Boulevard,20.879,900.0
TBUS,TBUS,THIRD BUS,3,bus,0,Northbound,Northbound,Bayshore Blvd & Visitacion Ave,Third & Underwood,Chinatown,47.839,scheduled,Stockton Street,3.305,367.1
TBUS,TBUS,THIRD BUS,3,bus,0,Northbound,Northbound,Bayshore Blvd & Visitacion Ave,Third & Underwood,Chinatown,47.839,scheduled,4th Street,1.411,156.5
TBUS,TBUS,THIRD BUS,3,bus,0,Northbound,Northbound,Bayshore Blvd & Visitacion Ave,Third & Underwood,Chinatown,47.839,scheduled,King Street,1.341,148.7
TBUS,TBUS,THIRD BUS,3,bus,0,Northbound,Northbound,Bayshore Blvd & Visitacion Ave,Third & Underwood,Chinatown,47.839,scheduled,Sutter Street,1.301,144.3
TBUS,TBUS,THIRD BUS,3,bus,0,Northbound,Northbound,Bayshore Blvd & Visitacion Ave,Third & Underwood,Chinatown,47.839,scheduled,Kearny Street,1.169,129.6
TBUS,TBUS,THIRD BUS,3,bus,0,Northbound,Northbound,Bayshore Blvd & Visitacion Ave,Third & Underwood,Chinatown,47.839,scheduled,Channel Street,0.776,86.1
TBUS,TBUS,THIRD BUS,3,bus,0,Northbound,Northbound,Bayshore Blvd & Visitacion Ave,Third & Underwood,Chinatown,47.839,scheduled,Pacific Avenue,0.165,18.6
TBUS,TBUS,THIRD BUS,3,bus,1,Southbound,Southbound,3rd St & Williams Ave,Visitacion Ave & Bay Shore Blvd,Visitacion Valley,40.625,scheduled,3rd Street,51.676,4141.9
TBUS,TBUS,THIRD BUS,3,bus,1,Southbound,Southbound,3rd St & Williams Ave,Visitacion Ave & Bay Shore Blvd,Visitacion Valley,40.625,scheduled,Bayshore Boulevard,25.415,1228.1
TBUS,TBUS,THIRD BUS,3,bus,1,Southbound,Southbound,3rd St & Williams Ave,Visitacion Ave & Bay Shore Blvd,Visitacion Valley,40.625,scheduled,4th Street,9.771,1063.0
TBUS,TBUS,THIRD BUS,3,bus,1,Southbound,Southbound,3rd St & Williams Ave,Visitacion Ave & Bay Shore Blvd,Visitacion Valley,40.625,scheduled,Stockton Street,6.339,691.7
TBUS,TBUS,THIRD BUS,3,bus,1,Southbound,Southbound,3rd St & Williams Ave,Visitacion Ave & Bay Shore Blvd,Visitacion Valley,40.625,scheduled,[UNNAMED ROAD],5.243,251.9
TBUS,TBUS,THIRD BUS,3,bus,1,Southbound,Southbound,3rd St & Williams Ave,Visitacion Ave & Bay Shore Blvd,Visitacion Valley,40.625,scheduled,Channel Street,0.901,98.0
TBUS,TBUS,THIRD BUS,3,bus,1,Southbound,Southbound,3rd St & Williams Ave,Visitacion Ave & Bay Shore Blvd,Visitacion Valley,40.625,scheduled,Broadway,0.276,31.2
TBUS,TBUS,THIRD BUS,3,bus,1,Southbound,Southbound,3rd St & Williams Ave,Visitacion Ave & Bay Shore Blvd,Visitacion Valley,40.625,scheduled,Powell Street,0.193,21.9
TBUS,TBUS,THIRD BUS,3,bus,1,Southbound,Southbound,3rd St & Williams Ave,Visitacion Ave & Bay Shore Blvd,Visitacion Valley,40.625,scheduled,Pacific Avenue,0.138,15.6
TBUS,TBUS,THIRD BUS,3,bus,1,Southbound,Southbound,3rd St & Williams Ave,Visitacion Ave & Bay Shore Blvd,Visitacion Valley,40.625,scheduled,Visitacion Avenue,0.047,5.4
